dataset,system_id,family,dimension,condition_exponent,epsilon,seed,U_legacy,U_source_z,U_source_zg,U_binary_z,U_binary_zg,U_sub,U_source_r1,U_binary_r1,error_source_direct,error_binary_direct,error_source_z,error_source_zg,error_binary_z,error_binary_zg,error_subtraction,source_drift_z,source_drift_zg,arithmetic_error_z,arithmetic_error_zg,source_coverage,binary_coverage,source_severe_undercoverage,binary_severe_undercoverage,source_parent_z_coverage,source_parent_zg_coverage,binary_parent_z_coverage,binary_parent_zg_coverage,subtraction_coverage,eta_source_reference,eta_binary_reference,relative_U_source_r1,relative_U_binary_r1,source_reference_label,binary_reference_label,maximum_reference_relative_residual,finite
development,SPD_D02_C02_E1eM16,SPD,2,2,1e-16,3342380807748623415,4.850917086975636e-15,2.22291410060563913688423348202041727296947315e-15,0.0000000000000118228072742061217471309046787722039420835288,4.49618984864292887130177049237668531081919171e-15,5.09512550246360033142014035908721941252147482e-15,2.40177962549202928291302460141208270134829418e-16,0.0000000000000142858993373609638123064406209338294851878313,9.83149331365573213101321331160511299347549594e-15,9.69950952865126965308886292130440945599273733e-17,4.2068757520471137708146758270533882574778792e-17,3.14018491736755011878676474392712698284684664e-17,1.18512151483326519675872352002817957050638151e-16,9.22896707613867360067667948475631772216047261e-17,6.41380080617894376715435441700411939441731292e-17,0.0,6.26843847939564811832359538338844806153822802e-17,7.3937374918553301559546857927284536895203741e-17,9.22896707613867360067667948475631772216047261e-17,6.41380080617894376715435441700411939441731292e-17,True,True,False,False,True,True,True,True,True,5.55603150570407635296283067143240613670428446e-15,5.58106121514936859929146892445141113629826908e-15,0.000000000000013207318609479995524052516098088846908418433,9.0892187837864377140009683359867078856356315e-15,RESOLUTION_LIMITED,RESOLUTION_LIMITED,0.0,True
development,SPD_D02_C02_E1eM15,SPD,2,2,1e-15,9477031891702027615,5.652332851261448e-15,2.23798641604640798303042682502034347514318085e-15,5.57824082800367974253465971393799624426927907e-15,1.17524217579397003182504196411171051227264818e-15,9.37522164699805463462032255913656931794251027e-16,2.82616642563072436976752834420301943140075183e-16,8.0988438866131601625418393733786416625525351e-15,2.39538098305684793226382705444566938720697439e-15,8.01507662024878563925037811268917522366625307e-17,1.02143101320297922257721390368765707439140688e-16,1.35064460289285197291946000079977775733763192e-16,1.28004881846841699143133633921404213742738507e-16,2.66232369209613559255202133475369797610226542e-17,7.66229346974464256511139497109255770399901797e-17,0.0,1.14505684479453646456981906170933763273706721e-16,2.02048067072548627068963256886760760522283301e-16,2.66232369209613559255202133475369797610226542e-17,7.66229346974464256511139497109255770399901797e-17,True,True,False,False,True,True,True,True,True,0.0000000000000706428346685210673261871095287044842754497475,0.0000000000000705792723860696828669431794043647336106541148,6.36305270221708883592110500309183845406296107e-15,1.88198904071643948767385469200437963008121737e-15,OBSERVABLE,OBSERVABLE,0.0,True
development,SPD_D02_C02_E1eM14,SPD,2,2,1e-14,17708006654096734107,3.734500558227383e-15,5.6138507776011686713263614766244016831809106e-16,3.32984871442739373183453820001714441788615745e-16,4.90191080734725267862522146366122468490457833e-16,4.58160288714886463487302065703104172028307063e-16,1.79018083652384276028714147545061687589338844e-16,1.07338803285524051634480411520921629769604565e-15,1.12736945310199600737853835961428832810810374e-15,2.3787067094263826016687685208070392497231238e-16,1.83403875362008151039486419216321123083121289e-16,4.47545209131180990589727499168391574087788393e-17,1.93341294657798517632409716758568215398671046e-16,5.02471241567621477138731613415424309207409004e-18,1.82120952057953189720614839803236430177917414e-16,0.0,4.33035854556339024817508555188597042948237699e-17,1.1348508770105095055022156344025017995175218e-17,5.02471241567621477138731613415424309207409004e-18,1.82120952057953189720614839803236430177917414e-16,True,True,False,False,True,True,True,True,True,0.000000000000992153873021666332774833971092349647162990553,0.000000000000992221530041776594871430686047049357035158351,1.3313739976643232368258203836943539173418916e-15,1.3983297089948715719674522769504554047689091e-15,OBSERVABLE,OBSERVABLE,0.0,True
development,SPD_D02_C02_E1eM12,SPD,2,2,1e-12,345687911206730511,4.5493636035234594e-15,2.22548912536810357392063568466399697534895358e-15,8.48085628250766390543813134653494598332008403e-15,2.285541859250024242378527476360370777162217e-15,1.364085976756701589342581936555638228071562e-15,2.22044604917875269781831651793812690375633081e-16,0.0000000000000109283900127936427491405986829927556490446707,3.87167244092460110150294106470982169560941208e-15,9.3696174955994162879003728814237738030387035e-17,3.13768849361277441771117562258204137034268543e-17,4.9650683064945459941545406328950479034403517e-17,8.85172150961263922924063283504078951363636286e-17,2.69313203725561748277219526882065811530250223e-17,2.08314786614914534596584932372864253119281855e-17,0.0,5.42459847887570530609980297477131855756653491e-17,9.89123352409598341132429880247167360916921265e-17,2.69313203725561748277219526882065811530250223e-17,2.08314786614914534596584932372864253119281855e-17,True,True,False,False,True,True,True,True,True,0.0000000000800628882836589687873408807514742831648025349,0.0000000000800629284444983662248336182411102917723162289,0.0000000000000109283900127936427491405986829927556490446707,3.87167244092460111271617529555943978806030404e-15,OBSERVABLE,OBSERVABLE,0.0,True
development,SPD_D02_C02_E1eM8,SPD,2,2,1e-8,5092521022903664587,3.731901710627856e-15,1.67049630150863951967155779142195753186165003e-15,9.46166814656135797111639828608244316024748915e-17,4.90224739506317399194432004200451184998909465e-16,1.15243482298163370458437186897957218364731483e-16,1.83102585678071608895968561854079141247003108e-16,1.94821556865232470827869033613686110471112803e-15,7.88570807482552378548837752952487544610644056e-16,1.74671053786661555087399599741992398006489608e-17,3.95033293709363910642825666492306782982304033e-18,4.74287484026754755809898629683713313342744174e-17,5.16177841234497748357916616095869907465105021e-17,8.10757339287927450066833790745833534350301878e-18,5.34272210621654261970812168667068357660923761e-18,0.0,5.22006083250688394525648276128649182136493511e-17,5.68300468178130922919650770360324465569014719e-17,8.10757339287927450066833790745833534350301878e-18,5.34272210621654261970812168667068357660923761e-18,True,True,False,False,True,True,True,True,True,0.000000970390006853491609254387806179342307258984506,0.000000970390006846204628340945836810038332430132238,2.36255840324303222745140521519231591711643706e-15,9.56282568390933146044789611005871984448903513e-16,OBSERVABLE,OBSERVABLE,0.0,True
development,SPD_D02_C04_E1eM16,SPD,2,4,1e-16,13700126623469525899,3.4684476073040704e-15,0.000000000000555022703796397360101721289827972757611244938,0.0000000000000999867393856044357426920420429935341364122833,0.0000000000000448242621824205913806001222171759405293158607,0.0000000000000897882980909466529025332889098709524075011588,1.73422380365203539206617233775053511055418656e-16,0.00000000000065518286556236699938361994910474134525871264,0.000000000000134785982653732447822340028360821946447872438,1.33541077821226704530992974884360221924404867e-16,5.11550478952795679306771342201567020087452154e-17,1.04738230666885410295126716846676914374021623e-16,3.80627145929654356334371749232171276306326927e-17,2.4656778984177564526462529974542047605310002e-17,2.8179851697262492352119786862232804447953769e-17,0.0,8.22999056660058093233652738623793492257126951e-17,1.00666280683332999684659975572950067427161099e-17,2.4656778984177564526462529974542047605310002e-17,2.8179851697262492352119786862232804447953769e-17,True,True,False,False,True,True,True,True,True,0.000000000000768157261263240849307232445069906163183522023,0.000000000000768252764259625606245834696270024202864394174,0.000000000000838875698920995077571683006982592582110771377,0.000000000000172575766776733404712990383774454079945379478,RESOLUTION_LIMITED,TRANSITION,0.0,True
development,SPD_D02_C04_E1eM15,SPD,2,4,1e-15,6900698370647266413,3.5450981343521976e-15,0.000000000000222044619358818914856000218860550142320153754,0.000000000000872946708917687112801876258133708889140462545,0.000000000000110182052096240779500226249498932866853802167,0.000000000000099746035236084302070513321003884177025941226,1.73422380364899101879055739238584507146096379e-16,0.0000000000010951647506568709267597555327334976159677624,0.000000000000210101509712689980672618626242055628386889489,6.86033121766376439467033186959585420936117059e-17,1.12219938528453342163168706831161788050707529e-16,2.220446049250313080847263336181640625e-17,8.99457094876461284055717026284095634915147882e-17,1.19924413284754882862209282517655090035929443e-17,1.07942187942614020179927514312115491817771393e-16,0.0,1.21452914688426046180970155376171284068793358e-17,1.50532030488981397903524450399793955037021678e-16,1.19924413284754882862209282517655090035929443e-17,1.07942187942614020179927514312115491817771393e-16,True,True,False,False,True,True,True,True,True,0.00000000000640338076693403298337634332149342991039221639,0.00000000000640355220262305504230766950959348947164139645,0.00000000000140221477686593739765923993970671796824904899,0.000000000000269007417728038644853527366243593388784638283,TRANSITION,OBSERVABLE,0.0,True
development,SPD_D02_C04_E1eM14,SPD,2,4,1e-14,6447548273440557093,3.3820826608376064e-15,0.000000000000110955704634936116769301255447505130864869369,0.000000000000140046032464696752332769020682976589046538296,0.000000000000144850561677172406077872411848813727239186152,0.000000000000197919247451215731867032955570556840440723596,1.69104133041880323476208240824720818820470859e-16,0.000000000000251170841232674749425546484371306440730228136,0.000000000000342938913261430018268381575660195288498730218,1.19254157435806586906205044932971885161492395e-16,9.44812155201739397191602467653202429071555561e-17,6.75322301446425986459730000399888878668815961e-17,5.44364639761465217913381179143498794864070695e-17,2.14306758005020365410979098739619313137291478e-17,8.09932963720849496068609478406250562983140669e-17,0.0,5.09331893278022086416683053671693493187350717e-17,2.65715697817487108742981405845077907010215574e-17,2.14306758005020365410979098739619313137291478e-17,8.09932963720849496068609478406250562983140669e-17,True,True,False,False,True,True,True,True,True,0.0000000000919105639496773578985118710799687862356028935,0.0000000000919105966272660227488038702816315791908474142,0.000000000000329803472006382409438818208350560430680171501,0.000000000000450300853891481753594186552472236630881088239,OBSERVABLE,OBSERVABLE,0.0,True
development,SPD_D02_C04_E1eM12,SPD,2,4,1e-12,15899163008075185731,2.2392689993943564e-15,0.000000000000222044606312810087304920890526396748537188047,0.0000000000000884868768261371579597764150312491049897228194,4.32596668984699630343128516296492562022159116e-18,0.000000000000222044600463684074264033042492208407776295067,1.11022302262639998351718113638330213870372387e-16,0.000000000000310642505441209885263049023671284183740781239,0.000000000000222159948732636561258688191891009702915785661,1.33723359060608654922348689859061007452888515e-17,2.55564181354904249598184900024766365741780507e-17,2.48253415324727299707727031644752395172017585e-17,1.47232935139386701290502716183674101470086473e-17,4.32596666821716301642005109012797594331192927e-18,2.79520191412149965074717184409014809534199624e-17,0.0,2.32154218967075414156182627086720589147061322e-17,1.4336411253362312210868019705015025259125226e-17,4.32596666821716301642005109012797594331192927e-18,2.79520191412149965074717184409014809534199624e-17,True,True,False,False,True,True,True,True,True,0.00000000599999999333333422952295195872944895041524689,0.00000000599999996936800068654097228397210561846252872,0.000000000000621285010882419770526098047342568367481562478,0.00000000000044431989746527311034495709472879352928316811,OBSERVABLE,OBSERVABLE,0.0,True
development,SPD_D02_C04_E1eM8,SPD,2,4,1e-8,2620329747813844624,1.4042702025735021e-15,0.0000000000000832223269982371960577617800115806528706973982,0.0000000000000109469793751454427373553894887421636241047376,0.0000000000000224121307125152487013118900083007977011541919,0.0000000000000109113985834803241888917746773616279568869301,7.02135101207736215688146796861987841661791694e-17,0.000000000000094239519883503412416685984180009015278968315,0.0000000000000333937428061163465117724793653486244422073011,9.12333705122590829287263943864493988212014219e-18,4.04883862520829507062719613336200833752320767e-18,4.51828035988302744922845863572819867626473475e-17,4.9989458882760658394528272677302358095742803e-17,1.14446659295936173355700112040235696021397576e-17,7.42163978770912915075379859107053170923384155e-18,0.0,3.37392148825024575844406746171601884092636204e-17,4.26364943178429785857694863875355394049466183e-17,1.14446659295936173355700112040235696021397576e-17,7.42163978770912915075379859107053170923384155e-18,True,True,False,False,True,True,True,True,True,0.0000948556821698943599862381169094075534881517872,0.0000948556821698644675475659075052136835577945902,0.000000000000298011528432596631024933449568564984496008198,0.000000000000105600286865190240170764991135630640325132118,OBSERVABLE,OBSERVABLE,0.0,True
development,SPD_D02_C06_E1eM16,SPD,2,6,1e-16,7794877774274524974,3.580361673005382e-15,0.0000000000444089209850340171925608925146411465354010645,0.0000000000255910790124736230309417563112400803131735784,2.22044604925142330387188821506582872420045601e-17,6.82905267994744086219217813711053905817180987e-18,1.7901808365026910726444633831177901877245398e-16,0.0000000000700001790155912904926099132722195386275934153,2.0805159682273078116535739859954784507263035e-16,9.14349665244860101186450233560964506443786612e-17,2.90335131724471571443241574339229887717670064e-17,4.9650683064945459941545406328950479034403517e-17,4.46760574114405343035343441767175172982800667e-17,2.220446049250313080847263336181640625e-17,6.82905267994402633585152407210658252176700644e-18,0.0,4.44089209850062616169452667236328125e-17,3.92736817020044088953676518156060380058800398e-17,2.220446049250313080847263336181640625e-17,6.82905267994402633585152407210658252176700644e-18,True,True,False,False,True,True,True,True,True,0.0000000000496138938307979643679734650803132941755416143,0.0000000000496139307822234592598744497223084973533157607,0.000000000086824536253959449797856689864939659009694159,2.58056245927684190014497884625395469988338263e-16,RESOLUTION_LIMITED,OBSERVABLE,0.0,True
development,SPD_D02_C06_E1eM15,SPD,2,6,1e-15,17628145585040437798,3.664712969248665e-15,0.0000000000222086793515651061189960942631309297827437545,0.0000000000914627758441801754759026504099523448447166477,0.00000000000400424724031083559091662605443435880672803473,0.00000000000712452908833242890075599116390657775556661135,1.60118641674835951665443383175486688734732136e-16,0.000000000113671615314386956430850410116466450114149137,0.0000000000111289364472849393276242826617241120489833808,1.68397922063597491086778962754401996415620244e-15,9.80320078624561437818082702657023715717129652e-16,4.22468673165542442417972240575483722911104512e-16,1.26398354396600507490346846578322981377486457e-15,9.57929894451356966532604504293390218519900757e-17,8.846345404798519949426100996830571474634264e-16,0.0,3.26682881464735244517110549772462188902628367e-16,3.85405263769102153244222171459519701398167724e-16,9.57929894451356966532604504293390218519900757e-17,8.846345404798519949426100996830571474634264e-16,True,True,False,False,True,True,True,True,True,0.000000000554691875187632006263491836691036234072566677,0.000000000554690901356863651514711229605362614641546835,0.000000000157634168300323011169255613932950170525272801,0.0000000000154330580777176544410870204741202280088916289,TRANSITION,OBSERVABLE,0.0,True
development,SPD_D02_C06_E1eM14,SPD,2,6,1e-14,8214231739146521320,4.803559234356574e-15,0.0000000000222053486753305451278216810405197549669950629,0.0000000000222796810422480057676330351721621866288782696,0.0000000000367565276761943142591197144789366174266585353,0.000000000002932835230395239191936277926545124446060225,2.40177961717828760068221682478808123119282544e-16,0.0000000000444852698955402687242147844343644204039964518,0.0000000000396896030845512712798160606271642206808418796,1.2477987377447959091674518067658285647063635e-16,2.01139704292530522510889704774641917951027901e-16,9.15513359704447482428115691271769854863648958e-17,3.55975026536139905713918966284951103738508129e-17,1.46096976475382392727233040693131136389217578e-16,3.38595339961800455567229277660432337950588377e-16,0.0,2.30674638945918670358396201185853407867061191e-16,3.11420925700249562116990546971907463803707917e-16,1.46096976475382392727233040693131136389217578e-16,3.38595339961800455567229277660432337950588377e-16,True,True,False,False,True,True,True,True,True,0.00000000832044739051674176093039499653486609278896662,0.00000000832044746503531123876831584489057003810435233,0.0000000000411266465669807747808935237923755454494055052,0.0000000000366930510318367549023213824878715473328006766,OBSERVABLE,OBSERVABLE,0.0,True
development,SPD_D02_C06_E1eM12,SPD,2,6,1e-12,16830576898471770375,2.869101836908249e-15,0.0000000000444033698744846130039227782856861758132661814,0.0000000000134657190084933354428732660546029635065901225,0.0000000000227499890152248045311137542521444389794325292,0.00000000000844893017645621238080341961482720408807790523,1.29473093382964000284489831096001786300382009e-16,0.0000000000578692183560713314107963288301202353216426043,0.0000000000311990486647743998759174583568027390692967349,9.73076878748937822560925118800252001173802569e-17,1.77434604302436322588959264096073233478297816e-16,5.56885036039764912987269192776361696333543342e-16,4.77071905517405580708363290462983875829516412e-16,1.70694185274141030124200187203735665070345437e-16,3.43945293242618703363874196708592913425174247e-16,0.0,3.86547573890165512108141011531036331731086954e-16,1.33134877813410463803146566886087501523885033e-16,1.70694185274141030124200187203735665070345437e-16,3.43945293242618703363874196708592913425174247e-16,True,True,False,False,True,True,True,True,True,0.000000857486923305950301373129957840839806422499005,0.000000857486922872230376758619368861583156953242753,0.0000000000992448907136913452395267097595828591727632006,0.000000000053505927038010920100139828102194131545730596,OBSERVABLE,OBSERVABLE,0.0,True
development,SPD_D02_C06_E1eM8,SPD,2,6,1e-8,4700767032875647822,6.426400213346453e-11,0.0000000000444095871262207771149005332976218595208620758,0.0000000000429182223673014107887615068210151116172466678,0.0000000000207561920689935214518795404924659199223216335,0.0000000000616200950556868835362457425013517155878724623,2.19269516387289324348600981577514803541475992e-16,0.0000000000873280287630385751929863887196185486529122851,0.0000000000823765063941967922774496315947992130249976373,1.15244200203389204997408568350793041297603663e-15,6.70602044093761241264250138602229820884825421e-16,8.00593208497344231559904874078291913408755092e-17,1.21982488469413372374891513229860657511339517e-15,2.9051835421040016009941500695302822832917853e-16,3.84610824053128685105828835543744165856851045e-16,0.0,3.57172946992466732870178589034334291932613947e-16,8.39724921823429341291852434643141468148086682e-16,2.9051835421040016009941500695302822832917853e-16,3.84610824053128685105828835543744165856851045e-16,True,True,False,False,True,True,True,True,True,0.00700112725045986824685207056836211196921425142,0.00700112725045937855433652900023668441051594083,0.000000000088214630465712066085842337152111033200376904,0.0000000000832128375454193290862441738685185999422083684,OBSERVABLE,OBSERVABLE,0.0,True
development,SPD_D02_C08_E1eM16,SPD,2,8,1e-16,7930080439161776160,1.7675768486212243e-14,0.00000000221690665829635068050236388957417881666643032,0.0000000136065019588884771875880631429452030714249945,0.00000000459737417191183705561713672885890120498375969,0.00000000522603452900878529623419477889694211984704726,2.2204460421449282086104715171260611056210502e-16,0.0000000158234088392294320825832478935665336006975354,0.00000000982340892296522656634415236880299503743691751,0.0000000000000119658133238912611904743489317735843491426237,1.05249737806701880527295278122977209615856884e-16,0.0000000000000176969689425449158771525613272341529005753671,5.7338026716206131198506107441178149066576045e-15,8.56137927895380180711165272710292480089290274e-15,8.59919785985472256138749189325195765234463813e-15,0.0,9.13573022959513707441199048129159783844722355e-15,2.86807568620456037337847087436118400177731669e-15,8.56137927895380180711165272710292480089290274e-15,8.59919785985472256138749189325195765234463813e-15,True,True,False,False,True,True,True,True,True,0.00000000799998792001600100052031671401054576486576606,0.00000000799999992256620390004935411687200265025757085,0.0000000158234088392294320825832478935665336006975354,0.00000000982340892296515463117827907701717033850052337,RESOLUTION_LIMITED,RESOLUTION_LIMITED,0.0,True
development,SPD_D02_C08_E1eM15,SPD,2,8,1e-15,13666721563256398758,1.3361721544518584e-14,0.00000000221894336239749023426131246832550512172946351,0.0000000104052683517965949891247455598038359350467422,0.000000000573611508501945382012783489538789341960983392,0.00000000214655584626120083331210634607833637112457596,1.35064460106770398001174063829751722576551189e-16,0.0000000126242118492585453301564560293034048865279282,0.00000000272016748982760632209528783679118954283728193,7.0560988204003311266872674577946748492172831e-15,6.16796941642227599882009560049008195414877231e-15,7.51346712951204775327618053861390532402544491e-15,0.0000000000000145694298576066421468216717522119389723933285,1.61388593140866444240695026743940508878751822e-16,6.32927238364551106295672999419587068438044239e-15,0.0,7.67473862379134636296151721407216942107662024e-15,0.0000000000000208984574578186504801993660253091160269257923,1.61388593140866444240695026743940508878751822e-16,6.32927238364551106295672999419587068438044239e-15,True,True,False,False,True,True,True,True,True,0.0000000164396998078119178799085455645851012439819667,0.0000000164396780683913252571819820705093614936676966,0.0000000207540764354639665805768059151701266624673616,0.00000000447192780628613338366429542062676782213210365,RESOLUTION_LIMITED,TRANSITION,0.0,True
development,SPD_D02_C08_E1eM14,SPD,2,8,1e-14,17696088028531801888,1.0508134170930926e-14,0.00000000222040830167046115918251090450594344904648839,0.00000000131324899103055748143544160294505335052429007,0.00000000353817769178030816953073935960762035913923707,0.00000000311058328621191036346095564107324893583257995,2.04714951654709044984662941880366928396905203e-16,0.00000000353365749741597029532699749211393867993770686,0.00000000664876118270717018770073998534381117533874541,7.06098759554738861885146808178410501174274837e-15,6.5729470962193819818916399491359439547510782e-15,3.7812833677378423860323146285805246305832739e-16,6.68351881972326936593270319243086848932794793e-15,1.18292253538800603939253350810593929910682376e-15,5.39064217785641624944869841236252570438517007e-15,0.0,8.05025285488866864823049118421240901276664454e-16,1.29307840420942404854025456008322290888348973e-15,1.18292253538800603939253350810593929910682376e-15,5.39064217785641624944869841236252570438517007e-15,True,True,False,False,True,True,True,True,True,0.000000759256493900562321078529248205693247929645017,0.00000075925649337121237801050116446951538215932314,0.00000000383278969344386637628778879464853233933195041,0.00000000721159403645787667440371478885223633761044388,OBSERVABLE,OBSERVABLE,0.0,True
development,SPD_D02_C08_E1eM12,SPD,2,8,1e-12,17204118294971870143,9.90550657612019e-15,0.00000000222027618512982709596035998318911483226315673,0.00000000505043441174187397192385360556939295195606204,0.00000000115039825485980894326285593703255103733706239,0.000000000420519432017530859241593512136330066328171719,2.18686770565172041729250409054485133201205183e-16,0.00000000727071081555847163305625531800891683870435197,0.00000000157091790556411036767649117841929015815036731,0.0000000000000184036326374367690775910809167845854441665508,0.0000000000000103826654833261010394005366826585090042160662,1.69878634867014827732688973400533234643097811e-15,0.00000000000001670492410616961106725454972289982955375177,4.08516003745088800227912958897621631302353143e-15,6.29752048290587555863885249561244006608513044e-15,0.0,2.38674061330749486957363048208909389550802431e-15,0.0000000000000104074316724522695892890334802269043657812817,4.08516003745088800227912958897621631302353143e-15,6.29752048290587555863885249561244006608513044e-15,True,True,False,False,True,True,True,True,True,0.0000406096942547838206189370699606720064120586253,0.0000406096942466398643873103123373287855120227912,0.00000000738228834437282193047223263756446221364463948,0.00000000159502547115425455179867799113352503021997268,OBSERVABLE,OBSERVABLE,0.0,True
development,SPD_D02_C08_E1eM8,SPD,2,8,1e-8,13436459373671532285,2.2479699275649545e-15,0.000000000000307547157101289246591033052944542849535851948,0.00000000197791182044024699200242031796953483478025595,0.000000000287864629494509739809264355772033322553349026,0.000000000602322680550301461746630266575878421846142252,1.12264345523250531895291806188121203820543838e-16,0.00000000197821947986169380449954324631428556575099562,0.000000000890187422309156724806426517639717932520695099,6.35877501472897093864899079694990763543532191e-15,5.42059747930604438736258678115443367280684205e-15,3.075317778211683616973459720611572265625e-15,3.28357250157814111343084859379015783756622235e-15,4.2270559236828239665999824856289115395235466e-15,1.19359557450859583158272577240229239374781889e-15,0.0,1.15174075503566156265421030810921944157077705e-15,2.08998051020681574930981023190916442829846221e-15,4.2270559236828239665999824856289115395235466e-15,1.19359557450859583158272577240229239374781889e-15,True,True,False,False,True,True,True,True,True,0.098058557859435254612778700588610322594763869,0.0980585578594333720257943996038900166499259149,0.00000000387960758845544067250104395393339612891173476,0.00000000174580116811894202791410198994102288851815534,OBSERVABLE,OBSERVABLE,0.0,True
development,SPD_D02_C10_E1eM16,SPD,2,10,1e-16,15728502274935074776,3.1401841323221337e-15,0.0000000000286437683600672795677133447195476260700973997,0.000000899166688705557399074922471498033858013708486,0.000000263149257518207282029613162120528802963655277,0.000000135989550610475064837929565263635252889262808,1.57009206616101793693372405617370985439672848e-16,0.000000899195332630926672970591978536125811257149569,0.00000039913880828569155348364452107753646147028907,0.0000000000000499750922016608507684799716119487555299327176,4.02486821808129302101964841222668630324161519e-17,0.0000000000000286437540353290387429296970367431640625,0.0000000000000213314467912278683868755612461514634614115533,9.20815413462340361216262844043845684807149277e-15,9.20294609333698049535765168111685202073893253e-15,0.0,0.0000000000000194356553204308803226635418133297525721446354,0.0000000000000305342887017658044172964407709015242629853116,9.20815413462340361216262844043845684807149277e-15,9.20294609333698049535765168111685202073893253e-15,True,True,False,False,True,True,True,True,True,0.000000707106144791084394572994006354925830444671012,0.000000707106074123085651479882527626630158675970425,0.00000127165423462924296805273631558284804694134549,0.000000564467515947070634572998934895995903864459882,RESOLUTION_LIMITED,TRANSITION,0.0,True
development,SPD_D02_C10_E1eM15,SPD,2,10,1e-15,266195556703456573,2.0009850431808452e-14,0.0000000555490820009045090661906999931815673771029876,0.000000141054183915932334621325065109433681823526949,0.000000033544648338888146548870013506753248704912626,0.0000000528364751301884330950877540449659987426503156,3.14017706699014673236299704064186548879396428e-17,0.000000196603265948238614357417232426245219607048592,0.0000000863811235004783503138592348753492178539815964,1.49293447290591683403854475402727393197258129e-15,0.0000000000000235326946617887955234987821945674374300625889,0.0000000000000189653856305571590710512461741108006164692246,0.0000000000000174725854978806248687760701398211897509220087,3.92752858740260269679463720196211025406114856e-15,0.0000000000000196051666334787200963992056869528861389891616,0.0,0.0000000000000150378578231466046424670214197195923472398562,0.0000000000000370777467751665417226845968631593485962124532,3.92752858740260269679463720196211025406114856e-15,0.0000000000000196051666334787200963992056869528861389891616,True,True,False,False,True,True,True,True,True,0.00000707099851609401823693395753218440144089770599,0.00000707099867194009288572189240053261422187039106,0.00000139019502555421771769938419091169808847823641,0.000000610806781937054749362198937399436548299389473,TRANSITION,OBSERVABLE,0.0,True
development,SPD_D02_C10_E1eM14,SPD,2,10,1e-14,7993264266710751955,4.064348150754193e-14,0.000000111031617233695246779538049838352148946346353,0.000000199658114977961302809084641096947250348330412,0.000000157916055534523288383924877226259063400737176,0.00000027051380283189391328364242023862395484500284,9.42031926467948709690551083236600623987964196e-17,0.000000310689732305859742235417561904354507618336828,0.000000428429858460620394314362168433938126569400078,0.0000000000000221213064358488386288369762895936131569366255,0.0000000000000197100255591800532879819140925389029640635041,9.31477779294970178806653776872836014331260765e-15,0.0000000000000314360821768358623863604599265594074202070797,5.60862655375515204205015034609795619925775038e-15,0.0000000000000253186411180364639622162875949971371722309997,0.0,3.70616981867477728629523186639856103481163751e-15,6.11745327566209609501767113094329375761578367e-15,5.60862655375515204205015034609795619925775038e-15,0.0000000000000253186411180364639622162875949971371722309997,True,True,False,False,True,True,True,True,True,0.0000707036148282400944862937898725428119831568174,0.0000707036148225562102728145256440753674084264326,0.000000732302721861688633959983431843401247433296149,0.00000100981886060098519371930466672346665983898025,OBSERVABLE,OBSERVABLE,0.0,True
development,SPD_D02_C10_E1eM12,SPD,2,10,1e-12,5414176322249737425,3.094925769057215e-14,0.000000111027498306273206349431783186419196691740524,0.000000136404748684929845754634805261689611723560167,0.0000000813964858663036329181531458021129976310798953,0.0000000102983711630681205364479736099364936848305526,2.03749374321343608224311409652618282636203152e-16,0.000000247432247194952426425410196672420218067918973,0.0000000916948572331211277759447276363609009685287305,0.0000000000000121310345642383715732042315528066269594197303,5.24630001380623686551052928935908349346137756e-15,5.19585561658929445793227835238491540481515797e-15,0.0000000000000173268582825545189198786015614142184623416231,0.0000000000000146402228977991165106248316930323202375714679,0.0000000000000198865158723903610561615387306151518223060459,0.0,0.0000000000000198360646105130602750242100931487484827594541,0.0000000000000372133716004261808352872953849941683597590086,0.0000000000000146402228977991165106248316930323202375714679,0.0000000000000198865158723903610561615387306151518223060459,True,True,False,False,True,True,True,True,True,0.00966521863244557764671912390067525089864672217,0.00966521863246462897037072714386845714035987093,0.000000268377953315499671378569211186297103888776779,0.000000099457036795988501812825443905588624641928625,OBSERVABLE,OBSERVABLE,0.0,True
development,SPD_D02_C10_E1eM8,SPD,2,10,1e-8,15894068073190789212,6.135082640586423e-15,0.000000222121165904833740889654616082709611666917001,0.00000000237650771586606088436277013648176645131838392,0.000000162859141024881380820249755542547874500727423,0.00000000362581286956936115118666105592853577684991403,2.23872226884505244218965571691185353024329389e-16,0.000000224497673844572028658522630438156949809420738,0.00000016648495411832296885594166081744198196876269,0.0000000000000406882089207569841664521919434312003977917657,0.0000000000000563564110639971209488047176703318727968475582,0.0000000000000382804963288835833634293567736886514157451562,2.43385820927909083330008548843720501723157595e-15,0.000000000000058641357950385862329992250156902007168910163,2.3112804447361324547059968653231494201341794e-15,2.602085213965210641617886722087860107421875e-17,0.0000000000000969218457547287680234510878931291910006685831,1.36903798996524064170268106380481670775622015e-16,0.000000000000058641357950385862329992250156902007168910163,2.3112804447361324547059968653231494201341794e-15,True,True,False,False,True,True,True,True,True,0.700105863968207871111222287256967968508083382,0.700105863968169320908151860278348161151194381,0.000000176382030595669674218689761196591273304087015,0.000000130802933358448602345987494516371447432669286,OBSERVABLE,OBSERVABLE,0.0,True
development,SPD_D04_C02_E1eM16,SPD,4,2,1e-16,15704206836761994310,1.6685563841834613e-14,3.14246550240136051615794716073711275298840796e-15,0.0000000000000166133258091314079268508720012839825147488823,6.94410034271772561153584344574970692736885773e-15,7.9557288960621452668254876177017890038504608e-15,2.46259379697231459437194821821935916769324117e-16,0.0000000000000200020506912299999024460139838430311845066144,0.0000000000000151460886184771023377985258852734318479886427,1.0807267901669893263197818360392711769102398e-16,1.05179110889175561555689446012975360924895708e-17,4.57756679852223741214057845635884927431824479e-17,1.27056637862978944773639087878276440814669829e-16,7.68134325331984885773830169403061558792252931e-17,7.79188032983876509845482984833402678580757242e-17,0.0,6.90498062112465533603574311253398828966029293e-17,1.70542817991763258397986721047917893176055077e-16,7.68134325331984885773830169403061558792252931e-17,7.79188032983876509845482984833402678580757242e-17,True,True,False,False,True,True,True,True,True,3.74260087578778183658917020403805313413469889e-15,3.77769394368858154649529369875933193053846328e-15,0.0000000000000180352417393608155113552511788125124457499899,0.000000000000013656768191262802747567859812133538973973411,RESOLUTION_LIMITED,RESOLUTION_LIMITED,0.0,True
development,SPD_D04_C02_E1eM15,SPD,4,2,1e-15,17471857900932525417,1.3264116453127066e-14,3.13949915365601661068600074086592695959643025e-15,0.0000000000000117290193273110820700101339870946018190742331,4.67875957211324104198733165030946992307154797e-15,5.42929243511228167536506407521173955588025186e-15,2.339385075179103669654937803023893016214052e-16,0.0000000000000151024569884850090476616285082629180802920686,0.000000000000010341990514743433084317889505823598780573205,9.99865024757292457674991420629881543323770732e-17,2.81690606335996597090646872061306371008668962e-17,3.3306690738754696212708950042724609375e-17,8.62964813844647305729642920793278863520129626e-17,4.17164263720712974210084218170880285769523908e-17,4.62573925273091681123782495398999118713677287e-17,0.0,5.72992600694819042379036693834262478526488534e-17,6.66864961232704626026270149577241946981126206e-17,4.17164263720712974210084218170880285769523908e-17,4.62573925273091681123782495398999118713677287e-17,True,True,False,False,True,True,True,True,True,0.0000000000000211130110961771784727331557310903627511231341,0.0000000000000211054707529042302215692992246221984805596659,0.0000000000000143346178061287529864092464631891914770195841,9.81618298906523196128475441527056732249920989e-15,TRANSITION,TRANSITION,0.0,True
development,SPD_D04_C02_E1eM14,SPD,4,2,1e-14,14385026615111123768,1.7936019271826203e-14,3.48422769717304007755841254194440212662028502e-15,8.09305319513117784340754464933554148664630463e-15,3.60830298895025100654898039118017969645459432e-15,7.05050941012429742559674581982037027747081646e-15,2.57992517096906803517268385499850878801691565e-16,0.0000000000000118352734094011247244832255767797944920682812,0.0000000000000109168049161714552356629945965004008527271023,4.3376376871395496640605760409610427717427983e-17,6.21766064653078066969261840537239096983707078e-17,5.5511151231257827021181583404541015625e-17,7.67237593703775320215997178780685521710118764e-17,7.29021431518116271751000596347982222518397683e-17,5.35407031357028813362970279957482840994184626e-17,0.0,2.72844995173258706664410499946166687950193993e-17,3.35190769220301517416148265675677787377837689e-17,7.29021431518116271751000596347982222518397683e-17,5.35407031357028813362970279957482840994184626e-17,True,True,False,False,True,True,True,True,True,0.000000000000610296015361166829138021404150387700065807034,0.000000000000610337537022403793219959230164906424469719597,0.000000000000010186181513871562541647852697855217454526865,9.39568969647273364863844418306117242261866797e-15,OBSERVABLE,OBSERVABLE,0.0,True
development,SPD_D04_C02_E1eM12,SPD,4,2,1e-12,7755346036421930937,1.9424260194581343e-14,9.888505141098252940874257935215327962065837e-15,0.0000000000000184744742757997304464643164704873647734434541,7.02546592150175728223968814038455465029472484e-15,0.0000000000000154747347212912880499405900925084841386679189,3.05260862909567758338218956948152254955910046e-16,0.0000000000000286682402798075511456767933626508449904652011,0.0000000000000228054615057026130905184971898411910439185538,1.54242378534528966734804934002521294867688919e-16,1.12627465981579476197545802588243887962907942e-16,1.22124532708767219446599483489990234375e-16,1.44056399761035899968938348496002974202918543e-16,5.08629746488594234349150684367476123804834654e-17,1.36300966270441117575078006665431746329361088e-16,0.0,9.66464074240833448269255368188615084759401634e-17,7.51715093118108457330217236135234920303389174e-17,5.08629746488594234349150684367476123804834654e-17,1.36300966270441117575078006665431746329361088e-16,True,True,False,False,True,True,True,True,True,0.000000000072135848976666897781624654361525391018281461,0.0000000000721358881845527905665072680291637853424767419,0.0000000000000208530763687936656913903644531959349242935934,0.0000000000000165885323187752069617919424870989303199999337,OBSERVABLE,OBSERVABLE,0.0,True
development,SPD_D04_C02_E1eM8,SPD,4,2,1e-8,488136483731022202,1.1930406054246988e-14,6.91219489594974777218495305373939585708830868e-15,0.0000000000000246190554266832052877538658022245579947674385,6.28326049685056492873153976728319715341327174e-15,0.0000000000000230384249179045229127982703714392502713050272,2.68297461013526634963724758923843752372638791e-16,0.0000000000000317995477836464796949025436148877976042283859,0.0000000000000295899828757686144764935348976462911770909377,2.35914006371383566081146359565911112046886085e-16,2.01748198376500320756814794928458868188047389e-16,5.43895982204207339582532137957280625065947239e-17,2.2038259730462245417479996734925495867120342e-16,5.53185397241149228619685965453148932424810305e-17,1.94641015449667468888249649000402397638623619e-16,0.0,5.08837354334489576472602536546764265709585347e-17,5.46079815801030832890425094034263719594606901e-17,5.53185397241149228619685965453148932424810305e-17,1.94641015449667468888249649000402397638623619e-16,True,True,False,False,True,True,True,True,True,0.000000634895933511819548866594080980806807346453311,0.000000634895933500953490267675319849366910891073314,0.0000000000000263174930006382051115958981538625358291192111,0.0000000000000244888440716293360201628600832822808409255414,OBSERVABLE,OBSERVABLE,0.0,True
development,SPD_D04_C04_E1eM16,SPD,4,4,1e-16,8350515755889220298,4.176161738341247e-13,0.000000000000443720498026720360390669572314045713406244885,0.000000000000420416141915419355282359235666124350887068653,0.000000000000485219209700266656463695717808178648660550907,0.000000000000161889861835610034390332658515853125504445874,1.92296268638293407022383604095743346363037011e-16,0.000000000000864328936210778009080051191584265807639676575,0.000000000000647301367804514984261050759928127517511359818,9.68791176573599829261512359960518621207062156e-17,1.78995848072041991489755939328979627063950057e-16,2.71096821592981646953707518143691920575884085e-16,1.84931556240098180104085572930649108552528657e-16,2.16117822066570448484162903735917835457538579e-16,4.11268023123957822361890262903351347915803629e-17,0.0,5.70190910843711718544412234490168148792031889e-17,1.47771737596605050133623058919200760207985787e-16,2.16117822066570448484162903735917835457538579e-16,4.11268023123957822361890262903351347915803629e-17,True,True,False,False,True,True,True,True,True,0.000000000000807885357928308614601317732604696188018681804,0.000000000000807986501769417490024246394991094305081473372,0.000000000000998041087979351119116000133650843688816887384,0.000000000000747439237897499402652364936320050311718323615,RESOLUTION_LIMITED,TRANSITION,0.0,True
development,SPD_D04_C04_E1eM15,SPD,4,4,1e-15,5666598914125702123,1.5333144036249076e-12,0.000000000000556406446306879516662347930475891864905121565,0.000000000000475220444241325778546727629437951791622257614,0.000000000000808444169680140331480617595307539813508051165,0.00000000000077417606333486827891922922886577811359039169,2.46259379697211977401454190360876277628243486e-16,0.00000000000103187314992790250718647701410420453280500742,0.0000000000015828664923947058223772482783636788033760711,1.84099191362116888129088587264613431201862129e-16,2.33670239810840977404594864517580601414033618e-16,1.66000619409364164533464520389299659669960461e-16,1.25652032004712995560952649433948804299567674e-16,9.26594772501347957746213613329851628121455036e-17,1.50610861659807337414728439703669523773402041e-16,0.0,1.64515614356285345808952998951913559435697565e-16,1.11245273092922817323480448679579236725505584e-16,9.26594772501347957746213613329851628121455036e-17,1.50610861659807337414728439703669523773402041e-16,True,True,False,False,True,True,True,True,True,0.000000000000901945004732742583988742684825746127189573391,0.000000000000901990818133023634927255668845125219310534624,0.00000000000093040868611862443907327461658327184934095836,0.00000000000142722265192485446918873306258402018094306515,RESOLUTION_LIMITED,RESOLUTION_LIMITED,0.0,True
development,SPD_D04_C04_E1eM14,SPD,4,4,1e-14,5675159585946543178,1.2426375874959259e-14,0.000000000000221753475112003536531302114512147132934060979,0.000000000000102788259624577218872078982028153801582175296,0.000000000000012553531711833923557789478448983980469023754,0.000000000000265045854372641970237659512155259467853021143,2.59896546738066039276321355959171828233247818e-16,0.000000000000324801631283318821442657417896260106344469523,0.000000000000277859282631213959834725311960202620150278145,9.56066641297832327776096409591829547203803894e-17,1.1067187063322692779433917263432739160020365e-16,7.38527833091255399291854045425079937911258122e-17,7.49474218866205153961419361550431802717563151e-17,5.49387354940129969155821907836415231182087012e-17,1.2284203237934941561232066834307163908425692e-16,0.0,1.0639719964385936488513296202852712046159634e-16,1.57317539865241148705124360896890574930598757e-16,5.49387354940129969155821907836415231182087012e-17,1.2284203237934941561232066834307163908425692e-16,True,True,False,False,True,True,True,True,True,0.000000000068389758737588901197011346789819948121221535,0.000000000068389788017314871780554289268984932540587202,0.000000000000277496760925799299502917967313451072768361086,0.000000000000237391205883663458931047544166904386142497328,OBSERVABLE,OBSERVABLE,0.0,True
development,SPD_D04_C04_E1eM12,SPD,4,4,1e-12,3195685084840055028,2.0222018259047107e-14,0.0000000000000163014340953476456577468461828860001196379305,0.000000000000213119168358511031387085281788186930957410235,0.0000000000000680261692127443297885518359956717052947240827,0.000000000000166631876021872653111375631485972672301396289,3.51784812324332541853890431560588622829359107e-16,0.000000000000229772387266183009586686018402633519699877525,0.000000000000235009830046941315441781357913204966218949731,2.67317777023796113859066750448508893495748161e-16,2.756436016331938704237441587341402315477767e-16,1.73422380365254689008163662927921620261890848e-16,1.28860460894550341462953429048921901739090843e-16,2.30526566622458236395134679674787463557469001e-16,9.05576999719502238154687111906431545720509135e-17,0.0,1.2002230394773947123785843073349239601063524e-16,1.66462423541136237496143849905061205111658891e-16,2.30526566622458236395134679674787463557469001e-16,9.05576999719502238154687111906431545720509135e-17,True,True,False,False,True,True,True,True,True,0.00000000505648724068980470039541704853661422626311189,0.00000000505648727961611815383135466786093877408814069,0.000000000000145031044828835653925034706704461228078638955,0.000000000000148336889398595296299471667621125064813798034,OBSERVABLE,OBSERVABLE,0.0,True
development,SPD_D04_C04_E1eM8,SPD,4,4,1e-8,2464244442272107736,4.054362794360057e-14,0.0000000000000861904127610585530286275367404681451058746542,0.0000000000000144923510465322160460611722037000185056620541,0.0000000000000285178693342089380317319530980533185685887493,0.0000000000000145562966048218107505187489232170519166599347,3.10063192383401002489042839147147116898312723e-16,0.000000000000100992826999974170077177751783315310728435021,0.0000000000000433842291314141497847397448604175176021469966,2.72257507702267417781742093487718497119712892e-16,2.78058878192421460206009993643693706179343935e-16,1.47522907955258816947706783580658771198413696e-16,1.45054888890500840890262636787660231966989943e-16,1.44089738834075587340170081401830031803912584e-16,1.35116441628905950543411591279215845072546841e-16,0.0,2.81554135176764629830297529099290670490696432e-17,6.39770227446823565654207189576386305174068809e-17,1.44089738834075587340170081401830031803912584e-16,1.35116441628905950543411591279215845072546841e-16,True,True,False,False,True,True,True,True,True,0.0000574703193658717962938341485636212389018883879,0.0000574703193658450635508879793152856335491452655,0.0000000000000723224655859727388872134821256002120950173988,0.000000000000031068091779740538221509265383967021288199951,OBSERVABLE,OBSERVABLE,0.0,True
development,SPD_D04_C06_E1eM16,SPD,4,6,1e-16,13392536289890968477,6.084492634715005e-11,0.00000000013322024171859304409012327568120838038978437,0.000000000109425230629200931114903490368386620849916608,0.000000000105795827867000913669940215325470279951128587,0.00000000000801001049186034688622111143490976217843283334,2.42222067170968765075203978384012467511582214e-16,0.000000000242645714569861146173791841253573385252168489,0.000000000113806080580928431524926401964358426142028932,9.20730229172913989674418199863789154178766749e-16,1.16451732770896060066648835111448549668916004e-16,1.34148758474889851702669832565016424500493448e-16,9.29374598446051989693651431286733445428715288e-16,2.89315517332747475046332993075139540053541188e-16,2.81256584810352566977149219667832784830805366e-16,0.0,2.75223328259761244322863945179831804624449634e-16,1.19511183282734997180100735723143761017394771e-15,2.89315517332747475046332993075139540053541188e-16,2.81256584810352566977149219667832784830805366e-16,True,True,False,False,True,True,True,True,True,0.0000000000458519033973258905155666051220123758308970267,0.0000000000458510705752004667726034065359759130388110586,0.000000000222432961856528064050862759605204874655194441,0.000000000104325863021208581813244188156050104345685467,RESOLUTION_LIMITED,RESOLUTION_LIMITED,0.0,True
development,SPD_D04_C06_E1eM15,SPD,4,6,1e-15,5103369645803992699,6.8864248652891486e-15,0.0000000000221927824218286291757587880672325988887094602,0.000000000111662034475812890985311837632223495079563336,0.0000000000119893434076944134005819728840993476312588169,0.0000000000353194257992374829515597493481790111202467038,2.36036652690559480708285291578549777201554246e-16,0.000000000133855052934294210720551333984747672518049997,0.0000000000473090052435845869116224305175699373012827222,1.05911043815498993999399798174552496828175127e-15,2.51226422662792323032264819232564626239516203e-16,6.45172370007058276882837203259681112377961449e-16,1.70340475159049107073809304743818494695398221e-15,8.3474427819121523543776840756883027359207983e-16,5.86521711436933529801901529692332702411924998e-16,0.0,1.96449115627205777628922239847360033463891303e-16,1.11697835533945530573167725883657881132537975e-15,8.3474427819121523543776840756883027359207983e-16,5.86521711436933529801901529692332702411924998e-16,True,True,False,False,True,True,True,True,True,0.000000000565100924484511889805054655526760945086175037,0.000000000565099697971086409480581233837878712618366305,0.000000000125920241633881632802016339289295714650239616,0.0000000000445045684951090561550945959473852636306977534,TRANSITION,OBSERVABLE,0.0,True
development,SPD_D04_C06_E1eM14,SPD,4,6,1e-14,10607137628927150247,1.1737922998285722e-14,0.0000000000888149928914577121949166659236808551694716526,0.0000000000423053809319363603726388770845978531446061066,0.0000000000535073481328508719734676608083534714478949818,0.00000000000229586641839583974216367321743742636675537442,1.88411094987425084865073495621065571603809454e-16,0.000000000131120562234489059992640408081774329379649363,0.0000000000558034029623416991407161990992865188802219601,2.05256989748386461097311140023108159208024686e-16,2.34439357706390848411023679939660407036119226e-16,7.75409518382473775161324288235857317243756496e-16,5.74158315715668797223988401613812063847098057e-16,1.744694597124766420102291067252632736939586e-16,3.76695480951047870108029151877438405837647224e-16,0.0,9.12297869477194661106508316197387246998027787e-16,9.41927063951416149184353627004459204525844435e-16,1.744694597124766420102291067252632736939586e-16,3.76695480951047870108029151877438405837647224e-16,True,True,False,False,True,True,True,True,True,0.0000000023617019495363123776523144939008237316044634,0.00000000236170198355909658204106619003467856208655307,0.000000000154527064514999904456671037206095472992642611,0.0000000000657649410799288312686911735714458686172795826,OBSERVABLE,OBSERVABLE,0.0,True
development,SPD_D04_C06_E1eM12,SPD,4,6,1e-12,3551787230731065486,5.828767958253792e-11,0.0000000000221645516746187734476890501544100022421505645,0.000000000138596813167816614510726518129263942993592643,0.0000000000520120278942492654422584145822655286001070377,0.0000000000287222001032706091880215903740589774164835571,2.20931591243207021967643247815714964753250286e-16,0.00000000016076158577402663116543753592692176095070796,0.000000000080734448929111117837301972599572321731555348,2.64126200228081096040544209116561942301018565e-16,1.37531422157121418105646864459427956914204259e-15,1.28654203838236696220204515911220008825447727e-15,1.48536804534215758191854110000107164626247218e-15,6.77909281919013827478199897820908454417117486e-16,7.00712649568581007381192598019686533724399596e-16,0.0,6.13272190539300718978560618625436662568342722e-16,2.18081118670098682584438872213402908372130726e-15,6.77909281919013827478199897820908454417117486e-16,7.00712649568581007381192598019686533724399596e-16,True,True,False,False,True,True,True,True,True,0.000000100772551362151243800248931970460518027315032,0.000000100772549790996889282596927778016921356251048,0.000000000161571472943934153445770637786196287384630545,0.0000000000811411741678702694271826582631090040814668288,OBSERVABLE,OBSERVABLE,0.0,True
development,SPD_D04_C06_E1eM8,SPD,4,6,1e-8,10109430479675230262,2.853058558699298e-13,0.0000000000888231073320324865431149735649063187927906668,0.0000000000679811955190996715265617870510338791943443932,0.0000000000559505695275768410910404741710278896830199303,0.000000000000690752929333324016597934608697704551721798953,2.41727794335711118421778697814708529996002766e-16,0.000000000156804544578926493780795182394638012695665056,0.0000000000566415641847045008187568305584234089432717252,4.90741539635203862431230677226656234225726653e-17,1.00586787824316371738671724669633184583807057e-16,1.49365231817119140846495789067498496314978089e-16,1.69404599157293951497831035032687481266365711e-16,5.79501134540888139956358632616247048063389149e-17,7.29739082456254278773788922693631382098256619e-17,0.0,1.21983235556934630447978465194281545779474311e-16,1.69736774313898235796365562614826467395390498e-16,5.79501134540888139956358632616247048063389149e-17,7.29739082456254278773788922693631382098256619e-17,True,True,False,False,True,True,True,True,True,0.00634490533942507564331820641859083268574477633,0.00634490533942499078833239006056924692233650302,0.000000000143742490342695073999996779113290148156199473,0.0000000000519232367574455814246525744420061446098431099,OBSERVABLE,OBSERVABLE,0.0,True
development,SPD_D04_C08_E1eM16,SPD,4,8,1e-16,7859999646374053765,4.3119046177905235e-09,0.00000000665781252206857260961074169327502484336117311,0.00000000139777532116883018273784672827950793235034009,0.00000000461684569878295429861394646281111118755101654,0.000000000438724489896129485173994024701055049370842206,2.24254058114083289216368320198314136667505802e-16,0.00000000805558806749146090643187763792285297402564986,0.00000000505557041293314189787122970388048643523599542,5.84487320457058674619069382906885159110752456e-15,2.87640598613255246480394939780547925105526103e-16,8.6602591039340509975262268432018114940216964e-15,2.87331092329747917593902705639009078946132703e-15,4.14817060622081113483017169181243663873815848e-15,4.42584866004807661891684727796422274650944208e-15,0.0,4.51236204755089340717892649414006991381131603e-15,1.63673516290706533272216988238397707764687456e-15,4.14817060622081113483017169181243663873815848e-15,4.42584866004807661891684727796422274650944208e-15,True,True,False,False,True,True,True,True,True,0.00000000496736655607716152661442263822298524865109733,0.00000000496736051807741829690686020400060302146800803,0.00000000797622073225888603313318876786611034591065806,0.00000000500576062271133234277413739734491761287209172,RESOLUTION_LIMITED,RESOLUTION_LIMITED,0.0,True
development,SPD_D04_C08_E1eM15,SPD,4,8,1e-15,1042522876978159422,3.445478383843682e-11,0.000000000556486896148733548481629910473774145627004399,0.000000000400497882054165286501824298034016773965435869,0.000000000304504824938713282798767349010924889993839717,0.000000000450632981690012042617724007735050394211933782,8.59975053830669806753047666824698170149822013e-17,0.000000000956984864200404218050434883812557602062257282,0.000000000755137892626230708483472032050741966675590514,4.55195597437699962589469064538845457573474715e-16,1.6164687851649233119572439969376594285401525e-15,7.86835077969151574430965471053428602045764784e-16,1.22757335401920759942657792128722251177561548e-15,8.08857216406026400804611774741793639634276325e-16,8.08262050541517787787383777287035687751398257e-16,0.0,4.77418689130555733077330235317196645451644018e-17,2.0349881309811603154061069164114603752774424e-15,8.08857216406026400804611774741793639634276325e-16,8.08262050541517787787383777287035687751398257e-16,True,True,False,False,True,True,True,True,True,0.0000000259885093475641701112177274111093773285931681,0.0000000259885146619713780718184172746929768471302156,0.00000000247092429441382130844909135065263561225469482,0.00000000194975765482103716736570752520932508172897066,OBSERVABLE,OBSERVABLE,0.0,True
development,SPD_D04_C08_E1eM14,SPD,4,8,1e-14,5790930347405176283,4.161218840998618e-09,0.0000000011117910189314436754619941025103183324112983,0.0000000051885730631233549895873522230046044979520794,0.00000000346106481787072735712278602085357208396178563,0.00000000259955536208576021384255686520042038207588863,1.93573986786483119428562401965957522212451156e-16,0.00000000630036427562878545153246575407732479632089991,0.00000000606062037353047435744846231461639443199519647,3.87863072294611605168577325935186851775636025e-15,3.64325503170881238235038423510905554517415535e-15,2.96367168931610279634565464913489867204819518e-15,1.16485759428559450227547420592503599373100054e-15,1.22730884935768317575671715487486882970182977e-15,2.42796560599389713624325962660631250565501502e-15,0.0,1.74558229743505398712287850617697845269106196e-15,1.53309593188057577048175240432020711907838848e-15,1.22730884935768317575671715487486882970182977e-15,2.42796560599389713624325962660631250565501502e-15,True,True,False,False,True,True,True,True,True,0.000000342596543071758802350504519468631758461552652,0.000000342596542800792033879102803739646207667356819,0.00000000722701346972624049956574684058791869350257668,0.00000000695200835352186122735388042774779919109927023,OBSERVABLE,OBSERVABLE,0.0,True
development,SPD_D04_C08_E1eM12,SPD,4,8,1e-12,17851839345312994769,3.9358364724554737e-11,0.000000000572479733532662976331356554162945296804357995,0.000000000521439049071380940111972190411697730925457088,0.000000000344137598877855067446712544715490126667884169,0.00000000117644932691882320989248938026429234501409226,2.16421762138082199213197332609184093950565456e-16,0.00000000109391899902580605452552795777197563691390903,0.00000000152058714221844041542140113817711508086607037,6.00428992852964721522877869153413594227890157e-16,9.00856405102072546767938196618959710195311577e-16,1.79091225139165517414619261852035599601552711e-15,1.20311272793886527965659765671037340666233922e-15,5.67110417522407387185041481229987785099018172e-16,3.37852215899613875451779467523881124020815172e-16,0.0,1.2241520773043497674629450382809242763662155e-15,1.53128347814643808663574435283237484724640824e-15,5.67110417522407387185041481229987785099018172e-16,3.37852215899613875451779467523881124020815172e-16,True,True,False,False,True,True,True,True,True,0.0000205376703350781623543038447171122037693220743,0.0000205376703347694592685533034059238979352993752,0.00000000112233721193513778415863725173656598417049738,0.00000000156008949037514907328384230761853805113511393,OBSERVABLE,OBSERVABLE,0.0,True
development,SPD_D04_C08_E1eM8,SPD,4,8,1e-8,18178684608654090320,1.077133705134804e-13,0.0000000022210396848533001478556456104285333360659928,0.00000000885973584147138118102796674283882456923362315,0.000000000506523333671078208874659302728771685370916238,0.00000000476042564121093623337989937983631515954459046,2.78941024557301225260986670903292563214824619e-16,0.0000000110807758052657058861848376142540288085921792,0.00000000526694925382303899955578394355175774820806992,0.0000000000000198760694920429877226849088881935184566695711,0.0000000000000157737905194880235691226100540396199329519488,8.7046299740163537316936525521070133845493331e-15,0.0000000000000113310923784278703559750003964503366633402032,0.0000000000000115724590768295429090649007794022506930102112,4.20253728370738230113352248490035958511915774e-15,0.0,3.08350567400405557706069779214050423643850959e-15,7.21080037694004739789488188968192768049809356e-15,0.0000000000000115724590768295429090649007794022506930102112,4.20253728370738230113352248490035958511915774e-15,True,True,False,False,True,True,True,True,True,0.293460959231687543301165314788890384225416132,0.293460959231684090620213284554852717420351582,0.00000000812481902020314293319589256969038862858495113,0.0000000038619145651850846937414759224637876825576614,OBSERVABLE,OBSERVABLE,0.0,True
development,SPD_D04_C10_E1eM16,SPD,4,10,1e-16,17175772012787490183,8.128803487610448e-11,0.000000443828815461222481437132827367800305768565564,0.000000337691003296845012924534462979595433926470059,0.0000000783192951915411985152247754838358483144112613,0.00000000320138086037403597517291875777367403723481987,2.32882308225414118760361669496711089137472425e-16,0.000000781519818990949802587081409107757409191746712,0.0000000815206762847975427158118130019711918483571703,0.000000000000140281400081457213859704858167134154129334193,2.91561068526609143693740935227243861133505512e-16,0.00000000000016906478624912372748353088666200041100306079,0.0000000000000287837169228738119682543731711486469006474776,0.0000000000000462812694903523660427670141992136894604907652,0.0000000000000465721323856266724413371674812702396043892883,0.0,0.000000000000122783569209814960839113437938173447801062345,0.0000000000000177888162071832247048932682125040192431748952,0.0000000000000462812694903523660427670141992136894604907652,0.0000000000000465721323856266724413371674812702396043892883,True,True,False,False,True,True,True,True,True,0.00000057207303421017033041690457068231980315608607,0.000000572073168240499075372772083028727233347923792,0.000000745149910161857628257250101669269512229598003,0.0000000777269150875496134943807152459308968326832401,RESOLUTION_LIMITED,TRANSITION,0.0,True
development,SPD_D04_C10_E1eM15,SPD,4,10,1e-15,13107492549044360932,3.931081559674775e-07,0.0000000000457991932094714403062795139777899446520789956,0.000000338918413499501669971693239292071091858022232,0.000000117686877544817572932236670271231729956817057,0.00000032991620119246958927815957662110204829732228,2.69214629633601603393046701965608366890165838e-16,0.000000338964212961925771045601122199095583768282678,0.000000447603079006501791843997850285380480219747704,0.0000000000000313794183629995620592684310904940884241106298,0.000000000000024727954635836111821222690913194281913992303,0.0000000000000495401468337470852321164270596010042605258651,0.00000000000008090186754757617342482572753712179090489792,0.0000000000000133386038457694540293776249904149680696588395,0.0000000000000380612813552439626827513050949789763642854398,0.0,0.0000000000000628765829657176225815244474977536946726392121,0.000000000000118958526321319816482413168259508252853469043,0.0000000000000133386038457694540293776249904149680696588395,0.0000000000000380612813552439626827513050949789763642854398,True,True,False,False,True,True,True,True,True,0.00000329828918468644181096075134988082490456072228,0.00000329828913843033782488513841496056464074073953,0.000000279572970856024969564796160110758864505683033,0.000000369176797363578122613458424164450906032466751,OBSERVABLE,TRANSITION,0.0,True
development,SPD_D04_C10_E1eM14,SPD,4,10,1e-14,3017150107056477270,1.560787658455407e-13,0.000000222398754732714075649252145507809556010701436,0.0000000373747955801367383492926027226615267405398931,0.00000031616763499189412828410096935392283443879897,0.0000000592064687451117643652938124291883131043101436,2.64595846247219285415762177453252328900260155e-16,0.000000259773550577446660245764033646233260204493658,0.000000375374104001601738896614067198873324996361443,0.000000000000265018391004100934935003126029040837290802917,0.000000000000251038097904105107274521563235562799710916103,0.00000000000017706949003654981387877351990766766846541615,0.0000000000000879489463086524552361299876820461638852182812,0.0000000000000212873413876470089729010798206874552437145997,0.000000000000229750839734544117605003070994109245316890211,0.0,0.000000000000155782213718562393626270467978281534679212269,0.000000000000141801921868848267859740933101898353518199794,0.0000000000000212873413876470089729010798206874552437145997,0.000000000000229750839734544117605003070994109245316890211,True,True,False,False,True,True,True,True,True,0.0000251652088550994272495926486104661826629499302,0.0000251652088668305998130283731228874219892177886,0.000000217997121023135348577004910989302317292963758,0.00000031500695046545641281868769603856332292629774,OBSERVABLE,OBSERVABLE,0.0,True
development,SPD_D04_C10_E1eM12,SPD,4,10,1e-12,3770731004481436651,6.310303260465476e-12,0.000000443882904359612604474876677173129106193658891,0.000000444839560143545786761028052819660321222936236,0.000000170335728799335898448393937240897986969643418,0.000000451617203791256598440091927553726910273947944,1.9590572347392087333166563980683525623445376e-16,0.000000888722464699064114709825603324455067223430382,0.000000621952932786498220362406738126290537050426618,0.0000000000000298854657864407499705519389603250905649525554,3.17044593902531738260539559830482662999640837e-15,8.03247125574417125228550541819729259800859708e-15,0.0000000000000378523547850844031357460429025147785330117559,0.0000000000000106598208079851459520474009551299049469688706,0.0000000000000138226144584614648696564550688982735500048092,0.0,2.90614461972163108847558717984771644510851474e-15,0.0000000000000240299607091576551726699830675137259967494066,0.0000000000000106598208079851459520474009551299049469688706,0.0000000000000138226144584614648696564550688982735500048092,True,True,False,False,True,True,True,True,True,0.00448434362610961850933845698027526903808403652,0.00448434362607936780271181951043623870680508241,0.0000010062800365071315102472960091431148043055348,0.000000704223022113030452906263208087634939158710686,OBSERVABLE,OBSERVABLE,0.0,True
development,SPD_D04_C10_E1eM8,SPD,4,10,1e-8,2623794382600541620,3.9978486165365395e-07,0.00000088783283726516510285180832534891205944629026,0.0000000056670369083543679799442727584310896945754731,0.000000695271754826320237717371683362053122860866351,0.00000000516663849645668952425642568968959218156440412,1.69207861091758800761671184979384328479395645e-16,0.000000893499874342727331923511398869014334120250061,0.000000700438393491984788333386909813413900021815084,0.0000000000000711430117924240289631327505954153690228087732,0.0000000000000388035419282064679418738375062445199613487567,0.0000000000000700996132664188471305430586247148228822913832,1.02528730108836643955065541814507810704729854e-15,0.0000000000000379275263793226582859015205557395247549158031,8.80020704176825512859265959325757829704743137e-16,3.4694469519536141888238489627838134765625e-17,0.00000000000003217270722975772589474514535687246737932902,4.5835799884750146424523756241969086764660484e-16,0.0000000000000379275263793226582859015205557395247549158031,8.80020704176825512859265959325757829704743137e-16,True,True,False,False,True,True,True,True,True,0.769351252749474495376645222719818677167371019,0.769351252749487173527562411255542638464012171,0.000000867843795967083100612704711647381124825289869,0.000000680325909050982621071880490866689513588934577,OBSERVABLE,OBSERVABLE,0.0,True
development,SPD_D08_C02_E1eM16,SPD,8,2,1e-16,1342461325665898416,2.525178090855349e-14,0.0000000000000224968826447811633882719626115267326902514837,0.0000000000000334237605423420213002414489505063826450348675,0.0000000000000246151190420581872343834645765100649158580697,0.0000000000000354054677148028063880061275090706505993319521,4.00911972181899581827569016146037159560160667e-16,0.0000000000000563215551593050842703409805781791524948465119,0.0000000000000604214987290428932042171611017267526747501825,3.01186185658697987326524421586175375744474971e-16,2.3305901229618979161319699414656274748968872e-16,2.50477731282360897922346359769070431853711402e-16,4.10692490978805889224787051363263478935141601e-16,1.82924739735308747601879720864210385679816995e-16,2.79614137736779796778097451075042503948201548e-16,0.0,1.18704658542303126352319957101898851448614104e-16,1.9780734945177858042566347623630660655152769e-16,1.82924739735308747601879720864210385679816995e-16,2.79614137736779796778097451075042503948201548e-16,True,True,False,False,True,True,True,True,True,7.67408327769436333701647557975719330678700977e-15,7.7222142808462807321736614904529912006460019e-15,0.000000000000031193624366091798175217419814934708291445081,0.0000000000000334643730923091920083921246358729450821529702,RESOLUTION_LIMITED,RESOLUTION_LIMITED,0.0,True
development,SPD_D08_C02_E1eM15,SPD,8,2,1e-15,11984414969320672532,2.47388945292106e-14,0.0000000000000230833677025999521604781292681168507943982441,0.0000000000000408867636075055905937417649419850174210304569,0.0000000000000200008657627201813006425364674277237388938378,0.000000000000023042603130811813776693978762176673858612669,2.99554549237504785324506506092150133762647497e-16,0.0000000000000642696858593430475395444007161940183491913485,0.0000000000000433430234427694998626610217356965477312691542,1.66960306633854060319500246178566418580642976e-16,2.05792775954607692437667682943891824893499109e-16,1.48641408503856588375382979781966836875385128e-16,2.57837492280235953777396296591705353736327451e-16,1.25420327085783614529917299749055028227941512e-16,2.45067002526901067192897569849991230388359808e-16,0.0,5.48397496490938333334627240213669897363185926e-17,1.36166422198949629717022788412995284746747624e-16,1.25420327085783614529917299749055028227941512e-16,2.45067002526901067192897569849991230388359808e-16,True,True,False,False,True,True,True,True,True,0.0000000000000777565209727649729526719326143848174661337311,0.0000000000000776986732232586189255477836854500987923972437,0.0000000000000476398607252616713209827520941964631570227486,0.0000000000000321279865089789816341947991099822964837628526,TRANSITION,TRANSITION,0.0,True
development,SPD_D08_C02_E1eM14,SPD,8,2,1e-14,17951608882493264060,1.5214718361833952e-14,0.0000000000000149680176967339051058752783697093731487711861,0.0000000000000321468321761774092515184231738679941181270011,0.0000000000000216490094850530107124392695520607469151420862,0.000000000000040082499589318428542029869600390184260162572,3.44705923721708234396804234617763301470790893e-16,0.0000000000000474595557966330225917905057781951305683689781,0.0000000000000620762149980931474888659433870686944767754492,2.63475254021934466263189606566412572321481776e-16,2.02402474574506985516711081964266965809608698e-16,2.05166090922762933077537382642707762327829351e-16,1.72746106580140587898731880419054476959867924e-16,1.90191043992514969710976688843517344253906543e-16,2.04323769700264718344145263342065659444038467e-16,0.0,6.19386101358168107867662097844919439500072502e-17,8.01473212040572952549749554430125921657509771e-17,1.90191043992514969710976688843517344253906543e-16,2.04323769700264718344145263342065659444038467e-16,True,True,False,False,True,True,True,True,True,0.000000000000813095221852419425466359246111427828167348235,0.000000000000813151131460915636537414176961271960970355349,0.0000000000000305713873524411245637289248082461834301211409,0.000000000000039986805232904339835968015224798449952581342,OBSERVABLE,OBSERVABLE,0.0,True
development,SPD_D08_C02_E1eM12,SPD,8,2,1e-12,17607056763644691582,2.2742784347943826e-14,0.0000000000000145676767283532046127210055564353327166731477,0.0000000000000360926404831954481112111366949552514428504952,0.0000000000000187093768656559678923676234055817864529628918,0.0000000000000234706452372386607857796095553478861397820349,3.47554781448160426706946086348182680541691917e-16,0.0000000000000510078719929968131506390883377387668400653347,0.0000000000000425275768843427891048541790472778552732866187,3.66869708436212373664001757663733106052309397e-16,2.8059254799840630920787513761015497970372913e-16,1.19219809551843357218522411447861958648215912e-16,2.70350249510853349821417962160282801089751678e-16,1.44337267436860241876215671858637240083910657e-16,1.92015412282838732202027522899440673822764905e-16,0.0,8.4131882950604540059086408392254383606240076e-17,1.64499496830631718803183764989446284432812978e-16,1.44337267436860241876215671858637240083910657e-16,1.92015412282838732202027522899440673822764905e-16,True,True,False,False,True,True,True,True,True,0.0000000000604258687023999717438353691892814363789736946,0.0000000000604259137552903855652817649241282449239051537,0.0000000000000325877340468424431448726891450195286418881349,0.0000000000000271698722376397682476583431482599477653012135,OBSERVABLE,OBSERVABLE,0.0,True
development,SPD_D08_C02_E1eM8,SPD,8,2,1e-8,827968943530373870,1.6623894598395806e-14,0.0000000000000161867403219621100539592445764782281508729191,0.000000000000020492842411548518792895700704325916816343627,0.0000000000000123079221975983885817593796869325573640675032,0.0000000000000139810279506032386145704489040945569240639131,3.41833239050242442815798654342585570771296424e-16,0.0000000000000370214159725608712896707439351467305379878425,0.0000000000000266307833872518696391456272453696998589027127,1.64675724224607817186863164444533899031474407e-16,1.69662164843977692252471273930850349600535387e-16,1.21396935440937423803815687380880327307834883e-16,1.34898158955865345863375935911258600654699624e-16,1.56237677539377349882475533852103176361167161e-16,8.54292400429635440639545467410610271635275824e-17,0.0,7.32930648547193094313177645695333436277538858e-17,1.23285993029356450018065360962373745930491523e-16,1.56237677539377349882475533852103176361167161e-16,8.54292400429635440639545467410610271635275824e-17,True,True,False,False,True,True,True,True,True,0.0000006959912210842692413215075383070780584692735,0.000000695991221074805804192493985339864094523561571,0.0000000000000240479938601462323211475810230312874047637134,0.0000000000000172985527042556783366630308475905137299496914,OBSERVABLE,OBSERVABLE,0.0,True
development,SPD_D08_C04_E1eM16,SPD,8,4,1e-16,12403419548012470609,1.8597260848002332e-13,0.000000000000404137665902752464903586661455291672309383514,0.00000000000119379634556680379805585263961397956814889766,0.000000000000491659626755899940931396689659089211707998991,0.00000000000105093711261972339591170201354844540821104329,2.34989921838060145910567417779563417784094436e-16,0.00000000000159816900139139432310534986848705080387606526,0.00000000000154283172929746139698900927062531418333682637,3.03442691424599681400730791907386871457619735e-16,1.72729794812306994110053840864366369966027312e-16,2.66482436399561163224714171296274024955249755e-16,1.75209870919984426700168127950101281455745906e-16,1.51576438478939007864630087302505813906445759e-16,1.22375093695572629854448220007728870893498423e-16,0.0,1.73556632048976307256626840825645389199285603e-16,1.08671729669646432921449972805487943564936e-16,1.51576438478939007864630087302505813906445759e-16,1.22375093695572629854448220007728870893498423e-16,True,True,False,False,True,True,True,True,True,0.000000000000486858217773287322489253069179716899629422154,0.000000000000486946409153441523900237687832341009134230979,0.00000000000151012776097645322642685169071113069226125803,0.0000000000014578389537645743413099769593215937164818588,RESOLUTION_LIMITED,RESOLUTION_LIMITED,0.0,True
development,SPD_D08_C04_E1eM15,SPD,8,4,1e-15,6344531904647166480,1.815148081866658e-12,0.000000000000881809283706184102206455226985299606846886829,0.0000000000013009806271007887996759787726402815647843425,0.00000000000162628242249098184647259132548506984940248302,0.00000000000123797550064573266567359748527908497717063541,4.32844619915157160673025418610880815881931176e-16,0.00000000000218322275542688805904310702504419205244711126,0.00000000000286469076775662966930686183618276570738900035,5.26536835819107228090399393905692117735339936e-16,3.12301598312597210745369561633379592881027302e-16,3.3027968761353314371505334542589351089440531e-16,2.83084656082647640805218030953651906902998247e-16,2.24712306700910418290579490382154655695415222e-16,1.72038280284892572330861933298632838029353615e-16,0.0,1.4691295739042617154383246998908540343659537e-16,2.26132414517192784954076381068919573517078564e-16,2.24712306700910418290579490382154655695415222e-16,1.72038280284892572330861933298632838029353615e-16,True,True,False,False,True,True,True,True,True,0.00000000000510351424391155381493422460226732145537186612,0.00000000000510356938648589177847815792685819428344865198,0.00000000000111996964242384401311216602326456566318480823,0.00000000000146955535656825086805069571125688793783583962,TRANSITION,TRANSITION,0.0,True
development,SPD_D08_C04_E1eM14,SPD,8,4,1e-14,6151836399657006807,3.5497027986628485e-12,0.0000000000025410507385918048619333563191993077780283453,0.00000000000305789179551231319919310526003476248809173904,0.00000000000327703465884600488869089547258501331775447999,0.00000000000277172333750412218858890945420468744517258535,3.8072718753818672972574657614981704053631558e-16,0.00000000000559932326129165624785618732581022008316062066,0.00000000000604913872353766526400953067336585057996760165,3.68649183650878910653093248452859298586825149e-16,3.67835414192196618286013942823636974540579794e-16,2.64494762329846439487536371597124306326153069e-16,3.1730781195009041129668270462806833951943203e-16,3.60974358787693694608369630376556260298473075e-16,4.04737288958616504952885636827226840244192021e-16,0.0,2.98628301188580747233718977343103064907805932e-16,3.36569414308229915930195762399557838731806845e-16,3.60974358787693694608369630376556260298473075e-16,4.04737288958616504952885636827226840244192021e-16,True,True,False,False,True,True,True,True,True,0.0000000000492725595974088158502943195230468368758731499,0.0000000000492725818139517597216186911916165209730046604,0.00000000000326559164168122976006765571853606424704504286,0.0000000000035279293466614377122574117249743355175523955,OBSERVABLE,OBSERVABLE,0.0,True
development,SPD_D08_C04_E1eM12,SPD,8,4,1e-12,6126448581146939217,1.4273198165613828e-12,0.00000000000251115263371705327995474008741413869646751681,0.00000000000279933912153201286589849483523581964842845135,0.00000000000188217749491905051909426522899952837761511007,0.00000000000118576522715648257342343169303387871418136547,3.06871749217484459278570051562874752714215128e-16,0.00000000000531079862699828363031251349270152121964868237,0.00000000000306824959382475057697697549208496996654918975,4.26789474974885553935654705539065368081420449e-16,3.12571572270336693536123529847536294722014599e-16,3.00594293476891469217861677336541679354862417e-16,2.95223653618392517286354047178261838849384793e-16,3.0665770692379497603545184249659125658617647e-16,1.42115213917093566625506771044847689643257028e-16,0.0,9.72872919898632892557391630666917338792983856e-17,2.58993500636028652404836018874519795005695807e-16,3.0665770692379497603545184249659125658617647e-16,1.42115213917093566625506771044847689643257028e-16,True,True,False,False,True,True,True,True,True,0.00000000303794719042941891058602525837973869451689464,0.00000000303794729759629628149417933989171927743964188,0.0000000000038427590203178178548908471157239257153468292,0.00000000000222010748879037704865217965890793342639171713,OBSERVABLE,OBSERVABLE,0.0,True
development,SPD_D08_C04_E1eM8,SPD,8,4,1e-8,6882152155808678137,7.923952054258048e-13,0.00000000000127942238561065017511065411400105745471396148,0.00000000000115196923724229170357122934852461893332232808,0.00000000000134690390093433316155968596785481964135303721,0.000000000000496058482321236794065909462681786557616187409,4.16584946800029753675310686677492189613889074e-16,0.00000000000243180820779974190843555877321235388022590344,0.00000000000184337896820236998537927074122328369115883851,4.95175112875810652348934979222105328415672228e-16,5.03351199480759842067319226521642846759010913e-16,5.29309815580535001678306621888433218066869258e-16,2.57597171175967622143899795837600455339567674e-16,4.30632417839589540703366444380436244096183633e-16,1.93303705952914696738284965663598575316873323e-16,0.0,2.50796019297862044568382650418128422388257858e-16,3.96626926960202889112594833556485333453123406e-16,4.30632417839589540703366444380436244096183633e-16,1.93303705952914696738284965663598575316873323e-16,True,True,False,False,True,True,True,True,True,0.0000597121975658679046715146003119713464390126148,0.0000597121975658014628088864492865719879281963706,0.0000000000012961581298558953309995982567636665634894663,0.000000000000982524291339028212587543115537954928940069152,OBSERVABLE,OBSERVABLE,0.0,True
development,SPD_D08_C06_E1eM16,SPD,8,6,1e-16,9749276856650741310,3.535398502252472e-13,0.000000000113904934432971682212266439579749101607201038,0.000000000295589325381860183781259197829991601564105325,0.0000000000447345626781164219639850694361639586918343371,0.0000000000968814410898620338549809262210697905559478595,3.65531552424949083173780292575908753179659815e-16,0.000000000409494625346384290942608811190033279080059542,0.000000000141616369299530880768049169437526325156535376,2.3045800868656944062145997067815028371167881e-15,2.14042786381320357411922366940671691613689706e-16,6.21143737625964313897272348049204667221972148e-15,8.51268214923976143307412893342044946526302454e-15,2.10518490141148249599926972907665460475450481e-15,2.12256350650131915654798724592868904343809963e-15,0.0,4.1219094948832594437797436809293274538385091e-15,6.41375978163434817329459323890716204658063198e-15,2.10518490141148249599926972907665460475450481e-15,2.12256350650131915654798724592868904343809963e-15,True,True,False,False,True,True,True,True,True,0.0000000000518649744105796231330582727182590444100559706,0.0000000000518641964496539984799755243052353105751003549,0.000000000248750269845447386659061344044256602966266884,0.0000000000860258179163958999251954517142946257190995048,RESOLUTION_LIMITED,RESOLUTION_LIMITED,0.0,True
development,SPD_D08_C06_E1eM15,SPD,8,6,1e-15,3433843133086229036,3.625778403892297e-11,0.000000000069507519862766886247637523373693700142437889,0.000000000139572660931883175564566842470536751403245545,0.0000000000700531462495036090449922568610441510042897181,0.0000000000333207309825362213038180891657475372673464532,3.60779779549118484743187534202883452786780605e-16,0.000000000209080541574429610930689109031764654429136221,0.000000000103374238011819379467295089214325891155088958,4.6357373941748862120647134501257397969802182e-15,2.95466819318706006398992327822337790723384206e-15,2.35464143958753609165941076994355739614240515e-15,2.31592169091250731911783056213302014258681259e-15,9.42743679755249427408927579122978751222166642e-16,2.22473126968692937345948159771887524779489298e-15,0.0,1.66241868721345653045306965646817632875660951e-15,8.09997606126563423769346302952554569771646462e-16,9.42743679755249427408927579122978751222166642e-16,2.22473126968692937345948159771887524779489298e-15,True,True,False,False,True,True,True,True,True,0.000000000471188862216749031740944199316852737131651741,0.000000000471189529748213892693289090184029154017351558,0.000000000128680177985814524256099881184468573976180133,0.0000000000636224454286362977805614287554472962786959333,TRANSITION,TRANSITION,0.0,True
development,SPD_D08_C06_E1eM14,SPD,8,6,1e-14,15659197735276519911,1.8439386381132535e-11,0.0000000000948896916872427474714504636859042244008696484,0.000000000151907051812376239601216640729160600855667597,0.0000000000494075240613935315616842574161107867995582802,0.0000000000959139507224307696256518180726101403023621293,2.92054078846413857171917507798009726786053832e-16,0.000000000246797035553697833486524276332572623266264031,0.000000000145321766837903147601193247406228725111647196,6.10337981599473491733256086892180795518303609e-16,5.67347081139685272066589278458926189146749342e-16,7.16486409373219683097346705420090742304824543e-16,9.91302315852159768727771018446499012085073281e-16,7.78830421678595553727780537293936129896913082e-16,3.10489960767185289311854396938379529276840877e-16,0.0,1.10118627565432328731838391886437468250898296e-15,1.17041272242349056603605237389765513315152723e-15,7.78830421678595553727780537293936129896913082e-16,3.10489960767185289311854396938379529276840877e-16,True,True,False,False,True,True,True,True,True,0.00000000690375474418886589548673006772416554653620998,0.00000000690375478162104609340083027763403561184619118,0.000000000187636311542575424297059587737128571481514886,0.000000000110486093380896576637100647724707475728907332,OBSERVABLE,OBSERVABLE,0.0,True
development,SPD_D08_C06_E1eM12,SPD,8,6,1e-12,514128684200752286,1.1181656043781125e-10,0.000000000106827214899450426558610188802491476931922753,0.00000000021989668030777392283293852150861386529917469,0.0000000000410398945294941139830878328206618642000829947,0.000000000224330792966213805897806664345622512332136659,3.52484825391088932781761894693756865427197894e-16,0.00000000032672424769204974048048149207300003598796287,0.000000000265371039980533310969827278928179070289085081,2.6043215505375453920370561052793109208173165e-15,1.30793256631419836541417905026392872883580839e-15,3.30637879497883783757667961189438538988665546e-15,1.03815341322833413158658431495044342201957414e-15,7.75119343215570564193173181657870432321699826e-16,1.73794836485245799482915997786515317048454272e-15,0.0,3.96125905493613937066973906756131376299928385e-15,2.52983487867982568068706139014796118256901931e-15,7.75119343215570564193173181657870432321699826e-16,1.73794836485245799482915997786515317048454272e-15,True,True,False,False,True,True,True,True,True,0.000000570209031210713472105131914876965440965167598,0.000000570209030926824677543143685306291838967375318,0.000000000205816930163769675534064128178244061983173935,0.000000000167168042130254808460588938967656768303269038,OBSERVABLE,OBSERVABLE,0.0,True
development,SPD_D08_C06_E1eM8,SPD,8,6,1e-8,15792116345988448117,6.895885707503096e-13,0.0000000000444196033932156193446656947290350305780808775,0.0000000000347632903697649513979742824964026402952009889,0.0000000000842191112838991586995009776407038761114499632,0.0000000000295592777554665219076964684679730548756808569,3.79960874891870363886002853897663267294504628e-16,0.0000000000791832737238554626130038632282915685365491609,0.000000000113778769000240572477561332111530828650398115,2.84624437705225526338923818501626028584364987e-15,1.77417137312738671255660189797337030264384093e-15,3.49014637404513298493056444871793301851269641e-16,2.58131048183876297996765137633775583995081646e-15,4.2917917200007740113548686875017220206273908e-16,1.56941511233410048885719551633629213101682031e-15,0.0,4.27805015484254282763025135664265638480811891e-16,1.51408468865985376532926301226116966065024179e-15,4.2917917200007740113548686875017220206273908e-16,1.56941511233410048885719551633629213101682031e-15,True,True,False,False,True,True,True,True,True,0.00240335814979578453368988396650355800702902083,0.00240335814979647312660644813924058045158194467,0.0000000000462593624418298683864928861747570813320417044,0.0000000000664702665833540323427109708774722644694369482,OBSERVABLE,OBSERVABLE,0.0,True
development,SPD_D08_C08_E1eM16,SPD,8,8,1e-16,3035520794218911308,9.47515185820575e-11,0.000000000835981295378964793794604190237667826877039846,0.000000000654677508682918472022139346099432411055006085,0.00000000122653134271686945682702721549998916476975456,0.000000000744303717186664016875815504470925412181256993,2.4017796245628701804950121526127911482255139e-16,0.00000000149065904423984572210376158583831549921116075,0.00000000197083530008149592998986076947212983823012637,6.86866239690119540837912878939677259502203037e-16,3.49276533275274590757951635763126115740412422e-15,1.87796776174723145701481292843904115468648596e-16,6.45650660562580437248004561905431623704694192e-16,1.24190425423942913689324684305670567630686586e-15,2.26415069962619403381108140714031798982056805e-15,0.0,1.14826987320935675581449766687671479914248689e-15,1.79300474882101276513914153587080256619679935e-15,1.24190425423942913689324684305670567630686586e-15,2.26415069962619403381108140714031798982056805e-15,True,True,False,False,True,True,True,True,True,0.00000000277286978774764080069393443700418118863097393,0.00000000277286712177432893015299313739331773054026218,0.00000000137811477390792486803926494045230556392773357,0.00000000182203787947135731717159640702698576720959478,TRANSITION,TRANSITION,0.0,True
development,SPD_D08_C08_E1eM15,SPD,8,8,1e-15,16427906249856084432,8.371993165832483e-09,0.0000000111275449959899943494955167769848487686975872,0.00000000570060925204135652930533618049308478198611475,0.0000000128080001715612717999199474509820164571300549,0.00000000187591216416215225580297501000280435640443068,3.02828464619085629047488353601630741264795307e-16,0.0000000168281545508598154978864820049662871523144432,0.0000000146839126385518886748085515084731744151652268,5.90579345225708804167455701392533557292754398e-15,4.38793386295800982629364045567049548128205593e-15,5.70703771790472627944961826439150339426661683e-15,2.80191577857733408310242660776304256619818351e-16,2.67477049493204789404026490774523635817022841e-15,1.72650479219394755362938463229037487189336359e-15,0.0,3.04639046502956644843250992656191488039369121e-15,1.52554987169243122002070692270665362430127735e-15,2.67477049493204789404026490774523635817022841e-15,1.72650479219394755362938463229037487189336359e-15,True,True,False,False,True,True,True,True,True,0.0000000366539184890799700481096509861972828956540597,0.0000000366539195869619872728033381399847969635059627,0.000000012339001580085245812550005655180859309251331,0.0000000107667671283461030789451636737904655019345309,TRANSITION,TRANSITION,0.0,True
development,SPD_D08_C08_E1eM14,SPD,8,8,1e-14,14115385846266976547,1.0049006971199057e-10,0.00000000112329348688097073491370743042453785986634143,0.000000000387173149557638215415747252562561377940775105,0.0000000000442233837878672985741721440869931061109939624,0.000000000472057472427055991040514818648036497827614732,2.93737400903402877365150741542438274458854953e-16,0.00000000151046693017600985373233204813784078024539099,0.000000000516281149952324193017564327885771146376883153,8.39076011217206945897728460738462666428724765e-16,2.3017711874617542071873880582942141712384168e-15,1.61762866469411007678221610455484458235883228e-15,1.46593267313177972203686064302526931583442156e-15,1.53302466369451331144308358843245840966220958e-15,8.00565710561121050073662340616204464939793574e-16,0.0,8.60614953527834226290590487264545088723974501e-16,1.83239254207079039524509132123095564574176739e-15,1.53302466369451331144308358843245840966220958e-15,8.00565710561121050073662340616204464939793574e-16,True,True,False,False,True,True,True,True,True,0.0000000762501126380297741913382744121536429065937213,0.000000076250113851982153564233764287938929361969458,0.00000000114180567452368156634699058493537477720845304,0.000000000390271865532655935791510850409553206301020051,OBSERVABLE,OBSERVABLE,0.0,True
development,SPD_D08_C08_E1eM12,SPD,8,8,1e-12,12621670447657791305,8.675928085837466e-09,0.0000000111109667789331960337324301556594155162944936,0.00000000722610080175099103995114823686016600626474786,0.0000000109748183727959626413114883261826586009355014,0.00000000291758201434642292381580450813195131839828287,3.80073856525739934479376249437706034423664496e-16,0.0000000183370679607580435994235128718958309602652759,0.0000000138924007672162420908672273136908593570398187,2.4193207425325453488090938966480280038058512e-15,2.60322734311929923333671862784710695750585091e-15,2.82264378857434570355891190691555331190956656e-15,1.28316184152831835450516967267168180265946506e-15,1.7628826856763059716797483110738626475571216e-15,1.04003006469704415223119891663554860324424562e-15,0.0,1.25386360267273003236529064939735731211002421e-15,1.17985445212198690555676145915905791245779541e-15,1.7628826856763059716797483110738626475571216e-15,1.04003006469704415223119891663554860324424562e-15,True,True,False,False,True,True,True,True,True,0.0000524625216442754846743348758956210681679561649,0.0000524625216442416460857912799320185286444423056,0.000000010712629486315589459843876751064370834117126,0.00000000811602718673905642981249183326942787758822968,OBSERVABLE,OBSERVABLE,0.0,True
development,SPD_D08_C08_E1eM8,SPD,8,8,1e-8,15998051934926311635,9.852764072696625e-11,0.0000000000518300948833660906119857157028844102334624509,0.00000000299794524048604884934710759489489441084412141,0.00000000110135546400907075120317530323254365243887136,0.00000000203459465615639361007284752205601404395823294,3.3831117561736270966873702780139118325800257e-16,0.00000000304977567368059055732180297933480662246876712,0.00000000313595045847663997863873249402558549778828756,1.90537545349338516988854728325951943227378432e-15,2.94100582682862003925584610677366047566121951e-15,3.74716409816650871382068749792631097613535506e-15,2.08498832316082993243925077982609305394426891e-15,2.1963991527764117802716836557730635781426534e-15,8.74231418887439406486687671338867200658482227e-16,0.0,5.2641974559391158036785367953801310630979433e-15,2.25944742058300241358861171977765583087718979e-15,2.1963991527764117802716836557730635781426534e-15,8.74231418887439406486687671338867200658482227e-16,True,True,False,False,True,True,True,True,True,0.27499370012267413868445556657591952852431945,0.274993700122672159648353681087154469317456513,0.00000000186294699732467092404168821812264351248111495,0.00000000191558662520496176078154266896240451109579558,OBSERVABLE,OBSERVABLE,0.0,True
development,SPD_D08_C10_E1eM16,SPD,8,10,1e-16,7140153183033905374,4.337805827568844e-07,0.000000556928510480135038015489788981202499475439928,0.000000473019546860186003936341187864771737665021045,0.000000596214013686979176766397096950975855326309258,0.0000000665397227358184704728395882341361386503050689,3.46133248502549538372409774420920747874159392e-16,0.00000102994805768645429045438051521838401156138172,0.000000662753736768930895741786223557521768397535075,0.0000000000000441171092462821788852334027255362626082396873,9.11452531080060206929420073676027232662578708e-15,0.0000000000000565945247108338635612800535966203359659632741,0.0000000000000176535159056834795385476362617348776680394637,0.0000000000000333091209448529445193830393664398117199934157,0.0000000000000422652676802715965352181767731784776079180681,0.0,0.000000000000023474443550715383692744675771157676958038311,0.00000000000003113810150033075538828413406385828154245599,0.0000000000000333091209448529445193830393664398117199934157,0.0000000000000422652676802715965352181767731784776079180681,True,True,False,False,True,True,True,True,True,0.000000448805876751012484225572516607223584685713132,0.00000044880591054041369078398230365462390545748066,0.000000660711987062896211215052763910667051290397751,0.000000425156720366633751620466672524599851652969966,RESOLUTION_LIMITED,TRANSITION,0.0,True
development,SPD_D08_C10_E1eM15,SPD,8,10,1e-15,10790807158035076393,6.555074337996223e-12,0.0000000837345991752918215246531607223672206352108876,0.0000000219919955178852509800568886286751082176763646,0.0000000926672259416826066230833188512924289088305197,0.000000124775484259704489455213909692937954812170262,3.81373716797650369041476105939941853508270193e-16,0.000000105726595074550789302360418392518434792829106,0.000000217442710582760812875947597585706489660942635,0.0000000000000402062792014141494934075677562883298542683209,0.0000000000000472921237771613762964702338062779709262636488,0.000000000000043939513730725891753086619459683031672391517,5.51483373492775538482712279605886765893637942e-15,0.000000000000044917478065900599208093306998479546187043901,3.86342316361954769265860885108634128145172591e-15,0.0,1.80916385716032161548207664839842005002447821e-15,6.13341036887317280678970579183975574224705537e-15,0.000000000000044917478065900599208093306998479546187043901,3.86342316361954769265860885108634128145172591e-15,True,True,False,False,True,True,True,True,True,0.0000046477911224201234057512101097466098498859341,0.00000464779112653441469167956032736387109994449036,0.0000000615564035305254865345471864576785189406473405,0.000000126600040680072474250343916013672881382283888,OBSERVABLE,OBSERVABLE,0.0,True
development,SPD_D08_C10_E1eM14,SPD,8,10,1e-14,12609412103580549508,4.1766698746517025e-07,0.0000000135938280443517834487783521838675416379221119,0.000000105272020105728018363765028246203435969153155,0.000000167171635210867174155673482658480912754199389,0.0000000991403569430266239072053142387969936333107251,3.35275289851286381366974460814186177036078685e-16,0.000000118865848485355091663829761797045438421261444,0.000000266311992489169087914165178264252367201696291,0.0000000000000688391773053185058771279689315449983076298725,0.0000000000000731532400519366008154995579117586292626525452,4.68664380186864383453095423954904160655251866e-15,0.0000000000000650395964710285479060560050856817595891751276,0.0000000000000101194755237706587389443003345013599505954565,0.0000000000000830700435388315570333246513542938150528658151,0.0,0.0000000000000138157676302498902288247199247513762460765333,0.0000000000000180715916063211274281652674638977981935902531,0.0000000000000101194755237706587389443003345013599505954565,0.0000000000000830700435388315570333246513542938150528658151,True,True,False,False,True,True,True,True,True,0.000052875615758909499051035211804094639268821837,0.0000528756157617640799594194953025577592014977282,0.0000000787208312344218733978381508771765733966893821,0.000000176369425563184478046200469186123338734260224,OBSERVABLE,OBSERVABLE,0.0,True
development,SPD_D08_C10_E1eM12,SPD,8,10,1e-12,7437678710241791929,8.01766927883293e-07,0.000000223179658343687970273713846184455615211642871,0.0000013585936497824824797740551591620846667817932,0.000000474596710626128090551907183934277330636452902,0.00000107939080802689309517042169525070552219562279,3.49223652851669813547370769284291208939749693e-16,0.00000158177330847539410289943881889391105127772728,0.00000155398751900224483857399869273235362211636691,8.38519851330635087114130613015820886798753432e-15,1.891923097658679966673150515128352109677499e-15,3.41151704963796261878422814991142050013276673e-15,9.37120703355656323644579867458060917815817856e-15,8.55295286524015137312711777912440686098037431e-16,2.03509872369468078497366599186188300534620039e-15,0.0,2.66528133755423316811817813720621232846888341e-15,7.7163028769562223174409820993758724320901436e-15,8.55295286524015137312711777912440686098037431e-16,2.03509872369468078497366599186188300534620039e-15,True,True,False,False,True,True,True,True,True,0.0050337381534461367586648320034212605048046926,0.00503373815344586329742732881871841837627512315,0.00000100442705530943277880379132560086584687909488,0.000000986783061349980342098758464371612432924356206,OBSERVABLE,OBSERVABLE,0.0,True
development,SPD_D08_C10_E1eM8,SPD,8,10,1e-8,18288437907842800838,4.7217825455485243e-07,0.000000445011862874693406782873724819221778843073285,0.00000000550138275865317182931164340178254689851755298,0.000000368321649498969865994464154705916432053726731,0.0000000023490532931178805804528991635808218346804556,3.42618449402926924703434237563875388973121241e-16,0.000000450513245975965028015112292924438563305466227,0.000000370670703134706195977843978572931491452282576,0.0000000000000153723058876974499239475808776138083846754046,0.0000000000000591742203542366574407230591584346294052678089,0.0000000000000158127799116012395137372679568094973418328102,1.67197992995090840932774539435902142921491554e-15,0.0000000000000594120076437701288370558691710605067433689837,4.67126584778733408146406834251624017083778181e-16,2.5153490401663702868972904980182647705078125e-17,0.0000000000000453760154060787495569864267673729957758900186,1.487524889977737468388953819443423916248337e-15,0.0000000000000594120076437701288370558691710605067433689837,4.67126584778733408146406834251624017083778181e-16,True,True,False,False,True,True,True,True,True,0.417452755368201755546338611680449809860868081,0.417452755368183060230063693925814657036908846,0.000000263642935680397491540174294071406401626510617,0.000000216918621634414102773880528744295327014725938,OBSERVABLE,OBSERVABLE,0.0,True
development,SPD_D16_C02_E1eM16,SPD,16,2,1e-16,14785209373837154819,3.7646425587780206e-14,0.0000000000000727016771177912609240806493939492553406792621,0.000000000000102022184970721056225187795608188527134278134,0.0000000000000583431711321651753516331971667284082819685433,0.0000000000000335361575124974267970736451134299747740840549,5.57769683199557909712989991692505440180134228e-16,0.00000000000017528163177171187505898143499383028791513753,0.0000000000000924370983278621600584198322718508884962327325,5.76096370095860493022857549738543425387007278e-16,5.41000219517370224730728526169694942064610911e-16,5.9509015657641941852610787777572460627404989e-16,4.34782171302947808494046064944437047254254331e-16,5.36319194898133776982403960217315585252663872e-16,2.72720502766884872015603016946819857864046156e-16,0.0,1.75673191788982561965887694063292092765755995e-16,3.54444611138957025539423188452354345287528441e-16,5.36319194898133776982403960217315585252663872e-16,2.72720502766884872015603016946819857864046156e-16,True,True,False,False,True,True,True,True,True,6.78691921221614374981407860372760471657221531e-15,6.8302375328612289406945238465772177537435822e-15,0.0000000000000697785158456517264393226550343712182046106717,0.0000000000000367986278151351644997888459094943264659460799,RESOLUTION_LIMITED,RESOLUTION_LIMITED,0.0,True
development,SPD_D16_C02_E1eM15,SPD,16,2,1e-15,2357869818471127383,4.285831622620266e-14,0.0000000000000946514216832593573900429968926261100542958533,0.000000000000112223523639433542896781517712288507224398739,0.0000000000000770831233130384399260854058076187386827256627,0.0000000000000598662525818591611403329743841499757667185488,4.94018058933823137738694069781984839356560338e-16,0.000000000000207368963381626723424563208674696602118051153,0.000000000000137443393953831424204157074261550699288800772,5.54499198050716521113307607940638621751043165e-16,5.1362591456351883559352273231644729903298486e-16,4.26479570375804231163262681888266724828164931e-16,4.5629757283763455596045943490293294932799913e-16,3.86140902519639102862063391610250670268313218e-16,3.46850819126047012039331329731124156812706828e-16,0.0,1.5550549457194308355492272888543495829284794e-16,3.0704319188572414731328498340385354186494067e-16,3.86140902519639102862063391610250670268313218e-16,3.46850819126047012039331329731124156812706828e-16,True,True,False,False,True,True,True,True,True,0.000000000000057480863548472943567931332993987543221850253,0.0000000000000574381520029752389288892926445692598052754661,0.0000000000000932054177273585476586863841247703405737846622,0.0000000000000617762115334362293734447437512355414649515762,RESOLUTION_LIMITED,RESOLUTION_LIMITED,0.0,True
development,SPD_D16_C02_E1eM14,SPD,16,2,1e-14,1869660112758196113,2.9655045684542576e-14,0.0000000000000437544337978242078928131736273194027912021005,0.0000000000000636765420122651549003337906129413867095664244,0.0000000000000389141249184656267093509946585932027458389428,0.0000000000000498094407365676477759830146142058731618344926,4.60441492784936902863072057116800435111844089e-16,0.000000000000107891417302874299696010036297377589935880369,0.0000000000000891840071478182113881970813299158763427852795,6.13992941800205447527397056052437020585538573e-16,5.73247598457398203095724031345850349971385348e-16,2.95828086349075376570245631078112550928129946e-16,4.43292123599683283925941805759638276001311055e-16,3.06608547349773469337743372367160715611126785e-16,3.50297461598230505590097260788423105820853333e-16,0.0,1.57107148778544982890594818044067631547640628e-16,2.51023561140586788982753963208639026742320117e-16,3.06608547349773469337743372367160715611126785e-16,3.50297461598230505590097260788423105820853333e-16,True,True,False,False,True,True,True,True,True,0.000000000000768889977921423687977056474831670875529469438,0.000000000000768942294862811263124356532861067987356668682,0.0000000000000520298615681037354328642886529742483441189252,0.0000000000000430083472994300615691204795206345370933672699,OBSERVABLE,OBSERVABLE,0.0,True
development,SPD_D16_C02_E1eM12,SPD,16,2,1e-12,13306143694410402308,3.635408648580243e-14,0.0000000000000545336409500089770867606662114082766827658664,0.0000000000000411299954315936963948930307758274394986358865,0.0000000000000687786482348990931336912265444802755385005037,0.0000000000000446157562325193152244236281102237217465047439,4.22468673158287052177771186715234236097535505e-16,0.0000000000000960861050547609605338314681739509504174992884,0.000000000000113816873140576695410292625841419231521102783,3.32941672748026944184544590086204611602483606e-16,3.47467168291237134177575342345400210292500043e-16,2.84315197669454636602305848142632327164900838e-16,2.60634489840546500305681121905072126763884377e-16,3.1813947451114297697566758582594258730249556e-16,2.29734131538692718163338493792384761414101339e-16,0.0,1.37536724460906103709124267717493878003774523e-16,1.54257050887782231703545604995600312675857294e-16,3.1813947451114297697566758582594258730249556e-16,2.29734131538692718163338493792384761414101339e-16,True,True,False,False,True,True,True,True,True,0.0000000000579637895112883520512753470708251176720084093,0.000000000057963804787436361574425786567954929016794539,0.0000000000000505017356098951994595761873872143147870277049,0.000000000000059820820419503328497071183884364330026337015,OBSERVABLE,OBSERVABLE,0.0,True
development,SPD_D16_C02_E1eM8,SPD,16,2,1e-8,7802784700789961319,3.743873050711864e-14,0.0000000000000874464592042027650212762732515284418287400516,0.0000000000000886018192781705992309564279731130953846577422,0.0000000000000803937887097590801876716945750786288068909679,0.0000000000000784853971483329484024087897998469045866870542,4.28264051845271756765282713599737951385579932e-16,0.000000000000176476542534218636008997983938241275164783374,0.000000000000159307449909937300346845767088525271344963602,6.43145549162564420745256588127776431721508334e-16,5.89152400311663609273766134404626971485605142e-16,4.28354056431896923611497422030801963647989088e-16,4.04362868958403892548523546957713380970791346e-16,4.08479341352582044694172063269929817726561218e-16,3.85300199158138124693146989190350369824777539e-16,0.0,9.56373007273472886301684478290059734884238451e-17,1.55622943497402211388400721646348280057545614e-16,4.08479341352582044694172063269929817726561218e-16,3.85300199158138124693146989190350369824777539e-16,True,True,False,False,True,True,True,True,True,0.000000578534914505174620654230027015923483838968105,0.000000578534914492372659531962911608329060660046205,0.0000000000000914988249305119967579648806000691830878068034,0.0000000000000825970650836459080229990237983693862934900489,OBSERVABLE,OBSERVABLE,0.0,True
development,SPD_D16_C04_E1eM16,SPD,16,4,1e-16,8808774310256885855,5.5006731826081775e-12,0.00000000000570086838800695360053493028740622194936847421,0.00000000000451232489779568469788202567338389213536592031,0.000000000006659509976510206043521062208577175448350985,0.00000000000728158007643574384603605916955870853745539031,5.65233285126117502944054414066101794057470236e-16,0.000000000010213758519087764415919900015204180186528452,0.0000000000139416552862310760070600654325499500876004328,7.51109541559533002418826039207600439054473699e-16,5.88582022710024974084205484349557555171265623e-16,7.82746600981455918491205475039586242142348481e-16,1.17636410980126663687341606572233048351404702e-15,7.35417488589053678701524486971847216110567701e-16,8.43652003159177631832358193006882315165596803e-16,0.0,4.70422357944740948072112836667315721090749092e-16,9.25967661523421342924181828866089347498285312e-16,7.35417488589053678701524486971847216110567701e-16,8.43652003159177631832358193006882315165596803e-16,True,True,False,False,True,True,True,True,True,0.000000000000372372364837877072567178565030378990567820354,0.000000000000372365882207187946685027119391240592457557716,0.00000000000401234328347157084399517909019708053173521729,0.00000000000547679944103292840423141662879589333456277182,RESOLUTION_LIMITED,RESOLUTION_LIMITED,0.0,True
development,SPD_D16_C04_E1eM15,SPD,16,4,1e-15,9600171825583631650,1.6763704338343048e-12,0.000000000006233927687933104122718636981330073306483581,0.00000000000305313941912039400092282198288771264416490277,0.00000000000553192145675637286311250330019368480181601411,0.00000000000198714302842784504961277014174132645118096057,5.50652713099346755223937848958258369986754695e-16,0.00000000000928761775976659747039668290206674420901847053,0.00000000000751961513789731725948049737978396951136696144,8.90374429924633709529859348780800269138222855e-16,9.01725339812424628378237321155728588748006267e-16,6.97543504843956858928614642852442419379237687e-16,5.33817701937383496933228789962954719332203134e-16,5.73156542624753057534396981127084460439523932e-16,5.64810476996071364099840642226776570424889415e-16,0.0,3.2192879319432293473595613515787422139024408e-16,2.78175207503139775180133120844946225293182581e-16,5.73156542624753057534396981127084460439523932e-16,5.64810476996071364099840642226776570424889415e-16,True,True,False,False,True,True,True,True,True,0.00000000000462032273321641208568938787500536826243467272,0.00000000000462034304866577337870431199020119192684845929,0.00000000000374512894806673714682852811014860801319057432,0.0000000000030322014815527694799937217343460227271558232,TRANSITION,TRANSITION,0.0,True
development,SPD_D16_C04_E1eM14,SPD,16,4,1e-14,1796160800765820828,1.6550829308480077e-12,0.00000000000316277846005765951403410856503380587036766496,0.00000000000307277715628128173045530900857446064279812979,0.00000000000247343939857337346946836537655756565898623114,0.000000000000854375437667227419222451263678821562737289213,3.89686700121544315581461096422382481507752286e-16,0.0000000000062359453030390627888049990347046888956473025,0.0000000000033282045229407224330063981013328096042050281,7.01721328979743825584016139965478182661913249e-16,6.82717374763440314799261358358746703273074936e-16,3.84161632361308446359148230052729884107668432e-16,5.4966658096304717154562500270932268726021003e-16,5.18297210521962276867916473173227914997329674e-16,4.07092764286472139454235081170539954351994846e-16,0.0,2.90127036787705498295294851373320444874680216e-16,3.23799413628189227094646391175975340715553654e-16,5.18297210521962276867916473173227914997329674e-16,4.07092764286472139454235081170539954351994846e-16,True,True,False,False,True,True,True,True,True,0.0000000000471838218673868261086134846468328235115633458,0.0000000000471838411851274170843429818181294313172309801,0.00000000000355325960752551627028766140488060478008890869,0.00000000000189642053004949522929082560391278849923826318,OBSERVABLE,OBSERVABLE,0.0,True
development,SPD_D16_C04_E1eM12,SPD,16,4,1e-12,8930414115879440999,3.5317501826033996e-12,0.00000000000566898260570515401095591625956389977696091693,0.00000000000337854854341052487225185172689750781654576713,0.00000000000450893757678003089186355018055604504029187694,0.00000000000355489336053003855188543189450485795885138977,4.31704051852212029113985431790550201954302806e-16,0.00000000000904796285316753109523688197189319814370863837,0.00000000000806426264136192165577809606049269354934522101,5.35676798649062410848854589022154945057228245e-16,5.71006191864585306867338774476233711031726677e-16,4.30989664929752258155202184920301641203519799e-16,2.98531921610536646936074136222700839199910593e-16,4.25013886698655506826016273992293212729794499e-16,3.41674116321280809253012067860828169013032734e-16,0.0,3.6162746378754245166660258611084778549821579e-16,1.88246018502667914267656694752062038559294616e-16,4.25013886698655506826016273992293212729794499e-16,3.41674116321280809253012067860828169013032734e-16,True,True,False,False,True,True,True,True,True,0.00000000503764253378130171932085566703621030177603379,0.0000000050376425177156437489513453763178793133179855,0.00000000000465376992858772390477353792746030816551473558,0.00000000000414780913512097417036244073678087804240526228,OBSERVABLE,OBSERVABLE,0.0,True
development,SPD_D16_C04_E1eM8,SPD,16,4,1e-8,6765609660356563619,1.87520529510453e-12,0.00000000000261780560029893082178872695366008480381874783,0.00000000000204190362608248656417652008265358486877838446,0.00000000000214793469783836807351798741508431601460506062,0.00000000000155800351937398318382808347246193939022232451,4.52877771051933097990168613538319641973852491e-16,0.00000000000466016210415246931906323720492720799223910615,0.00000000000370639109498340319044406105615979372446935898,9.49178578287782752913708275921485523382323585e-16,8.72496594190284216880124166986279190246847633e-16,4.87140004544502229561978962597761081836745745e-16,6.8871105629394367781926868034085869215118384e-16,3.57679409874869191137345699006030313076693843e-16,6.55603847003090586881030082822938898325485649e-16,0.0,1.693210637144487982897422083404715318444706e-16,1.84125598775412513054561518464353198614607364e-16,3.57679409874869191137345699006030313076693843e-16,6.55603847003090586881030082822938898325485649e-16,True,True,False,False,True,True,True,True,True,0.0000519522748910745793967000008649528320778294858,0.0000519522748910388940302681362583059985746624643,0.000000000002284832452459524306331852128033073705183835,0.00000000000181720774214681745435402663540747316570914051,OBSERVABLE,OBSERVABLE,0.0,True
development,SPD_D16_C06_E1eM16,SPD,16,6,1e-16,4494924843621443471,2.743482743028718e-10,0.000000000197813437458540263367694638438662411040516882,0.000000000295903915916596631177613943171583723675036014,0.000000000103362140982106583390928723819861362995616428,0.000000000484859077603833180840952243563661639384422971,4.41863184751270097739237912155102361321858164e-16,0.000000000493717795238321645815406320848158289817914219,0.000000000588221660449124515501978706621435157482400721,1.84341458470959694843066153338229913288619109e-15,4.15420139373351040305499781964122920506706171e-16,2.40720860661363584206144679759374262980936875e-15,3.65102465358547799659897557866428461329793949e-15,2.53048959915857480632032523402762385257448163e-15,2.52965800417437714558122899469801911767473949e-15,0.0,1.61543533007897175326428591129798542305137e-15,3.48867268307475390550132623325178191016447486e-15,2.53048959915857480632032523402762385257448163e-15,2.52965800417437714558122899469801911767473949e-15,True,True,False,False,True,True,True,True,True,0.0000000000427994179344064652374800252418966213584337569,0.0000000000428002477017644201844110572724099357499082202,0.000000000248102527140458902793641384383890989067113749,0.000000000295592506252967156736601810078467253137998623,RESOLUTION_LIMITED,RESOLUTION_LIMITED,0.0,True
development,SPD_D16_C06_E1eM15,SPD,16,6,1e-15,5557287127293908680,1.9495342642943248e-10,0.000000000103426385032861598906376928032364427578032303,0.000000000398767634819288086110500373463674677563814655,0.000000000131210056443300586267946561469329461589588116,0.000000000215712646987973356871212379281363113561684107,4.88498130793050074118759996613878601875659539e-16,0.000000000502194508350280478066951420256035719020448834,0.000000000346923191929404736189233059510689189029874099,5.67712169956446414069905408006022210079723776e-15,2.86748974114194351572506048583910026986739711e-15,2.16825235011187835225722711074989514604997137e-15,4.8534649698688876056959374101397345846535713e-15,8.55726228906383443305175394175886361586978906e-16,3.29335571317135678565356426296026861867471733e-15,0.0,2.11638695109828880881147244461954744356829775e-15,2.31611687333620537184267136393500926306135171e-15,8.55726228906383443305175394175886361586978906e-16,3.29335571317135678565356426296026861867471733e-15,True,True,False,False,True,True,True,True,True,0.00000000041188608236548727749412224290277693419285165,0.000000000411884720469887468268306781279193576518808367,0.000000000228270231068309308212250645570925326827476743,0.000000000157692359967911301296933202565475012082384554,TRANSITION,TRANSITION,0.0,True
development,SPD_D16_C06_E1eM14,SPD,16,6,1e-14,4857726249808585883,1.677456985285774e-10,0.000000000155805276455937303164551038924975469364637053,0.000000000265572738387051726637002135824412964765410281,0.00000000010151040818333080252480295436526815589426383,0.000000000334069391503071256617739707696941485518438851,3.72214583630216190980503666165536022865463507e-16,0.000000000421378387057572660017744155253054599666070199,0.000000000435580171900985689358733642565875806948725547,1.25761670292673169759058412267483933108897576e-15,9.91281079789130522256209500042097516592938346e-16,1.93958456733641437072534128428815865747714978e-15,3.12112469495773145799409457400206041999977059e-15,9.217071188724088958661195648891778662321599e-16,5.07799542714766738700454855910944426419029358e-16,0.0,2.75966987798528068465915044782368328498938751e-15,3.05887098580103647043087904993798983398005077e-15,9.217071188724088958661195648891778662321599e-16,5.07799542714766738700454855910944426419029358e-16,True,True,False,False,True,True,True,True,True,0.00000000387584273865139464604591543145297415528393128,0.00000000387584285988532884019967636743862555143828165,0.000000000251373271014467637673666869407184413084389508,0.00000000025984534556784212043547370096053315678464475,OBSERVABLE,OBSERVABLE,0.0,True
development,SPD_D16_C06_E1eM12,SPD,16,6,1e-12,14688628690291032097,2.752555473130884e-10,0.000000000309331747175697389723420536749877688939629259,0.000000000269082821383210436217646094600936508120865425,0.000000000293679742317086653959976333516768986895467437,0.000000000278581800426720203103080567340856894965247475,5.00955458903059082118764101024913352636442535e-16,0.00000000057841506951436672900014875011491522197384732,0.000000000572262043699265760122139019621726906774067548,1.88425687065521380510973366811237118846899022e-15,4.24357424514003279704922704992060738550133077e-15,5.31155064675651173567078813306699149088113766e-15,5.55064562326390683224427460173483596256466793e-15,2.42825217290153030109013200032291989598364502e-15,4.46773305433463828172526488062398816975185883e-15,0.0,3.21660299205864543695030095275423120265258112e-15,3.82750541932340406043380563892983673708458884e-15,2.42825217290153030109013200032291989598364502e-15,4.46773305433463828172526488062398816975185883e-15,True,True,False,False,True,True,True,True,True,0.000000105999648189650378017058457933510186895548547,0.000000105999647239778178503350940480285687957108785,0.000000000256377972076527338500860403835110425753966236,0.000000000253650691333419132789864651402540400180113265,OBSERVABLE,OBSERVABLE,0.0,True
development,SPD_D16_C06_E1eM8,SPD,16,6,1e-8,704085841609781587,1.1845300066926184e-10,0.000000000117197825481288617819835214381200613132309012,0.000000000234420592303631114859739234308890739528679884,0.000000000127931781701991273207383017397130472283184266,0.000000000310278405548726610868648406728986944365876098,4.91777248855199039119815829847880436577713748e-16,0.000000000351618909562168587878613568505921200541425474,0.000000000438210679027966739275070543941947264529496942,4.11867961725877633763933974329114488883758307e-15,3.66677517843765442964113249394625428735467203e-15,5.85990079070714469229539764330057387099489363e-15,2.94414579775209287084911943616651288979538232e-15,3.93583585153809561406797356415068087738553643e-15,2.19360874629454040481952531260758536773305069e-15,0.0,2.15905571211888450411697031672256735898144598e-15,1.87468332392826899788217909420643728323972898e-15,3.93583585153809561406797356415068087738553643e-15,2.19360874629454040481952531260758536773305069e-15,True,True,False,False,True,True,True,True,True,0.00307852383884155826840127648669639963751410158,0.00307852383884157593203371961591409289487745383,0.000000000158683392500077666993150180118946176922294572,0.000000000197761711008394565973701013798094781383669104,OBSERVABLE,OBSERVABLE,0.0,True
development,SPD_D16_C08_E1eM16,SPD,16,8,1e-16,6810571498069611282,8.22162799123386e-09,0.00000000954639011246697727119998715097514831440975593,0.0000000304912139644650594956644464270718953136305101,0.0000000041943059440137073765296247648515121839610449,0.0000000243368476958733154281728184385019761061492328,5.40713947074264546116987021509623090269138808e-16,0.0000000400376046176459838411289796950340651376633563,0.000000028531154180600969878966989320340509799733368,0.0000000000000146117597176469175053794212223311667312624824,6.22269603115824994351254038169109323607880152e-15,7.52788930255181231595242965438000418067980509e-15,9.66141305576087996184023326934984076711865534e-15,7.4311005605623654682278116943155175665276343e-15,3.85219566153599813491016139771123144820068367e-15,0.0,0.0000000000000113280261379769544746728895215496248005739057,6.6634130739834658995036376497363350912718336e-15,7.4311005605623654682278116943155175665276343e-15,3.85219566153599813491016139771123144820068367e-15,True,True,False,False,True,True,True,True,True,0.00000000386096500498829811933327307617473518819735587,0.00000000386097170537289071428162299398765014882891759,0.0000000164414736126758066556200987272682177663887549,0.0000000117163407521335263753218684841875202346070768,RESOLUTION_LIMITED,RESOLUTION_LIMITED,1.94397622370903605752385302827873967632580987e-109,True
development,SPD_D16_C08_E1eM15,SPD,16,8,1e-15,2407868683346294555,1.6427359407886824e-08,0.0000000220550518758717897653847772759684854295744775,0.0000000192690913346235926069267021202591962379607683,0.0000000143634810135673354051794884668476405939684077,0.0000000223735264823355129776839299666784787101356778,4.25955403293867002535527097345142489139860955e-16,0.0000000413241436364507856661784819317547790126777349,0.0000000367370079218582516767304209690532166492465746,0.0000000000000130641347989496185214359578974141258189536736,0.0000000000000143139663306543437342388122920597854198389224,0.000000000000026882183007030764935281298730091047937919162,0.0000000000000377289619997740395557059525675704527252713114,7.60143639740984478378376718142347087049000365e-15,7.12203912817224021769966094810509338837253679e-15,0.0,0.0000000000000198325941873017617816901455094858782719510523,0.0000000000000437042548091372409598704057455088628282763548,7.60143639740984478378376718142347087049000365e-15,7.12203912817224021769966094810509338837253679e-15,True,True,False,False,True,True,True,True,True,0.0000000373351662525581257513932395426813475426223886,0.0000000373351718800070289014369642468641604008702265,0.0000000215416989919123257598774886448428784920734372,0.0000000191504892025910016216536434354051013760465155,TRANSITION,TRANSITION,0.0,True
development,SPD_D16_C08_E1eM14,SPD,16,8,1e-14,15808467969270914612,1.0259027962932379e-08,0.0000000242746157906920845731320020662743335464308785,0.00000000951808075013276248077068498774419290336997388,0.0000000254891950331147906289968673156541934071094711,0.00000000388737774838173790004673981417287802548477426,4.11831360301953015910526452306247370119436638e-16,0.0000000337926969526562073558557029645449787560482224,0.0000000293765731933278888309966230403535237388416155,0.0000000000000128460044249763287426009895632579299059781434,0.0000000000000131580563187771382611671592146443344409582471,8.10298396546499216350768510348936216503467112e-15,9.07305849284114505772414737576545331236335754e-15,9.37587410004686407609528787426448889597212413e-15,4.06443169723268472896934105233702383065764885e-15,0.0,7.13408346203558646226945137931110119774942257e-15,7.19895274383737540729467194108459120635206825e-15,9.37587410004686407609528787426448889597212413e-15,4.06443169723268472896934105233702383065764885e-15,True,True,False,False,True,True,True,True,True,0.000000381514538161912741622511362037145031141414734,0.000000381514538010209242723241872678201828837047032,0.0000000182198011321415064301686182445028355801691336,0.000000015838786773251691949142357870492249864302007,OBSERVABLE,OBSERVABLE,0.0,True
development,SPD_D16_C08_E1eM12,SPD,16,8,1e-12,10653216479898556617,1.7998769202861493e-08,0.0000000168106021904371686190621222013932509734309398,0.00000000401345234134050474455338760209798651834768569,0.000000013529461590925126328703546742321454949068321,0.0000000065667584746975628057010731709085694493370125,3.99676603753412788726843545547228008879735047e-16,0.0000000208240549314542771170282985303347830390066344,0.0000000200962204652992928878174086400735699456333424,0.0000000000000154666343606456554827684215572555149916415609,0.0000000000000118549251417379117058765540907764303912156634,0.0000000000000140322541954012257897145715814546619493760442,0.0000000000000244099160215420324445629907767962505630333727,5.82920261288176204580934746407061048068711348e-15,9.53580483332161070234944558205316065554448565e-15,0.0,0.0000000000000162826858278005630184980776427044438309054671,0.0000000000000183369213845327952795543169244564631330000526,5.82920261288176204580934746407061048068711348e-15,9.53580483332161070234944558205316065554448565e-15,True,True,False,False,True,True,True,True,True,0.0000429448871445912481866128464173676267692386634,0.0000429448871433964376644356492597969561127641158,0.0000000115689194063634872872379436279637683550036858,0.0000000111645669251663131381162677736534381670190983,OBSERVABLE,OBSERVABLE,0.0,True
development,SPD_D16_C08_E1eM8,SPD,16,8,1e-8,7698811840810382735,2.5668658284974163e-08,0.0000000444296119822056644563520475950408382086275618,0.0000000192756297004603478295092117932227984834708461,0.0000000382685909620773045925416549385267118080906583,0.0000000166135575169077820888938557452316119892918236,4.23538971757301225888786622988750653450552093e-16,0.0000000637052421062049840431624852770502596808490614,0.0000000548821489025240584387367365725449467861331354,0.0000000000000239737664613891431440627682134309961954807306,0.0000000000000127339918139640733437458729456724503217705557,0.0000000000000326524372636927933606081536923770872270369656,0.0000000000000108557971070439576359396123178244624384221388,0.0000000000000155894415520092942926947441465485100633429248,5.58956795575259138020638300735409373358826228e-15,0.0,0.0000000000000443707029076201732576646360500662305106205638,0.0000000000000142772367188473003326075698155353080716119189,0.0000000000000155894415520092942926947441465485100633429248,5.58956795575259138020638300735409373358826228e-15,True,True,False,False,True,True,True,True,True,0.18472231615373528884673406629990948624002012,0.184722316153724379861359114995368965574416143,0.000000032341436635721993383469933704724560191324108,0.0000000278621897112352055562505792208441304662685553,OBSERVABLE,OBSERVABLE,0.0,True
development,SPD_D16_C10_E1eM16,SPD,16,10,1e-16,16548443480826426309,9.093831107813577e-07,0.000000702006685341585207014580965927893566338992707,0.000000994719383041978503797992273132905201858951309,0.00000140407666088743122690117292582966840542715592,0.0000013777769294098267275482171482063662556155325,4.35682914672219693755642870301131559881163727e-16,0.00000169672606881924662548479293281644163849907558,0.00000278185359073294086912160976779167753134381999,0.0000000000000977530624149475711801854738363125920373950026,0.0000000000000124776116304310282350712130391597716366225438,0.0000000000000728073089304457113027597847100899689126268189,0.0000000000000419113377402907278942098272262844382060878567,0.0000000000000893726389185732676436542735909443726649060556,0.0000000000000813457263435523102647289940025735458623142609,0.0,0.000000000000151839002222593108660373484353131859252334954,0.0000000000000471344538977940773006712980260501360046275114,0.0000000000000893726389185732676436542735909443726649060556,0.0000000000000813457263435523102647289940025735458623142609,True,True,False,False,True,True,True,True,True,0.00000053347968266700773178640208976935933455580641,0.000000533479715175583289569018615094839419468160706,0.000000864731675612732399381438752615130145455240439,0.00000141776386950768096649468288222686795636804324,RESOLUTION_LIMITED,RESOLUTION_LIMITED,0.0,True
development,SPD_D16_C10_E1eM15,SPD,16,10,1e-15,16921559322098884807,3.896553917311994e-06,0.00000222802939000055820893814997746314210367478366,0.00000261890621069220408813239961611155727235143657,0.00000195412839025174196186902752242535662146390332,0.000002817016199559955943584822977468878275943931,4.53970989151309693412058000508614861020727445e-16,0.00000484693560114673328622185928698675737653483509,0.00000477114459026566889460516019330629289791644918,0.000000000000127670653345532151438166691766665120817380601,0.000000000000118070447915079908369207669510468907716124553,0.000000000000165413144097226002490444195494054288332625523,0.000000000000286823472060921841854367898164375595299732379,0.000000000000090226236214578488942170019295067052375298281,0.0000000000000300619235699344112597237250370294766764179514,0.0,0.0000000000000766113208786647826750435719453851531715396692,0.000000000000311808068372900074528703186663855728138478941,0.000000000000090226236214578488942170019295067052375298281,0.0000000000000300619235699344112597237250370294766764179514,True,True,False,False,True,True,True,True,True,0.00000346392978422546678488637083395531975521436283,0.00000346392967152388659162465151705858693482248449,0.00000237071369554303661752332317223893926025474783,0.00000233364310037102556074373361736593015290132825,TRANSITION,TRANSITION,0.0,True
development,SPD_D16_C10_E1eM14,SPD,16,10,1e-14,12749692603971519529,2.76406308616208e-06,0.0000028154430083784416066887348009356846892604159,0.00000210122915193055535829937738205125451693489054,0.00000328334285481840217263302272824983022425277458,0.00000268814479470360450532497816677893328173926898,5.72598168823380096485072908006749773049894285e-16,0.00000491667216088159513381149227947201211420205621,0.00000597148765009460484678138099151383641399879334,0.000000000000172224377020319347173766659473750198309804127,0.000000000000154217069338749647922995749231962082910969644,0.000000000000079435428693639465141003721821144592122734082,0.000000000000165471080180723329795384003792181021798243886,0.0000000000000321991388828101453809341421880427870332195512,0.000000000000145738558582660030081814461967854010648550442,0.0,0.0000000000000478284990466834049038119516780307469317604661,0.000000000000036922560289355215333769117149231605794909258,0.0000000000000321991388828101453809341421880427870332195512,0.000000000000145738558582660030081814461967854010648550442,True,True,False,False,True,True,True,True,True,0.0000218873480502455363044413725267394511392381782,0.0000218873480535205346926412500600819341586835955,0.0000019066036857918064375167469188204568170881342,0.00000231564358793634090007975292119269216360488155,OBSERVABLE,TRANSITION,0.0,True
development,SPD_D16_C10_E1eM12,SPD,16,10,1e-12,8799369420081985354,1.6172469618208621e-06,0.00000345420383756095915490001441411021598879846355,0.00000150100660899668300208339268067214443510907122,0.00000317873414961421816384798339192492066866212671,0.000000667555981960136957511168036266067484397709056,4.82762864346625596137267329696244127613111746e-16,0.00000495521044704040502133003269091962775360377889,0.00000384629013205711798570577702432825548275607989,0.0000000000000665628243654142951115480470569471651578915022,0.000000000000161751347119469829251047541875500849416450457,0.000000000000104726999279903308943641805436035618891449364,0.0000000000000576775019580781584262485743910139545696727526,0.0000000000000695392128813627613748458957772342440139574432,0.0000000000000925262446279796139159714619239918717763252815,0.0,0.0000000000000379174065613444262755442853830926189212952494,0.000000000000140437368736833216961948646601650655586981656,0.0000000000000695392128813627613748458957772342440139574432,0.0000000000000925262446279796139159714619239918717763252815,True,True,False,False,True,True,True,True,True,0.00248668719085339207291392523094664493987787645,0.00248668719089529568168151582633374963488460651,0.00000227840819096655797050542645048518562702378848,0.00000176852608690856112393889201180152362243021894,OBSERVABLE,OBSERVABLE,0.0,True
development,SPD_D16_C10_E1eM8,SPD,16,10,1e-8,10419632958394333235,3.369607642131675e-08,0.000000475290492261386244100574089653812921847682152,0.00000000343709446654230440354053830385078902457485047,0.000000123247903569880674532104741251959435892857188,0.00000000229020017653638051321913107731269232480421651,4.06697169278132940521753827584146559909688554e-16,0.000000478727587134625717782247568479417538456403562,0.000000125538104153114224323456812851025955801807964,0.00000000000015988545579966839737111824204596708729050254,6.51764406684296175259719577631885416705743097e-15,0.000000000000161689998809682094349794385493291374552308009,5.96737961626626871850359137787001202599086056e-15,6.92868518375144306970322206216473476850869525e-15,3.53501261051950811065792088290292846253918364e-15,3.78670705086498497902783854928889354952323904e-17,0.000000000000164757718751739413434393168389430914228478996,4.28338061679377428186484287020802151895787315e-15,6.92868518375144306970322206216473476850869525e-15,3.53501261051950811065792088290292846253918364e-15,True,True,False,False,True,True,True,True,True,0.434596102161823462788758747911389151631090479,0.434596102161782800403947671931018426594226911,0.000000235281773041477273707003894886583016859849941,0.0000000616986121610427492817755461799839384502217709,OBSERVABLE,OBSERVABLE,0.0,True
development,NONSYMMETRIC_D02_C02_E1eM16,NONSYMMETRIC,2,2,1e-16,17283056379808199733,3.8883700148697485e-15,8.16553797986287728689862662625189026510771913e-16,6.15275550800403003594744943755640019000084651e-17,4.00261383851533257435558647515921734964647932e-16,6.2068792782343289573327164251648908720223563e-16,1.79018083652471557472677040205817200279415891e-16,1.05709943671879958652201419720657022869019627e-15,1.19996739532743771064150733023822802244629945e-15,1.04942184536322536379538048848500094094100819e-16,5.56037944019992553733627603023451577779421938e-17,1.55654099529666827954518736709646928687721491e-16,5.07871272594553933164073966265308942763794652e-17,1.08594647517986338561800505234065461658214885e-16,5.33311351144304159354567029344842237633494808e-17,0.0,4.71056183443586128457337706510811643728297827e-17,6.23239380161922055517557582945795406864172987e-18,1.08594647517986338561800505234065461658214885e-16,5.33311351144304159354567029344842237633494808e-17,True,True,False,False,True,True,True,True,True,9.92275923177223381324830838109360206178049393e-15,9.98366088449645450664215250518632945542057984e-15,1.31117048067818066662240701717789815714305396e-15,1.48837637395142507324269924159117980431340445e-15,TRANSITION,TRANSITION,0.0,True
development,NONSYMMETRIC_D02_C02_E1eM15,NONSYMMETRIC,2,2,1e-15,4683485844308135370,3.8894523013730965e-15,6.16782023495730722589278948118700107689555088e-16,1.18345414962375250898727314587367044405158775e-15,4.65129590130088047726965476035993365424420751e-16,2.41998821243106705434317947412725816256233983e-16,1.79018083652463567149428268496156184084293855e-16,1.97925425677194679872598036248852673582543669e-15,8.86146495025658320310711691944875365764948589e-16,6.43062197425667383552699694766214564833491511e-17,7.00910839069428838620976815482095892033271254e-18,1.77722398948333656545590033399345899060029489e-16,1.16394574320304506665287070887293713884490792e-16,1.10353332478874964000529545832869207163016284e-16,1.12461645085586131762456192389444165728927896e-16,0.0,6.7377737012472620255068591994726394247072891e-17,1.02022679283122312039341375428277382916360289e-17,1.10353332478874964000529545832869207163016284e-16,1.12461645085586131762456192389444165728927896e-16,True,True,False,False,True,True,True,True,True,0.0000000000000992257318323811248371191382795214555323791347,0.0000000000000991463584517403122908201319016314882122094265,2.45496276423269464882719013279365874019151298e-15,1.09912945317664870319024973129385995068317368e-15,OBSERVABLE,OBSERVABLE,0.0,True
development,NONSYMMETRIC_D02_C02_E1eM14,NONSYMMETRIC,2,2,1e-14,4639842741608232392,1.0044679390381767e-15,1.66293819604081257209890311395255573302705e-15,2.03327645839802400409630701203283194704911263e-15,5.26630736851760759194837896763328699895531266e-16,1.05677835008605067343549473614871182848477718e-15,4.96506830649402673237155574190500472283846707e-17,3.7458653375037768435189256834044377273045473e-15,1.63305977000275169995404819033109057560869312e-15,8.7700484533579196715667201322837966140273419e-18,5.42316995403467976384636146140530699444025428e-18,1.86190061493545474780795273733564296379013189e-17,2.60750945967868516792783342312374998681450672e-17,6.39511195993297566094459257707662077277831506e-18,1.08555556228354246491973629620971748667473084e-17,0.0,1.65297254033495364104894262083162645922683349e-17,2.11950022285747072529709131908682561443066719e-17,6.39511195993297566094459257707662077277831506e-18,1.08555556228354246491973629620971748667473084e-17,True,True,False,False,True,True,True,True,True,0.000000000000447311300174280970764903154095186029474039311,0.000000000000447341592060247615384000181212499487556550428,0.0000000000000167520190584372748323349384085948152333300341,7.30326531409264995747285548849403621996678516e-15,OBSERVABLE,OBSERVABLE,0.0,True
development,NONSYMMETRIC_D02_C02_E1eM12,NONSYMMETRIC,2,2,1e-12,7587841919955847331,6.250491406498464e-15,1.11028519630636800323938359960696092287933306e-15,7.2526617176717748657968720574679892238398652e-15,8.70333427769873004727584589347118636836264465e-17,3.56195715856389312147470134380434459973776703e-15,1.29473140978007324402789204946945836577387315e-16,8.49242005495615019343904486202189598329658558e-15,3.77846364231888774635024900768600229999878079e-15,6.3331658582848859951146565058591895172735334e-17,3.52530846244071030556446265836558702054581735e-17,1.1102230246251565404236316680908203125e-17,7.41435679168499073266027742990711486464970569e-17,7.18282703161484125665848079166982376876565096e-18,3.79379742874243278407577285795226932624751125e-17,0.0,1.24610052331821251316706304068691267842606422e-17,4.66199039429624919285995036433481195126397448e-17,7.18282703161484125665848079166982376876565096e-18,3.79379742874243278407577285795226932624751125e-17,True,True,False,False,True,True,True,True,True,0.0000000000857492925681676588748784348274717520568095215,0.0000000000857493295044078112686252887396257013957884529,0.0000000000000145643802386084690378521758905964400154783114,6.48001168670099840654141369188566019694223773e-15,OBSERVABLE,OBSERVABLE,0.0,True
development,NONSYMMETRIC_D02_C02_E1eM8,NONSYMMETRIC,2,2,1e-8,5169726596858374889,3.9162574022830865e-15,4.29873951735080244987113282307993013932651651e-15,2.78395024264747510052494925130373446584710645e-15,4.80135558821483738434608278883217578237104895e-15,1.97500917593604391178851389121149547356605367e-15,1.91009958048260434875854258831979696760371839e-16,7.2736997180465379852719363332156443019339948e-15,6.96737472219914173101045093887565095269747446e-15,9.25384736706647254959405063940057182150821618e-17,6.26779085160523606725737868605683637886634331e-17,1.19574679205636336815093090180990954702780375e-16,5.89685095092601128719925855019698175083461183e-17,1.04833544971185865592725316127148901698066605e-16,4.21605399550504367737155992031574769353635079e-17,0.0,1.90627780328203472278319223608275809602393383e-17,4.9799366225995880438795958356336306248525235e-17,1.04833544971185865592725316127148901698066605e-16,4.21605399550504367737155992031574769353635079e-17,True,True,False,False,True,True,True,True,True,0.000000581496516636789544025269132283762481567393317,0.00000058149651663185447907904858912925091057351534,8.45550417154494107163377805047172566633835074e-15,8.09940859699024052510951263051824343021679751e-15,OBSERVABLE,OBSERVABLE,0.0,True
development,NONSYMMETRIC_D02_C04_E1eM16,NONSYMMETRIC,2,4,1e-16,6273133780200723991,3.2459121844295616e-15,0.000000000000221601847539169221520598141688264925770934557,0.000000000000277433060456136457647430143124409865263957383,0.000000000000211193443075276436772658359168963016269910527,0.00000000000013297777055814384334923997698931623807126194,1.60118641699413501849758448835879217989291127e-16,0.000000000000499195026637005092669878043261510670252881231,0.000000000000344331332275119693623748094607115133559161758,7.34486153321596165686745067698472387283568587e-17,5.94614933147400649534557120886549715250030496e-17,3.14018491736755011878676474392712698284684664e-17,9.94336569853846850190083808690469530852521761e-17,2.11461983814470110349625285261823744313558378e-17,5.13104360029884412514652251521965428991148229e-17,0.0,2.12056729146465547479683097106648406806930444e-17,6.15928971967294725216198182702324871000269141e-17,2.11461983814470110349625285261823744313558378e-17,5.13104360029884412514652251521965428991148229e-17,True,True,False,False,True,True,True,True,True,0.000000000000832055066625543236439354149408824932566236092,0.000000000000832089383322802045510147777135671992163261761,0.000000000000692258948075513008305887214366143416884840934,0.000000000000477501643948758670341143051650857705971720179,TRANSITION,TRANSITION,0.0,True
development,NONSYMMETRIC_D02_C04_E1eM15,NONSYMMETRIC,2,4,1e-15,9217533790745177217,2.391493584111105e-15,0.000000000000554336299044591914242986175735234109722102401,0.000000000000661085030678164862429613943852909704393303863,0.000000000000122388639810286682710036086921613902637745037,0.000000000000321979683747943865093419785956088983950117594,1.1957467920555526543516734330565189155463535e-16,0.0000000000012155409044019623319380352869314494660069609,0.000000000000444487898237436103068891040221008538479417266,2.6209439084572553845094837753563753433309434e-17,5.02740513034692305515680613558207663720899742e-17,5.66104886700367607724551545114486604766553917e-17,6.72681824111852447342987334106387191931245224e-17,1.41934951048846557259090562890351342779566313e-17,3.60999943669342620143698730774797556713023977e-17,0.0,4.34072703566244376267709425146509536035575676e-17,9.8380258515730846402481461506668926217363874e-17,1.41934951048846557259090562890351342779566313e-17,3.60999943669342620143698730774797556713023977e-17,True,True,False,False,True,True,True,True,True,0.00000000000371391616310583937871345435375919214264712648,0.00000000000371391697391177613107631604353590469886800931,0.00000000000225720279310961864947743385085972661699652463,0.000000000000825393305788077178651263612848686739163737447,TRANSITION,TRANSITION,0.0,True
development,NONSYMMETRIC_D02_C04_E1eM14,NONSYMMETRIC,2,4,1e-14,16169648863386683458,4.572178254043941e-15,1.77645298632317896222810359989640193804067043e-15,0.000000000000397890252717120602006671941308705012071175175,0.000000000000161367055433521241706966959473686276980324882,0.000000000000198336584231348976465910407303518549368968658,2.28608912702197129472625911927939394882364954e-16,0.000000000000399895314616145978098372670820529353404098211,0.000000000000359932248577572415302349992689132765744175905,9.46978294615297373690031121257979044899343565e-17,6.73513585931496541868419922646733404156125096e-17,2.220446049250313080847263336181640625e-17,7.50606173996033835167598019114398456442779794e-17,6.10964498372285908030229954334607376780910218e-17,1.99326092906012364439708412530136964447503513e-17,0.0,4.00410090281414646035555910328224343028764812e-17,6.85989580716498615352797134989606067666194737e-17,6.10964498372285908030229954334607376780910218e-17,1.99326092906012364439708412530136964447503513e-17,True,True,False,False,True,True,True,True,True,0.0000000000874136346895748476029069692062586283827978921,0.000000000087413662768404490404286243856634066064413312,0.000000000000388412665509572817411453778478472119239190963,0.000000000000349597104449856605527599428181289226042268948,OBSERVABLE,OBSERVABLE,0.0,True
development,NONSYMMETRIC_D02_C04_E1eM12,NONSYMMETRIC,2,4,1e-12,6407475249424120548,6.745621903127186e-13,0.000000000000659965081098166893369732922227687826836943652,0.000000000000144336038942105018240052423155241496780621579,0.000000000000272225879063521944220652636662156404738441843,0.000000000000954660096204292037329204846134439213776258426,2.67377110339978364237383126534727411133948834e-16,0.00000000000080456849715061188997402272850946405102869918,0.00000000000122715335237815395991409486592313034592583422,6.12304245887610298078303806423830141670862626e-17,1.2269190683743998026083586022445885624697015e-16,1.1102230246251565404236316680908203125e-16,5.80742413571478352586389718138268077457680192e-17,3.38513907664440901059865741365500388037144212e-17,9.79734327702617748341969324173075199344286186e-17,0.0,7.92835718787706241822900401279250505744607773e-17,1.15084325525760385150026565151677479239814469e-16,3.38513907664440901059865741365500388037144212e-17,9.79734327702617748341969324173075199344286186e-17,True,True,False,False,True,True,True,True,True,0.00000000747465181345701165110900847135432927728077806,0.00000000747465178442195673148488377292617480849965109,0.00000000000066815776921074983223720869111819079375295973,0.00000000000101909539002369456108173189188085573061420463,OBSERVABLE,OBSERVABLE,0.0,True
development,NONSYMMETRIC_D02_C04_E1eM8,NONSYMMETRIC,2,4,1e-8,2110367896937657781,3.1400312098853703e-15,0.0000000000000863817120682422423073901234268324051264610325,0.0000000000000376241804993373227019133392574149174698915406,0.0000000000000178550875090120389897303860803606341142196016,0.0000000000000453704212800663246852783975077118302295975823,1.57001560490036207527548623087844087527864905e-16,0.000000000000124162894128069601216831011307335166683880438,0.0000000000000633825103495683998825363322111603084313450488,1.67400332572604978309290904368602017189577387e-17,4.78301560819500144467965769335825114973049734e-17,4.51828035988302744922845863572819867626473475e-17,5.57228248974042977267027998334083533643374357e-17,6.52340588857895054939857805922611767978112044e-18,4.138555782227544231996166725907861775576831e-17,0.0,5.10854999321721396306579037093004004698679822e-17,1.44802838223619244067077986990362723146704669e-17,6.52340588857895054939857805922611767978112044e-18,4.138555782227544231996166725907861775576831e-17,True,True,False,False,True,True,True,True,True,0.0000989923063155542572590840242644898919714361029,0.0000989923063155031201823310444110949530952629441,0.00000000000017559284881941075596484515705405909888648893,0.0000000000000896364057536126992277542919323222343245884936,OBSERVABLE,OBSERVABLE,0.0,True
development,NONSYMMETRIC_D02_C06_E1eM16,NONSYMMETRIC,2,6,1e-16,12270543339706471805,3.792297416986579e-15,0.0000000000227373334389512211726304352303814857041856,0.0000000000624042070242840234713958635074702891782448392,0.00000000000981366292865797552057310459099053438556431465,0.00000000000948059651947235862695096774529669867899177494,1.79018083645736446909094322167827415112872467e-16,0.0000000000851417194813188903804732078321739427098455522,0.0000000000192944384662139798839709814306094008919712025,1.00893531383834426889622488945955846680236441e-16,4.05955685600319963256478212924151253658343344e-17,1.79018083652472396235890999667356629635115357e-16,1.05286320635493336858156802809651271665099728e-16,1.32120430207769933906325730719717366677538647e-16,9.16529088489179910624417473544309488877987554e-17,0.0,4.76007788926489156882106065732312278905204972e-17,5.33044486643350960445870324299374255947600466e-17,1.32120430207769933906325730719717366677538647e-16,9.16529088489179910624417473544309488877987554e-17,True,True,False,False,True,True,True,True,True,0.0000000000868241839175953639377910064425504250255402897,0.0000000000868242486322251261425278338624372391913412864,0.000000000105605305783342276304888652890482910243961314,0.0000000000239318055420466514672358848645441804383278544,RESOLUTION_LIMITED,TRANSITION,0.0,True
development,NONSYMMETRIC_D02_C06_E1eM15,NONSYMMETRIC,2,6,1e-15,1940784880010446549,4.21300016039741e-15,0.000000000010836058458099091448539109965242980939756526,0.0000000000268059464541915879904460383542877869980555433,0.0000000000234998690904289965082437248699596081884135457,0.00000000000640198995923442694778540468123180687661962008,2.1065000801987052854974415031404652700310237e-16,0.0000000000376422155622986993095136980636810819843390723,0.0000000000299020696996714433265576792953417291115601689,9.56226179969841040118480959532076795612885283e-17,1.7190627811878621550178227856295586592954717e-17,1.33688555545766701639112572834495829581517605e-16,2.29101925423081095714449258903630387409851108e-16,7.83039119281760116069597015799102972804556822e-17,7.6749999965975466802637703998784975126794559e-17,0.0,5.99077692069816729299844853963156867469300993e-17,1.52417681972080055587511420812302846609162803e-16,7.83039119281760116069597015799102972804556822e-17,7.6749999965975466802637703998784975126794559e-17,True,True,False,False,True,True,True,True,True,0.00000000094870795903039413949300311347497304489226364,0.000000000948707861535487061405355201045121795306389062,0.0000000000396783791172998953949569342619983354009821127,0.0000000000315195490013562663861045803260896414711280293,OBSERVABLE,OBSERVABLE,0.0,True
development,NONSYMMETRIC_D02_C06_E1eM14,NONSYMMETRIC,2,6,1e-14,9156666871012900516,4.8719620030042095e-15,0.0000000000232725086739655318616042672545187264843586449,0.0000000000353533917122405044837758481156006065769564118,0.0000000000170269046046007324143320299310825877280673567,0.0000000000339039150906098922174932519063316614773115868,2.40177961713330150811819698243932473984789957e-16,0.0000000000586261405641677496755309271898175769937890415,0.0000000000509310598731723379619760936571124931378529284,4.51944342903947101137189619530509057233480792e-17,7.7972061299367328041025797990718041505850557e-17,1.35064460289285197291946000079977775733763192e-16,1.800982726827799321265317683237733617591539e-16,7.19843206614974074696172438511346900595383997e-17,1.49948424538764531420954978206616666931471442e-16,0.0,6.34109906023360376662390566295309081678445664e-17,3.05632791983233841967497822703906395698081253e-17,7.19843206614974074696172438511346900595383997e-17,1.49948424538764531420954978206616666931471442e-16,True,True,False,False,True,True,True,True,True,0.00000000832130176406358666680385085260231774645899726,0.00000000832130179417811380551403884117964049076970719,0.0000000000541998861247861924808122228003828311411435752,0.0000000000470857815093459793645969755834211657337590903,OBSERVABLE,OBSERVABLE,0.0,True
development,NONSYMMETRIC_D02_C06_E1eM12,NONSYMMETRIC,2,6,1e-12,8314298135356376225,2.889515503908293e-15,0.0000000000104805420306964623144110779472276458068797675,0.0000000000137431391190805914531558273854930450591792357,0.00000000000857233952888367221966488383592311146703594207,0.00000000000212882091430833548121468880298889624863780355,1.40433275401998682501929163725806201284429692e-16,0.0000000000242238215830524557662494072618844166722602877,0.00000000001070130087646740969956207456807573352187503,1.10998221719328274389913690930111408574705585e-16,9.19155848834098098570440778415610937141564112e-17,8.95090418262361981179454998336783148175576786e-17,2.3798528041206094303151823342300470310140751e-17,4.46351080354967011707351942078131219672688498e-17,4.7932514120764419593083545961364734959039129e-17,0.0,4.51294914729651502364896050569193803388219268e-17,3.25827000393851983103198390505509756323922707e-17,4.46351080354967011707351942078131219672688498e-17,4.7932514120764419593083545961364734959039129e-17,True,True,False,False,True,True,True,True,True,0.000000948685670686779293662589972979292322415408137,0.000000948685670713079006480317329606969981936520002,0.0000000000383012249179957031871817175065640411767387835,0.0000000000169202423481965924892211132976106583117348099,OBSERVABLE,OBSERVABLE,0.0,True
development,NONSYMMETRIC_D02_C06_E1eM8,NONSYMMETRIC,2,6,1e-8,17648950471611975372,2.4591475691841934e-15,0.0000000000125478852104942823392954415507211566337361862,0.0000000000172650169065107151344670559584174841460563077,0.00000000000751623876303190986600731309442343718267656879,0.000000000000247289553643890040877543497402072915431623313,1.19061831481213726753250959427782093910867733e-16,0.0000000000298130211788364786874892507600980685618864048,0.00000000000776364737850728112061160984278493788020210297,1.08836477509911202208508856376803480878289627e-16,6.20431617200232538777875865905472329654071375e-17,1.11576033091874585403627416910316851727469606e-16,1.75640230602497667687534326090686414064136672e-17,9.7035441149846231000351543219769843819469632e-17,3.51285484213461799128786466381189754442227593e-17,0.0,1.49935429946792889762643666419364982036001958e-17,3.71930016715780680736824071631961725906171197e-17,9.7035441149846231000351543219769843819469632e-17,3.51285484213461799128786466381189754442227593e-17,True,True,False,False,True,True,True,True,True,0.00919456213011551375395548344614434736917987161,0.00919456213011542646663515364518192166486943379,0.0000000000553613904988364930234444758108411589897848183,0.0000000000144167312543929176678046223740115970667614284,OBSERVABLE,OBSERVABLE,0.0,True
development,NONSYMMETRIC_D02_C08_E1eM16,NONSYMMETRIC,2,8,1e-16,6933805744376178250,3.6245560275495564e-15,0.00000000450308034692330453894360903641912588153287539,0.0000000104905777977727074161907422887583826989996976,0.00000000252548866350191964863308635360415751938822593,0.00000000546814503369435141383334690807149325457606313,1.79018083434846071405716657088589766030879184e-16,0.000000014993658323714095389980422730894165669122339,0.00000000799363387621435449731250466739230786255405509,1.50091748339804475039088233630149655328001555e-16,8.03815729536387252360043386193709701549029616e-17,9.9301366129890919883090812657900958068807034e-17,1.32896776881554583261179342181026748643645495e-16,4.72940181122941841597691691042683476074700952e-17,6.31127704056405028391270299891646191227804594e-17,0.0,5.23932690482989744403091037942055665405496017e-17,7.09200110483424596608243296635273165733763774e-17,4.72940181122941841597691691042683476074700952e-17,6.31127704056405028391270299891646191227804594e-17,True,True,False,False,True,True,True,True,True,0.00000000496140669661725124021202002158489899500257046,0.00000000496140669854608540811855141672938326144108294,0.0000000185973443070315398730660561182720178897360991,0.00000000991488256239553113049162575362661707442833077,RESOLUTION_LIMITED,RESOLUTION_LIMITED,0.0,True
development,NONSYMMETRIC_D02_C08_E1eM15,NONSYMMETRIC,2,8,1e-15,6848334511289363859,5.1096729204017475e-15,0.00000000220052474945792542019553505320416627635112668,0.00000000712029198447034272097132081946008837491337373,0.000000000948088094470349237363511080212404893918552087,0.000000000348550562459348847710282954197749804503767981,2.53169797021572733092420064999821235590216011e-16,0.000000009320816987098065162739588965084319651085736,0.00000000129663891009949510664652712683021969824355566,1.2144601543075939882990312551123623188181037e-16,5.47816781910778685419951403411725937363908592e-17,7.02166693715340202608142471259515489938508623e-17,7.20727940239917250731205695484700250373263838e-17,7.55900315516138667137663315962872467355305228e-17,2.08341120758623973809413300105899837509962742e-17,0.0,3.25641566490459765060475432993580000162354917e-17,7.47760675133929349568131682461927008976621031e-17,7.55900315516138667137663315962872467355305228e-17,2.08341120758623973809413300105899837509962742e-17,True,True,False,False,True,True,True,True,True,0.0000000613958049925686776894125538166964368723535401,0.0000000613958050130969641565868025690978430991284829,0.00000000817489728502754071046320333555029030243417262,0.00000000113722755424828827785865342329949452369936399,TRANSITION,OBSERVABLE,0.0,True
development,NONSYMMETRIC_D02_C08_E1eM14,NONSYMMETRIC,2,8,1e-14,784267592550286175,4.038676680186224e-15,0.00000000106359206219922850574469367532219550562459977,0.00000000037523202211260060223183615676057266559635159,0.00000000127175856706598194431955754013166446763606999,0.0000000000727170332545590354014649258890905043266843755,1.89714910542107074848958531069842391164820702e-16,0.00000000143882427402673965008360468104129924106334253,0.00000000134447579003545152182809731497928604180514553,1.9332265767695269503554180435901257211904718e-17,2.55751179169555518070621038019994824443385535e-17,1.5582722720639762970539733839999747231978503e-16,1.42601345789443701960810066828873162908126376e-16,1.41594863830140597737160201116585781619248961e-16,1.18434609719857111236574256659377690801079498e-16,0.0,1.45905064939739725772202360141798726614144561e-17,2.45320295606740164843191047973665705349799865e-17,1.41594863830140597737160201116585781619248961e-16,1.18434609719857111236574256659377690801079498e-16,True,True,False,False,True,True,True,True,True,0.00000093632683674949481292894774898440359318088163,0.000000936326836738167149711609150982429819581562508,0.00000000168401643645729333596549248745494221770091342,0.00000000157358988843173209062373651427104929152287785,OBSERVABLE,OBSERVABLE,0.0,True
development,NONSYMMETRIC_D02_C08_E1eM12,NONSYMMETRIC,2,8,1e-12,16220663968563695472,2.1804081503167446e-09,0.00000000109689596075239509011441895403391043643539233,0.000000000237452810994214827315899765225114808663795801,0.00000000121832611835087042819015474990312739605988337,0.00000000213669662709183076623521022506340650269973254,1.61643436411760932463207353550233880735994612e-16,0.00000000133434893339004632919125118246637879533306887,0.00000000335502290708613760618629743817388744899349665,4.6665915345469295620455041888788623415622081e-17,8.28228245813772461154305780450011140320386825e-17,6.75322301446425986459730000399888878668815961e-17,2.09030740098699870766862259878058997824892303e-17,8.20197463072877185133293157840653802532513926e-17,2.14029251949965020407349313624313023003655318e-17,0.0,1.4525235187831494248750684953039510417730106e-17,2.90423138184416385499599411513180979298581384e-17,8.20197463072877185133293157840653802532513926e-17,2.14029251949965020407349313624313023003655318e-17,True,True,False,False,True,True,True,True,True,0.0000961423959744315857501459101871368359266733942,0.000096142395974381527765631230478943675344881627,0.00000000183286921994788449644310991441817821068507177,0.00000000460847838578121967270063251529181383563805457,OBSERVABLE,OBSERVABLE,0.0,True
development,NONSYMMETRIC_D02_C08_E1eM8,NONSYMMETRIC,2,8,1e-8,7212140353273097036,2.8879240601759566e-09,0.00000000220935707511558211382357869976707446861987348,0.00000000297475790408165555820468065546305091053319496,0.0000000000978389910776703365381483209986397427189589059,0.00000000364237094719681063795890376958629041454064631,1.57060245305263624834158313692608218305532016e-16,0.00000000518411513625748297729188418938843907176128675,0.00000000374021009533472627976067692474324384986782353,5.42533283560241622451097726942198119471896697e-17,7.66253075513214799704442089298200239762588031e-17,5.97873396028181684075465450904954773513901874e-17,6.16752998325015605317415668896600704245663677e-17,1.82015012119118857070927108508190625982633359e-17,7.28848526781838128084123192356604195710516296e-17,0.0,4.39271084612508657734172844777205882923260884e-17,2.28994337246759211575202315384300740201438713e-17,1.82015012119118857070927108508190625982633359e-17,7.28848526781838128084123192356604195710516296e-17,True,True,False,False,True,True,True,True,True,0.320093480225987346085475274003368430014959707,0.320093480225987339127723035831771326887049062,0.00000000663757927259307998486462690574033954326117971,0.0000000047888483090017777737088391889859002313095247,OBSERVABLE,OBSERVABLE,0.0,True
development,NONSYMMETRIC_D02_C10_E1eM16,NONSYMMETRIC,2,10,1e-16,287773686205913865,5.024294620578041e-15,0.000000670775622362760548091524209716566878797498554,0.000000247989058234690266105735817461990062791716139,0.000000497308738890100259232164870829662179744268101,0.000000378518239756609581109313379501946854017109447,2.51214731028894067138657647152130367597314906e-16,0.00000091876468084866554522615409431721458874134506,0.000000875826978897924571370372317470266680913507916,9.23389163349157801535652724231377152065308236e-17,4.06896111043205945435710735612879739992144049e-17,9.42055475210265035636029423178138094854053991e-17,7.93437526073815515627384256430287251237411483e-17,5.2255952127607870663137607022083536699256057e-17,4.42249090862593739924657507683803752096698345e-17,0.0,5.30171533396225717074613354703885533693633427e-17,1.16516553010534845450715575325874431262468351e-16,5.2255952127607870663137607022083536699256057e-17,4.42249090862593739924657507683803752096698345e-17,True,True,False,False,True,True,True,True,True,0.000000707083801313867189377753831162790955359056303,0.000000707083801356417528281309866344704493029912944,0.000000812080920178481898187157696534892025264814462,0.000000774128994906062189969844954700240109517757578,RESOLUTION_LIMITED,RESOLUTION_LIMITED,0.0,True
development,NONSYMMETRIC_D02_C10_E1eM15,NONSYMMETRIC,2,10,1e-15,2745922838885196255,3.97203865429438e-15,0.000000230717839546817249991858344525635803748651752,0.000000483327095662221783058214226971387325517941848,0.000000216839239959063557252327773677597903000768314,0.0000000562922394187572816439812004273972071675483048,1.98601932714342191750928199647635619740602216e-16,0.000000714044935407640965764414763247951328914229219,0.000000273131479576422771610651165855923309815952239,7.20863112711811805001755795095923316471743705e-17,5.19966629982397165849845364275139200810705788e-17,7.02166693715340202608142471259515489938508623e-17,9.0300059924732100151318679855475230159957393e-17,2.17330075584864320662945895253711822691042907e-17,4.60977201739098792971831152671974158166261101e-17,0.0,6.48288149823542597071931709989071957153876396e-17,5.24883311076989715910119084554847917164219047e-17,2.17330075584864320662945895253711822691042907e-17,4.60977201739098792971831152671974158166261101e-17,True,True,False,False,True,True,True,True,True,0.00000894470565964725463477349614763551247900291749,0.0000089447056596089216712155117823551310611994427,0.00000079832650728046585307452703923052768053526745,0.000000305370277563988411247600253193243542326283122,OBSERVABLE,OBSERVABLE,0.0,True
development,NONSYMMETRIC_D02_C10_E1eM14,NONSYMMETRIC,2,10,1e-14,4255831273387123935,3.2022617760473223e-15,0.000000222707064087529956928359541607814151147029367,0.0000000181842317127036609393551837400501781526260788,0.000000238319317770136578465467455144638937914202611,0.00000000182758689359703422666329914236222066082815151,1.60113088760119668756326398435657261948142477e-16,0.000000240891295960346706627834394104190727735312708,0.000000240146904823846701452250423043327557010688024,2.46752955656506886383333478248000772485690549e-17,2.76406535297821514981958677016225937050381491e-17,3.14018491736755011878676474392712698284684664e-17,8.52912009991620325207060067294750029457144524e-18,3.37514415689028089058003622760331628713384461e-17,9.59354000259673152945152260896127726654608592e-18,0.0,4.60636941061961612549580037695086021414156111e-17,1.79992649308114663890972058877171226222953407e-17,3.37514415689028089058003622760331628713384461e-17,9.59354000259673152945152260896127726654608592e-18,True,True,False,False,True,True,True,True,True,0.0000831953372197485973863726304651402217735345757,0.0000831953372197096169542333672352053037264844095,0.00000033405612284538515371355909239282598085797446,0.000000333023838071672986369667612256419028356491647,OBSERVABLE,OBSERVABLE,0.0,True
development,NONSYMMETRIC_D02_C10_E1eM12,NONSYMMETRIC,2,10,1e-12,6778994297290750917,9.39488574061572e-08,0.0000000818175871596012299033510614223766308053316497,0.0000000188964756029032690729587399917439169485068106,0.0000000505947969443531332715780120056701105068386112,0.000000100065798238547941012774201829017051638562031,4.94554578475574121854602622176757084870938768e-17,0.000000100714062811959956823867213599580809971514169,0.000000150660595232356532131909626020147424363076351,8.66908096528021767464356064045668312736195699e-18,1.5194415013104960145066163621646727837184569e-17,1.387778780781445675529539585113525390625e-17,1.72985049299630186129581450273973038523737622e-17,1.81843730602613383546272989725862001801945599e-17,1.93800067133833424192906003712489520066213934e-17,0.0,6.99258927681287769712752387277665651548152841e-18,1.20329523248336279567283640102627477620960971e-17,1.81843730602613383546272989725862001801945599e-17,1.93800067133833424192906003712489520066213934e-17,True,True,False,False,True,True,True,True,True,0.00885509532096584835059433228802064199921892219,0.00885509532096581770888258787268750864988520888,0.000000450406981475452165874152040378034241084260214,0.000000673774664940259878866029122261539025729317059,OBSERVABLE,OBSERVABLE,0.0,True
development,NONSYMMETRIC_D02_C10_E1eM8,NONSYMMETRIC,2,10,1e-8,11028742123624652869,1.9493116805115513e-15,0.000000164761380641372818782953381466356383783768531,0.0000000000247778150453213529683014244208641056897399176,0.0000000641448030091328454056807218031013681712184025,0.000000000192102467178192259384223905388858823421132615,8.06816524739196192841739513848424837716626013e-17,0.000000164786158537099792609841302174951199274300755,0.0000000643369055569926901389845649926641783794820189,9.97800150315084037818505523703545082166890347e-17,8.64835099783808894700264964799471398278005361e-17,9.03656071976605489845691727145639735252946951e-17,9.22199947222282164990288152606735855741635515e-19,7.6458513616053141924804142101381833384266633e-17,1.95363827957543532993686635495894138664937995e-18,1.04083408558608425664715468883514404296875e-17,1.61727313735896966264598751831989156067229175e-17,2.28748442054121197337834989050441620829553893e-18,7.6458513616053141924804142101381833384266633e-17,1.95363827957543532993686635495894138664937995e-18,True,True,False,False,True,True,True,True,True,0.939292495879806031952052947543451006079018551,0.939292495879806037855923146529604314032541372,0.000000260549793923417769328937438873808451876438991,0.000000101725579583620421579226615018648902332569556,OBSERVABLE,OBSERVABLE,0.0,True
development,NONSYMMETRIC_D04_C02_E1eM16,NONSYMMETRIC,4,2,1e-16,18147807518812539749,1.3272375233066693e-14,2.26110996234832379621106210110467339286709641e-15,7.97722250111446464508156924604277584698311092e-15,7.85129136000106461997331354984910745866972352e-15,4.48686463020993521143746307979244145375778219e-15,3.06871749368947334529032075969085207086387751e-16,0.0000000000000105452042128317357758216634231165344469365951,0.0000000000000126450277395799471659398087056106341195138935,1.16209136379798493188889817405063769792649997e-16,6.71884521642304683591062927247285054720255594e-17,5.43895982204207339582532137957280625065947239e-17,1.64967774438179324412024333559283199070398458e-16,8.2212641676620067774528500785778413514584439e-17,8.10829000018391337062981569368883784977507479e-17,0.0,7.79620650711262489745642560085154598713875854e-17,8.79855307994955119432757936147288398477209695e-17,8.2212641676620067774528500785778413514584439e-17,8.10829000018391337062981569368883784977507479e-17,True,True,False,False,True,True,True,True,True,5.09917390908568589219447335114710652307322987e-15,5.12746961558631039806412133894484536897444776e-15,7.63024197602770504993190780564369613594835326e-15,9.14962095557828339327561665373938528480303905e-15,RESOLUTION_LIMITED,RESOLUTION_LIMITED,0.0,True
development,NONSYMMETRIC_D04_C02_E1eM15,NONSYMMETRIC,4,2,1e-15,7241841712845906650,5.451510351802685e-15,1.31818263460157774705716632568679570051216638e-15,1.49716908445852261193915153510976719217058433e-15,1.28581834326776023071549601058445258459410749e-15,2.28532863910527728433922099193749599301058626e-15,2.19812944215726646129841161721564760572956527e-16,3.03516466327582700512615902251812765325570724e-15,3.79095992658876416118455816424351333817765028e-15,1.33252060065517387154684597275405708267815622e-16,1.32357619717155150430554130143953683780517828e-16,7.19506753999772400539166321130401710893265611e-17,7.85571424972672119849762171548911213095871461e-17,6.67345986568415162404805908401984171907300004e-17,9.88418232927526840194097178485123435102361415e-17,0.0,2.69513422466601461625025683775229658154788119e-17,4.05196843207120665447629206821043982331904722e-17,6.67345986568415162404805908401984171907300004e-17,9.88418232927526840194097178485123435102361415e-17,True,True,False,False,True,True,True,True,True,0.0000000000000315868576275843933457363069394231959385319459,0.0000000000000315618690334034188573349551381051581882522685,3.06597930774303057541522386499928262461380464e-15,3.82944781613910227158227354080733733372072604e-15,OBSERVABLE,TRANSITION,0.0,True
development,NONSYMMETRIC_D04_C02_E1eM14,NONSYMMETRIC,4,2,1e-14,14296590250057465157,8.39781664460672e-15,2.29678951090235374450286093845988560654964343e-15,1.58291414018824946149824181902876807928628407e-15,2.37539740097180644588631528109397992939527859e-15,6.16800668048739395936641463824684618424236763e-16,2.99554549237440231111191293875119770444906095e-16,4.1792582003280434371122940513637734562808336e-15,3.29175261825798607293414803879378431826442145e-15,2.30275140877866568136415540844369743096670424e-16,1.68361851661730486669069606252499891832181716e-16,7.69185074553425571121077527039609996492155576e-17,1.67584939796259478278846400995510166913017221e-16,1.48748332598637908256943518220584750805764409e-16,6.24402152060870843535693836913283045381167487e-17,0.0,7.59216255167563522238423416090803008172299398e-17,1.42423670313927278517082188592665603481651501e-16,1.48748332598637908256943518220584750805764409e-16,6.24402152060870843535693836913283045381167487e-17,True,True,False,False,True,True,True,True,True,0.000000000000669998379373997909348257529080149652939378955,0.000000000000670047174513358515525644855296996674619509991,3.09787228514346569873976403995028443731425648e-15,2.4400093789011229133267494420450290697214983e-15,OBSERVABLE,OBSERVABLE,0.0,True
development,NONSYMMETRIC_D04_C02_E1eM12,NONSYMMETRIC,4,2,1e-12,16162613708444363781,7.175036078505312e-15,6.28724951464958746122246838467505105771109823e-16,4.21367762095274940187262396296409112288115621e-15,9.73132265599954185037547005978025495724940159e-16,2.34642322276758550717879928510300278342453851e-15,2.61786728350495701745794025709892232771485789e-16,5.10418930076820384974066482714148846142375182e-15,3.58134221671803539396214031679092051192096446e-15,3.13757679762010213398853631236563129541806963e-16,2.5784898463565423682931068440714521776567478e-16,6.30485480024342416315567881212306882281622073e-17,2.94148294385033551014036047883547052594073611e-16,3.63048497354083515217919322136181803350004736e-17,2.23919105284824220978253340244766280612614715e-16,0.0,4.71978512509507581033415775757255097362792203e-17,9.76615638861097164837132723679505642947955603e-17,3.63048497354083515217919322136181803350004736e-17,2.23919105284824220978253340244766280612614715e-16,True,True,False,False,True,True,True,True,True,0.0000000000123620628150965236525260977850311909140180795,0.0000000000123621033565811029294348267348711152152539132,4.32931685990254206153242707442997516357404375e-15,3.03765482161576498688605662168710641755079895e-15,OBSERVABLE,OBSERVABLE,0.0,True
development,NONSYMMETRIC_D04_C02_E1eM8,NONSYMMETRIC,4,2,1e-8,11998422322364361414,1.3847854608079419e-14,6.70620890583220576563073562335593525567246011e-15,4.46364423257246245994664293352507714555001376e-15,3.9665427501106881719631248147401240145457023e-15,0.0000000000000116456964940304731323694016776979170618062905,2.85221421236176200913964250089811055236297382e-16,0.0000000000000114550745596408444264913428069708234564587713,0.0000000000000158974606653773375052464907425278521315882902,2.22908938146801742446200558540895843497088969e-16,2.59498985944101301872453685382200121786170367e-16,1.57009245868377505939338237196356349142342332e-16,7.08773499678975338591895437831507036168455239e-17,1.72146615697316002172566717874181445093337891e-16,1.28921576373417762380354985897879610861397204e-16,0.0,7.11344094738391500902663774010443139869441655e-17,7.43121415298416606919108827913269793084773321e-17,1.72146615697316002172566717874181445093337891e-16,1.28921576373417762380354985897879610861397204e-16,True,True,False,False,True,True,True,True,True,0.000000471501775381125599409029481646470930014511931,0.000000471501775373097533055577309490048426618289046,8.91776344997192008023128788131553099619711896e-15,0.000000000000012376156342845599999347535570623902516887874,OBSERVABLE,OBSERVABLE,0.0,True
development,NONSYMMETRIC_D04_C04_E1eM16,NONSYMMETRIC,4,4,1e-16,16998951362946682503,2.7088449071620268e-14,0.000000000000890762513049483036682419707192513909497446766,0.0000000000000188848581225438088665694050593900951553194914,0.000000000000519549778135381023791266046581949872901060363,0.000000000000516592067225190000796819023437419743310372784,2.93737402297541970535313539820823248548602441e-16,0.000000000000909941108574324387519524425791724827901314859,0.00000000000103643558276286856655862038355919043945998175,9.83714978120088730336202611251783602906126769e-17,3.00444441129482376147047258301513289888116844e-17,1.02357505330418067202050405947875079762341478e-16,7.89039215743912295373180306967788089267843874e-17,9.30732454781219197692669334611968856810156567e-17,1.15636593335553235661014031356340551799955209e-16,0.0,4.7125935871739038441164372923483536633294497e-17,6.55742064368595140168923468103657380272326449e-17,9.30732454781219197692669334611968856810156567e-17,1.15636593335553235661014031356340551799955209e-16,True,True,False,False,True,True,True,True,True,0.000000000000681130296852950304866561473476577285585858119,0.000000000000681158062096404062076820594317950329369820774,0.000000000000687850823143453063641018358177459062886517063,0.000000000000783471657693957874783463283302928531601347384,RESOLUTION_LIMITED,RESOLUTION_LIMITED,0.0,True
development,NONSYMMETRIC_D04_C04_E1eM15,NONSYMMETRIC,4,4,1e-15,2743148052703666507,4.0029999922286454e-15,0.000000000000228757729793497367330393868662747707271691554,0.00000000000138926548767008029746942380656543764757012437,0.0000000000000349977633739819262307345406025377644771282619,0.000000000000509760717865796494892529129519328895006299385,1.84444101390187284282257040757005365439668321e-16,0.00000000000161820766156496785208409993226894236020725559,0.000000000000544942925341168608407545927162623664848867315,1.23655578826737959858604088289931357540264546e-16,6.35825267764089597924611633560727930991167475e-17,5.08768104862760140626237425479417685212852504e-17,1.60873597628700068939437451179307229321832937e-16,4.23716660195402773971122786259874199272418167e-17,6.94710437337262590684506394057088054328847256e-17,0.0,4.1856115988531100090870133234504181482949194e-17,9.61152057780346349299605633103381866937995231e-17,4.23716660195402773971122786259874199272418167e-17,6.94710437337262590684506394057088054328847256e-17,True,True,False,False,True,True,True,True,True,0.00000000000241642682438951897336975083148668764455622142,0.0000000000024164292162506852338825848965438944485593998,0.00000000000194809309807426347590241352573056961202440775,0.000000000000656034189502512210897150545264467309355098531,TRANSITION,TRANSITION,0.0,True
development,NONSYMMETRIC_D04_C04_E1eM14,NONSYMMETRIC,4,4,1e-14,2857822919957945087,4.303608812422186e-15,0.000000000000319009644323733320587161945105472133271405442,0.000000000000309907326147468447044550809915143245553480401,0.000000000000182242935954000307905738611916776197293239668,0.000000000000414092863109499534392169022588023182161879654,1.96104485229382287347017684982855923133649918e-16,0.000000000000629113074956431149919059772705598234748019493,0.000000000000596531903548729224585254652189782235378252973,3.0396787873907682541127555561365197418456463e-16,2.83818226059740581250302610918755939914466964e-16,1.81836094561118599507562416637067134455032119e-16,1.28192220725151718730928427777257903762861933e-16,1.89248039979490729237236154731469713401654865e-16,1.01232941149560674513532775655511180477650711e-16,0.0,2.26091463581500751415079584201261888117632208e-17,3.58828222692218083612577418250947729287178869e-17,1.89248039979490729237236154731469713401654865e-16,1.01232941149560674513532775655511180477650711e-16,True,True,False,False,True,True,True,True,True,0.0000000000793337472691958668123924545462501917394504579,0.0000000000793337732675796435877007534009628439065599401,0.000000000000712330286653254618947940073976943170252211818,0.000000000000675439374522785185087029762080422746977806922,OBSERVABLE,OBSERVABLE,0.0,True
development,NONSYMMETRIC_D04_C04_E1eM12,NONSYMMETRIC,4,4,1e-12,17837994687134994903,1.179036942103422e-13,0.000000000000117725977133270837654862156778246694730692547,0.000000000000217522100214473476581392345620580555352060852,0.0000000000000371019351583969104014945211236136919091909412,0.000000000000246311104287653043524723148258105696930865551,2.14132062273342652550498112192582646562750551e-16,0.00000000000033546220941001765688880500051101983272931615,0.000000000000283627171508323296578768167493911971486619243,1.15310653945978343612467680828634682228651032e-16,7.67993514294558725631595516748745317087956114e-17,5.35330155814914554244234370785219433658658411e-17,8.84869100351486335386371866175407841226222382e-17,4.5721265349510045622381511822994170284148457e-17,4.76540036387432467760966507637817317338922339e-17,0.0,2.32227307862293230801398460534418804473763251e-17,6.30555434796290039845623536964650665840059723e-17,4.5721265349510045622381511822994170284148457e-17,4.76540036387432467760966507637817317338922339e-17,True,True,False,False,True,True,True,True,True,0.00000000208658226273830081084593274689219781077240882,0.00000000208658225536925308185845714469017382382245975,0.000000000000347858106565730624214141753602989570190430666,0.000000000000294107676167152833334490190366171236128569272,OBSERVABLE,OBSERVABLE,0.0,True
development,NONSYMMETRIC_D04_C04_E1eM8,NONSYMMETRIC,4,4,1e-8,5436785454807911297,6.236813751054946e-14,0.0000000000000719292638693894829196080971110002421310160005,0.000000000000183536091668025867323837119390260916103872868,0.0000000000000295386546753638322672338149467357024595025494,0.0000000000000887768288852808676773122452776880347068884986,1.38662177902043637057264999015039635265336969e-16,0.000000000000255604017715317393880502481500276197870154206,0.000000000000118454145738546743581603325223438776801656385,9.99260008023425785701462279769914688829126403e-17,8.87430567647174222220646466921294066459933903e-17,7.21644966006351751275360584259033203125e-17,1.05417700094491390851623233866258116024506097e-16,3.22320470002901541486476434627087356564031875e-17,9.57587285951307322547388819314738681412811181e-17,0.0,4.01993708606255836338744765593508549581232692e-17,1.91865805874704749244259302410728332170031567e-17,3.22320470002901541486476434627087356564031875e-17,9.57587285951307322547388819314738681412811181e-17,True,True,False,False,True,True,True,True,True,0.0000802256266884269952826980012647332305839225777,0.0000802256266883837398985806474232906798447217434,0.000000000000409293994619165600200860354671334032011409821,0.000000000000189678436676722206959448355894833185140615069,OBSERVABLE,OBSERVABLE,0.0,True
development,NONSYMMETRIC_D04_C06_E1eM16,NONSYMMETRIC,4,6,1e-16,4027718303732651449,1.5692257901672602e-12,0.0000000000083610157370934755999425260501360743856744159,0.00000000000624424026400284774046519370413442180223284778,0.00000000000245428689584530599724556087133504897116207366,0.0000000000103387165351186305565602872600118748679332927,2.04715010660334179172389273982695433741589919e-16,0.0000000000146054607161069836745868921435444788833410053,0.000000000012793208145974596887985020520620906534529108,8.82217892705777206798026496417330718390145908e-17,7.9774726487831690143067301054092825733883859e-17,6.3596013107845017578279678184927210651606563e-17,6.57442875885672894261663110032611584614328904e-17,6.05805414240830255419978183276838796789631254e-17,3.38126439245066840185751083767858952232058557e-17,0.0,6.39484416947573543957525693713099592687972725e-17,4.59803482970147663411586316467282333331213077e-17,6.05805414240830255419978183276838796789631254e-17,3.38126439245066840185751083767858952232058557e-17,True,True,False,False,True,True,True,True,True,0.000000000021692975175600755576740513588006119944663741,0.0000000000216929912213929388898862000294319295776629226,0.000000000015841846398987428947824886856527041508548805,0.0000000000138761825003781535353657610327560224177685768,TRANSITION,TRANSITION,0.0,True
development,NONSYMMETRIC_D04_C06_E1eM15,NONSYMMETRIC,4,6,1e-15,6259528144622250697,1.9099233835204992e-14,0.0000000000452583086326507684431861044320038272997390752,0.000000000093886597251848474403049940069281718452354764,0.0000000000324203810747715253714457040217963664286031111,0.00000000000409093148279123805921168486214365519580958563,2.93737402290035695888975605352163305639240639e-16,0.000000000139145199621901532881931933476890897915399478,0.000000000036511606294965053466353277859545373787718336,1.29224527756415244540368645779035177025201722e-16,1.59567463569091622962767060652277056058264306e-16,1.48952049194836379824636218986851437103210551e-16,1.11378597460570795078437240941560980787174638e-16,8.64011564833460167756196707900691331799858244e-17,1.35625953275585596348533238311918659691560626e-16,0.0,8.52792297696161509410218661893577558495116281e-17,1.76588148729578424204066742006522913168682473e-16,8.64011564833460167756196707900691331799858244e-17,1.35625953275585596348533238311918659691560626e-16,True,True,False,False,True,True,True,True,True,0.000000000226860588409505389490734072040337114314859793,0.000000000226860564926310207026328106222727151479483207,0.000000000105183884093711473012664240661035067868859654,0.0000000000276001800639936995647662008235765777601173395,TRANSITION,TRANSITION,0.0,True
development,NONSYMMETRIC_D04_C06_E1eM14,NONSYMMETRIC,4,6,1e-14,15033861791882528176,3.197766424269192e-12,0.0000000000220326241835997398955517609973415313786565657,0.0000000000916681722799666920991569538384529813818788537,0.0000000000291537064447673708220998630691395789647272003,0.0000000000333186003124808271448457900668818494152309588,3.1946655448647014071258787406200959786120463e-16,0.000000000113701115930120918464849427423668574770133281,0.0000000000624726262238026844370863657238954903895560203,2.82065522090931329310996572269886580111975318e-16,2.26832442468826876326847170471218765229055298e-16,4.00296604248672115779952437039145956704377546e-17,2.65213741943753722069366467413851873633186853e-16,5.12237411603340155721480645631620048383870785e-17,2.11047073505021053423120508798208270751175864e-16,0.0,5.89441522183485506630088139983395873426890275e-17,7.4283136287154839096782858461809067606559522e-17,5.12237411603340155721480645631620048383870785e-17,2.11047073505021053423120508798208270751175864e-16,True,True,False,False,True,True,True,True,True,0.00000000417091786663775036743243548590663410870594673,0.00000000417091788227280245193412269994643699547015223,0.0000000000790277385526823082359742359098820356286004368,0.0000000000434214768388761981795670852137947463179430927,OBSERVABLE,OBSERVABLE,0.0,True
development,NONSYMMETRIC_D04_C06_E1eM12,NONSYMMETRIC,4,6,1e-12,7160601096719745367,1.3406096660963025e-12,0.0000000000104744965049970645614170824725229462841779537,0.0000000000323435975204784287398716139163096393373135874,0.00000000001573051711509498615152906765831901059270055,0.0000000000109393137972147074433478726344269824433556761,2.16422308656539289295491084282394872767344601e-16,0.0000000000428183104477841498405779918799168680163643084,0.0000000000266700473346183501341662357838302754309289934,6.61197731363805747430804928130032626395300772e-17,5.61254019511349147909983713114690825959415266e-17,1.00266416659325026229334429625871872186138204e-16,1.14847209463130235280321109189412921056804172e-16,3.63210140452277427589085082877228395270039824e-17,3.02467656538920702300253288412923695712163164e-17,0.0,7.10939430180514901010914203823295292912252245e-17,1.09606762129687013575531560661200761289525927e-16,3.63210140452277427589085082877228395270039824e-17,3.02467656538920702300253288412923695712163164e-17,True,True,False,False,True,True,True,True,True,0.000000102667119593366861384619473276123415755638936,0.000000102667119596366238107599462257840319330369847,0.0000000000439306595922881186003214299497680107792167335,0.0000000000273628912144047930177606770542269758043654129,OBSERVABLE,OBSERVABLE,0.0,True
development,NONSYMMETRIC_D04_C06_E1eM8,NONSYMMETRIC,4,6,1e-8,3683492680444792933,2.680958477835029e-13,0.0000000000664613699452332463212413131722970614366524281,0.0000000000325018219774585673663733675167365530907900778,0.0000000000525792903746076572973601019744728672079189126,0.00000000000190675760898030553998918893605892575409263795,2.79018301534723885133455676420522861767850193e-16,0.0000000000989634709409933484114998141447100350503042737,0.0000000000544863270018894975612344243662082134848733184,1.12726453823533105605824535511306056097113753e-16,5.39411497905065795855818072926192770656116418e-17,7.30135198854559321899464885037794491534585638e-17,7.23692231210282267977514837942767775646688192e-17,7.65126418391210820633293079299880729270237947e-17,4.47645146441333256554107305471375921387361884e-17,0.0,3.75185194189354748362799215837880767841902468e-17,4.22177305506796199147282067320852167016967964e-17,7.65126418391210820633293079299880729270237947e-17,4.47645146441333256554107305471375921387361884e-17,True,True,False,False,True,True,True,True,True,0.00236577728590813417890875582752545383390602978,0.00236577728590811060555613931052678874283116221,0.000000000078731110174420447755589986972651141756857681,0.0000000000433469943343339574870154034388573501619358191,OBSERVABLE,OBSERVABLE,0.0,True
development,NONSYMMETRIC_D04_C08_E1eM16,NONSYMMETRIC,4,8,1e-16,6959896443431169493,7.480262746519801e-09,0.0000000022183449829339135988542248911454020146367719,0.00000000491151595788673353113315046032690147262560599,0.00000000295139989495490732590996618903865254387695568,0.00000000574208002448972294081226898933005725349535957,2.81743018391666653294622394012138809754922298e-16,0.00000000712986122256366552165402864609469749940118765,0.000000008693480201187648658388888472991103809511125,1.21847749812299906283470676595606916289000793e-16,1.44424572621204153724673609295803413893689112e-16,1.13220977340073521544910309022897320953310783e-16,1.2488570509964216894182799754321642158644297e-16,9.40629592353899933124254594538820451110398725e-17,1.38766076972840606953336786385988606263775634e-16,0.0,5.70613843723625371645780895297119782596273887e-17,4.63630178330452107916770442504241076740599138e-17,9.40629592353899933124254594538820451110398725e-17,1.38766076972840606953336786385988606263775634e-16,True,True,False,False,True,True,True,True,True,0.00000000472887370826292434318035474707967716501626003,0.00000000472887371034027517312848866607119467530983867,0.00000000561911782454306121028741290789898962816241116,0.00000000685142221298957636127235669800576845756826516,RESOLUTION_LIMITED,RESOLUTION_LIMITED,0.0,True
development,NONSYMMETRIC_D04_C08_E1eM15,NONSYMMETRIC,4,8,1e-15,3646605379634665110,6.30828733526638e-09,0.00000000219513107807878187756610945156122622966352048,0.0000000134219486742604325736284618983848590681405458,0.00000000176043666742223427114687093023529260644254814,0.00000000745644900414058571373213326006195689123727225,2.64596680931192159196128867769498923654295443e-16,0.00000001561708001693589538238673054607495306730299,0.00000000921688593615950091607116338642611726717874404,1.63655629341535566007813199315893820148746062e-16,8.39106815030016982127160856717040975020802077e-17,4.00296604248672115779952437039145956704377546e-17,1.37013286233608726699813358027778815491489717e-16,4.94087958038710177260784675825339643859439207e-17,7.95366671159597508677842320838794406964377439e-17,0.0,4.4292030177218870194765870556951668861317299e-17,6.06418950916163258804937451280484644925795004e-17,4.94087958038710177260784675825339643859439207e-17,7.95366671159597508677842320838794406964377439e-17,True,True,False,False,True,True,True,True,True,0.0000000503565778330695753505126503447699597974141709,0.0000000503565778497541864107727074121029242616479973,0.0000000131055624212403448083019422702823161690547461,0.00000000773463885917198043008912419434501530868259573,TRANSITION,TRANSITION,0.0,True
development,NONSYMMETRIC_D04_C08_E1eM14,NONSYMMETRIC,4,8,1e-14,15259390737583764632,1.7646408396001968e-12,0.00000000114412912627071958151589871725274870697306606,0.00000000392809115020769041802187549225909637044789154,0.00000000126556509719575854483578370545399014617180802,0.00000000356686474114857469936238871663940235603535428,1.21618806580443537697318812661931771542942727e-16,0.00000000507222039809721657998131190683065773935272914,0.00000000483242995996313982464171011941220516413893384,6.81404045629891949991475738577982159493311974e-17,6.50585245103688327121701202537934136319589144e-17,4.51828035988302744922845863572819867626473475e-17,6.41436093211001893413379816479038209472404478e-17,3.80966172333880794566634124697844828301332567e-17,6.2063754470806627778752138654780408089123632e-17,0.0,1.28923027696591906777071201364130648178828279e-17,1.81800071823727186788994168256063938413330387e-17,3.80966172333880794566634124697844828301332567e-17,6.2063754470806627778752138654780408089123632e-17,True,True,False,False,True,True,True,True,True,0.000000730323556786524583978070282375533132642971331,0.000000730323556777575473247355173586431883017535044,0.00000000926056509558559754958031373096143255213371589,0.00000000882276965545199477614951066408837564021654249,OBSERVABLE,OBSERVABLE,0.0,True
development,NONSYMMETRIC_D04_C08_E1eM12,NONSYMMETRIC,4,8,1e-12,2087542072858040326,5.889481838836866e-14,0.00000000437355267530198475499250272194440079383397532,0.0000000158558792700449913889228521139920235352271393,0.00000000170151491437009974764880052836822550668288899,0.00000000696036420069885967353179937389905499886087625,2.65526371926966063546869221577863957852319252e-16,0.0000000202294322108733480708814183828056459069250725,0.00000000866187938059533134814666344913650208340772309,1.36774675892814297413689160451635286518271945e-16,7.87009687652306173530359673474805980800159985e-17,1.20728777924414529111751953871696345138740399e-16,1.87837530528163917800071216644369479192977163e-16,8.08436694906419229465045249995039683509982966e-17,1.10136889245380933951946988393072427499067183e-16,0.0,4.53504103201357039938326508173194638146152186e-17,9.1021809413376447466506471993547565785365929e-17,8.08436694906419229465045249995039683509982966e-17,1.10136889245380933951946988393072427499067183e-16,True,True,False,False,True,True,True,True,True,0.0000167263490650609202041357807649523729451021789,0.0000167263490650527304729254592749931724653057244,0.0000000169167010533229147115915289375498325288851666,0.00000000724342742366801452660281482103903393622143408,OBSERVABLE,OBSERVABLE,0.0,True
development,NONSYMMETRIC_D04_C08_E1eM8,NONSYMMETRIC,4,8,1e-8,17668072326967174803,1.0443412876478094e-11,0.00000000440131714485507206878595636940212888991824218,0.00000000575238830795426168928804118340607598730995408,0.00000000239752826103783185673091861129970446144280691,0.00000000462701897818822427318070117404389533167598845,2.72798685589435656355807981970780002737613403e-16,0.000000010153705725608019347509653908616186848008199,0.00000000702454751202474171934727614115158176389879809,1.9862709833726516361713977954638130815580997e-16,1.874961302926358494900931556684955792524193e-16,1.02357505330418067202050405947875079762341478e-16,1.91180203904997555074845247406979293628363207e-16,8.32345625360938654832167748295077879141621625e-17,1.43034999408959583540409594708936705454397552e-16,0.0,9.59907962832194662106488557069601840463916752e-17,6.02849604386652161901078082156547303539392146e-17,8.32345625360938654832167748295077879141621625e-17,1.43034999408959583540409594708936705454397552e-16,True,True,False,False,True,True,True,True,True,0.120489968053836173662824552000745749658772698,0.12048996805383617439712899916703352853599982,0.00000000815565269879633356322546147478310527531571391,0.00000000564225233845223149920251518232966656444110365,OBSERVABLE,OBSERVABLE,0.0,True
development,NONSYMMETRIC_D04_C10_E1eM16,NONSYMMETRIC,4,10,1e-16,2859847189911971493,3.066009937212115e-10,0.000000881913602675482594656456181366441978415974917,0.0000000471359796112493492036507260507106728169292688,0.000000434266512356517063018598082168124558864112512,0.000000405394425008314917911022726465478886210816408,2.59896511846034243818822206583219302853182573e-16,0.000000929049582546628455706141151235974857816123488,0.000000839660937624728492775655052452425651658148223,1.02747054393896770743439385571620799086030057e-16,3.84493267531797866504340458830290434549944899e-17,1.69468189731000729306220050636172298334266511e-16,1.47027958619298269751135554659368916241710483e-16,1.05165821270224375795157045771758280218677721e-16,7.70113728451013740237422054745801510613516347e-17,0.0,6.77845942868643169800469704189263040820094378e-17,9.53961547827483739159834772811993782890515795e-17,1.05165821270224375795157045771758280218677721e-16,7.70113728451013740237422054745801510613516347e-17,True,True,False,False,True,True,True,True,True,0.000000512720368181240912122370477322569817096245981,0.000000512720368210692296680299046871048817773907427,0.000000793740625247272048431276326889772001602171682,0.000000717370751945322397198244019504398833112196907,RESOLUTION_LIMITED,RESOLUTION_LIMITED,0.0,True
development,NONSYMMETRIC_D04_C10_E1eM15,NONSYMMETRIC,4,10,1e-15,3580277374669733770,7.70809860739005e-14,0.000000210077800839042745940314335444190995413204849,0.00000016191027010984443979014817046099097195797182,0.000000078786240271209300156653045404980420936406612,0.000000541337573426096953275360610764102336608343554,2.39149347182650363778973643307019328418904866e-16,0.000000371988071188036532913112869684155610678195997,0.000000620123813936455600614664019948056400851769495,1.20141766932335173480445099599590427214627106e-16,1.14492842880088695233239470529827161755694182e-16,1.13899359547771034453898731925952975621717274e-16,2.75869996148113517953788894642863804650665876e-17,8.24328921890094837378812002456357684911606725e-17,6.1388370662758887679419228911562694774623247e-17,0.0,5.10539606047072986862371263955506069714980322e-17,8.51797172940564442500656695833278882239610365e-17,8.24328921890094837378812002456357684911606725e-17,6.1388370662758887679419228911562694774623247e-17,True,True,False,False,True,True,True,True,True,0.0000009285598807084412459301252083994173526230489,0.00000092855988070587703546571209233988807332678386,0.000000345382253385458433038958586115286482036380113,0.000000575770506702866533050995556935589629313016846,TRANSITION,TRANSITION,0.0,True
development,NONSYMMETRIC_D04_C10_E1eM14,NONSYMMETRIC,4,10,1e-14,16446268838072691269,1.287410508337155e-07,0.0000000448801668794747061779434752362674392005729288,0.0000000872021881363152152933908883728236941597533798,0.0000000466105333526694766797399548752843216903701794,0.0000000809406581007414319316854363189412668244508665,2.82609468133200149247972757787929423815739899e-16,0.000000132082355298399389604534512857063891148255732,0.00000012755119173602037674462554044219834630275047,6.13682821745755954384492939912658282515718654e-17,1.03873506389822687453830857960216177545412455e-16,1.66255666254854631234368013570055316453189597e-16,1.38910338052147704828826834042170463339759196e-16,1.49520825080512688411269116917330678214410777e-16,8.93169729172964636908211779756762934129169892e-17,0.0,2.90186307948842060923587046820164766397232888e-17,6.72931041614840344003717353309137887845754572e-17,1.49520825080512688411269116917330678214410777e-16,8.93169729172964636908211779756762934129169892e-17,True,True,False,False,True,True,True,True,True,0.0000707332350642536433129594524033284102096375151,0.0000707332350642202184687586749972790952303997229,0.000000103773699007321248037307130153879716371048383,0.000000100213680694406144283264422494109592870208449,OBSERVABLE,OBSERVABLE,0.0,True
development,NONSYMMETRIC_D04_C10_E1eM12,NONSYMMETRIC,4,10,1e-12,2939929111680959684,2.126921138518526e-10,0.0000000523582974327145686344152344020869917768122325,0.0000000904633227385444009654046931211703343069519067,0.000000019391687502765524339420885387480451509616102,0.0000000350578528485716914410798744511625644811091244,8.58819202279399241396712324664080309909164544e-17,0.00000014282162025714088982775985166292855855017217,0.0000000544495404372191360084406839783142484571332574,5.02543750704505748082083373491732422213466009e-17,4.07827739966682048304990054122304427352955055e-17,4.68568045923049352838776465943807225357455791e-17,2.91491991533036949881355994371574021412725254e-17,3.95785904762931422260056250637617415378184473e-17,4.38286671373707262993713960939691930416703396e-17,0.0,2.58482305111451268437417740823980741426816411e-17,1.92413685984110694890845168067722460403855894e-17,3.95785904762931422260056250637617415378184473e-17,4.38286671373707262993713960939691930416703396e-17,True,True,False,False,True,True,True,True,True,0.0051140602449131025496293854203173585886209343,0.00511406024491308434797426183412914360436921543,0.000000368763837822844346325684500803414181422994802,0.000000140588108881331349131494712599508341919223653,OBSERVABLE,OBSERVABLE,0.0,True
development,NONSYMMETRIC_D04_C10_E1eM8,NONSYMMETRIC,4,10,1e-8,13271854272228353547,5.89176906886721e-15,0.0000000083007474243872377358955743825080511374660597,0.00000000157099469160071439912031030272200402780228326,0.000000339568572449115710526514777087744611128142001,0.00000000485138023627316411373990069686426995602254351,2.38685009410819969076131461765838120547567685e-16,0.0000000098717423546729615458358537613615169311064635,0.000000344419952924073884051074646860740342850002665,7.15268058479380295536161927095313910044774274e-17,1.66562306253886448017667951167524962511756301e-17,7.07086567234116269386377302161117385452120242e-17,4.56822620034449693983365760559799318546282792e-17,4.23276554454150261993890081926548115558619065e-17,5.30164546763880908761649667824089123817466411e-17,0.0,9.0667901028643600248466663521251833293747653e-17,8.9824100397249067025427314904135431518530493e-17,4.23276554454150261993890081926548115558619065e-17,5.30164546763880908761649667824089123817466411e-17,True,True,False,False,True,True,True,True,True,0.609282032896852146034495385265055179117454232,0.609282032896852090896157621781407087718885492,0.00000000754911005626134968394611368712441479098987058,0.000000263384520865802485685716887383899945329120874,OBSERVABLE,OBSERVABLE,0.0,True
development,NONSYMMETRIC_D08_C02_E1eM16,NONSYMMETRIC,8,2,1e-16,4494217851407259990,1.7710215731281926e-14,0.000000000000013007143520118390718383455782654450104209189,9.70807377308341411659736219030090248667997973e-15,9.8546888736754078345332365925587060337879397e-15,8.10299089107659661824803159521449782884876765e-15,3.28596007891340399061918823124215169603205937e-16,0.0000000000000230438133010931452340427367960795677604923746,0.0000000000000182862757726433448518431870108974190322399133,1.26733214030780613385289055795475108866835837e-16,1.04927144379783714522293714618433604461411838e-16,2.1812421540521876342269617535081795640505599e-16,2.41119082423383162446936018853317830506778902e-16,1.56762882820012512824583783580153997810188324e-16,1.88483904952203303264502994162205579967021592e-16,0.0,9.63354605571570442792814763199598152808588105e-17,1.09689125278704503452625938596278928012447531e-16,1.56762882820012512824583783580153997810188324e-16,1.88483904952203303264502994162205579967021592e-16,True,True,False,False,True,True,True,True,True,2.60109874821225346244336911334553155296056497e-15,2.6059383655505314767982938491110929964527058e-15,0.00000000000001557156598840788588157104301055864734172921,0.0000000000000123567200512960484557082574133154215122211426,RESOLUTION_LIMITED,RESOLUTION_LIMITED,0.0,True
development,NONSYMMETRIC_D08_C02_E1eM15,NONSYMMETRIC,8,2,1e-15,4177754880009080075,1.83135025935762e-14,0.000000000000019957253867017141680059982039347198896458393,9.48753380517533230585266755090616098506424721e-15,0.0000000000000152346905271837044130715776423477739644061659,7.9226067614569724799321421833312909503694952e-15,2.59896546744176855182579330815504857493327331e-16,0.0000000000000297046842189366508410952289210688647390159676,0.0000000000000234171938353848537481862991564945697722689884,1.97383576169697752039640322557027190421862898e-16,1.14347107757073354229770517962814872829311677e-16,1.64625897651059697795678499823921632402130354e-16,1.13217008470013471577182322981438764363721311e-16,1.40382668690046539354206484294714139652848568e-16,8.38946712051580568818606169598474736424096785e-17,0.0,3.86843780248096157840345059416259077003783104e-17,7.80633007992395361688067627735858821298146069e-17,1.40382668690046539354206484294714139652848568e-16,8.38946712051580568818606169598474736424096785e-17,True,True,False,False,True,True,True,True,True,0.0000000000000354412691269416782855511181488504895546703185,0.000000000000035416128246705402432257809931651205583426784,0.0000000000000253784244325067499282747747791782351402751008,0.0000000000000200066588754987772483307566625711775476783894,TRANSITION,TRANSITION,0.0,True
development,NONSYMMETRIC_D08_C02_E1eM14,NONSYMMETRIC,8,2,1e-14,3124709001253296562,2.1808112561509567e-14,0.0000000000000129846556676700651218901566157479904791154731,0.0000000000000275918660126866849179739046048968089022329792,9.74894182324684073169533151376092748862482167e-15,0.000000000000023477217209423217329544175535382240673473431,2.99554549237436386885380853739311631477690825e-16,0.0000000000000408760762295941864267494420743841110128261431,0.0000000000000335257135819074944481248879028824797935759435,1.72893018822824758757681156799438808820611135e-16,2.00611469316149944751659847550833710255134544e-16,2.42730403655360650860022043723724185904439594e-16,2.43897678759028477524990562608450569642105653e-16,1.46943110204466845515377695779981388644351385e-16,1.7217839908373660257814291064802052883290034e-16,0.0,1.06377166789691609773674542208070658551359857e-16,1.74576057670469489066893894225378644479738946e-16,1.46943110204466845515377695779981388644351385e-16,1.7217839908373660257814291064802052883290034e-16,True,True,False,False,True,True,True,True,True,0.000000000000701161541708546180457437130998351888363641744,0.000000000000701210758686551060418197717670493007790147038,0.0000000000000302993635729737718520898072352306462291684829,0.0000000000000248509122831647300705486087854504491382363214,OBSERVABLE,OBSERVABLE,0.0,True
development,NONSYMMETRIC_D08_C02_E1eM12,NONSYMMETRIC,8,2,1e-12,4784670572554172589,1.515709484858457e-14,0.0000000000000159998733414684407397527476011942284214642978,8.87932666277008627333630496062463229992370178e-15,0.0000000000000143583167510697810149229233431075762244518656,4.93142685246059652049670613730679644240738171e-15,2.82616642558312626071636846231154415677622211e-16,0.0000000000000251618166467968396391606894080500151370656218,0.0000000000000195723602460886901614912663266455270825368695,3.08461240356504631096741841613033599543674555e-16,2.91486856839980129240636080922265412254575901e-16,1.31157943957912021851015738240373736433437958e-16,2.49691567211187171505781279448438773091548988e-16,1.21636086974110082639769462504956328099511595e-16,2.41937417523822635853511340001326406808711043e-16,0.0,3.25477630064261099606124001182602981992008924e-17,8.81262851306047905823184793878819963212379315e-17,1.21636086974110082639769462504956328099511595e-16,2.41937417523822635853511340001326406808711043e-16,True,True,False,False,True,True,True,True,True,0.0000000000532316585350594739148164922543207031211960237,0.0000000000532316872404054495588161181457536765303094204,0.0000000000000197689901976917798256755799310688584095889101,0.0000000000000153774985042614633078741170591112243345325694,OBSERVABLE,OBSERVABLE,0.0,True
development,NONSYMMETRIC_D08_C02_E1eM8,NONSYMMETRIC,8,2,1e-8,16472513518903424566,3.1774554242758533e-14,0.000000000000025737740863964167260821267004476060020202446,0.0000000000000210751834437505722106986571497827443228083782,0.0000000000000190535142012371651604302223075592608216852532,0.0000000000000334838822218202318062684233388279294365301333,3.89686648281264801455187676299854848315093104e-16,0.0000000000000472026109559960042729751118305586591913259173,0.0000000000000529270830713386617681538333226870451065304796,4.23787182084855032302092001962362468960490784e-16,4.29243053943082087894576712090597937052526077e-16,3.36025922779083910951956460242482565874910374e-16,1.9529458303323263050999877957226121461876091e-16,2.00910894998163718018839452232634907106195539e-16,2.58560462703209476243729348809939768032352748e-16,0.0,1.56769550703661031405228867338886655821894377e-16,1.22569193574250007686794227922810198211157506e-16,2.00910894998163718018839452232634907106195539e-16,2.58560462703209476243729348809939768032352748e-16,True,True,False,False,True,True,True,True,True,0.000000450318274673495305252865785898630930481888227,0.000000450318274662536170327793991529210031473578552,0.0000000000000268961837747266329009274509460922195982226524,0.0000000000000301580044856844960555364619230976453251023502,OBSERVABLE,OBSERVABLE,0.0,True
development,NONSYMMETRIC_D08_C04_E1eM16,NONSYMMETRIC,8,4,1e-16,1323502162765575003,1.7607050387649138e-13,0.000000000000285745727763409502223814288250095552307788293,0.000000000000827331853210946913422787252957752741253999995,0.000000000000141654667154679739557457385624822386767805224,0.00000000000033544800445618888845681645456749658736210704,3.5178481278550450352467706543935984391959407e-16,0.00000000000111342936578714192015012621827328765340570788,0.000000000000477454456423654132517798517257758333973831858,5.02153533200465636171351842045359763411658289e-16,4.57706621929756775268093692282398760135057934e-16,2.82016316874423583036917379180760618808604575e-16,4.67574700702611030856750669692429507529482638e-16,2.83027802545215070833862652610461559074194169e-16,2.86290957910408880352229900209236684639264245e-16,0.0,1.50124033172051694786988047443769209344061577e-16,1.92407700441795370532777794142261944063350796e-16,2.83027802545215070833862652610461559074194169e-16,2.86290957910408880352229900209236684639264245e-16,True,True,False,False,True,True,True,True,True,0.000000000000316252875144926412072868780381017531002694298,0.000000000000316266709209354813562137495778068775845461142,0.00000000000070279038392958058726221782442267793199297264,0.000000000000301366580628714467075223498258090256834589387,RESOLUTION_LIMITED,TRANSITION,0.0,True
development,NONSYMMETRIC_D08_C04_E1eM15,NONSYMMETRIC,8,4,1e-15,8733922341108584867,3.8148959863755714e-13,0.000000000000177191116644312963753228665041962406771544614,0.000000000000340725656772172153617557791062637955448264217,0.000000000000170818596513892694594806606480223704176246591,0.000000000000183046426081532954008618351354174946325365458,3.36747316433711594345959633998416401996560959e-16,0.000000000000518253520732918828965132415738598778621805392,0.00000000000035420176991185936019777091746839706690360861,2.84104235888295331437166884172618508615991122e-16,2.84055392767932558698634838245606990009184093e-16,1.77722398948333656545590033399345899060029489e-16,1.70294038105454966377543552717658243058423559e-16,1.64654162911916242338346718060690077201119871e-16,2.06791466460460246021849064952508361634480354e-16,0.0,4.77099252628048023505758356366643100480286238e-17,1.09556589443997321683043769436809918921748705e-16,1.64654162911916242338346718060690077201119871e-16,2.06791466460460246021849064952508361634480354e-16,True,True,False,False,True,True,True,True,True,0.00000000000399145537614167984321807276056231686080388209,0.00000000000399146079309399199833387164951079563161654788,0.000000000000341726251839905332769067101369543923316513263,0.000000000000233553730722107453440224153080938819217720293,OBSERVABLE,OBSERVABLE,0.0,True
development,NONSYMMETRIC_D08_C04_E1eM14,NONSYMMETRIC,8,4,1e-14,18364031469854188416,4.2411719172391485e-13,0.000000000000213003802687300835200039616575414550264423015,0.000000000000100410594677781224553600333035077762934757935,0.000000000000207292379965509411628621453530319461628833204,0.0000000000000980985307357150862306759364430519163376579755,3.96584345346639408542563464800536092972301015e-16,0.000000000000313810981710428699162182513075292849292153251,0.000000000000305787495046571137267839953438171914059463481,3.87007395135703934644352579292657849435823662e-16,3.93961882682627849871901262029211300175319908e-16,2.96101392749653450485197388119462030668576842e-16,2.35684329231552789153000980987154876853007613e-16,2.48631558932832523984894367650401577264118952e-16,2.05037950488990671134421479052903087455792284e-16,0.0,7.75261074111656950684584917089641786108541365e-17,1.3619703958819006103449762856981649936251073e-16,2.48631558932832523984894367650401577264118952e-16,2.05037950488990671134421479052903087455792284e-16,True,True,False,False,True,True,True,True,True,0.0000000000505878839362489640473935339283685980373670529,0.0000000000505879018107894519406847060187219175576281346,0.00000000000017570041851537358912561804807087395165673986,0.000000000000171208128420525573232014417013142796017497827,OBSERVABLE,OBSERVABLE,0.0,True
development,NONSYMMETRIC_D08_C04_E1eM12,NONSYMMETRIC,8,4,1e-12,9553915480070111275,4.908707536150922e-13,0.000000000000356282964061470242548281293068198650792867723,0.000000000000345011759825327143433077988850030567717195425,0.000000000000187475430090097264475051938426310207331331996,0.00000000000083992633069079615964463892353472177660126693,4.16592605235552595164307940484332292086693322e-16,0.000000000000701711316492032938576523589858713550802149841,0.00000000000102781835338612897671485516990151631622468562,1.9927274377843879979132977296372885765109503e-16,2.69422074068974450026722779395159458516621091e-16,1.74838096756153827275538025194645716268861649e-16,2.23514593675607251822833862027742970649193037e-16,1.32321521764512997824835837426780953917835623e-16,2.31155571563052651460390045520581340750356718e-16,0.0,7.55498594099352230131025636536779235021396086e-17,1.47920979897130134207819091937428907038257014e-16,1.32321521764512997824835837426780953917835623e-16,2.31155571563052651460390045520581340750356718e-16,True,True,False,False,True,True,True,True,True,0.00000000480340610956365327974477131692143812108354948,0.00000000480340608945480678141023018502142500545841187,0.000000000000374013388377349742024897937738268675204651993,0.000000000000547829023063416647650863802374551225805666638,OBSERVABLE,OBSERVABLE,0.0,True
development,NONSYMMETRIC_D08_C04_E1eM8,NONSYMMETRIC,8,4,1e-8,9242205234197731764,2.9419040380957133e-13,0.000000000000186342322144537870247920262303877099250914356,0.000000000000974336982051504956039878208829713092238643056,0.000000000000281931761206776224893303546194587411119978162,0.000000000000688527056682383688408955485240397031703753878,4.02748059012554704304411268245580512925750268e-16,0.00000000000116108205225505538099210288240183577200248316,0.00000000000097086156594817246800656344270323002333665779,3.41189409103563112868161716202232173488518988e-16,2.90416579711148520549760746514526408396942455e-16,1.78068836701966049219183098917796189824498376e-16,3.22993549929389576745918677339235505562127109e-16,1.89454357795130029412248312328276230541373913e-16,2.80692964062939346474176843515726852664928513e-16,0.0,7.75876436426941577386047948721196564490885822e-17,7.61730129127200199602053189209319535587178486e-17,1.89454357795130029412248312328276230541373913e-16,2.80692964062939346474176843515726852664928513e-16,True,True,False,False,True,True,True,True,True,0.0000443127045587463917045775706492049568883031285,0.0000443127045587209583909115582131890565420226153,0.000000000000640125256566137665740128233957925086234026007,0.000000000000535253307710467356957174285214192505521833538,OBSERVABLE,OBSERVABLE,0.0,True
development,NONSYMMETRIC_D08_C06_E1eM16,NONSYMMETRIC,8,6,1e-16,238568259158462125,7.203264714343277e-11,0.0000000000218265224131688833409244765163562041242847581,0.0000000000629113887311396863524918218808624287534796225,0.0000000000542036848663230491133439114560893203496898541,0.000000000120957269234413914773291296863180096302363359,3.33066907387097860326834119110597353656674291e-16,0.0000000000847382442112159567912766252313377434751180373,0.00000000017516128716764435098449553515338852724940687,1.75432675065885093157027080749259567135838691e-16,2.42795989004430113616421062004342523862302791e-16,1.82850058338963661401068336912576296549025532e-16,1.33485246706936265018444885069485553547901363e-16,1.5918059383380978200513512716517709621194923e-16,2.12965767139616952604833446885215128174597541e-16,0.0,8.09477989912570841721678742604017117969604371e-17,1.34601028193264908211934384642858224044594966e-16,1.5918059383380978200513512716517709621194923e-16,2.12965767139616952604833446885215128174597541e-16,True,True,False,False,True,True,True,True,True,0.0000000000135836599470554376640233270137458967378627437,0.0000000000135836752540654689308138406952053476421150615,0.0000000000564921628074773045275177501542251623167453582,0.000000000116774191445096239476858871563062321401755899,RESOLUTION_LIMITED,RESOLUTION_LIMITED,0.0,True
development,NONSYMMETRIC_D08_C06_E1eM15,NONSYMMETRIC,8,6,1e-15,9167886977579213811,1.3404016440348625e-11,0.0000000000086716210736997540497084930371785489286576237,0.0000000000304339202134735056199561496451837195404044336,0.00000000000954662215742435559768128940658938459726276321,0.0000000000163924143423403566885208066529205678346888425,3.63502684421089169640404323561592331482751755e-16,0.0000000000391059047898576807588342830866858300613935401,0.0000000000259394000024491333753717364638335140242830884,7.58615207931654030263777042204381581161365546e-16,7.47669223065113061869136991361404965284911721e-16,4.4423663687439297400313565632477919353484073e-16,3.72346269193024328318206329855438384155575912e-16,4.22530216518385014125365725490991567763531694e-16,3.44904771883126763252247823805823072416031405e-16,0.0,8.60737903326611242591868108918041481211313615e-17,1.79618100985175995399954228879769848151051218e-16,4.22530216518385014125365725490991567763531694e-16,3.44904771883126763252247823805823072416031405e-16,True,True,False,False,True,True,True,True,True,0.000000000551554743345702425233991086559960814394753742,0.000000000551554688532695249349498655643774865375318453,0.0000000000238877332961374392055135308912714061317712296,0.000000000015845010426175764628821291289880525950221107,OBSERVABLE,OBSERVABLE,0.0,True
development,NONSYMMETRIC_D08_C06_E1eM14,NONSYMMETRIC,8,6,1e-14,15362983648756837360,8.103083457595986e-11,0.000000000048732488026779479613715143440971665885393632,0.000000000121247261249153320704000494281850059803266885,0.0000000000275545581480993918872307202494499038649180784,0.000000000105331222180168736540731187135242643593230923,3.40387933498889203286804943968533190440300939e-16,0.000000000169980089663866299206918924527765694221850958,0.000000000132886120716201627317165194189636515991339441,3.44673597693667791560512936206806537593493873e-16,3.37589394050488012207998118471339581591440708e-16,2.4140969350288682414375700864096188886646966e-16,2.72709962549604710155264439423010589800621984e-16,1.92150528581312851356100976289528442316908749e-16,2.52339242866132748737180836888833449600571316e-16,0.0,6.55815083462759483860172830404505771221242228e-17,9.83089935112919100463358652612285275757289765e-17,1.92150528581312851356100976289528442316908749e-16,2.52339242866132748737180836888833449600571316e-16,True,True,False,False,True,True,True,True,True,0.00000000391885584685182826820908054135118607093729759,0.0000000039188558610102183672692995726658777910205943,0.000000000110882784347881230324869422408525736657091736,0.0000000000866853470623469149707331033978979928350277463,OBSERVABLE,OBSERVABLE,0.0,True
development,NONSYMMETRIC_D08_C06_E1eM12,NONSYMMETRIC,8,6,1e-12,4117126953774991640,4.7118537188010156e-11,0.0000000000110269314315910213282330281159788934184045546,0.0000000000737002680220748354035212644700960200260941264,0.0000000000052181463151456787657427830125167363876577402,0.0000000000412971812467766396293753804021600122593919216,3.20237231069712917593682376902178745348590601e-16,0.0000000000847275196908969264446718862684518156232440295,0.0000000000465156477991533881080357570970536508257950104,3.12932606847790116439480826394562702886018499e-16,2.83854828983546536630793051196970354745348983e-16,2.37986864773121106736701975395067632853046339e-16,1.48585936061196549966492782871438987692449307e-16,1.95521975694353773601309076216265635505332472e-16,1.82986452934611581870216700082735272540424726e-16,0.0,1.12058745454803779942743382414911867659245326e-16,9.04910778460746310825815176850394033483897376e-17,1.95521975694353773601309076216265635505332472e-16,1.82986452934611581870216700082735272540424726e-16,True,True,False,False,True,True,True,True,True,0.000000556082872129211508913214042174107758662527655,0.000000556082872142326056017732673172155961551078528,0.0000000000587479647477718617317869427338438235982233263,0.0000000000322527987021675394722212826340094894960126097,OBSERVABLE,OBSERVABLE,0.0,True
development,NONSYMMETRIC_D08_C06_E1eM8,NONSYMMETRIC,8,6,1e-8,4638177383173944616,9.56726900520898e-12,0.000000000090075525541671400706609740398260692650235964,0.0000000000908451191312603525921080131220955966404962542,0.0000000000528722004389367700451453523721190553009891358,0.0000000000731137672757385107500145204031215140263596536,4.05891320008427103561999343566061611889824024e-16,0.000000000180921050564251761725821315519699855352344108,0.000000000125986373605995289222263434774584135388960679,3.2153791423044669297046275839216205394120719e-16,3.44835644881528769346478247705248030901228379e-16,2.90175218046975802553546508620634922184436144e-16,1.80112071651782296020064349556341232260405849e-16,2.45829955608617027124419019345389081252725134e-16,1.8312299978693962092854712446338431890956826e-16,0.0,6.41302235562730651094561781097379721198103894e-17,1.31196431412284260296934555184928772186759347e-16,2.45829955608617027124419019345389081252725134e-16,1.8312299978693962092854712446338431890956826e-16,True,True,False,False,True,True,True,True,True,0.00487882263646259532086541331056183366846327559,0.00487882263646254918403982892270745870173140518,0.0000000000988477293275656605309103530193333688663761098,0.0000000000688337090588820003000422028348233693205313365,OBSERVABLE,OBSERVABLE,0.0,True
development,NONSYMMETRIC_D08_C08_E1eM16,NONSYMMETRIC,8,8,1e-16,15476274101243800514,2.6541318215173967e-09,0.00000000175071498376765211646650893185914515827182933,0.000000000745117905853375544328604073588552806860039907,0.00000000105041388346798564474038865455065573751606739,0.00000000205516512669261578705989957373588394081068373,2.52194191494952347837450012299768320024365436e-16,0.00000000249583314181521915574746084289771026490018927,0.00000000310557926235479292675263606573655197809507114,1.79012636631931076078269434100294060344788448e-16,1.7398506452658846937749077697220104852244034e-16,1.40597812746822590091311579343768499129025881e-16,2.12861463713693559927925547702536000955933694e-16,1.15906916718198734015932657308062568447727375e-16,1.38994627613824400344725537891782408158844472e-16,0.0,6.41984691911158628554608086944846720209150194e-17,9.50467957193024948761277805819392787316709317e-17,1.15906916718198734015932657308062568447727375e-16,1.38994627613824400344725537891782408158844472e-16,True,True,False,False,True,True,True,True,True,0.00000000618486126036629057734625016940959935165929812,0.000000006184861261108547452091936350692958785095046,0.00000000219745855174873890111059599909339771414733422,0.00000000273431007620633967071716488504617485531292176,TRANSITION,TRANSITION,0.0,True
development,NONSYMMETRIC_D08_C08_E1eM15,NONSYMMETRIC,8,8,1e-15,10580511436794185340,1.4501815913736822e-08,0.000000017848936045154607602017464272291900544796684,0.0000000249325127382006805223131280596981853965539777,0.0000000158432242771792496869264946553899459718718615,0.0000000140673896884021981722802247017572298247030371,3.35279999633760756527636224433853390268668552e-16,0.000000042781449118635287758091348859626310375204052,0.0000000299106143008614474929674758847834002304282889,2.01650593298418089228023888880777709692359145e-16,1.94496615728108594481236231469823520622872161e-16,2.57873048455635393363623628313317046884661539e-16,3.01263616454834518555983063187723610239459828e-16,2.08247574185522839688416903473993585848528469e-16,1.94521383023812800504092408301187461197148336e-16,0.0,8.88468421807443350278340358553253630689795938e-17,1.94234704712618518690347283125070296938042966e-16,2.08247574185522839688416903473993585848528469e-16,1.94521383023812800504092408301187461197148336e-16,True,True,False,False,True,True,True,True,True,0.0000000265564271379919571922212972105025861208760798,0.0000000265564271473523106146033487026179694750107488,0.0000000283327068198821193086306276960995670315054553,0.0000000198087882305917104620929145606752368031318889,RESOLUTION_LIMITED,TRANSITION,0.0,True
development,NONSYMMETRIC_D08_C08_E1eM14,NONSYMMETRIC,8,8,1e-14,5279057991999966420,2.366936254650078e-09,0.00000000106382345300422020337473384792999338902692323,0.00000000217288919725546530858372277490626702568725895,0.000000000982867980005402854019942701468719431319674749,0.00000000175170489941623559968345746196451504739933962,2.81742976106447971425934525203136320599085535e-16,0.00000000323671293200266161840642804877078561785050278,0.00000000273457316116461456015137158936775968185533497,1.45767840921920481499967138971748144500452656e-16,1.25453541926145764734022022678990888535228114e-16,1.15411141123299370831679103681287743230891637e-16,1.34164359298875069889548490366680630302884028e-16,1.0478316736678471433418170609824066010525069e-16,1.06246288807447161277753447266951366344427021e-16,0.0,4.48150166687604878231793528736782418057512753e-17,4.48059103207467720961750307970166828844159319e-17,1.0478316736678471433418170609824066010525069e-16,1.06246288807447161277753447266951366344427021e-16,True,True,False,False,True,True,True,True,True,0.000000551890474690918747580280213572404571704860295,0.000000551890474684398424448259299862041933363075491,0.00000000255088714371996819001886899975863399484794927,0.00000000215514556493598602747453882631293101026393848,OBSERVABLE,OBSERVABLE,0.0,True
development,NONSYMMETRIC_D08_C08_E1eM12,NONSYMMETRIC,8,8,1e-12,11126506733593128353,8.749135153690877e-09,0.00000000344297212092412077414881989266810181705231778,0.00000000457156687478583326461099054891583032232461035,0.0000000020480618776518804904457981952827408856831363,0.000000000399744224909919679482111688658606604906400794,3.27091311991219962992977971795705689662907628e-16,0.0000000080145393228012660299797734345619039350826178,0.00000000244780642965311216114787287691931928629522676,2.32525854834262600700095004614494745712738591e-16,2.18861366270207152754623413509136465938484819e-16,1.24064628784931238908427331530870000921583554e-16,3.23035173165215077116116297575654395335803359e-16,8.63236785856599506283114108416771380829795044e-17,2.68850173356234915195699173322738774319290353e-16,0.0,1.07836333481490953494085231182821883166938547e-16,1.08697967568685566469711603813130080221916568e-16,8.63236785856599506283114108416771380829795044e-17,2.68850173356234915195699173322738774319290353e-16,True,True,False,False,True,True,True,True,True,0.0000145748701807696436540138492455592971020501844,0.0000145748701807656694852430859552388095047713347,0.00000000544062380185680291825298896779659453257451359,0.00000000166167927900989274110780740477283376517360583,OBSERVABLE,OBSERVABLE,0.0,True
development,NONSYMMETRIC_D08_C08_E1eM8,NONSYMMETRIC,8,8,1e-8,8643252055699451114,4.118283748299586e-09,0.00000000256387834659174459587153599126745785445982674,0.00000000646503371670544207690504908113373960341035463,0.00000000630718894780449795609083310976716798584892579,0.00000000270704416494625638748025013409103475818536965,3.19540446182062604147603624893401376557248694e-16,0.00000000902891238283763285483918922000482235127155792,0.000000009014233432291200525633687391461827637435672,4.3188848976189697488699902644045498194749339e-16,4.2614832860887518135741605767611649656861655e-16,3.76791522967873413573110497578983619287884128e-16,4.790637410242457402180037131511687078912423e-16,3.18490194743505816164427062736065553179475266e-16,4.22297422592359933946889316312311977152367642e-16,0.0,8.62037140556678887013466202186432548070620226e-17,1.09783152631420770066305491255898214400102654e-16,3.18490194743505816164427062736065553179475266e-16,4.22297422592359933946889316312311977152367642e-16,True,True,False,False,True,True,True,True,True,0.0513601816408655014507835996411045378014135499,0.0513601816408654944238962839208652523142074461,0.00000000621575962258535514256959905826467067612202378,0.0000000062056542162817262992906760448548190437737278,OBSERVABLE,OBSERVABLE,0.0,True
development,NONSYMMETRIC_D08_C10_E1eM16,NONSYMMETRIC,8,10,1e-16,10905083731053522153,7.856247395709519e-07,0.000000892870698729260261421259298458181957209539535,0.00000160135969826261986048850223442123247445835003,0.000000818731280305676550926856854110786401309662149,0.000000924186702854036930956115097889556895909853306,3.03641388567982003748299611189409779184623023e-16,0.00000249423039729552151047774353662771404285729934,0.00000174291798346335487045095395574864290840892523,2.85753383105835022462720281984731014179249056e-16,2.87732373753019406111908526605057557074149653e-16,1.1420331686685094347638961911262846977143523e-16,3.30718446648305942514926911515145413247558775e-16,1.42035831299563082393488855538142796234002418e-16,2.84245102344245796761694491083936387629218347e-16,0.0,8.15960316778618784290142255329993788774254966e-17,1.29036260124605935998173490238126135930691817e-16,1.42035831299563082393488855538142796234002418e-16,2.84245102344245796761694491083936387629218347e-16,True,True,False,False,True,True,True,True,True,0.000000513395893218171504376987352740040119356278293,0.000000513395893249939074953704747447662904111371449,0.0000018239619089618721914455988213614441307730091,0.00000127454785882201772615288048028585925347415403,RESOLUTION_LIMITED,RESOLUTION_LIMITED,0.0,True
development,NONSYMMETRIC_D08_C10_E1eM15,NONSYMMETRIC,8,10,1e-15,12947318123120723973,2.2578391868267631e-07,0.000000198397449129366545290590328265580581820255343,0.000000560795749929793457098036641560540391142274682,0.000000218880278416540063826948065834600564406934516,0.000000197880712056948710861470612983358049796425427,2.95410971287613595943347811654814307538268596e-16,0.000000759193199354570973676240565769468784617344333,0.00000041676099076889974597603227476130642585817425,4.42054166980785022391556857758627125348699122e-16,3.61980743437493139919940598296122468507416456e-16,1.87796776174723145701481292843904115468648596e-16,4.56474119085283663938686930078253393489253225e-16,1.49307176543658490732766651874962577910035021e-16,3.29511724277916769844458250302496524219628735e-16,0.0,1.21160490298759552425998027761052795967884557e-16,1.52731612444404387885170955829049685563474943e-16,1.49307176543658490732766651874962577910035021e-16,3.29511724277916769844458250302496524219628735e-16,True,True,False,False,True,True,True,True,True,0.00000304241899415202621103545744525561727596251038,0.00000304241899413181494443184156049653103295863559,0.000000570644552781623083123189015490676627788148252,0.000000313256743337967133115281130489862313052571223,TRANSITION,TRANSITION,0.0,True
development,NONSYMMETRIC_D08_C10_E1eM14,NONSYMMETRIC,8,10,1e-14,8012215977230250822,8.980859323001697e-07,0.000000217958921371974490957350335256932422070441907,0.000000301769341456825131515611784865949087321188463,0.000000110106267375701209237121347643290209713829965,0.000000549042750306593781485038920955981720006247942,3.44699975851322120732649132299882870819638702e-16,0.00000051972826317349959832428424085553064169151324,0.000000659149018026994966573482389331921062019960778,3.8369412210313280250376070513332658875874678e-16,3.66029397330979384825159588820680177183503471e-16,2.65410650965456807459061273839130775415290782e-16,1.77029789967178251097618612499165713944149124e-16,2.41227649386251799738522669270657931235211571e-16,2.13736888673349783001098338981304996238453073e-16,0.0,1.49648650393666380388128922779036098666352801e-16,1.92019330687364975754052388561005385030927634e-16,2.41227649386251799738522669270657931235211571e-16,2.13736888673349783001098338981304996238453073e-16,True,True,False,False,True,True,True,True,True,0.0000580780988314357038394771180997168313029007641,0.000058078098831409604368720745370005916451918712,0.000000334786404651004680624796748832785957348194341,0.000000424595207747689558700050991792564557405293717,OBSERVABLE,OBSERVABLE,0.0,True
development,NONSYMMETRIC_D08_C10_E1eM12,NONSYMMETRIC,8,10,1e-12,5548796162926088972,8.139059544420816e-07,0.000000661415765380413213374288998771832968420000925,0.00000142702888959282440681751065907830157963927593,0.000000402525373760126449480246254082045648931378343,0.00000178976264976125804083902510426045738173146113,3.90251498722272812603277836641450694168154853e-16,0.00000208844465536348911891407247045341238470072755,0.00000219228802391163598904154417094578086730429017,3.72815166504232467659294386788019132689306366e-16,3.40349934146997062688719430032957965240915252e-16,2.27798719095542068907797463851905951243434549e-16,2.60180288835200477322851485602500873634733865e-16,2.68969860015170388587765959102847246189926085e-16,2.90483870435826552671886880276108731152960202e-16,0.0,7.45676673927992975482163171719532593065798175e-17,1.53531093860237228995915571459411856425144297e-16,2.68969860015170388587765959102847246189926085e-16,2.90483870435826552671886880276108731152960202e-16,True,True,False,False,True,True,True,True,True,0.00121482947937799347022703527737988969311415102,0.00121482947937800636553701910007363676009423186,0.0000011880746544864570032055599961259579602072667,0.00000124714908286151800739049482078329933891438118,OBSERVABLE,OBSERVABLE,0.0,True
development,NONSYMMETRIC_D08_C10_E1eM8,NONSYMMETRIC,8,10,1e-8,7114902211182750907,1.2597982923074494e-10,0.000000107765292153161352549889924461349772396605034,0.0000000000458891716628063684566512683915221822605231304,0.000000105565654941877002346457699623697097786317067,0.000000000268587881048620004521533964358042594680154052,2.49628655497112620713685148377481527339274913e-16,0.000000107811181574452814415459196443426442956347085,0.000000105834243072554277848091854301740288758478748,2.73844967688554034235726420033642759443183503e-16,2.38246520883061533836979142897466547760248162e-16,1.69967494438814793619541293111650195333108512e-16,1.59959971647642575106431095952119296366308722e-16,1.43973779108072954382124059256093251202897682e-16,1.70467978842577532640350278308055807231863104e-16,3.16557328803012181152998437687447911876007482e-17,6.59983118787940543026514181303673124599588439e-17,4.44420477715998246557004811941555510717578194e-17,1.43973779108072954382124059256093251202897682e-16,1.70467978842577532640350278308055807231863104e-16,True,True,False,False,True,True,True,True,True,0.483364068408720082320571483749338947666226224,0.48336406840872007039431560461121093783681288,0.0000000865960249124174403405498073978264468565909548,0.0000000850081096956409902635501065240805912107126363,OBSERVABLE,OBSERVABLE,0.0,True
development,NONSYMMETRIC_D16_C02_E1eM16,NONSYMMETRIC,16,2,1e-16,8989755795307285492,1.9634551904783834e-14,0.0000000000000214386394819976541117354567631680972282037674,0.0000000000000288324809894310857395982647830650662917335613,0.0000000000000145946641064922961384244245798608457709188299,0.0000000000000100016445421050154469057600370748308488186249,4.52883909360293449397647524225384361813277821e-16,0.0000000000000507240043807890333007313690704585478817506066,0.0000000000000250491925579576050347278321411610609815507326,2.85602264675184395507481651296874452118025355e-16,2.05599675831028797412765748605081393430287294e-16,3.8312749397741943805265582570562656197801026e-16,4.67987306371943536585822571529880509083082702e-16,2.64689914320293730591417108859346604328740945e-16,3.13601718897960133576830478697995759755509733e-16,0.0,1.62509683806784826514646585471800595353625153e-16,2.14366357114657208044294964718908373392623583e-16,2.64689914320293730591417108859346604328740945e-16,3.13601718897960133576830478697995759755509733e-16,True,True,False,False,True,True,True,True,True,4.90439153614807792119183919610842855461295733e-15,4.93184986426892840035167767480655874232815667e-15,0.0000000000000248694892447316522550050932944448703766452372,0.000000000000012281377081997019352857455047700308006629955,RESOLUTION_LIMITED,RESOLUTION_LIMITED,0.0,True
development,NONSYMMETRIC_D16_C02_E1eM15,NONSYMMETRIC,16,2,1e-15,1534121424362681866,2.927966871594974e-14,0.0000000000000498714144365548921903188903076246264626760852,0.0000000000000661001447720199331733719726167764771606564776,0.0000000000000428255464115725164849221483548777160594857845,0.000000000000043770296855183425473002120696069888071041147,5.28260868531760256056277687992321165396700034e-16,0.000000000000116499820077106585619747140612393424788729263,0.0000000000000871241041352877022139805467389399252959236315,3.90062737404404336734286199156912801329590283e-16,3.62287420523238681220553613816253149220843749e-16,4.68642024511399135086488130750099607139153063e-16,5.76675434370027008814906122391973967211764156e-16,4.00645272619732758205255809269463359248600551e-16,4.30205368147945153783411889987352453443637876e-16,0.0,1.88068827872898132726977216805782434856695816e-16,2.3854460125471487730559832586916096581175194e-16,4.00645272619732758205255809269463359248600551e-16,4.30205368147945153783411889987352453443637876e-16,True,True,False,False,True,True,True,True,True,0.0000000000000225631383390893041853006019786193505270578552,0.0000000000000225466948337982572159853985049086569390947591,0.0000000000000489685268468886398868803156863743101811071633,0.0000000000000366209924576384582455292723995977671542781066,RESOLUTION_LIMITED,RESOLUTION_LIMITED,0.0,True
development,NONSYMMETRIC_D16_C02_E1eM14,NONSYMMETRIC,16,2,1e-14,8904953109658526366,3.748182123665423e-14,0.0000000000000243789843583775039652911267796902368716216706,0.00000000000005639151537601223829094573532206489494280291,0.0000000000000222188550707661209955524462503070425085393095,0.0000000000000519535434978293202046295100267933637299353613,4.90009732583557909322169747121736386626449153e-16,0.0000000000000812605094669733001655590318488768682010510297,0.00000000000007466240830117899910950412602422214262510112,4.41991107159560741926891992806084919631116825e-16,3.84161320533423612651097390506716545433537119e-16,3.01668761611449700545444169218949452453748241e-16,5.55099722832244876741383748290021607245567158e-16,2.59269269628315111686498341146846111882842283e-16,4.30458977248694102100673507697087414562433526e-16,0.0,9.77154809384689458421556721260325818441386216e-17,1.99848866093040788856423000507533999627890049e-16,2.59269269628315111686498341146846111882842283e-16,4.30458977248694102100673507697087414562433526e-16,True,True,False,False,True,True,True,True,True,0.000000000000287523545161660044619719608439226760279627992,0.00000000000028755645435243320218460734141840761485536042,0.0000000000000368226517164589051092798911722152930292905954,0.0000000000000338327666811361696273243006172991311075640068,TRANSITION,TRANSITION,0.0,True
development,NONSYMMETRIC_D16_C02_E1eM12,NONSYMMETRIC,16,2,1e-12,404179890617648820,2.904266426832789e-14,0.0000000000000445829960459664872157891204125415324075052416,0.000000000000026988592132423047973933604979870856914901699,0.0000000000000374281760782254281478937793341656156488341369,0.0000000000000219070180753847098875871025171529471044951275,3.95962251873961495969838908375116308173084545e-16,0.0000000000000719675504302634966856925643007875056305800252,0.0000000000000597311564054840995314507207596936790615023489,3.52570096688576322777706419031208715701940872e-16,3.19751800644827102166323766429035101024989127e-16,2.73600155479566720104006358550996761217534166e-16,2.41039925428882024429098823531579374155912097e-16,2.44906448227562249186614636221354912857392625e-16,1.76126760857625521275581847721410845270644678e-16,0.0,9.24182569010756684969756086517154533153812793e-17,1.52300358146439483819520984253169032614652363e-16,2.44906448227562249186614636221354912857392625e-16,1.76126760857625521275581847721410845270644678e-16,True,True,False,False,True,True,True,True,True,0.0000000000430001240057952510222792077561644312239151361,0.0000000000430001486972307031158389259099584558487385674,0.000000000000040357398279506688687139759262799276631800294,0.0000000000000334955692439121270068300788099578184050841948,OBSERVABLE,OBSERVABLE,0.0,True
development,NONSYMMETRIC_D16_C02_E1eM8,NONSYMMETRIC,16,2,1e-8,2118387047518460664,3.5436481627721097e-14,0.0000000000000224673043380007419176050946920416974213323697,0.0000000000000234102329590793798875490849423722208097121711,0.0000000000000223987154847248796645298320634066475875119785,0.0000000000000295901359732530237747016567110535107392806377,5.53332187787457953947520677443507564880715374e-16,0.0000000000000464308694848675797591017003118574257959252561,0.0000000000000525421836457653613931790094519036658916733315,4.83008941185246327908256562502973218163668782e-16,4.8853607326611943040046095408676187012166091e-16,3.97244252221869859562836889231068900334347421e-16,4.04422581838886305817222973935071439278927155e-16,3.24649286919892177754813687174654543529814487e-16,4.29617821609604801377907831661338544272651094e-16,0.0,1.2966287844559487050021661362954416137600454e-16,1.14102145588152470784449600864384764905242988e-16,3.24649286919892177754813687174654543529814487e-16,4.29617821609604801377907831661338544272651094e-16,True,True,False,False,True,True,True,True,True,0.00000061879262115520988508675023809151594533165317,0.000000618792621148071035978451606900513966788123208,0.0000000000000186320661081659758258367798200895393979433627,0.0000000000000210844520039487137422816805386608702779390373,OBSERVABLE,OBSERVABLE,0.0,True
development,NONSYMMETRIC_D16_C04_E1eM16,NONSYMMETRIC,16,4,1e-16,3798704294459478308,1.7202936645619315e-12,0.000000000000620402554030102205823070867396122963261712102,0.00000000000364827702762806911603728201968929010899238778,0.000000000000623394697855186581189889828580993707954121602,0.00000000000235108430402031845321495480853060155607993556,5.36595033899500623093835183634364394032252505e-16,0.00000000000426921617669207082248344672226904743664813214,0.00000000000297501559690940453502793847229522962842808941,5.51932275475253853389284569509543187416097893e-16,4.90395980912884926175447225212165751447154419e-16,4.29862097171045026629024175849638444894675432e-16,5.97792733979428572091124280948055493072211755e-16,3.25094394281968386748314443300313836401626635e-16,4.70505601768458732034268126129033857516313303e-16,0.0,1.60451683361402155820215314974747216838472817e-16,2.13015912616171043676637288703730662763587626e-16,3.25094394281968386748314443300313836401626635e-16,4.70505601768458732034268126129033857516313303e-16,True,True,False,False,True,True,True,True,True,0.000000000000450153345355148653322749481277232193572506013,0.000000000000450170343149182312049018672740104512281317358,0.00000000000176661422377342258577951262664586743494715613,0.00000000000123107021334305597811229134946418558299943465,RESOLUTION_LIMITED,RESOLUTION_LIMITED,0.0,True
development,NONSYMMETRIC_D16_C04_E1eM15,NONSYMMETRIC,16,4,1e-15,14489273279598202823,1.822204002395667e-12,0.00000000000204891106513008100590657704120384357037893254,0.000000000000941510617521507589864747120562094643746878479,0.00000000000276002883839285824562734727986674487450379898,0.00000000000109074514869498178006619218266932810531404117,5.01447318807269165492461098865287813812303745e-16,0.00000000000299092312997039586493681662286480350193962332,0.00000000000385127543440664729485903192363493826763165246,4.69598972963798441895133833946084564109025063e-16,4.77289921398874464523601176115808788107935034e-16,7.54471904290074560977343955398107363882955726e-16,6.04868083439029658733104509077116937619678856e-16,6.76667871736313598922984140622213986909845211e-16,4.73013928066911948073861769227744781699736989e-16,0.0,1.54895353301110260424865198815575674969120368e-16,2.00099235462912554425374264456782072578036579e-16,6.76667871736313598922984140622213986909845211e-16,4.73013928066911948073861769227744781699736989e-16,True,True,False,False,True,True,True,True,True,0.00000000000227235797774881968022999255020790068435955312,0.00000000000227236416391143374129225753025279817291299686,0.0000000000013244030227039778386343402554523032697400185,0.00000000000170537342651271188555768937554715922069749964,TRANSITION,TRANSITION,0.0,True
development,NONSYMMETRIC_D16_C04_E1eM14,NONSYMMETRIC,16,4,1e-14,11305935978951033267,4.3730137790073424e-13,0.00000000000108365747572253798076718963387771222503005818,0.00000000000248369943466358963140051041578904850729796744,0.00000000000125947868159004033025850094310560767909561987,0.00000000000254688074768376462493687226851348494718617494,4.09430021319176626331563719369270092858975064e-16,0.0000000000035677663404074467887940316133861300024208846,0.00000000000380676885929512413182170477533846189637465379,6.32190451408687714445680266455432422139656154e-16,5.83502418457520239110940635442888775451194293e-16,3.10564923349229462721844729598881362497951336e-16,5.03600969117151994524757578075513191688846116e-16,3.95626289841797415148253366798608415347503791e-16,4.47687070902153934431916615880849419659364434e-16,0.0,1.34563267154348092153719874921608091521563543e-16,2.047633588303314570908939761756469905218862e-16,3.95626289841797415148253366798608415347503791e-16,4.47687070902153934431916615880849419659364434e-16,True,True,False,False,True,True,True,True,True,0.0000000000319031564598615887188906760717224958088899439,0.0000000000319031687316121946693166794818683115183103513,0.00000000000193489296403644733231217996327863410984758987,0.000000000002064510278641737088430962728704002259825375,OBSERVABLE,OBSERVABLE,0.0,True
development,NONSYMMETRIC_D16_C04_E1eM12,NONSYMMETRIC,16,4,1e-12,9581984742764312496,1.1357085244594086e-12,0.000000000000902581861814346196281604629879037858319522981,0.00000000000103961376244598064223455015851092463409717519,0.000000000000697427452943172800508881216359667795376892843,0.000000000000848497149670014131669652123825048043596034361,5.63923356452013709071915674481854954990610341e-16,0.00000000000194275954761677885222522670406444434737168878,0.00000000000154648852596963894588760525585919769392791781,9.28211310556840821992444794906869743357613495e-16,8.86379830508855265264931192612524612633049574e-16,7.17898915668511310419568140228236976892682569e-16,5.06530545860194002368575529348695897056720067e-16,6.20408723901632691031818423629649233388636016e-16,4.5539111077643162836248115785395612693608507e-16,0.0,1.5850896229383362448015158609866779396803893e-16,2.13832045449261320737222110346402103791436705e-16,6.20408723901632691031818423629649233388636016e-16,4.5539111077643162836248115785395612693608507e-16,True,True,False,False,True,True,True,True,True,0.00000000358168922939612681559590202216707845500240008,0.00000000358168921652136581447494463011528372283150725,0.000000000000764960824842415924281524327017190665208875876,0.000000000000608929262443352851341717890610512775600244991,OBSERVABLE,OBSERVABLE,0.0,True
development,NONSYMMETRIC_D16_C04_E1eM8,NONSYMMETRIC,16,4,1e-8,2718985041763758048,1.1310672289863992e-12,0.00000000000072625167793249152032988535803744868780132683,0.000000000000933940408128734030813319448675688197690666205,0.000000000000399602103664682005154569840433496783316361854,0.000000000000759337964823603896564213446019777304891341845,4.4740291133798803749415027510893772846423205e-16,0.00000000000166063948897256353918069895698824582322045727,0.00000000000115938747139962388975627743672838302593616793,4.45768223990542556112786510046873714378655332e-16,4.36912793089615799345738008763323861765865447e-16,4.19825445620608227954258828677090926496785691e-16,4.49806038983748672770596752828671504529088702e-16,3.88282743961855424621815338519836167949237811e-16,4.71164934753594671558964631512681632230399699e-16,0.0,1.24941002879586827375952851853498834340875563e-16,7.58293311703945301833222012452137950518495243e-17,3.88282743961855424621815338519836167949237811e-16,4.71164934753594671558964631512681632230399699e-16,True,True,False,False,True,True,True,True,True,0.0000424186691772727696256764389680278333242491862,0.0000424186691772481382590699206473458212470277487,0.000000000000824161540244084502695491870494942107109417537,0.000000000000575394340862982650750832668021406622673720719,OBSERVABLE,OBSERVABLE,0.0,True
development,NONSYMMETRIC_D16_C06_E1eM16,NONSYMMETRIC,16,6,1e-16,6159039519799629949,2.6929957802085534e-10,0.000000000134519957011688983299229995630713140861242054,0.0000000000551472198634413865964165250878234879996799985,0.000000000116505676961757664721754969010868914400620473,0.000000000146369715880745916537238722822425633160740381,5.30124228347893397814915603700182174538977924e-16,0.000000000189667706999358717789044335634140329043096592,0.000000000262875922966731929152391506748898247743535393,7.24841234112131857904504665648308744270565133e-16,7.48025343107866064231963421301477599892435637e-16,3.32372293685938642696638785775931601414647753e-16,6.14961536502337171638147975652649608284323448e-16,3.13719252534161708399552646999746435759142956e-16,6.27194259926860704987665416893583241303911636e-16,0.0,1.33516903676993507123366750436973015500419247e-16,2.34976323138784287501142254682211320255346343e-16,3.13719252534161708399552646999746435759142956e-16,6.27194259926860704987665416893583241303911636e-16,True,True,False,False,True,True,True,True,True,0.0000000000337830274308123854453373541184519023077593076,0.0000000000337830541352870218142090168490468396501971978,0.0000000000794430603534055703909768115676980512376939574,0.000000000110106607730402352515462606448533878977321907,RESOLUTION_LIMITED,RESOLUTION_LIMITED,0.0,True
development,NONSYMMETRIC_D16_C06_E1eM15,NONSYMMETRIC,16,6,1e-15,3600323948614462378,1.5104210684512073e-10,0.0000000000564862734585741331583250736351208881403668676,0.000000000255778948996871704203127678567603607479657559,0.0000000000314310772356835899828567671507812826539952433,0.000000000165273236603470488872838670850446621434726509,5.5732753511843692003240349597136418348136629e-16,0.000000000312265779782980955798372784606220466984207908,0.000000000196704871166689197292615470404723875452905233,5.8827403847532764782540544635043913814903352e-16,6.10756318809111203574938082175456208755761483e-16,5.49882715921128065537858944942755133997134798e-16,5.88562514834375302570234964359753193937474904e-16,5.68458770687077132159287918295517464350664118e-16,4.86321523110022726207722222942427692140591378e-16,0.0,1.90056123340209588765018064833808733997663948e-16,2.44788195547991402167604375097495254184224035e-16,5.68458770687077132159287918295517464350664118e-16,4.86321523110022726207722222942427692140591378e-16,True,True,False,False,True,True,True,True,True,0.000000000284291308005121734908874126342158550080850848,0.000000000284291280855216829130561621289254219116232263,0.000000000124409664570910780137237223989829194303827754,0.0000000000783690965379543346067153393290591598732263316,TRANSITION,TRANSITION,0.0,True
development,NONSYMMETRIC_D16_C06_E1eM14,NONSYMMETRIC,16,6,1e-14,9027180598272184340,5.5170251809628575e-11,0.0000000000315232173126344957680081081026285344621459384,0.0000000000439325878510082920570039945864704118962319138,0.0000000000351210585314877457254050563259735813485772638,0.0000000000181752698941944400339772627389949191347808347,4.77266786711107137429109469820932658820744766e-16,0.000000000075456282430429498932149531798568767291036673,0.0000000000532968056924688968665197481744383214160169193,6.34921148588246090333752357207973957229916361e-16,6.71398860989062038587184779906781062199051259e-16,6.18569603125873718678747504470581148024853894e-16,5.6201035311385264045724138684067424055604381e-16,5.57163398032297319951732766621094340856233732e-16,4.96057457489095453922588126456369101921462059e-16,0.0,1.22430024754626857196537821450440950000726457e-16,1.42850847669910903291946871842056372439975945e-16,5.57163398032297319951732766621094340856233732e-16,4.96057457489095453922588126456369101921462059e-16,True,True,False,False,True,True,True,True,True,0.00000000532939495950633911515912950014217269701623637,0.00000000532939497768161502944402473155765299226384758,0.0000000000351054396884411012964678435225096079325192189,0.0000000000247959180807588247741145162479253283340016106,OBSERVABLE,OBSERVABLE,0.0,True
development,NONSYMMETRIC_D16_C06_E1eM12,NONSYMMETRIC,16,6,1e-12,6754162651773623548,5.729693668964415e-11,0.0000000000429884800150165896172541978594053906532203135,0.0000000000481160720913515640175748075966598602794273052,0.0000000000419623746496514374900405645188527056163531484,0.0000000000254639812889783206491280052905198699600692331,4.94018009604024485989910373605769122499234183e-16,0.000000000091105046124377757659314995366438856701770118,0.0000000000674268499566393621636545597197461813455448807,9.68780273124947246838637889579230085194118282e-16,8.83905636296000040838342921709018675953222125e-16,7.99196725942106758770764094383213724406558197e-16,4.08754197718710503627650917366056460481999067e-16,7.19701091076302000484184753033108048247399407e-16,3.10000241506218834588415857152430211899560868e-16,0.0,1.48759824812027579537961236116897124883700975e-16,1.39060532571616526205045920908415016179080395e-16,7.19701091076302000484184753033108048247399407e-16,3.10000241506218834588415857152430211899560868e-16,True,True,False,False,True,True,True,True,True,0.000000411861862974518179274123687490570098222331345,0.000000411861862980360536381570365592203671226213653,0.0000000000409486730445085404560127501644381073037442547,0.0000000000303061153113972800468742100176355504762090871,OBSERVABLE,OBSERVABLE,0.0,True
development,NONSYMMETRIC_D16_C06_E1eM8,NONSYMMETRIC,16,6,1e-8,4303583697932048525,1.5377811623651985e-10,0.000000000196343292066055969226187408881485114555511684,0.00000000013311110091385248191022317860751399286254389,0.000000000180458861420396891790280120413124201757470091,0.000000000137878389386426630777884317431666224609601343,4.79601201874334838421108447712050116774324771e-16,0.000000000329454872581110325471249008597446819468172348,0.000000000318337730408025396903002858953238138417188209,7.68791261681168078337310031833523587203931309e-16,8.02861598294761386099366401043225786595755676e-16,3.48086346559714665846412110000347701868604842e-16,5.04573383704712339427043003298861382745039296e-16,3.17737048289566220937036121082994101590964911e-16,5.51009295832662288405532826533719807379520523e-16,0.0,6.79774582791659774392199566532114099084640923e-17,1.401046120285336167244009825507330611979181e-16,3.17737048289566220937036121082994101590964911e-16,5.51009295832662288405532826533719807379520523e-16,True,True,False,False,True,True,True,True,True,0.00291476584834693032365675150450598540975527744,0.00291476584834690211944767462176721624986916064,0.000000000152453533530582761995408799339810974748554991,0.000000000147309133650349103994530798656077053369953568,OBSERVABLE,OBSERVABLE,0.0,True
development,NONSYMMETRIC_D16_C08_E1eM16,NONSYMMETRIC,16,8,1e-16,8797012748846576829,6.0800348240892415e-09,0.00000000176939588535517057375821352939754369976210675,0.00000000149112619760161019773014672525744741743565551,0.00000000168524827761710740937027821168361080569282838,0.00000000144347630711918828801917768737122407595068007,3.87784231202039766464586003851887790230033253e-16,0.00000000326052247074101197352812671924099496908555249,0.00000000312872497252052689942922236364083873353129868,5.25093779726506748477666370817031868573140298e-16,5.95300443999100496571621647765701319767149763e-16,6.08157534295288306938638385658247824712320041e-16,3.86640850568135147247959059942437173988130843e-16,5.55161899727804557780666326750106725696160459e-16,3.21240893849811738674677305350192377118170177e-16,0.0,1.57178509042282979663452454226575616162208173e-16,2.14009203215227965658583567662305658467839822e-16,5.55161899727804557780666326750106725696160459e-16,3.21240893849811738674677305350192377118170177e-16,True,True,False,False,True,True,True,True,True,0.00000000229983190610293669547583250911405415897334516,0.00000000229983190675236034718175210990783872626270353,0.00000000186696973573924157887030922793228220783558547,0.00000000179150270779145688602361956924648334242535086,TRANSITION,TRANSITION,0.0,True
development,NONSYMMETRIC_D16_C08_E1eM15,NONSYMMETRIC,16,8,1e-15,7401063117363221241,2.5579894014252925e-08,0.0000000201003066377448508929665810829662974673308418,0.00000000977445595700963772246153971916473597291251174,0.0000000197447505161372914298496929911324184064644774,0.0000000160929824664653055761548071022743513565416923,4.5015402232910547008946185112953071668161567e-16,0.0000000298747630449085109445335908915928845697740702,0.0000000358377334327566193351099701828686208925368864,4.51754218063187685558887337555490643538009935e-16,4.17059595599800295665168392619775916729314706e-16,3.92464231787195576256639826952980204654568969e-16,5.2832582222408932099127217151834842313099771e-16,3.93532492440624854412635956093720154593820575e-16,5.13034899933994571821373350320273916017689648e-16,0.0,6.67944871614571783088492426954491602642151309e-17,1.52557980346637758946131616622545931894194505e-16,3.93532492440624854412635956093720154593820575e-16,5.13034899933994571821373350320273916017689648e-16,True,True,False,False,True,True,True,True,True,0.0000000202521581591549732351802395018161033260086418,0.0000000202521581684127587558496630944932546369079466,0.0000000147361338757242546522751776780039584763966526,0.0000000176774502570531700429667718108691776639231858,TRANSITION,TRANSITION,0.0,True
development,NONSYMMETRIC_D16_C08_E1eM14,NONSYMMETRIC,16,8,1e-14,11506434812832761331,5.170014383942397e-09,0.00000000153228411881957019016076125336473513065508211,0.00000000671724646702486852565984383398405883352497063,0.00000000354826913248637571642283151310602875592500218,0.00000000417449229898131800515067505193912354864861389,4.32274680097770029234629685917423548594470612e-16,0.00000000824953101811911881359063432197847988160360133,0.00000000772276186374237381934353579967483822199716467,3.9345066427913845271046255623284658253760069e-16,3.98714335375814753152654331895113223865144855e-16,2.90785192673865707780736412926446078500621202e-16,4.74669053911551739038435035861784531956653179e-16,2.43999971407210439658443514916602975859492571e-16,3.42832453690095882509450477665824604403940629e-16,0.0,1.76663964434819209700373416367122460336121273e-16,1.82539172481355165799680442756118931425506019e-16,2.43999971407210439658443514916602975859492571e-16,3.42832453690095882509450477665824604403940629e-16,True,True,False,False,True,True,True,True,True,0.000000361873704456393628154902440741775513226115551,0.000000361873704450158050142037408845421111788244059,0.00000000423749944992359393919853649361202181130327739,0.00000000396691631046930912874034530927674515139320979,OBSERVABLE,OBSERVABLE,0.0,True
development,NONSYMMETRIC_D16_C08_E1eM12,NONSYMMETRIC,16,8,1e-12,13261659049119638566,9.436473940700294e-10,0.0000000089627432252761603782941820183820300702349264,0.00000000870904385502638740667244011914823944431373462,0.00000000453036063521084586735903421474131079638595723,0.0000000038291908903537153069747802852526196307649837,4.18362674121107094242509805195329738713664782e-16,0.0000000176717874986652219060737163800400747098783997,0.00000000835955194392723529544090874250373562248067965,4.48308123473584149001992009253060191470902739e-16,4.69330205440745884994874191815222386029389425e-16,2.6338564235134047151977289362677699459382282e-16,2.92469847008672946356712225368636996643508731e-16,2.80949765891734484226849658515331844025382564e-16,3.12664072707852880401520217750986985732983305e-16,0.0,1.18922344552924202778591394958414643983783553e-16,1.54286779156851719474271981306993380540186523e-16,2.80949765891734484226849658515331844025382564e-16,3.12664072707852880401520217750986985732983305e-16,True,True,False,False,True,True,True,True,True,0.0000217181377368387314409807568146760133999278537,0.000021718137736829044616128640719322502818942763,0.00000000937921095510044356210152590120632341060720095,0.0000000044367894972783973303336923839845106427388463,OBSERVABLE,OBSERVABLE,0.0,True
development,NONSYMMETRIC_D16_C08_E1eM8,NONSYMMETRIC,16,8,1e-8,6182563957615384444,1.074770811430984e-08,0.00000000397651381473883901244553670013374401217397065,0.00000000771252248262390033602784240400802514102923813,0.00000000496568801272756655500102676164397253296560086,0.00000000539600275531336888694176541541901663634162795,6.12842464700366657364983140535479769926624998e-16,0.0000000116890369102052040488400364691249096886829787,0.0000000103616913808834001423094495420461297047869987,7.10710905200881106906881686144947196447911148e-16,6.95902318525297557296374632748912459783949757e-16,5.50540780440364498899261098152845455658678663e-16,6.46069145492155866623797367049547167348902564e-16,5.15488730217928701542739297644005830830867571e-16,5.27041879130513279303232836210938991468466366e-16,0.0,1.88335874395509270337114367368593424792625803e-16,2.40552745207211939759660348106422665872324543e-16,5.15488730217928701542739297644005830830867571e-16,5.27041879130513279303232836210938991468466366e-16,True,True,False,False,True,True,True,True,True,0.162489061336202205882083810187674557266392945,0.16248906133620220419507483357553316767707342,0.00000000410457601373698033031923906568876195883039783,0.00000000363848195796077634236402163851379697670308748,OBSERVABLE,OBSERVABLE,0.0,True
development,NONSYMMETRIC_D16_C10_E1eM16,NONSYMMETRIC,16,10,1e-16,5320628604131068992,1.6287884682209473e-06,0.000000885564634768095428468585297850077475127805326,0.00000104670999834210595146318143007913793053733624,0.000000544737110395803415126441778498293772764885125,0.0000015893262228064710908817241445384337128576164,5.12629750336402904674825180400885835581203488e-16,0.0000019322746336228311302681696326040405860660274,0.00000213406333371490425634456882771155266602338736,7.89334069251894272635916732742286729535754911e-16,7.46521727419653123009684732749600318222998877e-16,5.34840651764567505918818819130233833651418574e-16,5.09403494054039098079497112991216380362829892e-16,5.29593816503494505088071426739288410356809837e-16,3.91762937255363487689688803854424671149618594e-16,0.0,1.86435128635824983859659594146196725998579714e-16,2.60407457333071228102291333239059412860782813e-16,5.29593816503494505088071426739288410356809837e-16,3.91762937255363487689688803854424671149618594e-16,True,True,False,False,True,True,True,True,True,0.000000304976886630234216234539367344519969330511263,0.000000304976886649716458999814132014596148886681977,0.000000836961051111307399532479931434170811177999498,0.000000924365439489989707214331095266103338940265232,RESOLUTION_LIMITED,RESOLUTION_LIMITED,0.0,True
development,NONSYMMETRIC_D16_C10_E1eM15,NONSYMMETRIC,16,10,1e-15,10783022002325000839,6.285434060266429e-07,0.000000401734196466563707079739401040982566504992598,0.000000659390807582636986985130516586552336611421429,0.000000370182613454685261617871847634077339026869542,0.00000012285143415230200539381985598531924047389894,4.6840316808392206541336379357672931798935088e-16,0.00000106112500451760386214879198304089869669314335,0.0000004930340480753904350956137690327603730774978,4.62608757415852013608215789730186511024105978e-16,4.76259001424677976256954795050478006933897908e-16,4.69799501518229826186695885263125941889793166e-16,4.82897277710739239854318566050171169067103666e-16,4.16918410014521408809631204935713308662344048e-16,3.9227558184278758190850291893624790259764527e-16,0.0,1.56259780894169381610443249776417501710713537e-16,1.89209738931257738330204859016752941651286983e-16,4.16918410014521408809631204935713308662344048e-16,3.9227558184278758190850291893624790259764527e-16,True,True,False,False,True,True,True,True,True,0.00000427127601906034904457750351399641512425975,0.00000427127601904092321761528070343064737411514387,0.000000503021494215957947690339744667937159139868758,0.000000233720553663676261615254214564656792360470422,TRANSITION,OBSERVABLE,0.0,True
development,NONSYMMETRIC_D16_C10_E1eM14,NONSYMMETRIC,16,10,1e-14,11888844842351637888,6.484337773665913e-08,0.00000036566340509470601296184120179147187412204156,0.000000164979143066852117212433235756121088303531327,0.000000339327446394136839293172012180296031795297275,0.000000160646890915434905233050447119754992694924157,4.49055752765070484044161821366381132210568107e-16,0.00000053064254861061388293934492159175478379195402,0.000000499974337758627497291292943344212845856602565,3.61558970294389003090200630152946348538991804e-16,3.82874631043698989771350286630111200991712747e-16,3.69535027807693178802117706906268458155983824e-16,2.47568226493484382750534246086044782840480572e-16,3.52811820646353738333992373919867625657654314e-16,3.42763419145495680435727911467254538534432395e-16,0.0,1.35930957456581781497509010029684150139740259e-16,1.95134800254580008026487092491926043014652528e-16,3.52811820646353738333992373919867625657654314e-16,3.42763419145495680435727911467254538534432395e-16,True,True,False,False,True,True,True,True,True,0.0000249607326118735397647692161218673592920540306,0.0000249607326118662789620186059152465357504332997,0.000000262385853349859386659032534401386164256306118,0.000000247221399055379711543553786674220482517928405,OBSERVABLE,OBSERVABLE,0.0,True
development,NONSYMMETRIC_D16_C10_E1eM12,NONSYMMETRIC,16,10,1e-12,3571665662216106740,1.8072443660462765e-07,0.000000453357194606212711980637610984278504575353306,0.000000236085431310760792950214738247628565878430001,0.000000213742936345307400967615605390694857280306402,0.000000235004474280459203952395933140657948992549088,3.78099211649159833532886743079604833093600234e-16,0.000000689442626295072716580012182764793813533388139,0.000000448747411003865816569171372064239549352460324,4.49321420190549000825507390412419868731931343e-16,4.43918021071850362147891822990928111567718868e-16,4.11728495133582538133707364621535267226250477e-16,1.68949735024398125225324376930596908781089867e-16,4.14562865570982566444328359766574792114113049e-16,2.07215275942152755248693498036784986654208666e-16,0.0,1.10101810049383586099241091259688660388528666e-16,1.03685768440782204098176159570506752237693887e-16,4.14562865570982566444328359766574792114113049e-16,2.07215275942152755248693498036784986654208666e-16,True,True,False,False,True,True,True,True,True,0.00116967389455547485554625350931593490339806038,0.00116967389455547239614997351508842539184364522,0.000000404854650355786284116998078268952037583550976,0.000000263513553196344952749396883507231316672784668,OBSERVABLE,OBSERVABLE,0.0,True
development,NONSYMMETRIC_D16_C10_E1eM8,NONSYMMETRIC,16,10,1e-8,934776326821719402,8.950931796809402e-07,0.00000113633478831024473626147305148035698308813718,0.00000000201148084052172984181052974040241322830630043,0.00000130706333676572361103461122553444822604560009,0.000000000878641787587730538968001106492072237245426552,4.53893555429089653828566359165104470359960498e-16,0.00000113834626960466002153237323504932575548154795,0.00000130794197900720489700266888046950665744794998,4.19813536517548087477078378623304171582638641e-16,4.5691710615377698290351877550573569593243007e-16,3.29181594854577855446617455685961820331040422e-16,2.1755013250062923652977534535169320977148872e-16,3.279415955550752056637489151042793382779359e-16,2.59084593071482660266791852970709174956316287e-16,9.89894989807231455230205309744925397186954297e-18,1.63499882109178165001595029028996182040446919e-16,1.9528141063859050410466958361255077878792377e-16,3.279415955550752056637489151042793382779359e-16,2.59084593071482660266791852970709174956316287e-16,True,True,False,False,True,True,True,True,True,0.134060784621501942468282223740757910334641954,0.134060784621501937283305259270421198987526639,0.000000543303031835419908417682838776003892562526715,0.000000624246647644589911312810990024656225353119426,OBSERVABLE,OBSERVABLE,0.0,True
development,SADDLE_POINT_LIKE_D02_C02_E1eM16,SADDLE_POINT_LIKE,2,2,1e-16,13026796941275763172,3.634965761873395e-15,0.0000000000000104479006388823160828125334699902939061095198,1.58319769286721188582378938622626607698815726e-15,4.27421445756652150072360971538612830826418468e-15,8.27570862141318774480578535104207512563839105e-16,1.60118641699469088349136940221469090904996627e-16,0.0000000000000121912169734489970569854597964380290740026737,5.26190396140730936355332519071180491173302041e-15,5.60843564592032993961754711159159763304178943e-16,6.01333696460085330337102981190894707392404253e-17,5.49308015822668489456869414763061912918189375e-16,1.09564691467960566588962644151512791613977194e-15,4.83680227221049736238023465161564008241534202e-16,4.37797103851156164735370627181554519871141404e-16,0.0,7.85046229341887595064921126771131221170676021e-17,6.57857398909185266355808643752062508661645757e-16,4.83680227221049736238023465161564008241534202e-16,4.37797103851156164735370627181554519871141404e-16,True,True,False,False,True,True,True,True,True,6.95590507300210773170421095847308825351473376e-15,6.1268639236123367688745469025369299863293556e-15,0.0000000000000169061761184912563969457017235079051320682485,7.29694789977736315188601143993346241129798204e-15,RESOLUTION_LIMITED,RESOLUTION_LIMITED,0.0,True
development,SADDLE_POINT_LIKE_D02_C02_E1eM15,SADDLE_POINT_LIKE,2,2,1e-15,7350728063870898904,1.3441803616387843e-14,0.0000000000000108466005389891006223305496301189058666462712,0.0000000000000144826597863670414221636164088445147613456871,1.68039324185227173489056737288185075640964762e-15,6.4128587114169604960711570135222270889435687e-15,2.36036652728422862016492426229047496841063487e-16,0.0000000000000255652969780845649065106584651924681248330218,8.32928860599765509297821681263312534219427981e-15,1.48207858863972005955060757423272720158761324e-15,7.14521572449064068417074721320302492189964282e-16,4.90512564663137452490234206840838607137746036e-16,1.96780060795422003794591753976579714389795434e-15,9.29840781033975130851592168268184292318772747e-16,2.22596533349285319442991680461434577601857099e-16,0.0,1.41580644373383004995508221234343791159399603e-15,2.18727163927081954735322662935189489410049153e-15,9.29840781033975130851592168268184292318772747e-16,2.22596533349285319442991680461434577601857099e-16,True,True,False,False,True,True,True,True,True,0.0000000000000896847971055306065464484132889102956320850253,0.0000000000000904080813669709976170434798010575600934299017,0.0000000000000240498083737082675852263728932769547881036536,7.83553561045170867767923929085105360297476589e-15,TRANSITION,OBSERVABLE,0.0,True
development,SADDLE_POINT_LIKE_D02_C02_E1eM14,SADDLE_POINT_LIKE,2,2,1e-14,5172721067316819950,4.425915475949665e-15,2.68919301819285276513019599298678061376792926e-15,3.04478011799798931684812232191718866498924791e-15,6.0487264320878766541160326856996635292528522e-15,5.57328928467587758335844022713828185324487251e-15,1.79018083652504538697153769566955303599058622e-16,5.91299121984334662067547208447092458235623578e-15,0.0000000000000118010338004162587761716266824049006860967833,8.72712423938950034935029556972708725758096911e-16,9.28445701272609202525143870623124744958145762e-16,9.68188319766436468860135423414534341170868581e-16,1.84079119074372190886276859256188223966245851e-15,1.22879171400184486246597007934931050872817875e-16,8.17053299128337757972132739050876528461062248e-16,0.0,1.08282323125381322502295740314337675344866704e-15,1.02689316733228755264933229266475650609529632e-15,1.22879171400184486246597007934931050872817875e-16,8.17053299128337757972132739050876528461062248e-16,True,True,False,False,True,True,True,True,True,0.000000000000634519806323078860353122868201996576554422323,0.00000000000063445062206281992026068560553421299260918727,7.33416296581589447875715526870247166468226492e-15,0.0000000000000146373809531290763477242157785668653035002141,OBSERVABLE,OBSERVABLE,0.0,True
development,SADDLE_POINT_LIKE_D02_C02_E1eM12,SADDLE_POINT_LIKE,2,2,1e-12,16988345681857728231,3.5075712493494715e-15,2.16267056693887960166911158647369720851050976e-15,6.90713045749522825675767938254338583612562478e-15,1.07738478617538831399504309061024124710900896e-16,2.78609952384262285945536520413248129352709291e-15,8.00593208524133126191707818031115087630683158e-17,9.14986034528652117104596175082019455339920285e-15,2.97389732331257500347404029499661692700106212e-15,2.42277787237820391027665693496984417475773983e-16,6.60842129121031474071112225734982264866137117e-17,2.00148302124336057889976218519572978352188773e-17,2.55007031829539903427640740622826295991128235e-16,1.07299623520061309327821423523507207670079174e-16,5.05473864469797929818142647027292634853610002e-17,0.0,1.18165105241807566081422296795542076877246063e-16,2.95843746731379796329211915256312848881085748e-16,1.07299623520061309327821423523507207670079174e-16,5.05473864469797929818142647027292634853610002e-17,True,True,False,False,True,True,True,True,True,0.0000000000863801971703780299704065450168521345112108316,0.0000000000863797063317420786326324808653425289044581712,0.0000000000000253771466448193799094833440479978625879091353,8.24810714397584736730549343293559030410036962e-15,OBSERVABLE,OBSERVABLE,0.0,True
development,SADDLE_POINT_LIKE_D02_C02_E1eM8,SADDLE_POINT_LIKE,2,2,1e-8,8409439211702199946,1.5417299762762798e-15,7.13992963942589409996769353070222184160844511e-16,1.66426370146171434528881589280353269254501903e-15,4.037810272407748429937685042933283367385413e-16,6.88306776236857236319833540153133693888264027e-16,7.021670202232305409601066082202564734753166e-17,2.4484733674266268093815959066957805240533952e-15,1.16230450549995513340961270526848767797433699e-15,6.54322294907540774734258317860066929731164384e-17,1.25512157427916083664022183599614292050429759e-16,1.55654099529666827954518736709646928687721491e-16,9.15927574943811334553960009753066437192533837e-17,8.96434196857512909631072686305196881687323947e-17,3.63355419534802648523299033053460066663018081e-17,0.0,6.60107301821160039251105268199535632620495018e-17,1.26741816505759369551484055072366978425569002e-16,8.96434196857512909631072686305196881687323947e-17,3.63355419534802648523299033053460066663018081e-17,True,True,False,False,True,True,True,True,True,0.00000101636720293593273524386008675353940053079654,0.00000101636720312728037975057890401717603101625311,7.74275263133046595848887600507974602895174456e-15,3.67552957205556259148385186754677504500109543e-15,OBSERVABLE,OBSERVABLE,0.0,True
development,SADDLE_POINT_LIKE_D02_C04_E1eM16,SADDLE_POINT_LIKE,2,4,1e-16,15585786648907309406,7.438515742575211e-13,0.0000000000000103634666059952016799740962960344713063241272,0.000000000000495268739824969284414107207419184931796052608,0.000000000000404942594645059211126073695049983802700641568,0.000000000000853120607186805856012028617517661608905475832,2.36036652728485847577095398005240998299829039e-16,0.000000000000505868243083692971941658399113224644100676565,0.00000000000125829923848459355298567940796565065260441723,7.07456535129784405525675819804621315220847099e-15,1.28032176293804997486097663581670344677994627e-16,7.39438539819232403646258275443051610606562133e-15,3.22541760559399698563844548520351578934438373e-16,3.64769092654911817710047751941641916346438481e-15,3.57349322174475889730452405047528903018069777e-15,0.0,3.74700270810990324592959413212346812962495471e-15,3.25299729189361107405756930076889367467994085e-15,3.64769092654911817710047751941641916346438481e-15,3.57349322174475889730452405047528903018069777e-15,True,True,False,False,True,True,True,True,True,0.000000000000821283799698680125687943251458433718776321201,0.000000000000827868571503303884300986140566139491201111957,0.00000000000047588081292137633774216322837228173299655437,0.00000000000118370835231364917321226429062032791736126888,TRANSITION,RESOLUTION_LIMITED,0.0,True
development,SADDLE_POINT_LIKE_D02_C04_E1eM15,SADDLE_POINT_LIKE,2,4,1e-15,467657372582350717,7.499968137947281e-13,0.000000000000774348935103401856769450744977570519333394996,0.000000000000695010349948246322507913946477279441568213878,0.000000000000209517846940495666645743961789831875917483974,0.000000000000718871082267653433643437693641481698405180682,2.36036652729162853069922626623591616705093445e-16,0.00000000000146959532170437734213043461408147355251831397,0.00000000000092862496586087826314225157805793716593936975,0.0000000000000166699279730260988662082918559600836660617169,8.95496226786176481726334482450868896704128534e-15,2.15429044305273867074155103798083970935014419e-15,0.0000000000000188233542383640750959653686547992098532151451,2.98127959547424819247539621131868280566667391e-15,5.97369969099040921765032101305124823982099021e-15,0.0,5.13478148889134889257018455142845632578234534e-15,0.0000000000000128503932127955691906375703606437618489792924,2.98127959547424819247539621131868280566667391e-15,5.97369969099040921765032101305124823982099021e-15,True,True,False,False,True,True,True,True,True,0.00000000000834453347644942408291825793830658443216757315,0.00000000000835179141847304747753309781706818678069141098,0.00000000000138247898720621387952247173507175321081615692,0.000000000000873576884287330614158851512533714802521363228,TRANSITION,TRANSITION,0.0,True
development,SADDLE_POINT_LIKE_D02_C04_E1eM14,SADDLE_POINT_LIKE,2,4,1e-14,15614587718161685757,1.3741616255908353e-14,0.0000000000010155964107887602931876696132035119488532088,0.000000000000634179317761843059965026358107912157116150112,0.0000000000000575563977121562490956317829793167027477453122,0.000000000000245341965133095326274186518902053602224081411,2.0471501066132234034889688981833323130265795e-16,0.00000000000164998044356126467549304486820124243920066157,0.000000000000303103077855912897710167198771188638203129381,0.0000000000000141178677491346292752749320224989072954440074,0.000000000000014837173923707807900049996605366860983185989,5.45734190426110422122358081688119053780825766e-16,0.0000000000000135786903570098210473072599440666787089529967,2.94216465825614739170498923228299087376584744e-16,0.0000000000000151313444323731205957703787613399640241757311,0.0,8.37172589030881057157709221391470835032053058e-16,1.55443910541768078791857380899892409032501955e-15,2.94216465825614739170498923228299087376584744e-16,0.0000000000000151313444323731205957703787613399640241757311,True,True,False,False,True,True,True,True,True,0.0000000000228871913857296039401904911758820072149552899,0.0000000000228879715953650298144389134452935929210115106,0.00000000000178965506506787263676739102448376445582698955,0.000000000000328761447227634818238471290825463388941221816,OBSERVABLE,OBSERVABLE,0.0,True
development,SADDLE_POINT_LIKE_D02_C04_E1eM12,SADDLE_POINT_LIKE,2,4,1e-12,9003497367679453811,6.805308556588051e-13,0.00000000000039086133319432151220225167079396064093929955,0.00000000000208914649207013540430834412517964090682802886,0.0000000000000502369705323342838181264188590161704634459712,0.000000000000963733555946404008033923625269040596607431791,1.91009991881591626887840997243619118316939882e-16,0.00000000000248019883525633850813748363697084516688564535,0.0000000000010141615364706198834789378851253003861891947,0.0000000000000150425552577693373142390085925910436748525358,8.81951468486384822077172320455087196711550089e-15,1.33300757275055609178737063707404958599064443e-15,0.0000000000000137103712334037466344450013207549898467166765,5.33966353233755293334179875712270469567565637e-15,3.48036614947003846930840452038390726170207944e-15,0.0,4.00721122950642430467470483574315341640446545e-15,0.0000000000000102302521053595679283904472458450273412106725,5.33966353233755293334179875712270469567565637e-15,3.48036614947003846930840452038390726170207944e-15,True,True,False,False,True,True,True,True,True,0.0000000063125144526220862482923333361329656387224467,0.00000000631250721879069619400425350461275289794148124,0.00000000000288317258213720189730409982161876195241802086,0.000000000001178938839195136416270295285769225678666295,OBSERVABLE,OBSERVABLE,0.0,True
development,SADDLE_POINT_LIKE_D02_C04_E1eM8,SADDLE_POINT_LIKE,2,4,1e-8,17776842418592038189,6.47464716139962e-13,0.000000000000687656987297209831970317803142939432818810875,0.000000000000570886242366402523980660615921457302010402213,0.0000000000000101498576594169862190084711539341708242922494,0.000000000000730647322090774169607141866782161861085479211,1.98604837727208845447517040695580173942770378e-16,0.00000000000125874183450133956479642593610509231500315586,0.000000000000740995784587918364671597854976791612083714231,9.50494952898631536667352918100399723792306077e-15,0.0000000000000143661214884714117046206773758446671078257057,1.07897457466948512357023679783759280258344984e-15,8.42703534857905288911040994444477533164441653e-15,7.39160995330143548918527600207636835261423741e-15,6.97464836734825153087601897916324307549000879e-15,0.0,6.31439345255557769221468640783769629251612738e-15,1.45257623207952100057350607147492609486231242e-15,7.39160995330143548918527600207636835261423741e-15,6.97464836734825153087601897916324307549000879e-15,True,True,False,False,True,True,True,True,True,0.000048306452851708338613447306359941565059543312,0.0000483064528571439350160453661008780894711630517,0.00000000000140731615403389268188367769343383655173343386,0.000000000000828458472689690842882398459663239242695171716,OBSERVABLE,OBSERVABLE,0.0,True
development,SADDLE_POINT_LIKE_D02_C06_E1eM16,SADDLE_POINT_LIKE,2,6,1e-16,6172187102188567891,6.521531475648366e-11,0.000000000109179643771901114537559813349476369655022505,0.0000000000381824192778660619433486518330455833162490618,0.0000000000730192845894410986362954598274900176048613289,0.0000000000246580598657936975903748484232930448934125867,2.28608912713943872700090797626224885660043063e-16,0.000000000147362291658679890424781165273319579196157227,0.0000000000976775730641475101705430083415806887231595756,0.0000000000000900045535527019989506327809101096166933266688,4.02214756965240102607458673081554137595317674e-17,0.000000000000120570386087557622438985490001073716679086668,0.000000000000210574825846600025789792653434395384879283493,0.000000000000105738450528649863570600343393313533923093547,0.000000000000105742943608149872294354879866720290974185231,0.0,0.0000000000000148319491231020020996993830845490191532580662,0.000000000000104831894701638845842918984364030478047983782,0.000000000000105738450528649863570600343393313533923093547,0.000000000000105742943608149872294354879866720290974185231,True,True,False,False,True,True,True,True,True,0.0000000000533333288187595612072078584866140843860038293,0.0000000000534207445102011547520055755091237936356970339,0.000000000143130910532643575554058064525333921142327554,0.0000000000948728457865745335747627116481877423026265168,RESOLUTION_LIMITED,RESOLUTION_LIMITED,0.0,True
development,SADDLE_POINT_LIKE_D02_C06_E1eM15,SADDLE_POINT_LIKE,2,6,1e-15,3187447656405735246,4.420633401876564e-14,0.0000000000242051054679129489033279278943145337233546719,0.0000000000158322678737718922116936263636742341273918864,0.0000000000247775728143123810632232792325741801978923412,0.0000000000211138718692417866862756437218725927647526189,1.48952049260433885754251827333174759132168893e-16,0.0000000000400375222937341015489073085098161010255056904,0.0000000000458915936356034281833846772062741061374040922,0.0000000000000584338780972348356365592730110210828333455659,0.000000000000025366975188285741051560122097519630867731055,0.0000000000000342170754200878103072611678897462531718578794,0.0000000000000242168026910738290667164812579039228895984222,1.04140142045256759376706829106927449961123193e-15,0.0000000000000264081808487468849345202674029820998584030603,0.0,0.0000000000000352582696520230034170188020631361838377529189,2.19158864208874064303955964406556557932200358e-15,1.04140142045256759376706829106927449961123193e-15,0.0000000000000264081808487468849345202674029820998584030603,True,True,False,False,True,True,True,True,True,0.000000000984317531151172764235868640540661931785962148,0.000000000984366824366015609430729492328033104984593312,0.0000000000596844143329685022256924140679055538941412845,0.0000000000684111486433405365491347131512376952181866473,OBSERVABLE,OBSERVABLE,0.0,True
development,SADDLE_POINT_LIKE_D02_C06_E1eM14,SADDLE_POINT_LIKE,2,6,1e-14,6521552846589150495,1.260554054767533e-13,0.000000000081292354114512390524480627295355335519773691,0.0000000000346953273011607509161059105812134834536188458,0.0000000000570582860884424370076047216087747297205636873,0.0000000000545333396172497423622975325068777976440579051,1.19574679295934612669755053260043172962607496e-16,0.000000000115987800990352437375199207631622079016565499,0.000000000111591745280371475304514923870705787407794555,0.000000000000126435886014958211440455598618284176875645652,0.000000000000130432269619266383200123126230531063187817593,0.0000000000000482226648772359481771665370825326245946940351,0.0000000000000782132368566511857113201813203405086614976311,0.0000000000000702536129442354267994109143435853351109039172,0.0000000000000601786567728712768643964363174044286646849642,0.0,0.0000000000000220309881449054496404193729064666876139985763,0.0000000000000180345991564229090582179306626846484902833748,0.0000000000000702536129442354267994109143435853351109039172,0.0000000000000601786567728712768643964363174044286646849642,True,True,False,False,True,True,True,True,True,0.00000000407601440980699088570108275403632434918462956,0.00000000407602183091201929603031707126242394046424617,0.000000000215383939293160868651276476237486060683030209,0.000000000207220668776063271325258674267533691670111173,OBSERVABLE,OBSERVABLE,0.0,True
development,SADDLE_POINT_LIKE_D02_C06_E1eM12,SADDLE_POINT_LIKE,2,6,1e-12,13037184807178231982,3.820201223798466e-15,0.0000000000544187367491335225577521367755716992398677896,0.0000000000968408418654670827505555437318989129843410413,0.0000000000171134775674977956372271436367159771638960492,0.0000000000106402362435754267902533555130854042723929641,1.91010061189916858350732751452114046549483334e-16,0.00000000015125976962466179522516603124022206433825538,0.0000000000277539048211344123443388498825528335503355629,0.0000000000000125283273503785751354489659943374886867262164,0.0000000000000569786376261679805790871181391350620649191375,0.000000000000049471537977296975441277027130126953125,0.00000000000003694332593161465940679062535515332469111364,0.0000000000000155576940219503974514975987583613040814037664,0.000000000000041420950715258446290986511746713364953155435,0.0,0.0000000000000339138439553465779897794283717656490435962336,0.0000000000000783642214033435297775874297398058974052929278,0.0000000000000155576940219503974514975987583613040814037664,0.000000000000041420950715258446290986511746713364953155435,True,True,False,False,True,True,True,True,True,0.000000895689411419043445539002910193829056922204166,0.00000089568946309150758276040061176186866739850642,0.000000000175835910558010132846847151076255809738995663,0.0000000000322632590137747393351882480689412104530525856,OBSERVABLE,OBSERVABLE,0.0,True
development,SADDLE_POINT_LIKE_D02_C06_E1eM8,SADDLE_POINT_LIKE,2,6,1e-8,12016892431086409830,6.537873651941045e-14,0.000000000132212148681818840463185629784998385109970704,0.0000000000425768783146676274561993586801901692277078492,0.0000000000225863965492999398032894556091729322311986408,0.0000000000141917814508407661314742717201256905381111031,1.89844751679656325209148239150641296897582397e-16,0.00000000017478921684123814757571019761342770497897545,0.0000000000367783678448923855910889364775377734106066415,0.0000000000000470950405293685062591489164968462347876038462,0.0000000000000948817691255016969149260940172130034498774396,0.0000000000000469180723088852687582622203048961548795637722,0.0000000000000940129331739086335659832889600300998982372571,0.000000000000076594337363238317728983352861958203335409415,0.0000000000000182874328884003094339533207530032368313174677,0.0,0.000000000000123512313392993474604008553894511762557376834,0.0000000000000757255117389734586285807599110528795015394275,0.000000000000076594337363238317728983352861958203335409415,0.0000000000000182874328884003094339533207530032368313174677,True,True,False,False,True,True,True,True,True,0.00389585055713553997573092007101306674452827004,0.00389585055719166782911912719146054332079100142,0.000000000204575304566117373627219141160666327754163395,0.0000000000430458236456770331927020453431198503067093135,OBSERVABLE,OBSERVABLE,0.0,True
development,SADDLE_POINT_LIKE_D02_C08_E1eM16,SADDLE_POINT_LIKE,2,8,1e-16,3502148236062832963,8.94203164411377e-10,0.00000000213635500142694144373262597897737430021517945,0.000000000239083112513837402166790341287056088441364674,0.000000000793909421382623081950248438792465355115850405,0.000000000481528693563357807236987419506248688375720855,3.14018492600066283787817111047025899094275018e-17,0.00000000237543814534262810590604469904614149335913403,0.00000000127543814634783014919386423708042514819416117,0.000000000000100009527124226087712876225813181992970105413,1.42076872854483829112591637219544981986438914e-17,0.000000000000102620690061479106063979250074711052758998456,2.61116409284361044868776948365800223417372079e-15,0.0000000000000566892682063528154383102341484789568994344655,0.0000000000000566987942294721722697131920233315822560872352,0.0,0.000000000000159309956755617425229738189524269707914114941,0.0000000000000593099574689128940900484396481873800709840701,0.0000000000000566892682063528154383102341484789568994344655,0.0000000000000566987942294721722697131920233315822560872352,True,True,False,False,True,True,True,True,True,0.00000000777746760396712002630329226150425251278786112,0.00000000777817471074696573176644665577122839752329735,0.0000000167968842086096800742835074848360473901499695,0.00000000901870962267269281700351225412487556482576297,RESOLUTION_LIMITED,RESOLUTION_LIMITED,0.0,True
development,SADDLE_POINT_LIKE_D02_C08_E1eM15,SADDLE_POINT_LIKE,2,8,1e-15,2214474677380291679,6.6670063082102934e-09,0.000000000126036305547397884036540621662605378333194854,0.00000000791123644911196157614639113535997650000058758,0.0000000042838125073732106284605983313905738402989526,0.00000000715862475131905205490878831828370200387929258,2.40177966614920988785865519657342266032140402e-16,0.00000000803727299483732607510392054288810153567604846,0.0000000114424374988702292982903754355397955015205112,0.00000000000292710219082529800153579567154463758580688316,0.00000000000193509480558236639196585667599517066070539119,0.000000000000988453767274647742475041656701023211044949478,0.0000000000019386484239000601384363885594870183980396272,0.00000000000151551154784126214326643765559145629395313009,0.000000000000419583262179775272368639694863052432487360596,0.0,0.000000000000527057781273757621972302163506089916199466893,0.00000000000151906516989429378649063621686008298044664561,0.00000000000151551154784126214326643765559145629395313009,0.000000000000419583262179775272368639694863052432487360596,True,True,False,False,True,True,True,True,True,0.000000061025349052609107876638691719010796358011332,0.0000000610262661637441370783702090546019347063583592,0.000000007430461512253332836708324082040439616682325,0.0000000105785372098608675286817765859811391607936929,TRANSITION,TRANSITION,0.0,True
development,SADDLE_POINT_LIKE_D02_C08_E1eM14,SADDLE_POINT_LIKE,2,8,1e-14,5951943962751057553,6.137786524479452e-09,0.0000000149212674109404523914207935143610163502678512,0.0000000173781903407063594723341282579535039890195039,0.00000000503010452838221864128523992488149125207663704,0.00000000810246107398571689267488238505375527373694301,1.57009247593308420776507376448409600186091137e-16,0.0000000322994579086560594570633425488218967876969552,0.0000000131325657593771831272685430864426229742231802,0.00000000000155642193381619267817351001174054570235034947,0.00000000000161237160259243711254391399774499165094991862,0.00000000000157450998939660991567893325706346627606942906,0.0000000000000180886210595722889877407952418171926798751024,0.00000000000143016201040455769809732960559686212881094156,0.000000000000182209604896547512611515609637391901607357927,0.0,0.000000000000144347997913533495957060651951333965469054005,0.000000000000200297658145519729461252028307680529833008745,0.00000000000143016201040455769809732960559686212881094156,0.000000000000182209604896547512611515609637391901607357927,True,True,False,False,True,True,True,True,True,0.000000155464668566044850402988136807828491641820076,0.000000155464747690820680647234428211503203612924555,0.0000000456783314317203243023554590476747944103068287,0.000000018572252605667202608116068762839338147009167,TRANSITION,TRANSITION,0.0,True
development,SADDLE_POINT_LIKE_D02_C08_E1eM12,SADDLE_POINT_LIKE,2,8,1e-12,8897003781037175326,1.3110872528300186e-09,0.00000000126056946070078356894448566751410787533825378,0.00000000153098204143301386886182791196088683044544693,0.000000000838679310431206411860543205884246430479927132,0.000000000131031642511293166410142511756843045615406093,1.35071688644592887262215753078341337666360744e-16,0.00000000279155163720548608239920084169074778412503838,0.000000000969711088014188222863572979856842554436670892,0.000000000000139202032809347130168154052579262095897673845,0.000000000000050283354572267186666013152602640341841247784,0.000000000000129651846717118170727716389228410301081168114,9.55019487263361032340137344055165937017260272e-15,0.000000000000205274947941964084449713159819882200877328277,0.000000000000154991593596576363378113338895996757339529578,0.0,0.0000000000000756231016067629414437907546308945120336446649,0.00000000000016454178049234260762435974401794192438183973,0.000000000000205274947941964084449713159819882200877328277,0.000000000000154991593596576363378113338895996757339529578,True,True,False,False,True,True,True,True,True,0.000108513624578832744438684139751823617337607007,0.000108513624432664644511501496479257492266815092,0.00000000458928262167194062527792724987695549663365358,0.0000000015941952084832828410822408367110609513376013,OBSERVABLE,OBSERVABLE,0.0,True
development,SADDLE_POINT_LIKE_D02_C08_E1eM8,SADDLE_POINT_LIKE,2,8,1e-8,7661519954284096115,5.553755221408583e-08,0.00000000672344411924294960918177730485168627017105589,0.00000000546646582873458228009896774723562558568921206,0.00000000220206358303777509639062087820093425739342009,0.0000000306327571402107538907276922981636798332722772,3.72406903001360038336912826109816714084588728e-16,0.000000012189910320384434890640783389000137965676982,0.0000000328348210956554319884783515132774402004824114,0.0000000000005206658140419500866100709625517666329749482,0.00000000000240050827387596619342005516166395266845752963,0.000000000000121525030532378955339298559087312905378760648,0.000000000000399251815072558613758073880934643819952500362,0.000000000000458020712942146936809819549468519113405428371,0.00000000000194259858336774747744115682742939965034102396,1.1102230246251565404236316680908203125e-16,0.00000000000033649569682626167567972456847792235308371101,0.00000000000154334676829592934797720188114368596619625505,0.000000000000458020712942146936809819549468519113405428371,0.00000000000194259858336774747744115682742939965034102396,True,True,False,False,True,True,True,True,True,7.77888102480050823985826194454428287332859263,7.77888102480057655890405806774850874014421068,0.0000000287318941653323801032037041766407402154470102,0.000000077392415519240131143000766014567343534438423,OBSERVABLE,OBSERVABLE,0.0,True
development,SADDLE_POINT_LIKE_D02_C10_E1eM16,SADDLE_POINT_LIKE,2,10,1e-16,7134864161982781462,4.189529873944228e-15,0.0000000599631460126673795316915362733168745539230365,0.00000100150279934516890548051264402317616131083807,0.000000432398619729531693867049803114424511584924696,0.000000493937715100658632580287310687806470166582172,2.09476493697205009549833310133286513054039038e-16,0.00000106146594556731277870940918984632634599804762,0.00000092633633503966682014454212335206429188479338,0.00000000000799995672061868079952885856510373621492081761,6.08667548835692021579247299795289482120263219e-17,0.00000000000787259146789880725974593415061414200959586321,0.0000000000158725481883532985968514319555241860402962666,0.000000000000077533609197662769857528131698079309457876146,0.0000000000000774729578120827724358985550985369444090475109,0.0,0.00000000000779505786699562452569001456620754051701576476,0.0000000000157950752411356724872061021363778413186054943,0.000000000000077533609197662769857528131698079309457876146,0.0000000000000774729578120827724358985550985369444090475109,True,True,False,False,True,True,True,True,True,0.000000582990995334644069894225658361323486453958068,0.000000582999475333547632909240452392259720965639517,0.00000112515165200029784363969170102480773722060864,0.00000098191455131060806906146127967011382676344145,RESOLUTION_LIMITED,RESOLUTION_LIMITED,0.0,True
development,SADDLE_POINT_LIKE_D02_C10_E1eM15,SADDLE_POINT_LIKE,2,10,1e-15,10893762674769248071,4.213002479616961e-15,0.000000774353803426782837716215820417526498894392149,0.00000176299042610122847650810662466378465307660349,0.0000000696686393156223801874833512729249338785977119,0.0000000329224381672185812540509842162524572625302082,2.10650123980561282975174806220714591085089457e-16,0.00000253734422973866143820488372805648595819171023,0.000000102591077693491085422095618464352197361842511,0.0000000000218088963542605550750969068698832208927180493,0.0000000000118887060419248397606041567195809789692111545,0.00000000000273038258813549147545527391876967888853214139,0.0000000000190785137672783523010885040976940132664816682,0.00000000000354619389971295476161706883722919311823025315,0.0000000000083425121422139796339891260444635327197172799,0.0,0.000000000000815811314401515783662554026562433759263355855,0.0000000000107360016255344000589669986067412481817905745,0.00000000000354619389971295476161706883722919311823025315,0.0000000000083425121422139796339891260444635327197172799,True,True,False,False,True,True,True,True,True,0.00000347863855968291796464408310149949611623495188,0.00000347864901648070844891931099377142727280719274,0.00000267459565795323767693113906834017817307172574,0.000000108140491040879066074098949437023179523401554,TRANSITION,OBSERVABLE,0.0,True
development,SADDLE_POINT_LIKE_D02_C10_E1eM14,SADDLE_POINT_LIKE,2,10,1e-14,10818478010578314408,1.7887042887926933e-07,0.0000000600962613335436038448323763710861380259636795,0.000000391929146319052642272013466016149656736839559,0.000000101090381629812815999881513090367979639648971,0.000000248310817755161286520026660503741372205721349,6.28054256315811804266775004504445041275973012e-17,0.000000452025407715401671748427022813913295213247743,0.000000349401199447779528151489354020786852295814824,0.000000000000321348414018764730814066685323575506270274754,0.000000000000481367867627937478794524230591762006625719035,0.00000000000128553834255158184761527834610037312418339824,0.000000000000964189930237070431887981476528194040143240858,0.0000000000000443372669283458463132406256978666496049712831,0.00000000000052570513330363061220980848431420366415645555,0.0,0.0000000000013298756087499155513727722198249189222917128,0.00000000000148989506264356840039979716334230119675866149,0.0000000000000443372669283458463132406256978666496049712831,0.00000000000052570513330363061220980848431420366415645555,True,True,False,False,True,True,True,True,True,0.0000777895956824789719537796727794108325823628529,0.0000777895962479745555975584500766970382778243103,0.00000159815115532087230503819694328177047304498572,0.00000123531978741708446698459196102649750570517705,OBSERVABLE,OBSERVABLE,0.0,True
development,SADDLE_POINT_LIKE_D02_C10_E1eM12,SADDLE_POINT_LIKE,2,10,1e-12,15653859858006204040,4.990829558574866e-12,0.00000113863052342331276872343388045732325411491216,0.00000147915083704872948904346373991664336855443266,0.000000606132080201333546583568038918538706900888327,0.000000248581609233972131031076559092839095168270544,1.79263663021915637099792337599033623158827568e-16,0.00000261778136065130592078881325747375896026837845,0.000000854713689614569340636560235111170139668192494,0.0000000000110724247212358481824412812501471105935474877,0.0000000000048092318799934758691340209856837140622823582,0.00000000000674624800646481206075019402305293703505287032,0.00000000000432617671708423108038392942796496668412873519,0.00000000000413325300727817507948194067622548045454874675,0.00000000000067597887323203251108893585169393208486824024,0.0,0.00000000000261299499920448790487098929475750471336342815,0.00000000000365019784385398388264948255271038029186668611,0.00000000000413325300727817507948194067622548045454874675,0.00000000000067597887323203251108893585169393208486824024,True,True,False,False,True,True,True,True,True,0.00551831662939324093154107959084790664886110813,0.00551831663717064938792786939646830863881393149,0.00000324695816280961710790648170979189975691477425,0.00000106014185641276682453493568474474151438860946,OBSERVABLE,OBSERVABLE,0.0,True
development,SADDLE_POINT_LIKE_D02_C10_E1eM8,SADDLE_POINT_LIKE,2,10,1e-8,1243587067684604192,1.4009841405726587e-09,0.000000148315360017059760135407359760460052839999404,0.00000000202630370579888321955029389002962579389727165,0.0000000531291855259647000737651148060165107037074177,0.00000000237972744972112909454875425148914791396740307,1.00031026384343747088712328242763162123557065e-16,0.000000150341663822889669739301400739202006876659837,0.0000000555089130757168555526576161462179868604379828,0.000000000000492799541658870261462680341697874275759403135,0.00000000000146593783634663500042738424455717750855542163,0.00000000000048354653643201133267505530404416857134655496,9.2374108692611616697523536182378503545192714e-15,0.00000000000144633333090547110321124466018025061654644892,0.0000000000000196201295712959389236814768805136452472677698,1.561251128379126384970732033252716064453125e-17,0.00000000000192987986719149268704205663575336487963354601,0.000000000000028857510870078986920625000272438922760337481,0.00000000000144633333090547110321124466018025061654644892,0.0000000000000196201295712959389236814768805136452472677698,True,True,False,False,True,True,True,True,True,0.979040664916246341878267561849769662370816365,0.979040664916398807321594861504913412485115951,0.000000182316047021433975233652201636309250757449264,0.0000000673144446393794853974882186143422073720565126,OBSERVABLE,OBSERVABLE,0.0,True
development,SADDLE_POINT_LIKE_D04_C02_E1eM16,SADDLE_POINT_LIKE,4,2,1e-16,1864928768806077882,1.1821048114882957e-14,5.657612861551261968880067319664338678416139e-15,5.40171188561637850414855694545773574646540018e-15,6.59881820661896212441114281045446524576337446e-15,4.72776921212817298921409643958039688110412552e-15,2.9036099814798825700532312829850589896722577e-16,0.0000000000000113496857453156287300339473934205803238487649,0.0000000000000116169484168951233706305623783333680258347257,4.02620749835342889005100255222110449688557528e-16,1.18305508826967494765081996831215706477081902e-16,8.74824746781218023371775248611751375601558507e-16,1.27269082842213838173660764824753050881571716e-15,8.00270740446206444464292927028238312496406198e-16,6.9830110531473216751275782055128261248277815e-16,0.0,8.5721228595970701496137444973073412187868453e-17,5.76454488655031429480705449312629216525971281e-16,8.00270740446206444464292927028238312496406198e-16,6.9830110531473216751275782055128261248277815e-16,True,True,False,False,True,True,True,True,True,7.97745987573048749541851048438022975807888177e-15,7.59637054454302158180680102514691840931876767e-15,8.67932161487279582130151667333111831511322705e-15,8.88370248799485174991268458005490389833219244e-15,RESOLUTION_LIMITED,RESOLUTION_LIMITED,0.0,True
development,SADDLE_POINT_LIKE_D04_C02_E1eM15,SADDLE_POINT_LIKE,4,2,1e-15,11399759693937050620,3.9373933487090016e-14,0.0000000000000426754135375243373629535058285055449668670586,0.0000000000000542190330374117682638503879674649977780204903,0.0000000000000308735107460751506526010076189382542214615272,0.0000000000000325396495139840454078084578365358380449927796,2.82616642563081896485938932628906461203243662e-16,0.0000000000000971770632174991875232898327285994492060907925,0.0000000000000636957769026222779568954043881029987276575505,3.38970041107295631268753904400944133350839611e-15,2.40821780321181977717892769057525207887554628e-15,1.05867784665404266650246909296216802875189933e-15,4.41489347077155153195808776110963170556088766e-15,3.18752905231984586637297804334091463730741599e-16,2.29765863628615803846951389290490994040560693e-15,0.0,1.1493427980059503554268991109817136720381874e-15,2.13361060541438516960329905118858250838117024e-15,3.18752905231984586637297804334091463730741599e-16,2.29765863628615803846951389290490994040560693e-15,True,True,False,False,True,True,True,True,True,0.0000000000000419496083826415534029076558868093404334270684,0.0000000000000427198245444520093700460256097977476942817879,0.0000000000000763495115298749932571974010798565161928380978,0.0000000000000500441286453218529536651902524442568875676808,RESOLUTION_LIMITED,RESOLUTION_LIMITED,0.0,True
development,SADDLE_POINT_LIKE_D04_C02_E1eM14,SADDLE_POINT_LIKE,4,2,1e-14,16070823549828063926,1.0297644691429663e-14,0.0000000000000121597795075062180793039832986100753141729023,0.000000000000015761952758152610444180427166779124918400523,8.95680553648544193435739598327524222792043086e-15,0.0000000000000112986335284682687312606009827072781707041008,1.63168794661272475137624138920654471876369391e-16,0.0000000000000280849010603201009986220346043098547044497947,0.0000000000000204186078596149831407556211049031748705009011,4.91171474039823610678683552721903094411695291e-16,5.28713531372750885220042031502088129651599343e-16,1.93016032609280129565332067955409533408041767e-16,3.21449361688302000540902423587868740875293699e-16,7.17714464737074494868607178258551424212816541e-16,2.15715059772503978446092952067894253475789977e-16,0.0,5.57188028325891436275257934125511403532084774e-16,5.17824477640939890808201771280730135979365991e-16,7.17714464737074494868607178258551424212816541e-16,2.15715059772503978446092952067894253475789977e-16,True,True,False,False,True,True,True,True,True,0.000000000000383786349513330072791808213030647902345638174,0.000000000000383839524559545790001063943392727244338986772,0.0000000000000382187094857413833516716742158813794123048235,0.0000000000000277862058411327231819356204295925547890826485,OBSERVABLE,OBSERVABLE,0.0,True
development,SADDLE_POINT_LIKE_D04_C02_E1eM12,SADDLE_POINT_LIKE,4,2,1e-12,8392143630435653288,2.07055816822922e-14,8.68636361092569864099954054822634023197919272e-15,0.0000000000000284838275747600402990296783114717344726803325,0.0000000000000108516958760760712331801037299223240586700847,8.83974565629200010361834332071257051346294423e-15,2.15280231750132823124796641862592659105756896e-16,0.0000000000000373854714174358717631540155015606673637652821,0.0000000000000199067217641182041599232436924974872312387858,1.4244568383968169501018637437174414994649011e-15,9.80205282581860266151380023301095866475015758e-16,1.41417313446823253877275460432223477090424048e-16,1.29501799313139314690432615657372327523111972e-15,8.13725052403732251309272011834040752457448717e-16,1.77539058688065969061443330469714085330723557e-16,0.0,6.82319713900703856614463711019586023945126267e-16,1.12893131808780733116526558379622288556451188e-15,8.13725052403732251309272011834040752457448717e-16,1.77539058688065969061443330469714085330723557e-16,True,True,False,False,True,True,True,True,True,0.0000000000403757559981919464972775954785834113918570027,0.0000000000403753009674722513408562573849915257747751265,0.0000000000000385601695213442065088097980084525453670132491,0.0000000000000205322157708738514604051261291742428799576103,OBSERVABLE,OBSERVABLE,0.0,True
development,SADDLE_POINT_LIKE_D04_C02_E1eM8,SADDLE_POINT_LIKE,4,2,1e-8,14763004884746340781,1.6754737559036426e-14,0.0000000000000134358911868700640087743359034159403946718731,0.0000000000000115522952935922062094557594507106515357492722,0.0000000000000112300700297671702624335881780285840541877989,0.0000000000000106709900590422270786904449526654948700487383,2.89510745548147810228515906523646865202270303e-16,0.0000000000000252776972260104180284586112606502387956234157,0.0000000000000221905708343575451513525490372177257894388075,5.50765442669119884579440526917940154386461014e-16,6.79222749692489765872955197995784289999262871e-17,1.66907733372580700105931376027006742107502277e-15,2.2087906611851362054374673464494324717378332e-15,1.11748884377300379742548705228985940516932114e-15,1.1129986389341451771676841392287058714621472e-15,0.0,5.57278256889762844330102448486942838881269263e-16,1.09799969536519029029197073569410727568464058e-15,1.11748884377300379742548705228985940516932114e-15,1.1129986389341451771676841392287058714621472e-15,True,True,False,False,True,True,True,True,True,0.0000000995646516705837253568186083803394218570251974,0.0000000995646520831897850329125191631603636951399466,0.0000000000000193871087710342868960766228302978046618634879,0.0000000000000170193909124898181917809137557323045857390519,OBSERVABLE,OBSERVABLE,0.0,True
development,SADDLE_POINT_LIKE_D04_C04_E1eM16,SADDLE_POINT_LIKE,4,4,1e-16,8406512469157112912,1.157193275018251e-12,0.0000000000010140478533233520164296802658548470645627514,0.000000000000566247129959676846118412063822934881878785342,0.000000000000911966084016775572985310903690874049896199763,0.000000000000595584076738856891834983172061763608945619689,2.46259379697320182824349440435611009645224405e-16,0.00000000000158054124266272618273091667911821755745118197,0.00000000000150779642013532978500311842519307326985146468,4.0288537548533039340284855338260759693032826e-15,3.40883497135317711474044259329121654734541159e-17,5.41945791537702388185096399109830674176043806e-15,9.44743784641112124917356258444553320037711853e-15,4.6107485536242038525916614946916322015491338e-15,4.62950136349155400846054040674457453306885253e-15,0.0,8.09481711902039060082921200611612533479018234e-16,4.81822160808013009591022510973527158502773156e-15,4.6107485536242038525916614946916322015491338e-15,4.62950136349155400846054040674457453306885253e-15,True,True,False,False,True,True,True,True,True,0.00000000000089620944505294969189261081283637313520436137,0.0000000000008925942596994533207708558219048108136992941,0.00000000000142512604484850976301916593266847907174809153,0.00000000000135953424729628587506386786880703724991869989,RESOLUTION_LIMITED,RESOLUTION_LIMITED,0.0,True
development,SADDLE_POINT_LIKE_D04_C04_E1eM15,SADDLE_POINT_LIKE,4,4,1e-15,14494958488959823709,1.235527106468342e-12,0.00000000000197325619445157288485626291038705917817557764,0.0000000000032966539740074477212028789116378041538440929,0.000000000000687206439525484541507511876796873089996245483,0.000000000000876362599968664224219212843883349267674331677,2.82616642563225726807539399159785363747565019e-16,0.0000000000052701927851015838317859493614240231173834181,0.00000000000156385165613671199145353226007938214303432472,0.0000000000000138600063396157108455202690366245999152914781,5.14151594263984487390541119451870110099050076e-15,0.0000000000000205727488821845361292305528692327147610804518,0.0000000000000344325713206873576235417449787539211319907165,0.0000000000000105583774836436569282131258553129212757042755,0.0000000000000156989386424584539413559486603884222900499046,0.0,0.0000000000000100145870397345094797255542910137313814466266,0.0000000000000187345597679595980786923877417963432322110611,0.0000000000000105583774836436569282131258553129212757042755,0.0000000000000156989386424584539413559486603884222900499046,True,True,False,False,True,True,True,True,True,0.00000000000339650340882863642033900937582637790583318741,0.00000000000338965304473122392763721019896943700241397882,0.00000000000414065450722860790941299972377474448952348402,0.00000000000122867790091564965617454761271896542412952643,RESOLUTION_LIMITED,TRANSITION,0.0,True
development,SADDLE_POINT_LIKE_D04_C04_E1eM14,SADDLE_POINT_LIKE,4,4,1e-14,2777713429788504315,1.3439581306407742e-12,0.00000000000289761146143672146738600485393039323601783776,0.00000000000278837305357325108335905849715027590484254643,0.00000000000178821184043231018507798035723362191149640921,0.00000000000164946411126489381307744472909273136186646852,3.15584678470847627473438225387018563559522416e-16,0.00000000000568630009968844339837253678930605615942394371,0.00000000000343799153637567484578289852455174029192643725,2.64492524105180259623857081167137190279762118e-15,3.28073586342636280778138644975497289493867704e-15,0.0000000000000170983285016705215175726893074324142061344204,0.000000000000019726348225481308996783721469777484159172249,0.0000000000000122202259587257891265990183007535094932705509,0.000000000000015486075772397403931683625047218668615130528,0.0,4.8808742976645391166998041736304732680490868e-15,4.24165822234044388600944105030184637674588192e-15,0.0000000000000122202259587257891265990183007535094932705509,0.000000000000015486075772397403931683625047218668615130528,True,True,False,False,True,True,True,True,True,0.0000000000392569017567128295345295731191784485411286257,0.0000000000392564518783338047686372786121202257281699202,0.00000000000400086678874040259547690551240106850917822429,0.00000000000241896240379744589712476977618218969583674976,TRANSITION,OBSERVABLE,0.0,True
development,SADDLE_POINT_LIKE_D04_C04_E1eM12,SADDLE_POINT_LIKE,4,4,1e-12,11770033738140716524,1.663193330245938e-12,0.00000000000156930841551705411609530933509556805563253819,0.00000000000173571302001701144285904430867749574563922068,0.00000000000119296360345870168493309552853476465703968436,0.00000000000084628014649738701066441547448291279320027498,2.24254058411515033263909794154458228912226557e-16,0.00000000000330524568959247707398761755356721825950067109,0.00000000000203946800401450021063077491281183190846887156,0.0000000000000183951456417664323050081257118746304800847974,0.0000000000000113915258787981715257486140143408314634800248,0.0000000000000105434616680383451210110014225906233174132405,7.85362870530706162882922034937214093808182368e-15,5.92657047910003999039027130955231987110463474e-15,5.46605596994250232124335328619456539837205477e-15,0.0,4.617676126939178663791534407943432299598384e-15,2.38984821546643535697697521624756459210703284e-15,5.92657047910003999039027130955231987110463474e-15,5.46605596994250232124335328619456539837205477e-15,True,True,False,False,True,True,True,True,True,0.00000000116729154732639606308231296850120396313641512,0.00000000116729848205356934313400177637956991803440994,0.00000000000327268089848423470696475804630484054161194677,0.00000000000201937423315450059756213681471695928850451223,OBSERVABLE,OBSERVABLE,0.0,True
development,SADDLE_POINT_LIKE_D04_C04_E1eM8,SADDLE_POINT_LIKE,4,4,1e-8,17969156247882531578,2.011055066688397e-12,0.00000000000172705316782584310215156153294193100513453492,0.00000000000253076375292283388259148376253621909696361458,0.00000000000134088192948051950830192592816827249792279207,0.00000000000212784907473412660575177259920581237632250171,2.98730801488839858760140019330935170884031679e-16,0.00000000000425811565155016582460180543549748103726903354,0.00000000000346902973501613495391245866739341580941617781,7.41026884770644907832694029859106915294181602e-15,0.0000000000000122715598068001053162926215608531235176155651,5.56762180200631979642754743415207683040159086e-15,1.85971028482182286851560441472358817013136149e-15,0.0000000000000114016773435472068183872586773509309824940103,8.87175050054589817345803229952352302252583865e-16,0.0,5.83924247110512230091475392742771480418831041e-15,9.78385853895834828482423467105152439016863852e-16,0.0000000000000114016773435472068183872586773509309824940103,8.87175050054589817345803229952352302252583865e-16,True,True,False,False,True,True,True,True,True,0.0000157550714625640643349317135360750118692665349,0.0000157550714661776881796487532498798912747491874,0.00000000000316503243784067684087808258729095438359367654,0.00000000000257850949519485314947020483260394301282265148,OBSERVABLE,OBSERVABLE,0.0,True
development,SADDLE_POINT_LIKE_D04_C06_E1eM16,SADDLE_POINT_LIKE,4,6,1e-16,16711754278801847187,9.96505916498749e-12,0.0000000000730548148821168356511933060049838548181209449,0.0000000000357723913489391677947096122142049221592343299,0.0000000000405591768006985745924656091939999520207100927,0.00000000000949955825126162993567662849312576966702848616,1.74838096758642300386762834467243986053747537e-16,0.000000000108827381069152762088203304982023244221341329,0.0000000000500589098900569631704426244499601889317246326,0.0000000000000593006619828146152985885295431999892806806735,5.88391128763130911120135353732472015696384002e-16,0.0000000000000371591795610118990823089255551726874416632447,0.0000000000000221415415943770125175800675527028090145041024,0.000000000000048933740582549457512860681846956552402315341,0.0000000000000483463804749635171953140453143778535461733268,0.0,0.000000000000086092897076780895371277270533503830543213143,0.0000000000000262048769034636523817917992600974660910230934,0.000000000000048933740582549457512860681846956552402315341,0.0000000000000483463804749635171953140453143778535461733268,True,True,False,False,True,True,True,True,True,0.0000000000559395613432600859838818879300756568123413434,0.0000000000558635035100005424652212333662345488813424221,0.000000000138210912168805282182490324924929371577033867,0.0000000000635748791352797350891764032789072417253035077,RESOLUTION_LIMITED,RESOLUTION_LIMITED,0.0,True
development,SADDLE_POINT_LIKE_D04_C06_E1eM15,SADDLE_POINT_LIKE,4,6,1e-15,14535962363485037340,1.1202792129971001e-10,0.0000000000363075771000222398049876203821281631716852927,0.000000000104880441787493592105433240909801243543981802,0.0000000000596130890784518998249137552925363174603846842,0.0000000000939608162847472722262203560133618331043895568,1.60118641741819059192717962314831458391416222e-16,0.000000000141188179006157573729480054009891721547125486,0.000000000153574065481840913870193304023860465396232632,0.0000000000000111371265855863779624531454998789927527499181,1.34104499670968645105529691740050863512484604e-16,0.0000000000000158762203072988652831300837109859123819666481,4.73976062064678171872499245575446362591058393e-15,0.0000000000000147609359485632767525183803552382594491439789,0.0000000000000148624379165932831487183067297541097553689844,0.0,1.11549669236778050037662833648634415250936549e-15,0.0000000000000101229564666489834646907454468985878511416034,0.0000000000000147609359485632767525183803552382594491439789,0.0000000000000148624379165932831487183067297541097553689844,True,True,False,False,True,True,True,True,True,0.000000000762806553863270727136052185032149538061354835,0.000000000762822138510114634320912930247179431842606477,0.000000000195792776498495952378880939521821598221734163,0.000000000212968910644708577463097098453546558081286644,TRANSITION,TRANSITION,0.0,True
development,SADDLE_POINT_LIKE_D04_C06_E1eM14,SADDLE_POINT_LIKE,4,6,1e-14,13264757766380314988,3.662901637260177e-11,0.00000000011014240138143621041836848165848225626413858,0.0000000000896978006612270543567243151382311948190245851,0.0000000000641407510955275482293998593764664757850067633,0.0000000000357981786203167269809907624202666028140960202,1.38666811409688092483553258877159647203467226e-16,0.000000000199840340709474674463185280349972328242810369,0.0000000000999390683826556848984831053499919557587499869,0.0000000000000151743251027688602413816094027467157184595159,0.0000000000000175886214341540668397195815150730445158040391,0.000000000000027822421584756708313345353992915074502004999,0.0000000000000429965396901431825416280004932173570252293423,0.0000000000000219520581168806925874693047744263611986923464,4.36362388759907901145028403834887411083776122e-15,0.0,0.0000000000000497741125512386387688035032219374112001317979,0.0000000000000473598123632076275848373741937237204728102077,0.0000000000000219520581168806925874693047744263611986923464,4.36362388759907901145028403834887411083776122e-15,True,True,False,False,True,True,True,True,True,0.00000000353015657285391012899465712020019661187611996,0.00000000353015270687910588660764887345523336642127537,0.000000000320000648135877762781738550543809525492412595,0.000000000160030585131146009862212261084846356233808558,OBSERVABLE,OBSERVABLE,0.0,True
development,SADDLE_POINT_LIKE_D04_C06_E1eM12,SADDLE_POINT_LIKE,4,6,1e-12,9758253840955521254,1.324502823214785e-10,0.0000000000657818999381240603874343118227598803187854689,0.000000000121354048147521259982980772647819443040637932,0.0000000000910034624887020222168571984124347601112321367,0.0000000000542212582609914346667094463020583126594240326,2.60843350741287373536757537735769201272310683e-16,0.000000000187136208928996061657788621228117059128624673,0.000000000145224981593044198170940181472030808539857442,0.0000000000000183916437485517601479853938633725628062459909,0.0000000000000888146800124327200152274266547663041777388887,0.000000000000148123269011021057798407881982141172341749938,0.000000000000129732075501855020500290248306386130156130074,0.000000000000116968351816136418732547840796455728760558953,0.0000000000000281537477132404344764510296858197268787211851,0.0,0.0000000000000311550370785939586398983724595941517483377956,0.000000000000101578492446241288320522920765381348324858463,0.000000000000116968351816136418732547840796455728760558953,0.0000000000000281537477132404344764510296858197268787211851,True,True,False,False,True,True,True,True,True,0.0000000943869893999252775114962012070953649999411071,0.0000000943870493483268976100856541277930256673811327,0.000000000159300919992241539103096056913752682171085987,0.000000000123623714010397646583100753718034022025307849,OBSERVABLE,OBSERVABLE,0.0,True
development,SADDLE_POINT_LIKE_D04_C06_E1eM8,SADDLE_POINT_LIKE,4,6,1e-8,9736261367584612580,1.0984027225952614e-10,0.000000000145037729250498570437392307873501190386241837,0.0000000000545815817716613005276694485746559420001293377,0.000000000174086417190456908583489678926124672539684364,0.0000000000627432676986422080681617619132895380951854195,1.82128505576678596386238869857470800415844408e-16,0.00000000019961949315066544764365814268702698985717159,0.000000000236829867017604693330247827078284068105670199,0.0000000000000423657684881748435482000977530903094139172442,0.0000000000000671091140553989098992377246624044576375894597,0.0000000000000386361010219905791620369077209143553883376787,3.72997145274006250076296041899468467703742996e-15,0.0000000000000511352284191944616597831931718274322848999021,0.0000000000000159739996510413810928706049581982260248242498,0.0,0.0000000000000124994530723366053518910177129685363187596281,0.0000000000000122442886123039149199004325040806708259797928,0.0000000000000511352284191944616597831931718274322848999021,0.0000000000000159739996510413810928706049581982260248242498,True,True,False,False,True,True,True,True,True,0.00678757971143514286882767329423491215513196192,0.00678757971146543534422057225789920006616846645,0.000000000243874025609040740770961826133334206552094235,0.000000000289333732605186928191553349208616322445918888,OBSERVABLE,OBSERVABLE,0.0,True
development,SADDLE_POINT_LIKE_D04_C08_E1eM16,SADDLE_POINT_LIKE,4,8,1e-16,6374148961327453857,6.8373995542881285e-09,0.00000000262394833644859389858526559743228118129762726,0.00000000530697361467116805628126250624995958714507251,0.00000000165271874081279865394909547790277158553782087,0.00000000459617776389284388888028309933000749736794493,2.22044605914275465617931329674313277152140777e-16,0.00000000793092217316436786914199372161357044275597692,0.00000000624889672675024845710484419516410875721904295,0.0000000000000930985735573726735194991578150825820727894759,6.90151189026295216788931305540449194602884666e-15,0.000000000000118927091725771752142108906051134315652192236,0.000000000000025828598156767992011114848743759498201242425,4.04162567980144622498690681532686615804149956e-15,0.0000000000000109430982714146348035054632788861876209185869,0.0,0.000000000000114885491558057891435019885857230762969990936,0.0000000000000148855218871811684285114138114204935582154908,4.04162567980144622498690681532686615804149956e-15,0.0000000000000109430982714146348035054632788861876209185869,True,True,False,False,True,True,True,True,True,0.00000000990010494982040285372922249565681748847985606,0.00000000990000494981991113859129043734619346254861398,0.00000000793092217316436786914199372161357044275597692,0.00000000624889672674960235855659009082979366756419886,TRANSITION,TRANSITION,0.0,True
development,SADDLE_POINT_LIKE_D04_C08_E1eM15,SADDLE_POINT_LIKE,4,8,1e-15,11173913639170817226,1.45353559364243e-08,0.00000000767830243079637730255417979957257780542380818,0.00000000287978926196344944638840046788487499633788715,0.0000000045216001311643992788877436984394440294097435,0.0000000131418897292218068987494907148348197291374418,2.72852981083988809115829693744402508556805902e-16,0.0000000105580919656128078329313893832871465461642039,0.0000000176634901332391872616260435291039575029496939,0.000000000000655367076002696451813065486344913358892682102,0.000000000000337988205489924179983230571349618077979301497,0.000000000000257460729943090421884457765077227573894360182,0.000000000000397906349039145014686622170871961379068096518,0.00000000000044281719700692769269492990246886888572628676,0.000000000000104829050516674479511238852389989834743554229,0.0,0.000000000000185356475495859456525134849234103451170642124,0.000000000000502735367655121559511372208770948093126465418,0.00000000000044281719700692769269492990246886888572628676,0.000000000000104829050516674479511238852389989834743554229,True,True,False,False,True,True,True,True,True,0.0000000447716275187201206663376035599186673872769626,0.0000000447713692394459186420605656513008967938822263,0.0000000085920533882602082325128383951898042566116927,0.000000014374344412049182448129619516234712964590355,TRANSITION,TRANSITION,0.0,True
development,SADDLE_POINT_LIKE_D04_C08_E1eM14,SADDLE_POINT_LIKE,4,8,1e-14,10816478338663780873,8.52817972855606e-09,0.00000000735554235045162310801816606000675928502382526,0.00000000301185728473352500133626570325041524160534113,0.0000000018203711297232682992748793377579509859204925,0.0000000103249847233990995580872811601369469633555387,1.91010042650630255209470062170109439294082141e-16,0.0000000103673998261951907599846869727272366967386057,0.0000000121453560441324105079924157073649601193854705,0.00000000000136796582216956858891261085874502912320566743,0.0000000000014160120104082134793933841552351674302978555,0.00000000000081099572600913016419775140303940346276264356,0.000000000000556970096699079469130837359877399002824549591,0.000000000000875858385771148567703471280132868587910119507,0.000000000000540153629525988168146103475189199089515346583,0.0,0.0000000000000648626977189555453569782951663192832325771315,0.0000000000000168165943439332803206972978687319815083808786,0.000000000000875858385771148567703471280132868587910119507,0.000000000000540153629525988168146103475189199089515346583,True,True,False,False,True,True,True,True,True,0.000000767406344318306072848943192868117672791766575,0.000000767406400170906166980410292764948659555024282,0.0000000120518574970827333424757582806611924127384353,0.0000000141186896183344080105800673011742054967767761,OBSERVABLE,OBSERVABLE,0.0,True
development,SADDLE_POINT_LIKE_D04_C08_E1eM12,SADDLE_POINT_LIKE,4,8,1e-12,3784559304525673631,1.4084600021798896e-08,0.00000000963457747848116392095011005951334968243339942,0.0000000151268828726351705843090771206452447513967711,0.0000000100841018730567119299619808320214425914615286,0.0000000109744966375744699290116705388479367239696078,2.09481124223108422885948766561545101623711345e-16,0.0000000247614605605974587283676100661073609953752722,0.000000021058598720112306082082074256818145876976238,0.000000000000358346211522199688102381296587176469498800438,9.26570898744389961948923936656057510912296054e-16,0.000000000000827471437896514510234945028602400231566396317,0.00000000000118581755438620479944296690610456799535489725,0.00000000000049928377299867279144802599287716162012235855,0.000000000000500174089304540949427951501233536274786929063,0.0,0.000000000000328187672644720533317013134806758405382463233,0.000000000000685643473804489269321817489776440660533142015,0.00000000000049928377299867279144802599287716162012235855,0.000000000000500174089304540949427951501233536274786929063,True,True,False,False,True,True,True,True,True,0.000070002570362625692543380452669890558507646992,0.0000700025699837387903139230048910772435050204399,0.000000026247095700094400149681435777346094704885291,0.0000000223220699992286287204857087133884996940411754,OBSERVABLE,OBSERVABLE,0.0,True
development,SADDLE_POINT_LIKE_D04_C08_E1eM8,SADDLE_POINT_LIKE,4,8,1e-8,70605445889008863,4.697206423993722e-13,0.00000000426777802915108107823828895247282600760479182,0.0000000206309089830698509041786403346225454682833261,0.00000000247076740235166669152421085756559920218453821,0.0000000223488292861898293539928868881081054485085689,3.80592808516122371698688338357399927515121577e-16,0.0000000248986873928137404985393009857837098332880454,0.0000000248195970691343045616394694443620430080930346,0.00000000000125794493244237092261581827019417859606929605,0.00000000000181541095835404607797208752869511409383719024,0.000000000000274991149499798503121783836054156872602484256,0.000000000000982787253294194374039229021654226525613743894,0.000000000000438475267987818582267510077037473647513048919,0.0000000000013767691572391567979815150724855569824075273,1.66533453693773481063544750213623046875e-16,0.000000000000163484126939251218268137213732833541218595798,0.000000000000393981904393816627017023566308609492231325366,0.000000000000438475267987818582267510077037473647513048919,0.0000000000013767691572391567979815150724855569824075273,True,True,False,False,True,True,True,True,True,6.03088025980890503970357809418151417324224376,6.0308802598088729817323319878494922461287205,0.000000045458575791045261703340566304943401381898724,0.0000000453141772765206280128867726221752538895329215,OBSERVABLE,OBSERVABLE,0.0,True
development,SADDLE_POINT_LIKE_D04_C10_E1eM16,SADDLE_POINT_LIKE,4,10,1e-16,13933344280197428286,1.0312755129108233e-06,0.000000554703909356319491892189731945015021350800031,0.00000100838622107593986205272739663499308882630816,0.000000240478992347586975051604309842781072397390868,0.00000143687017649454742271616182553975060234928427,2.20931623069891527308622142333301953408638158e-16,0.00000156309013065319097701480865588863025251041014,0.00000167734916906306602083765766269115381707997709,0.00000000000798372530957415637045773262604076103173347878,0.0000000000000262915864909052859195264308592274846990780706,0.00000000000920474807500531441795802811175135843695027564,0.00000000000122102276830491559179958119123885521527396679,0.0000000000162999774275052420052434148109253895340065947,0.0000000000163262687371544953162087749064194399243672349,0.0,0.00000000000709522935269656032722963532925268563955022493,0.0000000000151052459712839754221524734533512771178070147,0.0000000000162999774275052420052434148109253895340065947,0.0000000000163262687371544953162087749064194399243672349,True,True,False,False,True,True,True,True,True,0.000000552882520162747449478467170088887131467849261,0.00000055287446979512609919580165018682471953334739,0.00000157096468996491941926024822915301469218559742,0.00000168579934430803974299893924836460399191535564,RESOLUTION_LIMITED,RESOLUTION_LIMITED,0.0,True
development,SADDLE_POINT_LIKE_D04_C10_E1eM15,SADDLE_POINT_LIKE,4,10,1e-15,6463102877363894650,2.6094391584761006e-07,0.000000108755639442623258566083145751661668615730763,0.000000217832531977022056502366689694908160924732889,0.000000158321902150899259352181988390730067079748641,0.000000422690160839680509478865845234076668943354698,8.59976318882491627124573774117164726045652568e-17,0.000000326588171505642946956698998159027206952180125,0.000000581012063076577400719296996337264113434819811,0.00000000000740774909438696335377722175820604349998697763,0.00000000000411173476725530913131008051931499210407353489,0.0000000000135522537642043628859500876626820799678037914,0.00000000000614450466998441653806292341469997280729006917,0.0000000000117365710291741481559570508286420072103286369,0.00000000000762483626214528770495735748677372489613480372,0.0,0.00000000000181568273506838136400137166463467190075908207,0.00000000000148033159271808737533423971191493431619902333,0.0000000000117365710291741481559570508286420072103286369,0.00000000000762483626214528770495735748677372489613480372,True,True,False,False,True,True,True,True,True,0.00000568307329647251284268070069054079411072144102,0.00000568306478618635632141140902342694439081016873,0.000000843247032873124519903832521409291826729222808,0.00000150016669615716665521524599342128584001975838,TRANSITION,TRANSITION,0.0,True
development,SADDLE_POINT_LIKE_D04_C10_E1eM14,SADDLE_POINT_LIKE,4,10,1e-14,1446996541747899926,7.848136979784734e-07,0.00000120726136727674298838060419248222474365507196,0.000000558067814013301216045854971970209965743491966,0.00000139494508324423696215871926211021686814314233,0.000000323255923874216367171608392354867408982858463,2.89516744252017872397591178599718666274902267e-16,0.0000017653291815795609486784770368500258879982826,0.00000171820100740797007358234552686267545572571946,0.000000000000414806637277445888694565628218766592839483809,0.000000000000109144290459598621770591050253950867794164029,0.000000000000893907188708472494523658647965698612400559043,0.000000000000479100569954539236139292426361808940607386052,0.0000000000036616766415910282228442460672981703710798005,0.00000000000355253249078501319043685547141397005121550132,0.0,0.00000000000276776946711155189541814595949871990394316374,0.00000000000307343192247355786254123560625376328251409067,0.0000000000036616766415910282228442460672981703710798005,0.00000000000355253249078501319043685547141397005121550132,True,True,False,False,True,True,True,True,True,0.0000675503678908263146921283312699942114995175215,0.0000675503681251707327214768531098263133348633674,0.00000135394567606210554410961368090175292997065681,0.00000131780001648247799678831166920324133918840259,OBSERVABLE,OBSERVABLE,0.0,True
development,SADDLE_POINT_LIKE_D04_C10_E1eM12,SADDLE_POINT_LIKE,4,10,1e-12,12883914444046838379,2.0454358774772213e-06,0.00000119706936908141184410966770028577772616259277,0.00000354231847379434074648859391713579435488609955,0.00000158623186509634202471945414822485446099309084,0.00000165447089466319271409342460418615075844765209,2.64856313769198697168995549784202991835915472e-16,0.0000047393878431406089043674603145905676308328953,0.00000324070276002439105258207744958000076922494593,0.0000000000175007725233047742647965449224763515062340471,0.000000000010348419749960926870449393497427724145095705,0.00000000000846817061112760401380215256596409724058659054,0.00000000000903260191713979504102818831443397488862569787,0.00000000000349352810919585832320678150657877738952411441,0.00000000000685489164467389968635649838013653248726957596,0.0,0.00000000000497464250558809568980558047682702573726386106,0.00000000000217771027520463876870480056112115456742052745,0.00000000000349352810919585832320678150657877738952411441,0.00000000000685489164467389968635649838013653248726957596,True,True,False,False,True,True,True,True,True,0.0046663216818914428669287511710249380039963227,0.00466632168790173811203117444080738775238823721,0.00000397720592770155179028361973581270023392930068,0.00000271953734399786161282411514893804510740380782,OBSERVABLE,OBSERVABLE,0.0,True
development,SADDLE_POINT_LIKE_D04_C10_E1eM8,SADDLE_POINT_LIKE,4,10,1e-8,15406348972328761430,1.210558099516363e-06,0.00000160344156462347189290532684304723289124389447,0.000000022653215272062438523329379992611716229597934,0.00000198767515560211189891570003975698605228097504,0.0000000201549043531339166842698276148431481897569621,3.36801161576712367135335938470910046017032628e-16,0.00000162609478023233549300536859017518054594440245,0.00000200783006029204697717668223450716513894164205,0.0000000000130027839616404394506293176738154059524527496,0.00000000000911061336337473664240691986448398428010404381,0.0000000000130591981688268767404874260177658041652589494,0.0000000000000564091120000014934251153367255090372306488411,0.00000000000924709136824844450120761271507196362620048106,0.000000000000136472558513420710281667560268541763842454659,5.6378512969246230568387545645236968994140625e-18,0.00000000000381210680193307596511803909346330410088664844,0.000000000000080063802495908656482512199387874499254266499,0.00000000000924709136824844450120761271507196362620048106,0.000000000000136472558513420710281667560268541763842454659,True,True,False,False,True,True,True,True,True,0.25949287033190394327972169169748700160374006,0.259492870329565469395848709678892255395281567,0.00000104529331450393921660413768670818743554387174,0.00000129068204645781416266011877583185645520087385,OBSERVABLE,OBSERVABLE,0.0,True
development,SADDLE_POINT_LIKE_D08_C02_E1eM16,SADDLE_POINT_LIKE,8,2,1e-16,15340668221295556767,3.525995468094061e-14,0.000000000000025320385043419907625934580151384052076427842,0.0000000000000216035909275255411599529650345828067438594094,0.0000000000000305637756009044201743870002673593855962159981,0.0000000000000183448109448314287663415444457525071470257866,2.77333622662397506919612466673505883675165923e-16,0.0000000000000472013095936078462928071576526403647039624173,0.0000000000000491859201683982464476481571797853986269169506,7.12981267818236477833147363406032077574381304e-16,1.26806786838428423143613741395482161281105388e-16,8.47109080082905574508994652265270911333509491e-16,1.13890044874352784725097144690496232798833064e-15,4.70375738325485690488511390378341194324279119e-16,4.9829086579414858952924438801395760131393277e-16,0.0,5.8854567300721957812315752481158893431300683e-16,6.69513583436773394589249848549208093919021375e-16,4.70375738325485690488511390378341194324279119e-16,4.9829086579414858952924438801395760131393277e-16,True,True,False,False,True,True,True,True,True,7.54185181460578629752782615747763774538261859e-15,8.03639210679171180707568966954384431011046246e-15,0.0000000000000377912928120338603527422475861481722211612311,0.000000000000039380252948850066614222804225506343725925862,RESOLUTION_LIMITED,RESOLUTION_LIMITED,0.0,True
development,SADDLE_POINT_LIKE_D08_C02_E1eM15,SADDLE_POINT_LIKE,8,2,1e-15,4895670750919229744,2.904385174947384e-14,0.000000000000026507444322301146580116481849427693725848797,0.0000000000000226628664752678571547895913255963059139948624,0.0000000000000243487560243957769187957905031956246649110002,0.0000000000000251306538986188888564343905602412211595761107,1.83102671940890848142715512580916942290554089e-16,0.0000000000000493534134695098945830487886876049165821342136,0.000000000000049662512594955556623372896576017762766777665,6.27793781409573246230385899020428550670531055e-16,4.04289383424440314530665257466178242735556009e-16,5.53840239042511500182557399293485270194920932e-16,1.99049123132997664271564503785840266645096007e-16,2.5382287450037144193960150226785182921231204e-16,2.48001260277680701548420022945064461179246333e-16,0.0,3.25751762764353995732112693129745384492078658e-16,1.79240111789503163944250394273849630664462458e-16,2.5382287450037144193960150226785182921231204e-16,2.48001260277680701548420022945064461179246333e-16,True,True,False,False,True,True,True,True,True,0.0000000000000403878528792429509857634523676163828433000404,0.0000000000000402096301217634099699607036815253319621059232,0.0000000000000598498049175207849551959843488874811340563807,0.0000000000000602246426654615139868183361299336461809082805,RESOLUTION_LIMITED,RESOLUTION_LIMITED,0.0,True
development,SADDLE_POINT_LIKE_D08_C02_E1eM14,SADDLE_POINT_LIKE,8,2,1e-14,8768387704127023569,3.188533406879565e-14,0.0000000000000420402278989194753125048707537096414103599601,0.000000000000024479909424093948056251497213757896219317196,0.0000000000000417684002215943951542680404447540423364007619,0.0000000000000270411833646705051653038886217069226031506625,2.49244450863333775246364094481105587927611608e-16,0.0000000000000667693817738767571440027320619486432176047677,0.000000000000069058828037128234094818293160942070527479036,4.30708802517852664274407046818300405954027671e-16,4.43080201926673253117126447762329898968425034e-16,6.71254695379525930983264439771766254006218906e-16,1.02516280441645322873091599607031961029693647e-15,5.77623786584727258458580493400353519723556773e-16,9.44548817876813064607561671943856721125690563e-16,0.0,1.40041367618616070977032133333951708948243733e-16,1.6997602716623824757573840955995511513476257e-16,5.77623786584727258458580493400353519723556773e-16,9.44548817876813064607561671943856721125690563e-16,True,True,False,False,True,True,True,True,True,0.000000000000421976664559524218158573015355347259892418798,0.000000000000421951107174718584834534503945164355651131842,0.0000000000000594828929820369852538644200559922710071246338,0.0000000000000615224938207314815111629601443047654606917636,TRANSITION,TRANSITION,0.0,True
development,SADDLE_POINT_LIKE_D08_C02_E1eM12,SADDLE_POINT_LIKE,8,2,1e-12,9032802649218101296,5.6310361983756634e-14,0.0000000000000675727707643334489856154804990440357589407086,0.0000000000000137849732475759726736034642445706079086038411,0.0000000000000655967466703612677613674550852209121490736434,0.0000000000000305290231370324000635539825924419593692594525,3.74854436739425379473211626774935802220023128e-16,0.0000000000000817325984486488470386921563703895794697645728,0.000000000000096500624244133093204394649304437807320553119,1.18827692750444006182608334600421993469412516e-15,1.19599493217449389798736277559139039084283461e-15,2.03534684802813315856166937703452078469965673e-15,2.95170443043305902546710297893709757720997672e-15,1.67685139795846696786979068286724342184688376e-15,2.71880397050758621865358502043538139617534868e-15,0.0,4.81054519661095975135290146857202221952805005e-16,6.22818356739495516930553866348667110807832782e-16,1.67685139795846696786979068286724342184688376e-15,2.71880397050758621865358502043538139617534868e-15,True,True,False,False,True,True,True,True,True,0.0000000000230395653272177564440350677713457493044705122,0.0000000000230390909393432580327520014280049459823251831,0.0000000000000484142129673916775355450768223221551358305951,0.0000000000000571620364740640968546283754673980287160921861,OBSERVABLE,OBSERVABLE,0.0,True
development,SADDLE_POINT_LIKE_D08_C02_E1eM8,SADDLE_POINT_LIKE,8,2,1e-8,294296007334751103,4.341398092643274e-14,0.0000000000000440619731509091117741876513773348665851266136,0.0000000000000389737233041865097167086771826698230534055414,0.000000000000029551535944302620879048146409171937063205252,0.0000000000000401407511155906771021553530404585712614086792,4.1183144134269824582837518287819677185935647e-16,0.0000000000000834475278964383197367247037428828864103915115,0.0000000000000701041185012359962270318746325087050964732876,3.6025227271917019985911579505230056939763568e-15,3.02461161232834845519885693879509388212149114e-15,2.61214621843639142851207664644969637707005309e-15,3.86826128550299675259814692461203371516987304e-15,1.93170337333804364550499620174335896770080761e-15,1.97714488261824884913942089279571063795223884e-15,0.0,1.70744240469967360261293989792258354910196769e-15,1.90624046666111583458343041814130503043658231e-15,1.93170337333804364550499620174335896770080761e-15,1.97714488261824884913942089279571063795223884e-15,True,True,False,False,True,True,True,True,True,0.000000512683453902274693223360238741187268151297856,0.000000512683453741952583050926886017101666630913385,0.0000000000000449918917502211685612614261990656279292703689,0.0000000000000377976075548537760929706905492768619010980666,OBSERVABLE,OBSERVABLE,0.0,True
development,SADDLE_POINT_LIKE_D08_C04_E1eM16,SADDLE_POINT_LIKE,8,4,1e-16,17095197172253103880,3.2262964042366285e-12,0.00000000000213162998850901803347870927945174873431422103,0.00000000000286421818109268717979332888612922275909171732,0.00000000000123043437908334012256973321279697619266033769,0.00000000000213510217835291382917239881403150302687560807,3.35280000885837404196440117158546963915145216e-16,0.00000000000499618344960259105067623460569813004036985349,0.0000000000033658718374371397891463284669456377664998609,7.26746096618549779287946005010676026936780791e-15,1.28847509068969558321710268075940770189583258e-16,9.85689239863739955446579342859864188198457224e-15,3.45052108798257352679936656550254496266010977e-15,2.66947230458311204577408541497399529925083566e-15,2.65781686653761020943725328100356917559874176e-15,0.0,7.57283922172809111616979915870676041191686122e-15,1.16246070151584079817852591541356360965972419e-15,2.66947230458311204577408541497399529925083566e-15,2.65781686653761020943725328100356917559874176e-15,True,True,False,False,True,True,True,True,True,0.000000000000358807395590547863568322824512376128524866659,0.000000000000363580573580417594511588284960696262021271047,0.00000000000330880332041574071367869325218074263035868458,0.00000000000222910307920973640221169746439666720047716728,RESOLUTION_LIMITED,RESOLUTION_LIMITED,0.0,True
development,SADDLE_POINT_LIKE_D08_C04_E1eM15,SADDLE_POINT_LIKE,8,4,1e-15,5274871947131398858,4.311900506031734e-12,0.00000000000234199688687599608584891397572677361314929783,0.0000000000026195819944897761785970561666125148117005556,0.00000000000253278201150947263804534214261016122320945397,0.00000000000236830388925762991154595183831055305614280461,3.41833324276602968141781855930616862154766406e-16,0.0000000000049619207146900488674141119241952190417120082,0.00000000000490142773409137915255943576277664489621441335,4.01702475396950076587078503121185636294162652e-15,5.89095381103516327767412770438225774291354824e-15,0.000000000000024323598809525621045135765944978037499013852,0.0000000000000282987310624825906272403266295062238707797307,0.0000000000000139156150608332865229916331355730918208032401,8.04946104563766655685492945489620918689077394e-15,0.0,0.0000000000000106357295207213219559564084298765876801002551,0.0000000000000203651011856084510455605463300517009938713919,0.0000000000000139156150608332865229916331355730918208032401,8.04946104563766655685492945489620918689077394e-15,True,True,False,False,True,True,True,True,True,0.00000000000352058176845412895813992558495507030602652627,0.00000000000351419942936002102574019086178838604534768054,0.00000000000322311385847148947951583108238266877299438189,0.00000000000318381944501370403228951132149848876531312353,TRANSITION,TRANSITION,0.0,True
development,SADDLE_POINT_LIKE_D08_C04_E1eM14,SADDLE_POINT_LIKE,8,4,1e-14,9816868034333223653,3.130218865796191e-12,0.00000000000290569449481206937989429098722382159930450872,0.00000000000044003501453735422539295904424965441296141113,0.00000000000182476733138562936384214157984916499538230036,0.00000000000112781274022999589724131880532818619841431924,2.71947991104610971833248968082581362599998807e-16,0.00000000000334600145734052821625908328044155859362851985,0.00000000000295285201960672987205529363414543377515921959,3.40613395108567628573700884190315562906212656e-15,3.33202908479483426374011107074336649718464459e-15,2.48599952448546872571118198963799114076959062e-15,9.85255695993335129381788372393327647025226366e-16,1.95556754765393739012807748646928711744976779e-15,1.43708001795068666907938319885499326554070192e-15,0.0,5.54583783538773983824608897415334272245531547e-16,4.83141009487794817894321648516535000650744686e-16,1.95556754765393739012807748646928711744976779e-15,1.43708001795068666907938319885499326554070192e-15,True,True,False,False,True,True,True,True,True,0.0000000000448962849156627242649430429967541725067244977,0.0000000000448962229455523880247823271057749830274503222,0.00000000000273199874969772984150449264598880625414752189,0.00000000000241099357799442498654730230280092429954876222,OBSERVABLE,OBSERVABLE,0.0,True
development,SADDLE_POINT_LIKE_D08_C04_E1eM12,SADDLE_POINT_LIKE,8,4,1e-12,14864700439380866656,3.528825176099377e-12,0.00000000000170707701181332149438182985655645235457266797,0.00000000000248116208236567499465405172372298681854869936,0.00000000000167889778738402076225007592563479253789287684,0.00000000000223473939411061496096445903741775151426540319,2.82616642580057630955523957559056251919057694e-16,0.0000000000041885217108215765466668371042369982293732864,0.00000000000391391979813721578084549048701010310841019909,0.0000000000000186542395130739726126668972402725348270352915,0.0000000000000221434353139182254567512318736477563866184776,0.0000000000000157230700882566671174008100390421013725626529,2.9824067185585711643507761396561521173824105e-15,0.0000000000000141302109057491579178381905304832072652274395,8.02772128809299176046939643990077185587239355e-15,0.0,1.62767291456104049789222316186429947102811831e-15,5.09490076592207482367163458554995281268012994e-15,0.0000000000000141302109057491579178381905304832072652274395,8.02772128809299176046939643990077185587239355e-15,True,True,False,False,True,True,True,True,True,0.000000000874253085773681204235408422874498061986416095,0.000000000874255809179282854611809178808462224608578655,0.00000000000329081344985446245923515320902460001985304153,0.00000000000307506581142567555422444536426607720931225636,OBSERVABLE,OBSERVABLE,0.0,True
development,SADDLE_POINT_LIKE_D08_C04_E1eM8,SADDLE_POINT_LIKE,8,4,1e-8,10559559764179383922,1.6399581733538756e-12,0.00000000000359987542878983994456776851990519370355955477,0.00000000000244859298947562390877656578424248740196818253,0.00000000000330232552122575095529202998908912449277979493,0.000000000000910687408585211312047624540119715999985098617,3.99063628844250302817388125368916446542582241e-16,0.00000000000604886748189430810364715169227305002197427989,0.00000000000421341199343980651764247191733420940921143612,1.13285247142283898113352344219888107798482804e-15,5.47171793549175976659061101213074413693587498e-15,2.4258627142341376695473888968325309184972895e-15,2.80019722936096614513396211575652269121077516e-15,1.5804072220597578903638460573890241305425397e-15,6.9060194484153984086626307222438982087412642e-15,0.0,3.22829852882290223720767984878134652747788298e-15,8.18156343221801818636291521011888082859310937e-15,1.5804072220597578903638460573890241305425397e-15,6.9060194484153984086626307222438982087412642e-15,True,True,False,False,True,True,True,True,True,0.0000179639364410632871256318051311787440865198675,0.0000179639364438455772039966673679011879929776554,0.00000000000336567989872118522121527452010442872623695501,0.00000000000234440514588857988570619518499521532412224278,OBSERVABLE,OBSERVABLE,0.0,True
development,SADDLE_POINT_LIKE_D08_C06_E1eM16,SADDLE_POINT_LIKE,8,6,1e-16,7791068449160260479,1.5430395947288418e-10,0.000000000115958747060758370301477677848602539769602329,0.0000000000775749822207516191539292543685767283150445914,0.00000000013658209691419491836351756211132499718636666,0.0000000000387225047591275399288804317646124920160449357,2.18688573956392944750570514748016780416810106e-16,0.000000000193533947970083945848351682787694016101427337,0.000000000175304820361896414685342744446452237219192013,0.0000000000000110757947168443812281995724550379614840932442,3.4026061251494163797630513409377313924483012e-16,0.0000000000000190423220765983789228248958142741704535034267,0.0000000000000300744380017393801005091454361871266992647248,0.0000000000000200274197123353690787575055444650663020065016,0.0000000000000197040589853726698127361496292359056341858042,0.0,6.03542649983099948321088467593349027900809223e-15,0.0000000000000122421660043929637530623451368560444193615271,0.0000000000000200274197123353690787575055444650663020065016,0.0000000000000197040589853726698127361496292359056341858042,True,True,False,False,True,True,True,True,True,0.0000000000111492882961238254467907455136884012606563859,0.0000000000111605008570817455917252364488157825776042214,0.000000000196503951894594090153666955795937012540617846,0.000000000177995077083889323228898193883304969613119351,RESOLUTION_LIMITED,RESOLUTION_LIMITED,0.0,True
development,SADDLE_POINT_LIKE_D08_C06_E1eM15,SADDLE_POINT_LIKE,8,6,1e-15,16919800693127199112,2.587791291677401e-10,0.000000000382626781178056023689175311861462555609501032,0.000000000149544223245331655666934966490441353919950249,0.000000000327195883527972679594507081077947225029172883,0.000000000159430760301781695667336726737419740339811003,3.55964580965166782721954840750998005843303866e-16,0.000000000532171360387968644522893000306744660527457124,0.00000000048662699979433534042862652977020771636698973,0.0000000000000424198040684657746358491447102157231747354137,0.0000000000000330768988413721460102660254256138965180314238,0.0000000000000594713073531378356620938579531744573634364446,0.0000000000000172768056642204511166038522521107309724393199,0.0000000000000968207734733611819509014404504143694356678212,0.000000000000129865027647951148352955635118137477211096261,0.0,0.0000000000000373672549048644447476287868775033179376545913,0.000000000000112743513519121636416762870316807686547692167,0.0000000000000968207734733611819509014404504143694356678212,0.000000000000129865027647951148352955635118137477211096261,True,True,False,False,True,True,True,True,True,0.0000000000679631779411772064770903472134683344120876912,0.0000000000679161998720722318888514669657337478978308043,0.000000000331959374018724152143060097888962773592516294,0.000000000303549582440080706003368062430234606669238265,RESOLUTION_LIMITED,RESOLUTION_LIMITED,0.0,True
development,SADDLE_POINT_LIKE_D08_C06_E1eM14,SADDLE_POINT_LIKE,8,6,1e-14,15205703169713404294,3.2842910128230556e-10,0.000000000259563016204985241354257215107842536662292706,0.00000000018298359629674777697000872346646645967958258,0.00000000026847113751689570909871543944834482169728112,0.000000000185373450100327993306275503771914146181666569,3.85232991751888895304394757215056022496126426e-16,0.000000000442546997734724770213161242969066211397897782,0.000000000453844972850215454293886247615016182934970185,0.0000000000000498147857506100588939991286141197976565709588,0.0000000000000476465911767787308322177736565424725179320626,0.0000000000000912679384576796539270169027001059691815539498,0.0000000000000434874668304431408203035140440210502554940542,0.0000000000000689684759344126500855527790943390729021064019,0.0000000000000244879655915918968546788712512973174864841431,0.0,0.0000000000000223052800938325486160956469652644579077453409,0.0000000000000199739432176864272763206663174678982758900142,0.0000000000000689684759344126500855527790943390729021064019,0.0000000000000244879655915918968546788712512973174864841431,True,True,False,False,True,True,True,True,True,0.00000000317504970898582871441950131902464704712965643,0.00000000317505106396630439994642812448384935169027125,0.000000000255079848878073134641502159569482754331975209,0.000000000261591893474103928485669500655718895035647623,OBSERVABLE,OBSERVABLE,0.0,True
development,SADDLE_POINT_LIKE_D08_C06_E1eM12,SADDLE_POINT_LIKE,8,6,1e-12,8622341725761639268,1.6336162210336207e-10,0.000000000108298439450690098094730513427538842944880721,0.000000000169533316734708878002368001025253690075467064,0.000000000162672766605928618267979086646530368674823019,0.000000000132121662778575273987616892586632817940362457,3.56656465902043567132558800580933484460515508e-16,0.000000000277832112841864878140665647011593113953832246,0.000000000294794786040969794299163111791963767548669937,0.000000000000228450145414275213871986209914921993689832152,0.000000000000148039839337804459557858070718046596163357232,0.0000000000000910466759516798218923786459965099389765971806,0.00000000000013740389347769832701288992109088132700947553,0.0000000000000773279786965134819077188226155111272487680593,0.0000000000000707168238155565678411434955756410107600122779,0.0,0.0000000000000137459191374656750608326583062982754735628394,0.0000000000000667153210617819376275099785924767811623042287,0.0000000000000773279786965134819077188226155111272487680593,0.0000000000000707168238155565678411434955756410107600122779,True,True,False,False,True,True,True,True,True,0.00000034265788068992407811925216464537403432118485,0.000000342657830604645638438939634902213379865074962,0.000000000172970718190191136659177961748680738919907372,0.000000000183531217247204492693775594779751155952432257,OBSERVABLE,OBSERVABLE,0.0,True
development,SADDLE_POINT_LIKE_D08_C06_E1eM8,SADDLE_POINT_LIKE,8,6,1e-8,14616751880936224367,2.48800763639533e-10,0.000000000288679839030330471776951241782860241694423651,0.000000000332245441997731551292823755519760646309310148,0.000000000247888177891955704252622616836401402808711478,0.000000000276384111783651602371463404687790480872261398,4.17513356698077252870947223444612481403780964e-16,0.000000000620925698541418721147027868249844332616215203,0.000000000524272707188964004701338892471415328293454279,0.0000000000000325512541974619828032042430217951622056218375,0.0000000000000418755777133173251801854658683917217277263312,0.000000000000246467593214602727922269572777110436882203059,0.00000000000023249025508407583189572686608445469578596235,0.000000000000160243884166881665080412015409951750085794,0.000000000000182425247835510483853429684565634838325956592,0.0,0.0000000000000865546880159282129661587997751611899871284522,0.0000000000000509998944744318374755827511886418511328882799,0.000000000000160243884166881665080412015409951750085794,0.000000000000182425247835510483853429684565634838325956592,True,True,False,False,True,True,True,True,True,0.00415671307399333421789368398498935655993017967,0.00415671307401263680963266961476769541132463677,0.000000000330485402774995395941603432903256720978033267,0.000000000279042206187134116457522931829963006809102058,OBSERVABLE,OBSERVABLE,0.0,True
development,SADDLE_POINT_LIKE_D08_C08_E1eM16,SADDLE_POINT_LIKE,8,8,1e-16,13230849836756187459,2.880663991143025e-08,0.00000000734238363807554375000297582616702284451144336,0.0000000198658399899710609615419335159041538335940593,0.0000000105428897345543128495783306772766796212317714,0.0000000233660261608048197633163586740534877677041118,4.11831391434191299160544931625953595917902148e-16,0.0000000272082240398779961457362085026161083040590986,0.0000000339089163071905240470859885118750990148894791,0.000000000000902448947908431195421214383630860902643393769,4.32812996671369764161498462395674188213685463e-15,0.000000000000152909537300290902614085714720435285588807539,0.000000000000826541241185874316501968756896824900867430134,0.000000000000559262270220092732733176483554226826623618087,0.000000000000563566981059842933970623546274511760488989066,0.0,0.000000000000472934790817560694776317010701957029756496836,0.00000000000137735133730153172294969609963111353826532865,0.000000000000559262270220092732733176483554226826623618087,0.000000000000563566981059842933970623546274511760488989066,True,True,False,False,True,True,True,True,True,0.0000000047495289622973777172239282729116919262057772,0.00000000475001618081537150954631306499367227748859468,0.0000000146696912608025244974716804134673754912276628,0.0000000182824624086362647980997835896352120435845486,RESOLUTION_LIMITED,RESOLUTION_LIMITED,0.0,True
development,SADDLE_POINT_LIKE_D08_C08_E1eM15,SADDLE_POINT_LIKE,8,8,1e-15,8124515418491739607,2.554324110797714e-08,0.0000000248357904097287622453458174152320013026278859,0.0000000300165531872995296680339509276690623552082339,0.000000027835785441221218591222233563778158599285326,0.0000000183296482834359949568841351163898429142233676,3.17143132944502240325646001197469233345540015e-16,0.0000000548523439141714248578820086685470648553053532,0.000000046165434041800346492608609005814002710977927,0.00000000000017068749253415888747956986247492045541426993,0.000000000000119698297418634035622287987381721132806825587,0.000000000000264597057778425439781132805432294815994567912,0.000000000000412260834029256408117060831607027392796275461,0.000000000000122547798937163187231646691991235368334366545,0.0000000000000461803876059917105050763272636003609742637094,0.0,0.000000000000142051021356594308061836939480981709017044586,0.000000000000391612553196869556797594711689572917972899288,0.000000000000122547798937163187231646691991235368334366545,0.0000000000000461803876059917105050763272636003609742637094,True,True,False,False,True,True,True,True,True,0.0000000385289352469960082732225374286216144800309169,0.0000000385287592557518341538810464637054731670935449,0.0000000384043223726346274832759593115457544949898182,0.0000000323222689296220523631681961769417467521361984,TRANSITION,TRANSITION,0.0,True
development,SADDLE_POINT_LIKE_D08_C08_E1eM14,SADDLE_POINT_LIKE,8,8,1e-14,11859490571264730293,1.880347443842653e-08,0.00000000832209153301539461927050202470781246694112134,0.0000000189396270097679974313567034436310406279625583,0.0000000100647249484722487948241587092942541415939604,0.0000000175012095677875684264925039790581817688822652,2.38116315567263720249364195150504698602192275e-16,0.0000000272617187808997076178909257177030482454083783,0.0000000275659347543761327885803829377166310609809242,0.000000000000156151144695301410670965738866910739596230885,0.000000000000141096819884513427740743463460456179020179189,0.000000000000305239385763261935963005912005688829992207344,0.000000000000160753262638027953364940171140516851092731791,0.000000000000336951919236179078275218463439528098220228816,0.000000000000203948541314743032594321024013182671572154701,0.0,0.0000000000000358737300680262740726353279899904402399817656,0.0000000000000501220109652381702957955679127621769557928078,0.000000000000336951919236179078275218463439528098220228816,0.000000000000203948541314743032594321024013182671572154701,True,True,False,False,True,True,True,True,True,0.000000204715966247470937061194328614792747002774485,0.000000204715951547183492851117939672005243713997467,0.0000000254216838440842422174255655373285113217195099,0.0000000257053667020946057822795019873009192073317056,TRANSITION,TRANSITION,0.0,True
development,SADDLE_POINT_LIKE_D08_C08_E1eM12,SADDLE_POINT_LIKE,8,8,1e-12,4542689327874184003,3.964257263792859e-08,0.0000000253957941410346213070985250944534212238747544,0.000000033716374428332822461969075156332539374234374,0.000000029170564173341384826447560393930188584353124,0.0000000341326937676564801783185134299009772136355559,3.62145055605608870273387898378019645977400652e-16,0.0000000591121689315124993746764705241738589761287744,0.0000000633032583031429206103749440972190641760083258,0.00000000000144649350327577459141987439585635351310429583,0.00000000000091476793137362628882925709109446577319193015,0.000000000000814872679717011067915807273797926611871216716,0.00000000000225650968628042642031735218811882097213385714,0.000000000000585791354434958498969207983478199758179118895,0.00000000000147263083624073591897978687083267861236235101,0.0,0.000000000000244590252198018905262070219502862218975258437,0.000000000000785861068440583530815261192787876295825195596,0.000000000000585791354434958498969207983478199758179118895,0.00000000000147263083624073591897978687083267861236235101,True,True,False,False,True,True,True,True,True,0.0000270785379145161289188614519887278535866917159,0.000027078538252901919626139041516529841088492086,0.0000000362439962141912908682759881633336419915458473,0.000000038813717983234734823159478139958844298491181,OBSERVABLE,OBSERVABLE,0.0,True
development,SADDLE_POINT_LIKE_D08_C08_E1eM8,SADDLE_POINT_LIKE,8,8,1e-8,1937651504775486851,1.794569860001112e-07,0.0000000268982937578515417293603041179414999280953465,0.000000178391708160780736004799184595009035516944367,0.0000000291794300176612471035354238392960318652812901,0.000000183727060617940504099858950385863845192910856,4.01558708788952767377054544848036741740362683e-16,0.000000205290002320190986523112256090005080293076455,0.000000212906491037160459992347141602214421906228888,0.00000000000547743601302503068074676977908448616452160011,0.00000000000452705363427087353847180244201217443748085473,0.000000000000772501798247294289091523953782862811420899817,0.00000000000471431889174884874869460410792003060310500874,0.000000000000434357603813935075064649179864051631146834222,0.00000000000413654491002471053211815179989264076058130498,9.714451465470119728706777095794677734375e-17,0.000000000000377055213186168083651608202269757940456474619,0.000000000000583252327751909007141773875636934075840480834,0.000000000000434357603813935075064649179864051631146834222,0.00000000000413654491002471053211815179989264076058130498,True,True,False,False,True,True,True,True,True,0.640827162522971465769547628355057351034687505,0.640827162523521395042395591131566174047096999,0.000000119121341316795391676325389635009234261070344,0.000000123540876325005546939925576867720712619883276,OBSERVABLE,OBSERVABLE,0.0,True
development,SADDLE_POINT_LIKE_D08_C10_E1eM16,SADDLE_POINT_LIKE,8,10,1e-16,11121206788242147629,3.2743714240773985e-06,0.00000383751595791136784689897967027376805987617163,0.0000013205723989519239474981792053325590276178218,0.00000366920183817137467731058282616671077323090618,0.00000109521024658645075516994986411603439796370098,3.57347021482299200888983024010234456736317759e-16,0.00000515808835722063881587945807649531011150422789,0.00000476441208511517245396283189117172819520484162,0.00000000000419536480725813437562044409986507525989346889,0.000000000000217610008723638039139651889705952644608430989,0.00000000000237977646627381274358282249528288718341469494,0.00000000000657508799250963243091229498181701213407831374,0.0000000000075679675289904432940238561005856916851821973,0.00000000000778557186087812372077936303640629398023150395,0.0,0.00000000000518833302918960246572181123206890513974165906,0.00000000000121080608009211816821531024763994937104797651,0.0000000000075679675289904432940238561005856916851821973,0.00000000000778557186087812372077936303640629398023150395,True,True,False,False,True,True,True,True,True,0.000000547049605560196242723668542765520135170915525,0.000000547047134089414820767377696808083463087644494,0.00000320508015553970269378811275133305231693207124,0.00000296046162245653407185064147980879425082646358,RESOLUTION_LIMITED,RESOLUTION_LIMITED,0.0,True
development,SADDLE_POINT_LIKE_D08_C10_E1eM15,SADDLE_POINT_LIKE,8,10,1e-15,3102490935145018579,3.0409708379442496e-06,0.00000317758421772998367698842215603700314634927814,0.00000270831971832618947244347418843721107741235915,0.00000261419064260171559576790565539550034244855933,0.00000171074386831224361383451391863515191892185897,4.39065283681745836799459857930711364678878329e-16,0.00000588590393649523843311364218127367408169234866,0.00000432493451135302449328416541083011211930112966,0.00000000000313140096256116306555144837042939356219377197,0.00000000000349905006384813214591998691475088716981655142,0.00000000000107594555770880484902081436094448150891428298,0.00000000000206650289314168519110250538290593612805593709,0.00000000000127728172038919959042568054201164273004278675,0.00000000000222421713522102226351597530476403977083943153,0.0,0.00000000000234236638298046493824086520251614791854155077,0.00000000000428869234869841583647384747061682753982457971,0.00000000000127728172038919959042568054201164273004278675,0.00000000000222421713522102226351597530476403977083943153,True,True,False,False,True,True,True,True,True,0.00000501048562481008898595560901747711563816330672,0.00000501048227210774625821746011999814153611154003,0.00000297662956507615484775474470980539933346033313,0.00000218721339532602524911440776593316586863312895,TRANSITION,TRANSITION,0.0,True
development,SADDLE_POINT_LIKE_D08_C10_E1eM14,SADDLE_POINT_LIKE,8,10,1e-14,9984515574928810360,1.0831228598546457e-06,0.00000271094608219139634255515026496332821428768804,0.00000192464466134906055596121599134215622573672579,0.00000215179021567378616566046067524494256861959519,0.00000144560373227754461584621700192464820220395964,3.50384271597381867708051918720408713083949567e-16,0.00000463559074389084117011374812401353635874482254,0.00000359739394830171505310405954487764268954396355,0.00000000000351248237047384807282966009112816286776219933,0.00000000000319362621913579478687882630919582457773742877,0.00000000000578686132307609020465410631664547263338333828,0.00000000000227453715249045813098468971043640904663612176,0.00000000000389593532327025021164265219438597953257906497,0.000000000000702705640050920800344465701720898850511090559,0.0,0.00000000000189092709046095510085708777388235928510265123,0.00000000000157206987394342768563060428986448375103215113,0.00000000000389593532327025021164265219438597953257906497,0.000000000000702705640050920800344465701720898850511090559,True,True,False,False,True,True,True,True,True,0.0000488284598696235390669392764563564738881096089,0.0000488284600717170342632084631927593427656575927,0.00000293768626991043036343481640354170041342114586,0.00000227975578373000807345636652036063744271833612,OBSERVABLE,OBSERVABLE,0.0,True
development,SADDLE_POINT_LIKE_D08_C10_E1eM12,SADDLE_POINT_LIKE,8,10,1e-12,5352276393098322302,1.1767556188463147e-06,0.00000101786757657344591515639116473440710070548762,0.00000107506605930441327515110807662356874612811343,0.00000102978055269723443858195472318279842047863568,0.000000695858462843266989816519911140546780747149149,2.64690329074710430996285839772587463544923147e-16,0.00000209293363614254951938220967235426168660618851,0.00000172563901580519175747318506531963104099837229,0.0000000000104021610616703377831065693627505503676499756,0.0000000000130591157527085105315709253426134159351322079,0.00000000000616186858364901860948573483972309952221234596,0.0000000000042402928967221493316385337171429005663778285,0.00000000000716626968015711551197426194750701071650312468,0.00000000000589287575748924606966039223567588703987326155,0.0,0.00000000000100440687878546412568726864819427605862474161,0.00000000000165269874196347088978104939769191513287524067,0.00000000000716626968015711551197426194750701071650312468,0.00000000000589287575748924606966039223567588703987326155,True,True,False,False,True,True,True,True,True,0.00280266498297840478227590406007254016975972291,0.00280266498074813225632858583923707273738282182,0.00000175635089160293314492629439755968781733119866,0.0000014481240932128545046427691837564968506815499,OBSERVABLE,OBSERVABLE,0.0,True
development,SADDLE_POINT_LIKE_D08_C10_E1eM8,SADDLE_POINT_LIKE,8,10,1e-8,6235117913492657271,1.34426650011384e-06,0.00000236154245048473086331664968879397442201277854,0.0000000282051690994868344887088335894149006269676296,0.00000240486626637514358255089728850323323400558668,0.0000000275032782058696778028019312220941119853640825,3.82719646658083531997919485221114838048890747e-16,0.00000238974761996693734446344205438130880786086101,0.0000024323695449637329070117827517232468312120656,0.00000000000240478494058324085162297333273711152232935205,0.00000000000142985969412274403203055408473090102892171001,0.00000000000224394475065507234527366726248847109256588021,0.000000000000217023185297928076993180197684614073963139629,0.00000000000132776608373166631419292658889404855645783231,0.000000000000102545335374552320683285726360486976915676687,1.34441069388202549816924147307872772216796875e-17,0.000000000000925397933565531678118606708165652648710483193,0.000000000000159275242868469341230951582598901790522377119,0.00000000000132776608373166631419292658889404855645783231,0.000000000000102545335374552320683285726360486976915676687,True,True,False,False,True,True,True,True,True,0.22963072323832038406919373908708529919599368,0.22963072323884733407381162230415526580809158,0.00000135947992234819164189634831650662437229504614,0.00000138372668832483938934534389131319605134786569,OBSERVABLE,OBSERVABLE,0.0,True
development,SADDLE_POINT_LIKE_D16_C02_E1eM16,SADDLE_POINT_LIKE,16,2,1e-16,9741642504060071001,7.817552748955803e-14,0.0000000000000828327831965198232002861865609898041045479721,0.0000000000000932860813775961343547872818895303718243247735,0.0000000000000937033513158547562555863778089250316827326857,0.000000000000102394508243489390629309312648243819098881775,4.61511044732055969863950692158158052533784072e-16,0.00000000000017658037561884801352493741914267833398140653,0.000000000000196559370604076202854759641149327008834148245,1.0497084798451393251454563838115486209441901e-15,2.69376388675009255770438871093362969946283299e-16,1.55745139215234602271841217779244972427737603e-15,2.08016376153302557596458641874279364574944766e-15,1.17264320963348636347276233616946448027926932e-15,1.23423580441462944308980077605262848565461446e-15,0.0,1.23687062392630181800442104264903619892150079e-15,2.0058275875011221831686151789059529081965088e-15,1.17264320963348636347276233616946448027926932e-15,1.23423580441462944308980077605262848565461446e-15,True,True,False,False,True,True,True,True,True,5.17768721452167810167396923606607297270873046e-15,5.12246162327913939932906794843536130332052496e-15,0.0000000000000849572728309559423356458061847114365136130424,0.0000000000000945696712750056601028148653242518707532306663,RESOLUTION_LIMITED,RESOLUTION_LIMITED,0.0,True
development,SADDLE_POINT_LIKE_D16_C02_E1eM15,SADDLE_POINT_LIKE,16,2,1e-15,4700850701528527920,4.4794654633409956e-14,0.00000000000006984703127899334872595333090807828923516356,0.0000000000000890480041968270746151870568639493070430649127,0.0000000000000503079819237003109067879609735120905305371764,0.0000000000000611114749454730651437201288462557062933592913,4.33982189866725633694816472689283499172040325e-16,0.000000000000159329017665687148974835204244716879777400513,0.000000000000111853439059040101684202906292457080323068508,1.51537910371522750988169972232341249566933683e-15,1.87922275347846860297368065560529726854783493e-15,2.58189221124141753269352274679351213732302033e-15,1.53269645592019442519510497575119678906519508e-15,1.24064699407573173454198601683355599252255666e-15,1.43274721575751854238430923744767880722086046e-15,0.0,1.66615403684337447102250247873156598653974478e-15,1.07471254382872963342229917988974355091242155e-15,1.24064699407573173454198601683355599252255666e-15,1.43274721575751854238430923744767880722086046e-15,True,True,False,False,True,True,True,True,True,0.0000000000000337458790827570724051540213261958004551929299,0.0000000000000337225469335902379482650825276462795268227318,0.0000000000000815198171877411349999849475512928054643010105,0.000000000000057229198029988165079691689270829832588285639,RESOLUTION_LIMITED,RESOLUTION_LIMITED,0.0,True
development,SADDLE_POINT_LIKE_D16_C02_E1eM14,SADDLE_POINT_LIKE,16,2,1e-14,4607342234375229794,6.089672139852236e-14,0.0000000000000594273192827479989400200430836374414349709955,0.0000000000000578935251048803085444597937538614264936104647,0.0000000000000552106102247886049353835522512648972348960306,0.0000000000000553483872421336734370830439755752806884067723,4.29413829068749079168386586988031261031497347e-16,0.000000000000117750258216697056563648223424486899189612958,0.0000000000001109884112959910274516349828138282091843343,1.1276416405107340464019286865059265422876509e-15,1.10815039396963677301622344645072548169613678e-15,1.3043378317727682210046126369997765924785931e-15,1.22537133698602846124097171565002025302197565e-15,1.16123937914915036483473999979586383637563438e-15,1.45119372020966084694632679416041827828303275e-15,0.0,5.3410243844836333125004353656154490227947736e-16,5.11328713223653399911997652970650286935089106e-16,1.16123937914915036483473999979586383637563438e-15,1.45119372020966084694632679416041827828303275e-15,True,True,False,False,True,True,True,True,True,0.000000000000657787560434042940711290181523584796816882523,0.000000000000657772277057467772659391110485389681965100761,0.0000000000000608872090175889039412266342984978748092756038,0.0000000000000573907412132610829107238786099267151221455575,OBSERVABLE,OBSERVABLE,0.0,True
development,SADDLE_POINT_LIKE_D16_C02_E1eM12,SADDLE_POINT_LIKE,16,2,1e-12,10157239585725212773,5.0585699819196564e-14,0.0000000000000721943381794465877200067148728000095363264319,0.0000000000000562193657478010837489971824126127203170191762,0.0000000000000671359059893981424166166113547811278173022169,0.0000000000000636848665733315171108404479585652980185573529,4.41863184761217619368590080791722541477239113e-16,0.000000000000128855567112008889088372487366204452394822847,0.000000000000131262635747490877146825649394138148377336809,2.39645553047647428901840510466141388316774865e-15,1.76362690411512812066723702251798597684902923e-15,2.04671541737438705656200629755765661230385573e-15,3.33719763837154979691091464962424893959291785e-15,1.76296937633200074743309257101187159935729663e-15,2.70659571186974264736789950653580702428810116e-15,0.0,3.7090864194757054752760671420103616144940623e-16,9.38882448732543737906174636586746700448757202e-16,1.76296937633200074743309257101187159935729663e-15,2.70659571186974264736789950653580702428810116e-15,True,True,False,False,True,True,True,True,True,0.000000000054253162302699248309666422424785014412079207,0.0000000000542534030176403664254933108584361956916524394,0.0000000000000647523588271200965697096576643662632996807031,0.0000000000000659619563284119906771590846402558450009792128,OBSERVABLE,OBSERVABLE,0.0,True
development,SADDLE_POINT_LIKE_D16_C02_E1eM8,SADDLE_POINT_LIKE,16,2,1e-8,15655641463757475078,9.823985246687984e-14,0.000000000000116794666926182160009700300088662713750430996,0.000000000000155058971253752911508400538514851356029557374,0.000000000000103621231703660125672179591614506558453012292,0.00000000000013948652844907500337191976730794476413571869,5.47059561367039510182957314168027224706480856e-16,0.000000000000272400697741302111028283795917682097004694851,0.000000000000243654819714102168554282316236619349813437462,4.63208305985772642820075601064242684667992524e-15,4.78874587407742655988727565895910020024889298e-15,2.57190717996491266717951384888946336840500625e-15,4.75881025028931610565327672555767656824998178e-15,2.59631518680374918887373769060634152935270889e-15,4.84830136869651956093846507203462959445950235e-15,0.0,1.69999674651761378855283944710909725378218518e-15,1.98639958322658144480522108854711557618894667e-15,2.59631518680374918887373769060634152935270889e-15,4.84830136869651956093846507203462959445950235e-15,True,True,False,False,True,True,True,True,True,0.000000458280592964132950151107675725318337382025512,0.000000458280592949015075701179658853479291117691695,0.000000000000110564032547826968214080115137487785629171684,0.0000000000000988964405769959171631011240822402372157014376,OBSERVABLE,OBSERVABLE,0.0,True
development,SADDLE_POINT_LIKE_D16_C04_E1eM16,SADDLE_POINT_LIKE,16,4,1e-16,5376100829545056146,5.857919141554828e-12,0.0000000000057333812268076536671923671494548242522451257,0.00000000000497349484141229871118572954868329372532136969,0.00000000000608999738471630654363779171086740908863797125,0.00000000000519481385559369377940979378669923893037886137,4.64704930901612029221068680726227458257046161e-16,0.0000000000107073407731508539904073177668188442050247524,0.0000000000112852759452409019350768065662473742464750897,0.0000000000000112480583573024078225135718399643562482920404,5.38023142328025222048028296945408054812944909e-16,7.70559066159804095324941648100625504875396294e-15,5.2241028558015536459413034320305210352272011e-15,9.88019624871120436856162365422994813205352886e-15,0.0000000000000100033103419797586731896027329356052780519249,0.0,7.97954595700983419451008042748753923097003339e-15,9.30203408233157992348891072506498245204200133e-15,9.88019624871120436856162365422994813205352886e-15,0.0000000000000100033103419797586731896027329356052780519249,True,True,False,False,True,True,True,True,True,0.000000000000317575982000679716992442579195416616527973707,0.000000000000322362917656724380024077727628248438849795089,0.0000000000051161653205600265651475132133741256903480079,0.0000000000053923134275104839182273326047017397638761771,RESOLUTION_LIMITED,RESOLUTION_LIMITED,0.0,True
development,SADDLE_POINT_LIKE_D16_C04_E1eM15,SADDLE_POINT_LIKE,16,4,1e-15,8381365168695622325,4.0578889558475736e-12,0.00000000000317528504901554278056822820425714284820248647,0.00000000000773012860008334516480048105537214563183358605,0.00000000000197117836829098558851975178094454268295009956,0.00000000000519084632430157691057819787029754647684976565,4.57217825422152462761107551710769194396089254e-16,0.0000000000109058708669243100978314703671809992492304686,0.0000000000071624819104179846515607107587937999289942613,0.0000000000000164804821073642135764015070281671666974576678,7.84012475900884420696436095801432750303919618e-15,3.56209157666244457902759088472188815391734306e-15,0.0000000000000134576979966896045700188133349262997162589452,0.0000000000000100274752750986323060260630330960293376216254,0.0000000000000140447994285399768381420377771947560883291503,0.0,0.0000000000000110734158448718979355046475549237460748002914,3.81772946029548654952616894643126713285383422e-15,0.0000000000000100274752750986323060260630330960293376216254,0.0000000000000140447994285399768381420377771947560883291503,True,True,False,False,True,True,True,True,True,0.00000000000315763543515645531727696933112505651648056311,0.00000000000316222140310093292155139062740841771555290843,0.00000000000529635909486877142130375757124292508508235094,0.00000000000347840870948932347554194504804154262348198717,RESOLUTION_LIMITED,RESOLUTION_LIMITED,0.0,True
development,SADDLE_POINT_LIKE_D16_C04_E1eM14,SADDLE_POINT_LIKE,16,4,1e-14,3294430816771009380,5.384822485064338e-12,0.00000000000539364960038311705325578046210916402727018432,0.00000000000727370480410594114497326954124602431262828177,0.00000000000457535583078993290749344043542147727894314546,0.0000000000062045573879840449420987778499708080244462888,5.13590659171487998796558955658717508177464516e-16,0.0000000000126678679951482296862278465623108470574066436,0.0000000000107804268094331493375910148443479440208976117,0.0000000000000234536136641885200172551781671048302322121839,0.0000000000000239541991648195333763488325589538223618592019,0.0000000000000116309109559714711631136099974372565636821682,0.0000000000000158160135228741437536294132499314714590276024,0.000000000000016051461746392976462772763364260534029972512,0.0000000000000146555898161866844574777411083809740695148216,0.0,4.64233713274048800225951323146359800435407987e-15,4.432613278077789077670821037343268820953494e-15,0.000000000000016051461746392976462772763364260534029972512,0.0000000000000146555898161866844574777411083809740695148216,True,True,False,False,True,True,True,True,True,0.0000000000448622331437337194782822944571368661726137991,0.0000000000448620721507546521797330863872707459255466798,0.00000000000547679692771087984017593876106321836638028585,0.00000000000466078494439068713913250116943997292208710504,TRANSITION,TRANSITION,0.0,True
development,SADDLE_POINT_LIKE_D16_C04_E1eM12,SADDLE_POINT_LIKE,16,4,1e-12,11503712061454460410,5.211388847167866e-12,0.00000000000356853560991215811596961788828413114657841796,0.00000000000759163773122113251183847616713731724885909653,0.00000000000297629909372688873417446453974396775911926178,0.00000000000696439623150385689755685096801822695601832796,4.68403607383447408286099951763408134173703151e-16,0.0000000000111606417447406740752163801553732118035716882,0.00000000000994116372883812907913960160771395812327176345,0.0000000000000353339750480324622269483933792733188035050625,0.0000000000000292865125547461191959843310818195734131224024,0.0000000000000275283578311278399587108997763014084566144685,7.91114711463768647570870447053789210676855766e-15,0.0000000000000197647388219962187554049279214377725283256666,9.70529316985315950982242447470479865450874189e-15,0.0,7.86379631464012321373631050566684327780902282e-15,2.10326516491915868779319845155713916830796872e-15,0.0000000000000197647388219962187554049279214377725283256666,9.70529316985315950982242447470479865450874189e-15,True,True,False,False,True,True,True,True,True,0.00000000261835734475709475004912494692147971037965907,0.00000000261835464162766537460918894219856024279572803,0.00000000000529065158482495631437850463555192688234971487,0.00000000000471256356398741106047090877084880045757721513,OBSERVABLE,OBSERVABLE,3.06633500377305534154522024795972485850041891e-105,True
development,SADDLE_POINT_LIKE_D16_C04_E1eM8,SADDLE_POINT_LIKE,16,4,1e-8,172178918414304679,4.546019247416014e-12,0.00000000000541347130638783054490563337150520765784065584,0.0000000000055081265511796315793616701864645225304548499,0.00000000000555109773205889527275226164030654751797954521,0.00000000000428914779479643567019818877540939546666959328,4.2538303577568312897796952706124395866953644e-16,0.0000000000109220232406032378073962815274967914322541753,0.00000000000984067090989110662607942838524300422860780802,9.11251081519170286358863774790090710289560534e-15,7.01458447913821266705397458482680902163257007e-15,0.0000000000000196756000361842671933699875351206204584790764,0.0000000000000166858515333901771938751562039968723723266201,0.0000000000000113471398721230808123394920343450142241647874,7.25883269292115967686464489270390940739619996e-15,0.0,8.43898936726449807867286916222314536351871493e-15,9.71777351602756280176012402737441023211196582e-15,0.0000000000000113471398721230808123394920343450142241647874,7.25883269292115967686464489270390940739619996e-15,True,True,False,False,True,True,True,True,True,0.0000588413276830746259910072033372400238697447489,0.000058841327684741845950061214752313935230432352,0.00000000000570124972361101966737621711285328818610750089,0.00000000000513678840167575330906577775826410502320663694,OBSERVABLE,OBSERVABLE,0.0,True
development,SADDLE_POINT_LIKE_D16_C06_E1eM16,SADDLE_POINT_LIKE,16,6,1e-16,1136567144373147841,4.0343222683962296e-10,0.000000000286913742211208673474946676686246754488431252,0.000000000756001049455105012978815423272328757516660739,0.000000000239593932683315451101388251206443726370133923,0.000000000547051236102443634123520625698042734062504895,4.79842449888100696176857321099974562597734389e-16,0.00000000104291527150876357455445827681589661197965459,0.000000000786645648628208973325605053761807560407201415,0.0000000000000761426805629543013165474767451380317430869686,2.04516060092037748770216015104434542052213045e-15,0.000000000000178360730464945633841617352841558332131524108,0.000000000000131437186472752999047153474424062080791109147,0.000000000000183985804327220589131707778904164455166039903,0.000000000000184027602227407153698616542329590292499874545,0.0,0.000000000000032105009964672175555023937388478909360333052,0.000000000000102820197538463068510242516215962314663269549,0.000000000000183985804327220589131707778904164455166039903,0.000000000000184027602227407153698616542329590292499874545,True,True,False,False,True,True,True,True,True,0.0000000000382821283478858533271078290934646836133464053,0.0000000000382509129598598994895946103912864633912783559,0.000000000482603632688340267196652647102332670858171281,0.000000000364016193872812611466049040894823920830227799,RESOLUTION_LIMITED,RESOLUTION_LIMITED,0.0,True
development,SADDLE_POINT_LIKE_D16_C06_E1eM15,SADDLE_POINT_LIKE,16,6,1e-15,5879620402432723619,5.944917589541806e-10,0.000000000576137415741324044300177608304888325827478983,0.000000000622171681607227253770417446427117111153849292,0.000000000675230708993244462629724810769744850997996034,0.000000000387099832557832413315258479066664691905710545,5.26390912761247366446837706391655268272711375e-16,0.00000000119830962373946405931796150156971182863659655,0.00000000106233106794198963719234973667411593455897485,0.000000000000121108076219283305585954676946007148350876284,0.000000000000157640517860311002352196868845384147821691674,0.0000000000000890342121179588088085222709937986553092508095,0.000000000000195035686250009638751666903626220052622541474,0.0000000000000886523653722893548988438218034901538356309423,0.0000000000000846205486332217674504944101708091102369996916,0.0,0.0000000000001452989995132097625382392253603123744545984,0.000000000000215969718544157033470796525296175389768725676,0.0000000000000886523653722893548988438218034901538356309423,0.0000000000000846205486332217674504944101708091102369996916,True,True,False,False,True,True,True,True,True,0.000000000559011705966911594672039306040295371045320209,0.00000000055896117169810261160115271797170762003012241,0.000000000505476406541959412940709900925406458663051426,0.000000000448117314709939188424953952154032253259814452,TRANSITION,TRANSITION,0.0,True
development,SADDLE_POINT_LIKE_D16_C06_E1eM14,SADDLE_POINT_LIKE,16,6,1e-14,702517136353277760,7.34983288088487e-10,0.000000000447029904829667373734267165933575693860158061,0.000000000629576900518065155897451076446555646982042877,0.000000000525475056999262702931228817408010319003270297,0.000000000682517496119046355435511367811232303768969867,5.73889735399703575775993426245112411379729409e-16,0.00000000107660737923746792933529401837355758595461232,0.00000000120799312700804445807031596121266886788465154,0.000000000000219847896117815221157298468910155691984475486,0.000000000000227418262697875603615127590992149062939653866,0.000000000000103059080971102005632850395214825707527335147,0.000000000000247522877595565394135379225576029393890590604,0.0000000000000861775675595828148964242859351490218816878914,0.000000000000142654896314366634659142050108110541514676762,0.0,0.000000000000144888438760297144723608054316265238157990565,0.000000000000140533877160097711846731254373404546551263859,0.0000000000000861775675595828148964242859351490218816878914,0.000000000000142654896314366634659142050108110541514676762,True,True,False,False,True,True,True,True,True,0.00000000397619777012282890331667460310732431440515753,0.00000000397619905379145377175095464091095481806364172,0.000000000416551901185821403783916131366621650607575437,0.000000000467386573210201666835934669693459046493951248,TRANSITION,TRANSITION,0.0,True
development,SADDLE_POINT_LIKE_D16_C06_E1eM12,SADDLE_POINT_LIKE,16,6,1e-12,15975045787500257041,7.676443820478475e-10,0.000000000899534180160231661839558075509785738709135873,0.000000000753894833472415461062478929791545249787085761,0.000000000876737649201114332427282714499570043241619867,0.000000000707428684425624952482245378850996946256880087,6.04842396182657052055273671871242617911674261e-16,0.00000000165342961847504330555908906057500285973883955,0.00000000158416693846913546756658014862423886074111787,8.02697647353676529159521457005152275099370105e-15,0.0000000000000887682489822725207418222690706300458505246952,0.000000000000138133587585249123585141301816578412042198886,0.000000000000141904243769830125136175597648260890240291543,0.000000000000147797701761574365859485182456962112447383117,0.000000000000234619162338896069542333306679016264631648432,0.0,0.0000000000000863363548298094915199571819751852595700954582,0.000000000000157542320901888723437379892627748597035598484,0.000000000000147797701761574365859485182456962112447383117,0.000000000000234619162338896069542333306679016264631648432,True,True,False,False,True,True,True,True,True,0.000000485980297380026937355156523580800367507487656,0.000000485980328395348543063558174146964208539905526,0.000000000606993108578060418189578068659840562999119411,0.000000000581565978825774759027122872728264787782918186,OBSERVABLE,OBSERVABLE,0.0,True
development,SADDLE_POINT_LIKE_D16_C06_E1eM8,SADDLE_POINT_LIKE,16,6,1e-8,10126522729066399354,5.555684985067133e-10,0.000000000226464657865019125015652758853713614698347698,0.000000000610393449788001220192553541432933604339113844,0.000000000279237454014317857106372598791058793311185022,0.000000000783538082721010822500815024563177852395173148,5.19329414323776733741701781119221038203411848e-16,0.000000000836858626982434668984940041988428338258499746,0.00000000106277605606474300338392136505601776492739637,0.0000000000000588478262199972661575595717828084948633095907,0.0000000000000433837450878305505393447669073286713594831954,0.0000000000000560196407172577849762276015293027535413273343,0.0000000000000112464273689461830215191867303219575304689263,0.0000000000000553635598184821730915672455371694032574785374,0.000000000000033268199829016755240129869686992057500472348,0.0,0.0000000000000115714081487783753625895428874192474323172115,0.0000000000000257703359043583766746520511936520694477835168,0.0000000000000553635598184821730915672455371694032574785374,0.000000000000033268199829016755240129869686992057500472348,True,True,False,False,True,True,True,True,True,0.00456293427473700118931787246353033472745342905,0.00456293427473042770597685975982354642779688056,0.000000000358142430165409097806396100462410155871341493,0.000000000454826164382272024358058878846564569235170506,OBSERVABLE,OBSERVABLE,0.0,True
development,SADDLE_POINT_LIKE_D16_C08_E1eM16,SADDLE_POINT_LIKE,16,8,1e-16,4921178944637922605,4.112838085983526e-08,0.0000000248563119153681460718393861843765613514154365,0.0000000335904523980555940830506912354049051449590783,0.0000000256596328945428656161340991562097176282324529,0.0000000346931234768336808656119210436725502807265414,4.62044892751219890408862256766733253554232709e-16,0.0000000584467647754686329061099678286437232631077683,0.0000000603527568334214392329659106087445246756922478,0.000000000000911928567512678041970054457200676496031562524,3.98346967794595783668568150652309173999783079e-15,0.00000000000183944112524672949647043752699724726937347392,0.00000000000275124355190896846106985263947346185035173868,0.00000000000151201329142497677375716448839319603002847729,0.00000000000150879376805012998197782650454985835442036938,0.0,0.000000000000328030318975635822937477955945924187669325067,0.00000000000124260323829688842805833389482949211003858155,0.00000000000151201329142497677375716448839319603002847729,0.00000000000150879376805012998197782650454985835442036938,True,True,False,False,True,True,True,True,True,0.0000000047516839080719121566131197547916379671531145,0.00000000475212348874821072085758941693127360862189404,0.0000000280877226666780859822106250900746326885828855,0.0000000290036839954910279066129488977194398176882938,RESOLUTION_LIMITED,RESOLUTION_LIMITED,0.0,True
development,SADDLE_POINT_LIKE_D16_C08_E1eM15,SADDLE_POINT_LIKE,16,8,1e-15,7647256447932334264,3.8806377985440825e-08,0.000000029202316704409709178765489380959150523822072,0.000000029981403440177185537326511032545553491004631,0.000000027309229455478021213229039731856800938066023,0.0000000172961852844381193188233060816957254153600286,5.01447322289173873285037088187212056532235135e-16,0.0000000591837206460342170052658736985417922020387595,0.0000000446054152413634628212262190985896145406381081,0.000000000000248275261590472386096106712058890811581914043,0.000000000000162657102738519440782245210340339216377592291,0.000000000000282383988031179926031628851846767661119696485,0.00000000000037365553447103478338660413929906458607885678,0.000000000000186850837230685143504032049431894586660357933,0.000000000000288660850663985956769258789116520597511303376,0.0,0.0000000000000980455300019298001274029381376389771133149696,0.000000000000122642971575055839668978004910256043075116719,0.000000000000186850837230685143504032049431894586660357933,0.000000000000288660850663985956769258789116520597511303376,True,True,False,False,True,True,True,True,True,0.0000000389777917371149034839409730301242870034592535,0.0000000389778346427652910341682948296554455256652312,0.0000000262069919928872837298459293136094092173233333,0.0000000197516098567242714515395752259966286068232601,TRANSITION,TRANSITION,6.15236029869614753170882916397730867400586658e-105,True
development,SADDLE_POINT_LIKE_D16_C08_E1eM14,SADDLE_POINT_LIKE,16,8,1e-14,16418802293449855429,4.3826838792686507e-08,0.0000000524827056060091683780735734882215711468012522,0.0000000102445277827605986859610159977602661872980563,0.0000000434229807069355288424993449578131187353084841,0.0000000194343406121718384078479441581255647028389687,5.52440559663984373563269943140728756681470684e-16,0.0000000627272339412103267280189630492517804748280652,0.0000000628573218715479269143316626792086265788762095,0.000000000000116769690412228898406973827072362185302766545,0.000000000000128388048299563604853961712983508899695273303,0.00000000000187267706111075730173966255543791781588668826,0.00000000000187193958366064202537251624167224679245560411,0.0000000000012897698569586291034987338623278506106576907,0.00000000000123740094581715952797070925453882192751276668,0.0,0.000000000000588910142593480055316135142975361206843573065,0.000000000000636891621125439508330866261117865305551139278,0.0000000000012897698569586291034987338623278506106576907,0.00000000000123740094581715952797070925453882192751276668,True,True,False,False,True,True,True,True,True,0.000000175799077224348412811396993569733640749494118,0.000000175799057942928698644678128269336224289854514,0.0000000252122040028433475348588887713557854760949026,0.0000000252644907566493325600356857948286977833981842,TRANSITION,TRANSITION,0.0,True
development,SADDLE_POINT_LIKE_D16_C08_E1eM12,SADDLE_POINT_LIKE,16,8,1e-12,5074279213727355040,2.4104936094521405e-08,0.00000000884612034412313262963177466740371060424048889,0.0000000226289273708719769704213995817312296922833216,0.0000000140234500092001242668578173418249538705368963,0.0000000200075807996774419543745074080496569727660352,3.92842636514044179206398689318757524377844953e-16,0.0000000314750481078377461140973534555336296152813349,0.0000000340310312017202027352765039562733001620604558,0.00000000000076645355972815086894469383509015461785965083,0.00000000000113854002976925389470895686302002737706388508,0.000000000000570714549380620467793650761009051794168874778,0.000000000000243231184265788749075259721116707911974452636,0.000000000000529478094404657349143722184436849965630318793,0.000000000000618833153288437309710400994438506947469241059,0.0,0.0000000000000470773441243212609089447487912625688911741263,0.000000000000415127214949952629894698331879552480153948598,0.000000000000529478094404657349143722184436849965630318793,0.000000000000618833153288437309710400994438506947469241059,True,True,False,False,True,True,True,True,True,0.0000560583656112707436599048466606012122673841005,0.0000560583658212008564627546663789711346257962748,0.0000000177907490534269785569772300987086086890809879,0.0000000192354761163457145119440752968159150827706499,OBSERVABLE,OBSERVABLE,0.0,True
development,SADDLE_POINT_LIKE_D16_C08_E1eM8,SADDLE_POINT_LIKE,16,8,1e-8,13013695716500282123,4.1408204383345216e-07,0.0000000407783170208734615219323991054554861260204084,0.000000499211384732292176928705320791050458439715223,0.0000000341875193291016840367198890206281276083585659,0.000000401366514341432598474553663831922346314319762,1.07893787540872521254508598594114977017322176e-15,0.000000539989702832103513859362932441591930506885402,0.000000435554034749472157919998765397636459863828099,0.00000000000196988601537420613589330739177308234788822589,0.000000000007790840398136079826176114909542462598380326,0.00000000000033396932662602238516354721630280691462203914,0.00000000000164150130787366316708633782686752231480434228,0.000000000000548036257901762470789214384552687811271064555,0.00000000000725051611386025139803698936497873427462725774,6.661338147750939242541790008544921875e-16,0.000000000000226146989815676154513496266148601594783864921,0.00000000000563856444819260030671951053859662401495617236,0.000000000000548036257901762470789214384552687811271064555,0.00000000000725051611386025139803698936497873427462725774,True,True,False,False,True,True,True,True,True,3.47446596623142176543142963812363324395563499,3.47446596623366552491928227636444451612171761,0.00000021971869401001695499578515317651201229920093,0.000000177224423325159666567693145055326722710763562,OBSERVABLE,OBSERVABLE,0.0,True
development,SADDLE_POINT_LIKE_D16_C10_E1eM16,SADDLE_POINT_LIKE,16,10,1e-16,11637052693587321250,5.402417966921414e-06,0.00000365748793144489625310838915795460342353254876,0.00000421684080110305066481825114221086495146625099,0.00000415549331888148610601611366657697985644666367,0.00000307889494884792352195175604570403776857767707,5.15507083263969625562762974908311555668117926e-16,0.0000078743287330634540011906099257282313499071113,0.0000072343882682449167112318393378437805999326523,0.00000000000911473649034973249871067182011933353645156734,0.0000000000000616002230030456137424366211215672918788974807,0.0000000000187961094900232244590129256803081415984534166,0.0000000000098370314581353907323844990385321663368590559,0.0000000000184631940856004105622547707455666179893664837,0.0000000000185198333723052384868925266373467775018529292,0.0,0.000000000000714867706956916070727493820431724740337649126,0.00000000000893452686617747103032608421159220323419252404,0.0000000000184631940856004105622547707455666179893664837,0.0000000000185198333723052384868925266373467775018529292,True,True,False,False,True,True,True,True,True,0.00000038138656007890571460984822049669478472618725,0.000000381382615275826994106018219360883114695645485,0.00000339171349136182849701111654611266277167219592,0.00000311607161993749137900582753983012355860288371,RESOLUTION_LIMITED,RESOLUTION_LIMITED,0.0,True
development,SADDLE_POINT_LIKE_D16_C10_E1eM15,SADDLE_POINT_LIKE,16,10,1e-15,10177814008493086234,5.375229917517729e-06,0.0000041014945782283837630637361186417787388737715,0.00000406875146284864359332268539539286238250243775,0.00000387901737061473989585181914750087592109587475,0.00000293860785796852246026280444269695778268242875,5.87055326013052268852241097725673223560986177e-16,0.00000817024604166408268239947378288688221910188248,0.00000681762522917031768212767585905007480150397672,0.0000000000214915887589176601902086250334432791635013075,0.0000000000115793068081606629651322025419391429394176404,0.0000000000265754698296218031033259785998491620437793429,0.00000000000550285040992859019683282178827462979849800428,0.0000000000165827941524492790925062727870339722754649071,0.00000000000558939448097128118138013228184470390268138066,0.0,0.0000000000101490685923636051518400428883169240504192784,0.000000000000637283000370838920453741659100268120151025912,0.0000000000165827941524492790925062727870339722754649071,0.00000000000558939448097128118138013228184470390268138066,True,True,False,False,True,True,True,True,True,0.00000333373042783712626417118398347481462537886976,0.00000333372669483172297691956828350924760586976323,0.00000309027086472323847781928871793427225542150825,0.00000257866268712656198933634116225855203492564977,TRANSITION,TRANSITION,0.0,True
development,SADDLE_POINT_LIKE_D16_C10_E1eM14,SADDLE_POINT_LIKE,16,10,1e-14,9097582008677315621,5.407863013557702e-06,0.0000021933296972286320622068600574903414334971532,0.00000210644463683594650211527691726783070900887309,0.00000257489138894274969968017069098056504533003483,0.00000299696519546562736740125653580590847880443513,4.73118003690620648369834055370345334444049377e-16,0.00000429977433453769656801275762312800619787637163,0.00000557185658488149507077204787515630757950481529,0.00000000000918781727017259209884499923483552774460979692,0.00000000000980979152146507322269542639162885458887378887,0.0000000000122938766583373951051996960497248510861372668,0.00000000000312685700057876365507528235559590282864017479,0.0000000000129823009017783355483895593038453595231994413,0.00000000000318311422859349853523602459727714458436382321,0.0,0.000000000000733383081142113225517595220841957528571753357,0.000000000000285217724898514168377524020619312272824774595,0.0000000000129823009017783355483895593038453595231994413,0.00000000000318311422859349853523602459727714458436382321,True,True,False,False,True,True,True,True,True,0.0000259010107083843491257961053352255228859219257,0.0000259010109998802435971915936657362036759907002,0.00000201798408414571957591979182192982942528556099,0.00000261500186582314832161741254956502879143222361,OBSERVABLE,TRANSITION,0.0,True
development,SADDLE_POINT_LIKE_D16_C10_E1eM12,SADDLE_POINT_LIKE,16,10,1e-12,10963118296066030789,6.272944678982421e-06,0.0000036631358224279831266097257011952461727659887,0.00000482963484957242060320154177485068193471422296,0.00000400162687457138383011309221824210066055860761,0.00000445975163031965666104374156689517833633456761,4.8855489038239454224422374049284922552751328e-16,0.00000849277067248895862019366201829015184797306088,0.00000846137850537959538153922832738150273738602444,0.00000000000739748953819369405742671024338836359067263371,0.00000000000597194640489437254778277270016869475852464526,0.00000000000109824135974441577797438934824229877875591126,0.00000000000736856284343691676467119580230796941591656408,0.000000000000729344468335301507898375507188975457814264079,0.00000000000609118341835901637836996363174600086145794211,0.0,0.000000000000944530087357355365379111584270262478449632014,0.00000000000140736595883019903217267051090579692109430912,0.000000000000729344468335301507898375507188975457814264079,0.00000000000609118341835901637836996363174600086145794211,True,True,False,False,True,True,True,True,True,0.00154108368533434462615801120089365138428724904,0.00154108368465156959787163652403252926118580399,0.00000386035030567679937281530091740461447635139131,0.00000384608113880928338004409080655225481371061895,OBSERVABLE,OBSERVABLE,0.0,True
development,SADDLE_POINT_LIKE_D16_C10_E1eM8,SADDLE_POINT_LIKE,16,10,1e-8,6098442964881399951,1.9522098446196963e-06,0.00000210935403026171026888327051815563564682623609,0.000000630100819921763502141397258677968388310536431,0.00000188597619133146129233855604426477495400779541,0.000000601673438300270385947345095783957744196588511,1.11072636743574620229237410770679486553003527e-15,0.00000273945485129420013846041397912597814284356739,0.00000248764963074245804572164734234110680591117879,0.000000000024998762502460835971448639867217813946426681,0.00000000000386985689085171612292525563201803550400476452,0.00000000000334459925956831073301703455593559725426530239,0.0000000000234673166412272042228874230054992393747560524,0.00000000000333937343518067662925719706566017780548446421,0.00000000000165696443249910367117048520988417311599563051,5.90627490068485408845531092320482587359663224e-16,0.00000000000107190326758264715905954471842317665797226954,0.0000000000218621363213443833946438550799987063619191638,0.00000000000333937343518067662925719706566017780548446421,0.00000000000165696443249910367117048520988417311599563051,True,True,False,False,True,True,True,True,True,5.01607701253348565807894773284287056109897359,5.01607701254480012830943524706651803296482535,0.00000146639656213588197976557410053019641862177322,0.00000133160831783573975850371760493102236531075064,OBSERVABLE,OBSERVABLE,0.0,True
