dataset,system_id,lane,family,dimension,condition_exponent,epsilon,seed,U_absolute,reference_error_absolute,reference_response_relative,U_relative_to_parent,I_eff,I_eff_status,R_U,R_U_status,coverage,undercoverage
development,SPD_D02_C02_E1eM16,decimal-source,SPD,2,2,1e-16,3342380807748623415,0.0000000000000142858993373609638123064406209338294851878313,9.69950952865126965308886292130440945599273733e-17,5.55603150570407635296283067143240613670428446e-15,0.000000000000013207318609479995524052516098088846908418433,147.2847600712387574484139407926414810913739809945262808133997210868064389030139460317202919055186602,FINITE,2.377113699935062909551348267248851720578221451450009275921182417944833530301252740879636835397391529,FINITE,TRUE,FALSE
development,SPD_D02_C02_E1eM16,binary64-operand,SPD,2,2,1e-16,3342380807748623415,9.83149331365573213101321331160511299347549594e-15,4.2068757520471137708146758270533882574778792e-17,5.58106121514936859929146892445141113629826908e-15,9.0892187837864377140009683359867078856356315e-15,233.7005866853000172040676006701930207116794470476180676915642034024496870141982244669904990829950072,FINITE,1.628582528196329526002829087383802708839232243447117991939021436783243746108227341016472954449972720,FINITE,TRUE,FALSE
development,SPD_D02_C02_E1eM15,decimal-source,SPD,2,2,1e-15,9477031891702027615,8.0988438866131601625418393733786416625525351e-15,8.01507662024878563925037811268917522366625307e-17,0.0000000000000706428346685210673261871095287044842754497475,6.36305270221708883592110500309183845406296107e-15,101.0451212175907360420134924779124825120022270570382295061052359122718620490598160063991423874801021,FINITE,0.09007357550237871265449214202233040564932136094881962423857090751102028939590757358399210262811929260,FINITE,TRUE,FALSE
development,SPD_D02_C02_E1eM15,binary64-operand,SPD,2,2,1e-15,9477031891702027615,2.39538098305684793226382705444566938720697439e-15,1.02143101320297922257721390368765707439140688e-16,0.0000000000000705792723860696828669431794043647336106541148,1.88198904071643948767385469200437963008121737e-15,23.45122629031469170962784778179769979055975813099820532153240102923577419021156469134145953088552238,FINITE,0.02666489717295371213848685365256065571162300411404582858714116300318311162380564164656701298711558287,FINITE,TRUE,FALSE
development,SPD_D02_C02_E1eM14,decimal-source,SPD,2,2,1e-14,17708006654096734107,1.07338803285524051634480411520921629769604565e-15,2.3787067094263826016687685208070392497231238e-16,0.000000000000992153873021666332774833971092349647162990553,1.3313739976643232368258203836943539173418916e-15,4.512485833590155192910926093012645550007896541116176594098008520998274462854819218240015008040894918,FINITE,0.001341902736930856213647029693598128527845567316541475554532635941509668404048252043308488899645583283,FINITE,TRUE,FALSE
development,SPD_D02_C02_E1eM14,binary64-operand,SPD,2,2,1e-14,17708006654096734107,1.12736945310199600737853835961428832810810374e-15,1.83403875362008151039486419216321123083121289e-16,0.000000000000992221530041776594871430686047049357035158351,1.3983297089948715719674522769504554047689091e-15,6.146922745644059427017935874476833878854197836302533902748450279003329510211138848864248214258329365,FINITE,0.001409291843260039073709644085561562979218990250710740461398139289487217030945005727646521585459447720,FINITE,TRUE,FALSE
development,SPD_D02_C02_E1eM12,decimal-source,SPD,2,2,1e-12,345687911206730511,0.0000000000000109283900127936427491405986829927556490446707,9.3696174955994162879003728814237738030387035e-17,0.0000000000800628882836589687873408807514742831648025349,0.0000000000000109283900127936427491405986829927556490446707,116.6364584031987190512485524971655023804491213090641248197124934407965725915693387344143988886065470,FINITE,0.0001364975739330672369114754529610708693226112510406231587427523528554123692136270536108655692170943058,FINITE,TRUE,FALSE
development,SPD_D02_C02_E1eM12,binary64-operand,SPD,2,2,1e-12,345687911206730511,3.87167244092460110150294106470982169560941208e-15,3.13768849361277441771117562258204137034268543e-17,0.0000000000800629284444983662248336182411102917723162289,3.87167244092460111271617529555943978806030404e-15,123.3925053046520955457743616912637196713343876975405664054648123727266070698787447447698943669951470,FINITE,0.00004835786694473137756921894564618502943766526423528512785998351176634908789831858424941559754421298967,FINITE,TRUE,FALSE
development,SPD_D02_C02_E1eM8,decimal-source,SPD,2,2,1e-8,5092521022903664587,1.94821556865232470827869033613686110471112803e-15,1.74671053786661555087399599741992398006489608e-17,0.000000970390006853491609254387806179342307258984506,2.36255840324303222745140521519231591711643706e-15,111.5362578067355045252474524717015093318006195681409266499858220085960614564170870743147611779978826,FINITE,2.434648323413463011214020532356875649465472602410873271518208577039749827717495818098697959315129350E-9,FINITE,TRUE,FALSE
development,SPD_D02_C02_E1eM8,binary64-operand,SPD,2,2,1e-8,5092521022903664587,7.88570807482552378548837752952487544610644056e-16,3.95033293709363910642825666492306782982304033e-18,0.000000970390006846204628340945836810038332430132238,9.56282568390933146044789611005871984448903513e-16,199.6213534504572856937748643115986809771198813625183953321908010090882445960976954209707993463924842,FINITE,9.854620942551530779383538552597131945908322312371807290840642227494324431334500527303977142720180546E-10,FINITE,TRUE,FALSE
development,SPD_D02_C04_E1eM16,decimal-source,SPD,2,4,1e-16,13700126623469525899,0.00000000000065518286556236699938361994910474134525871264,1.33541077821226704530992974884360221924404867e-16,0.000000000000768157261263240849307232445069906163183522023,0.000000000000838875698920995077571683006982592582110771377,4906.227179321327633363155626245708625622763280572033890367506751131977141147166278800872148484530606,FINITE,1.092062447657472095878287838389580907259331092982817625615713028815606703700448715357330107311760349,FINITE,TRUE,FALSE
development,SPD_D02_C04_E1eM16,binary64-operand,SPD,2,4,1e-16,13700126623469525899,0.000000000000134785982653732447822340028360821946447872438,5.11550478952795679306771342201567020087452154e-17,0.000000000000768252764259625606245834696270024202864394174,0.000000000000172575766776733404712990383774454079945379478,2634.852046852840263340368597807667767770672482668050894816703848694643664624891402223794563966536429,FINITE,0.2246340980537137915488302295598454731042857787892659121607185632845155615261502268571635935228633923,FINITE,TRUE,FALSE
development,SPD_D02_C04_E1eM15,decimal-source,SPD,2,4,1e-15,6900698370647266413,0.0000000000010951647506568709267597555327334976159677624,6.86033121766376439467033186959585420936117059e-17,0.00000000000640338076693403298337634332149342991039221639,0.00000000000140221477686593739765923993970671796824904899,15963.72997031215163784572021107654849759324084933703520936960082653395320409508573885723314462979550,FINITE,0.2189803836290253954636258123279967328387808048209350764068742079346079001166149780292338093253689360,FINITE,TRUE,FALSE
development,SPD_D02_C04_E1eM15,binary64-operand,SPD,2,4,1e-15,6900698370647266413,0.000000000000210101509712689980672618626242055628386889489,1.12219938528453342163168706831161788050707529e-16,0.00000000000640355220262305504230766950959348947164139645,0.000000000000269007417728038644853527366243593388784638283,1872.229770108266334646560483687143107178407498833864169421466318388566069650645446666071105343263574,FINITE,0.04200909264358717690659193751244684335380936606591547029321836356197634432167279680002363647919646745,FINITE,TRUE,FALSE
development,SPD_D02_C04_E1eM14,decimal-source,SPD,2,4,1e-14,6447548273440557093,0.000000000000251170841232674749425546484371306440730228136,1.19254157435806586906205044932971885161492395e-16,0.0000000000919105639496773578985118710799687862356028935,0.000000000000329803472006382409438818208350560430680171501,2106.181005621357031260756931554066727037161061201658445706999765281746641904678387670758993654796687,FINITE,0.003588308653910072639519516225098838654020666983242245382956392299133392338000451163142456646930324388,FINITE,TRUE,FALSE
development,SPD_D02_C04_E1eM14,binary64-operand,SPD,2,4,1e-14,6447548273440557093,0.000000000000342938913261430018268381575660195288498730218,9.44812155201739397191602467653202429071555561e-17,0.0000000000919105966272660227488038702816315791908474142,0.000000000000450300853891481753594186552472236630881088239,3629.704712977624363759578604390007202160160931323132075931210765755352132621084794415547331683226572,FINITE,0.004899335554502279869991658453310227256249272692553128797717246095575408391644060782097859883329880497,FINITE,TRUE,FALSE
development,SPD_D02_C04_E1eM12,decimal-source,SPD,2,4,1e-12,15899163008075185731,0.000000000000310642505441209885263049023671284183740781239,1.33723359060608654922348689859061007452888515e-17,0.00000000599999999333333422952295195872944895041524689,0.000000000000621285010882419770526098047342568367481562478,23230.23498836987452921601887600731123199773066924754635730837018112944783130263224793883551649845910,FINITE,0.0001035475019287893928755274005564193910282809177563142229137364264947854455116815652218659516975020602,FINITE,TRUE,FALSE
development,SPD_D02_C04_E1eM12,binary64-operand,SPD,2,4,1e-12,15899163008075185731,0.000000000000222159948732636561258688191891009702915785661,2.55564181354904249598184900024766365741780507e-17,0.00000000599999996936800068654097228397210561846252872,0.00000000000044431989746527311034495709472879352928316811,8692.921971883104633274625024918323676459486479849077156720947697177035934832240749742109603938472957,FINITE,0.00007405331662227904237966212103171946015085033139802650172937768591242751570824917719923173272882397791,FINITE,TRUE,FALSE
development,SPD_D02_C04_E1eM8,decimal-source,SPD,2,4,1e-8,2620329747813844624,0.000000000000094239519883503412416685984180009015278968315,9.12333705122590829287263943864493988212014219e-18,0.0000948556821698943599862381169094075534881517872,0.000000000000298011528432596631024933449568564984496008198,10329.50107557852325393343040042810388900985822382066106585000935676015687894568317345363211463031252,FINITE,3.141736178743972065812746120815301288011348701982379718658098828890703840306221835277859369778677008E-9,FINITE,TRUE,FALSE
development,SPD_D02_C04_E1eM8,binary64-operand,SPD,2,4,1e-8,2620329747813844624,0.0000000000000333937428061163465117724793653486244422073011,4.04883862520829507062719613336200833752320767e-18,0.0000948556821698644675475659075052136835577945902,0.000000000000105600286865190240170764991135630640325132118,8247.733707687197396417711845726394801809882356058115744487163931184542622517185292670483703263384736,FINITE,1.113273179313440436090075940742947093629345775888016849328084189104303953082282369270957310222054277E-9,FINITE,TRUE,FALSE
development,SPD_D02_C06_E1eM16,decimal-source,SPD,2,6,1e-16,7794877774274524974,0.0000000000700001790155912904926099132722195386275934153,9.14349665244860101186450233560964506443786612e-17,0.0000000000496138938307979643679734650803132941755416143,0.000000000086824536253959449797856689864939659009694159,765573.4089085651084643775087941506545274844303608690461401527030103400868635248176342787309515220334,FINITE,1.750004475562103015500487701100789296520655588932148742461843532304884712703522281159955785230578266,FINITE,TRUE,FALSE
development,SPD_D02_C06_E1eM16,binary64-operand,SPD,2,6,1e-16,7794877774274524974,2.0805159682273078116535739859954784507263035e-16,2.90335131724471571443241574339229887717670064e-17,0.0000000000496139307822234592598744497223084973533157607,2.58056245927684190014497884625395469988338263e-16,7.165911875252218012038693038550451384462959546480719069628906637318469411890711575674997536167483605,FINITE,0.000005201286047267697308409973724999050268582707848552076259150320360083058581036437031670185442747439293,FINITE,TRUE,FALSE
development,SPD_D02_C06_E1eM15,decimal-source,SPD,2,6,1e-15,17628145585040437798,0.000000000113671615314386956430850410116466450114149137,1.68397922063597491086778962754401996415620244e-15,0.000000000554691875187632006263491836691036234072566677,0.000000000157634168300323011169255613932950170525272801,67501.79213699413119427299394023668399451055317275856256042526527186550510968651379674710555269010456,FINITE,0.2841833013094001569754207339056500075564731648336837775998740249660025891365366596742592711751572464,FINITE,TRUE,FALSE
development,SPD_D02_C06_E1eM15,binary64-operand,SPD,2,6,1e-15,17628145585040437798,0.0000000000111289364472849393276242826617241120489833808,9.80320078624561437818082702657023715717129652e-16,0.000000000554690901356863651514711229605362614641546835,0.0000000000154330580777176544410870204741202280088916289,11352.34979875083147557714465736243004118247901166020962106080202517128511127427799932231382871482161,FINITE,0.02782280733281526429961807102778150883182218505143349624789017872139200336443867409343233890257899709,FINITE,TRUE,FALSE
development,SPD_D02_C06_E1eM14,decimal-source,SPD,2,6,1e-14,8214231739146521320,0.0000000000444852698955402687242147844343644204039964518,1.2477987377447959091674518067658285647063635e-16,0.00000000832044739051674176093039499653486609278896662,0.0000000000411266465669807747808935237923755454494055052,356509.9767286232755637785084312926654371543397474699437668922756849459933969921124617337389338637145,FINITE,0.004942840767655716472070207209091140055574840608988272421267671033945225522751599035963930168323252974,FINITE,TRUE,FALSE
development,SPD_D02_C06_E1eM14,binary64-operand,SPD,2,6,1e-14,8214231739146521320,0.0000000000396896030845512712798160606271642206808418796,2.01139704292530522510889704774641917951027901e-16,0.00000000832044746503531123876831584489057003810435233,0.0000000000366930510318367549023213824878715473328006766,197323.5628646848676445273288887328950187463254078807765371138244224677750641647623709363102741319679,FINITE,0.004409985302597068060249643534739151353192359684331025062263105263510531642304008221454532409409861929,FINITE,TRUE,FALSE
development,SPD_D02_C06_E1eM12,decimal-source,SPD,2,6,1e-12,16830576898471770375,0.0000000000578692183560713314107963288301202353216426043,9.73076878748937822560925118800252001173802569e-17,0.000000857486923305950301373129957840839806422499005,0.0000000000992448907136913452395267097595828591727632006,594703.4568375772279675656667415312803825319132401211852016863558440450860680911251020302620637531596,FINITE,0.0001157392468809473468502117058132567606201601243528043737750974594664673403240882245138367156112311238,FINITE,TRUE,FALSE
development,SPD_D02_C06_E1eM12,binary64-operand,SPD,2,6,1e-12,16830576898471770375,0.0000000000311990486647743998759174583568027390692967349,1.77434604302436322588959264096073233478297816e-16,0.000000857486922872230376758619368861583156953242753,0.000000000053505927038010920100139828102194131545730596,175834.0701771780114868841911404591301759886994012935483099181449822082434753134326818477503138348111,FINITE,0.00006239853414765551742297555417281948883348849431481886439334419776382086421762437564723983677289099778,FINITE,TRUE,FALSE
development,SPD_D02_C06_E1eM8,decimal-source,SPD,2,6,1e-8,4700767032875647822,0.0000000000873280287630385751929863887196185486529122851,1.15244200203389204997408568350793041297603663e-15,0.00700112725045986824685207056836211196921425142,0.000000000088214630465712066085842337152111033200376904,75776.50641760482628662409810089525358987917071129887339837644803873545428515866683743140971456675163,FINITE,1.260006100587840309870669742321162984398055988409621845882029097639572463686850912587273726348763616E-8,FINITE,TRUE,FALSE
development,SPD_D02_C06_E1eM8,binary64-operand,SPD,2,6,1e-8,4700767032875647822,0.0000000000823765063941967922774496315947992130249976373,6.70602044093761241264250138602229820884825421e-16,0.00700112725045937855433652900023668441051594083,0.0000000000832128375454193290862441738685185999422083684,122839.6291358145579604518951773062428615160823008297562854210012814437155853006582542360909666401630,FINITE,1.188563420839970072336804392447706856112579567753546469415509574443528126303064499499514718616807037E-8,FINITE,TRUE,FALSE
development,SPD_D02_C08_E1eM16,decimal-source,SPD,2,8,1e-16,7930080439161776160,0.0000000158234088392294320825832478935665336006975354,0.0000000000000119658133238912611904743489317735843491426237,0.00000000799998792001600100052031671401054576486576606,0.0000000158234088392294320825832478935665336006975354,1322384.731477967575220970398964948394489172875287050510036627564802907843995251218657273153944395912,FINITE,1.977929091572651179473261546696290038097484142138248490210117160571110638316372753039145275642054761,FINITE,TRUE,FALSE
development,SPD_D02_C08_E1eM16,binary64-operand,SPD,2,8,1e-16,7930080439161776160,0.00000000982340892296522656634415236880299503743691751,1.05249737806701880527295278122977209615856884e-16,0.00000000799999992256620390004935411687200265025757085,0.00000000982340892296515463117827907701717033850052337,93334284.03409962077498851065217574546221604199928625666326310600683303104099266250059185639743003005,FINITE,1.227926127256016999365343586801529497920049819760935587174981168822129359453947649032833258826546720,FINITE,TRUE,FALSE
development,SPD_D02_C08_E1eM15,decimal-source,SPD,2,8,1e-15,13666721563256398758,0.0000000126242118492585453301564560293034048865279282,7.0560988204003311266872674577946748492172831e-15,0.0000000164396998078119178799085455645851012439819667,0.0000000207540764354639665805768059151701266624673616,1789120.613328131458799976128922173097652870978931785095960915320139611263201183833434488711919913559,FINITE,1.262436460403122240912525585612776898639784923117154725318572298127777852655777562553210320276363490,FINITE,TRUE,FALSE
development,SPD_D02_C08_E1eM15,binary64-operand,SPD,2,8,1e-15,13666721563256398758,0.00000000272016748982760632209528783679118954283728193,6.16796941642227599882009560049008195414877231e-15,0.0000000164396780683913252571819820705093614936676966,0.00000000447192780628613338366429542062676782213210365,441015.0741968880477899046647636232224052260529492742987460901379539830338540727047249418006505621619,FINITE,0.2720204001369307672151895643384549596873103342103898316548391611522178830827490295753542475762936860,FINITE,TRUE,FALSE
development,SPD_D02_C08_E1eM14,decimal-source,SPD,2,8,1e-14,17696088028531801888,0.00000000353365749741597029532699749211393867993770686,7.06098759554738861885146808178410501174274837e-15,0.000000759256493900562321078529248205693247929645017,0.00000000383278969344386637628778879464853233933195041,500448.0534202143328589717839758044377069012612865309277762090702611072254301832724526431938445298112,FINITE,0.005048082860317077536805339510300911137368107603388355767512139461822409681527644013920878259006758690,FINITE,TRUE,FALSE
development,SPD_D02_C08_E1eM14,binary64-operand,SPD,2,8,1e-14,17696088028531801888,0.00000000664876118270717018770073998534381117533874541,6.5729470962193819818916399491359439547510782e-15,0.00000075925649337121237801050116446951538215932314,0.00000000721159403645787667440371478885223633761044388,1011534.260869282644961051367593813388189305971766087874741324345081837781004060960711304687008579551,FINITE,0.009498231624516401107909176538480833652867611938948006412550498537322274737172857277996008828973419792,FINITE,TRUE,FALSE
development,SPD_D02_C08_E1eM12,decimal-source,SPD,2,8,1e-12,17204118294971870143,0.00000000727071081555847163305625531800891683870435197,0.0000000000000184036326374367690775910809167845854441665508,0.0000406096942547838206189370699606720064120586253,0.00000000738228834437282193047223263756446221364463948,395069.3299956635928697017152256365527357287976596150953444280349248057032701692207721805731167808406,FINITE,0.0001817863561852152731120836117509352728323691127682409589121636824008500366860171202864395651975134902,FINITE,TRUE,FALSE
development,SPD_D02_C08_E1eM12,binary64-operand,SPD,2,8,1e-12,17204118294971870143,0.00000000157091790556411036767649117841929015815036731,0.0000000000000103826654833261010394005366826585090042160662,0.0000406096942466398643873103123373287855120227912,0.00000000159502547115425455179867799113352503021997268,151301.9858038289292386034314597799546598309684383149517238582356925001624212794904579255430169748531,FINITE,0.00003927696331489199712434064921900500484018919830010734928147633397032117722673234940936140277698538069,FINITE,TRUE,FALSE
development,SPD_D02_C08_E1eM8,decimal-source,SPD,2,8,1e-8,13436459373671532285,0.00000000197821947986169380449954324631428556575099562,6.35877501472897093864899079694990763543532191e-15,0.098058557859435254612778700588610322594763869,0.00000000387960758845544067250104395393339612891173476,311100.7191289989586761153535550953067435100370206528273245332035920658700776098848186393295182962936,FINITE,3.956419177627281869659991853257697681208885597699111452194899607126984991042187881955640501083994035E-8,FINITE,TRUE,FALSE
development,SPD_D02_C08_E1eM8,binary64-operand,SPD,2,8,1e-8,13436459373671532285,0.000000000890187422309156724806426517639717932520695099,5.42059747930604438736258678115443367280684205e-15,0.0980585578594333720257943996038900166499259149,0.00000000174580116811894202791410198994102288851815534,164223.1185229271588766319827894559436877639006386399777355135738763340914311446663852454469821347799,FINITE,1.780365942788534988749396139938943200862254443819340565385867367459774397303914028760349412729906694E-8,FINITE,TRUE,FALSE
development,SPD_D02_C10_E1eM16,decimal-source,SPD,2,10,1e-16,15728502274935074776,0.000000899195332630926672970591978536125811257149569,0.0000000000000499750922016608507684799716119487555299327176,0.000000707106144791084394572994006354925830444671012,0.00000127165423462924296805273631558284804694134549,17992869.90812281485208597664732934792435061509279615914644428505726502895944417513099568890220299374,FINITE,1.798392283813281216529159072832690057093580312921713621215248906200230454607670217928774653921602624,FINITE,TRUE,FALSE
development,SPD_D02_C10_E1eM16,binary64-operand,SPD,2,10,1e-16,15728502274935074776,0.00000039913880828569155348364452107753646147028907,4.02486821808129302101964841222668630324161519e-17,0.000000707106074123085651479882527626630158675970425,0.000000564467515947070634572998934895995903864459882,9916816816.327124614062772357544376645038992091334461539394586834688945706615337158621274947341961956,FINITE,0.7982784148009086622906044975678968889854097748167296016494397747457849656840710650529086928747424807,FINITE,TRUE,FALSE
development,SPD_D02_C10_E1eM15,decimal-source,SPD,2,10,1e-15,266195556703456573,0.000000196603265948238614357417232426245219607048592,1.49293447290591683403854475402727393197258129e-15,0.00000707099851609401823693395753218440144089770599,0.00000139019502555421771769938419091169808847823641,131689146.1187582518546550401774715166677139632949413891092352489561667249352718892161324892091154756,FINITE,0.1966051926598556288133498338475338755779941695767592597710966617257818275080591570426415146479180327,FINITE,TRUE,FALSE
development,SPD_D02_C10_E1eM15,binary64-operand,SPD,2,10,1e-15,266195556703456573,0.0000000863811235004783503138592348753492178539815964,0.0000000000000235326946617887955234987821945674374300625889,0.00000707099867194009288572189240053261422187039106,0.000000610806781937054749362198937399436548299389473,3670685.603240315205730525214806757199154531279917113459656860395183694486915672100372730189156366385,FINITE,0.08638196813145005266076757148679562762295857257906561291057237229429892538689902892218680969505173250,FINITE,TRUE,FALSE
development,SPD_D02_C10_E1eM14,decimal-source,SPD,2,10,1e-14,7993264266710751955,0.000000310689732305859742235417561904354507618336828,0.0000000000000221213064358488386288369762895936131569366255,0.0000707036148282400944862937898725428119831568174,0.000000732302721861688633959983431843401247433296149,14044818.42909464482619742563550533591810723044492276632971785541955956501836245469256841182528527432,FINITE,0.01035735900690039170354625711389125515386265649727158671290969236256949700805573281186843834451763298,FINITE,TRUE,FALSE
development,SPD_D02_C10_E1eM14,binary64-operand,SPD,2,10,1e-14,7993264266710751955,0.000000428429858460620394314362168433938126569400078,0.0000000000000197100255591800532879819140925389029640635041,0.0000707036148225562102728145256440753674084264326,0.00000100981886060098519371930466672346665983898025,21736646.51901361035870349986031492792404861994408990552335324686595202547139287354503670251273601403,FINITE,0.01428242195445469473944862527936100427875359291045013697123363491579053573782224150885979901231042053,FINITE,TRUE,FALSE
development,SPD_D02_C10_E1eM12,decimal-source,SPD,2,10,1e-12,5414176322249737425,0.000000247432247194952426425410196672420218067918973,0.0000000000000121310345642383715732042315528066269594197303,0.00966521863244557764671912390067525089864672217,0.000000268377953315499671378569211186297103888776779,20396631.95127390036666598536226368632653780089556833691503448577952602871088386183117382844830972319,FINITE,0.00002776739601260239142490572614178190942770667330986791035260609343766742279092407149718099407878272628,FINITE,TRUE,FALSE
development,SPD_D02_C10_E1eM12,binary64-operand,SPD,2,10,1e-12,5414176322249737425,0.0000000916948572331211277759447276363609009685287305,5.24630001380623686551052928935908349346137756e-15,0.00966521863246462897037072714386845714035987093,0.000000099457036795988501812825443905588624641928625,17478004.87806943035906633146668199444727006485116857450301755953546454330554084140137792134103651816,FINITE,0.00001029020041635902195372750506186687548133912164181971035081912182440795978303986188037918950776767732,FINITE,TRUE,FALSE
development,SPD_D02_C10_E1eM8,decimal-source,SPD,2,10,1e-8,15894068073190789212,0.000000224497673844572028658522630438156949809420738,0.0000000000000406882089207569841664521919434312003977917657,0.700105863968207871111222287256967968508083382,0.000000176382030595669674218689761196591273304087015,5517511.824661446895879760254446408607712061983787966886079819616998666803903409235161226875636728727,FINITE,2.519362280383345899988590695502023008516987781329999753512547025275028323706032930911628099792975493E-7,FINITE,TRUE,FALSE
development,SPD_D02_C10_E1eM8,binary64-operand,SPD,2,10,1e-8,15894068073190789212,0.00000016648495411832296885594166081744198196876269,0.0000000000000563564110639971209488047176703318727968475582,0.700105863968169320908151860278348161151194381,0.000000130802933358448602345987494516371447432669286,2954144.009086495188741638734682843743726098548301978632719285285123865009366714724538239282474889210,FINITE,1.868330778106375439379553484188308227319500690347273105121660553607041770675847271607268035345095306E-7,FINITE,TRUE,FALSE
development,SPD_D04_C02_E1eM16,decimal-source,SPD,4,2,1e-16,15704206836761994310,0.0000000000000200020506912299999024460139838430311845066144,1.0807267901669893263197818360392711769102398e-16,3.74260087578778183658917020403805313413469889e-15,0.0000000000000180352417393608155113552511788125124457499899,185.0796230205357243533693593426848449310200620733667965503599216399444389597887860078723599781654381,FINITE,4.818905979538779675095238969066249815679697617797559619248967650113367237095437852932893890806110530,FINITE,TRUE,FALSE
development,SPD_D04_C02_E1eM16,binary64-operand,SPD,4,2,1e-16,15704206836761994310,0.0000000000000151460886184771023377985258852734318479886427,1.05179110889175561555689446012975360924895708e-17,3.77769394368858154649529369875933193053846328e-15,0.000000000000013656768191262802747567859812133538973973411,1440.028204311037963276994683325945516635335487765476801272192067512834848976490126381998923652643777,FINITE,3.615107098360696053622186695958098059352470721662452678982411574195172451364512215066430989899809139,FINITE,TRUE,FALSE
development,SPD_D04_C02_E1eM15,decimal-source,SPD,4,2,1e-15,17471857900932525417,0.0000000000000151024569884850090476616285082629180802920686,9.99865024757292457674991420629881543323770732e-17,0.0000000000000211130110961771784727331557310903627511231341,0.0000000000000143346178061287529864092464631891914770195841,151.0449572146098827916901315647570262387583080499805888579704075664603706639598714347713413334960530,FINITE,0.6789471071099018464185114334998848065164104759433222276655953188870831837235816344803269373999994647,FINITE,TRUE,FALSE
development,SPD_D04_C02_E1eM15,binary64-operand,SPD,4,2,1e-15,17471857900932525417,0.000000000000010341990514743433084317889505823598780573205,2.81690606335996597090646872061306371008668962e-17,0.0000000000000211054707529042302215692992246221984805596659,9.81618298906523196128475441527056732249920989e-15,367.1400565770962244215094548589089025650167672525632088181336670064298876223711314758509077717200526,FINITE,0.4651013523455510016382863254615999288062239897227076245645691071924863361157118282995841346990563124,FINITE,TRUE,FALSE
development,SPD_D04_C02_E1eM14,decimal-source,SPD,4,2,1e-14,14385026615111123768,0.0000000000000118352734094011247244832255767797944920682812,4.3376376871395496640605760409610427717427983e-17,0.000000000000610296015361166829138021404150387700065807034,0.000000000000010186181513871562541647852697855217454526865,272.8506681065352550675936234278833845689889530538265611595562883977796864055624848619358241607741685,FINITE,0.01669055877391479666261832516308873581537621616295651387527753715963600025611174394326283805383335302,FINITE,TRUE,FALSE
development,SPD_D04_C02_E1eM14,binary64-operand,SPD,4,2,1e-14,14385026615111123768,0.0000000000000109168049161714552356629945965004008527271023,6.21766064653078066969261840537239096983707078e-17,0.000000000000610337537022403793219959230164906424469719597,9.39568969647273364863844418306117242261866797e-15,175.5773680292863719891166782840769607735238821509306430152954781809857601665565754733099878628860120,FINITE,0.01539425174848428831879204303348176460187256186499611192107850290480350432141438241512370942681852414,FINITE,TRUE,FALSE
development,SPD_D04_C02_E1eM12,decimal-source,SPD,4,2,1e-12,7755346036421930937,0.0000000000000286682402798075511456767933626508449904652011,1.54242378534528966734804934002521294867688919e-16,0.000000000072135848976666897781624654361525391018281461,0.0000000000000208530763687936656913903644531959349242935934,185.8648741817076497422393255967881798682941180456913730932439589245480269255365670045975197420672818,FINITE,0.0002890806258555134421974984788900949751958521209667994101730769018586387266061400708602823095888195283,FINITE,TRUE,FALSE
development,SPD_D04_C02_E1eM12,binary64-operand,SPD,4,2,1e-12,7755346036421930937,0.0000000000000228054615057026130905184971898411910439185538,1.12627465981579476197545802588243887962907942e-16,0.0000000000721358881845527905665072680291637853424767419,0.0000000000000165885323187752069617919424870989303199999337,202.4857907167378463267115132463117908550656324055291601531063692482081191769895389194300730218421729,FINITE,0.0002299622661654214198619905083949181056755597591562265835324178849263886644778338856001591147522143173,FINITE,TRUE,FALSE
development,SPD_D04_C02_E1eM8,decimal-source,SPD,4,2,1e-8,488136483731022202,0.0000000000000317995477836464796949025436148877976042283859,2.35914006371383566081146359565911112046886085e-16,0.000000634895933511819548866594080980806807346453311,0.0000000000000263174930006382051115958981538625358291192111,134.7929623711556517202331087813814171033544804454940101241969275309319989700445247699822206717591419,FINITE,4.145166414134587482229576291671700692982148991218779173909921384406117052918461165579229033574830494E-8,FINITE,TRUE,FALSE
development,SPD_D04_C02_E1eM8,binary64-operand,SPD,4,2,1e-8,488136483731022202,0.0000000000000295899828757686144764935348976462911770909377,2.01748198376500320756814794928458868188047389e-16,0.000000634895933500953490267675319849366910891073314,0.0000000000000244888440716293360201628600832822808409255414,146.6678915295595664794420538444760319408556032919372135114102334273279263456756581100899716253325425,FINITE,3.857143002411836763957560234108549977022344250370963328879882439984035340877324358759154555477375562E-8,FINITE,TRUE,FALSE
development,SPD_D04_C04_E1eM16,decimal-source,SPD,4,4,1e-16,8350515755889220298,0.000000000000864328936210778009080051191584265807639676575,9.68791176573599829261512359960518621207062156e-17,0.000000000000807885357928308614601317732604696188018681804,0.000000000000998041087979351119116000133650843688816887384,8921.725931358276140879505059064385312653219159337908363895377937963779784400880979467513906368912783,FINITE,1.235374645901079493220689191430358791648335959253665886714570756468360634086457207872243999680607048,FINITE,TRUE,FALSE
development,SPD_D04_C04_E1eM16,binary64-operand,SPD,4,4,1e-16,8350515755889220298,0.000000000000647301367804514984261050759928127517511359818,1.78995848072041991489755939328979627063950057e-16,0.000000000000807986501769417490024246394991094305081473372,0.000000000000747439237897499402652364936320050311718323615,3616.292639056019113547873937973847789443528181141759237576370974628212402344614324830678973851077893,FINITE,0.9250640156248587742662495906039249537480959872982753909641013211067642338458514738404619036173507766,FINITE,TRUE,FALSE
development,SPD_D04_C04_E1eM15,decimal-source,SPD,4,4,1e-15,5666598914125702123,0.00000000000103187314992790250718647701410420453280500742,1.84099191362116888129088587264613431201862129e-16,0.000000000000901945004732742583988742684825746127189573391,0.00000000000093040868611862443907327461658327184934095836,5604.984694898756461447841415612518435506778078825702778609733509902214411552647885256244044063105830,FINITE,1.031558111898758167106638783058941483655079095661139361554269777463120716719120356270708087925405931,FINITE,TRUE,FALSE
development,SPD_D04_C04_E1eM15,binary64-operand,SPD,4,4,1e-15,5666598914125702123,0.0000000000015828664923947058223772482783636788033760711,2.33670239810840977404594864517580601414033618e-16,0.000000000000901990818133023634927255668845125219310534624,0.00000000000142722265192485446918873306258402018094306515,6773.932759584859083070722660252223787141328672366879331955992841802157648381652013412047608367458748,FINITE,1.582302860775208901397729549756098666795843688786166549990998150907240131387185231872703386036486219,FINITE,TRUE,FALSE
development,SPD_D04_C04_E1eM14,decimal-source,SPD,4,4,1e-14,5675159585946543178,0.000000000000324801631283318821442657417896260106344469523,9.56066641297832327776096409591829547203803894e-17,0.000000000068389758737588901197011346789819948121221535,0.000000000000277496760925799299502917967313451072768361086,3397.269784901292718889063111565058993583762564436889336994829731543339341567142267990444523037818299,FINITE,0.004057577714092437815674032598300620280306842798567980131150291234441867733745332580263890551349131602,FINITE,TRUE,FALSE
development,SPD_D04_C04_E1eM14,binary64-operand,SPD,4,4,1e-14,5675159585946543178,0.000000000000277859282631213959834725311960202620150278145,1.1067187063322692779433917263432739160020365e-16,0.000000000068389788017314871780554289268984932540587202,0.000000000000237391205883663458931047544166904386142497328,2510.658589589182277381766109033369332144402350774738451481407072128927419777849479357649673728223858,FINITE,0.003471149900677582791596479899441904639685630560896792819792892217902884480032935503916774403448245805,FINITE,TRUE,FALSE
development,SPD_D04_C04_E1eM12,decimal-source,SPD,4,4,1e-12,3195685084840055028,0.000000000000229772387266183009586686018402633519699877525,2.67317777023796113859066750448508893495748161e-16,0.00000000505648724068980470039541704853661422626311189,0.000000000000145031044828835653925034706704461228078638955,859.5477256483735985873302038430389174579819771198817708431645498514122810412442915632063956956598617,FINITE,0.00002868217359707023719498564984569742399861874643612386138590125550828679656642222940247972945694015486,FINITE,TRUE,FALSE
development,SPD_D04_C04_E1eM12,binary64-operand,SPD,4,4,1e-12,3195685084840055028,0.000000000000235009830046941315441781357913204966218949731,2.756436016331938704237441587341402315477767e-16,0.00000000505648727961611815383135466786093877408814069,0.000000000000148336889398595296299471667621125064813798034,852.5858342239883566208288523905662197340773200393408188965928142234163697722349204186596045849159194,FINITE,0.00002933595620749921817810426660800838562233162403621324092739011254838636129007062528335264853211769258,FINITE,TRUE,FALSE
development,SPD_D04_C04_E1eM8,decimal-source,SPD,4,4,1e-8,2464244442272107736,0.000000000000100992826999974170077177751783315310728435021,2.72257507702267417781742093487718497119712892e-16,0.0000574703193658717962938341485636212389018883879,0.0000000000000723224655859727388872134821256002120950173988,370.9459763012922070264236119227440345141432359951668370813161739590827047409173459372549094092426525,FINITE,1.258431593629193379163045303790863099254949529595195037633749264865727239800955974080988031682246715E-9,FINITE,TRUE,FALSE
development,SPD_D04_C04_E1eM8,binary64-operand,SPD,4,4,1e-8,2464244442272107736,0.0000000000000433842291314141497847397448604175176021469966,2.78058878192421460206009993643693706179343935e-16,0.0000574703193658450635508879793152856335491452655,0.000000000000031068091779740538221509265383967021288199951,156.0253332439596743708636781128348736831548230623296395321394595229729100429582828548274920638814709,FINITE,5.405936859680038808090852311365629377228772492087221853028448086010641387393891615597480748926732526E-10,FINITE,TRUE,FALSE
development,SPD_D04_C06_E1eM16,decimal-source,SPD,4,6,1e-16,13392536289890968477,0.000000000242645714569861146173791841253573385252168489,9.20730229172913989674418199863789154178766749e-16,0.0000000000458519033973258905155666051220123758308970267,0.000000000222432961856528064050862759605204874655194441,263536.1660579214634183762084924403781276223106417248209516470097391476154209426594179972346591520490,FINITE,4.851117301043177257406532274808858912662710369160987372141288807324119427506640825004510747343018669,FINITE,TRUE,FALSE
development,SPD_D04_C06_E1eM16,binary64-operand,SPD,4,6,1e-16,13392536289890968477,0.000000000113806080580928431524926401964358426142028932,1.16451732770896060066648835111448549668916004e-16,0.0000000000458510705752004667726034065359759130388110586,0.000000000104325863021208581813244188156050104345685467,977281.1264631621070005068699295539296877980147217724177311505892336990129186527814112039622875913310,FINITE,2.275320111666824602466083579809332272252781217640451098395281531302446321048501479565557393444466877,FINITE,TRUE,FALSE
development,SPD_D04_C06_E1eM15,decimal-source,SPD,4,6,1e-15,5103369645803992699,0.000000000133855052934294210720551333984747672518049997,1.05911043815498993999399798174552496828175127e-15,0.000000000565100924484511889805054655526760945086175037,0.000000000125920241633881632802016339289295714650239616,126384.4147995318858849688124101534387070102407518280469745127230378630961873805127922922575075069849,FINITE,0.2228278811413142814273332488096976916186085007989932441564388223436742887924905024586310663555534678,FINITE,TRUE,FALSE
development,SPD_D04_C06_E1eM15,binary64-operand,SPD,4,6,1e-15,5103369645803992699,0.0000000000473090052435845869116224305175699373012827222,2.51226422662792323032264819232564626239516203e-16,0.000000000565099697971086409480581233837878712618366305,0.0000000000445045684951090561550945959473852636306977534,188312.2194797356685169313744972187691090345578127897829425911430250425397030027882415674399046355410,FINITE,0.07875525089625185612957611225192027976192906265319929963762111003589651886839128166081631011831923303,FINITE,TRUE,FALSE
development,SPD_D04_C06_E1eM14,decimal-source,SPD,4,6,1e-14,10607137628927150247,0.000000000131120562234489059992640408081774329379649363,2.05256989748386461097311140023108159208024686e-16,0.0000000023617019495363123776523144939008237316044634,0.000000000154527064514999904456671037206095472992642611,638811.6789358682850316692677756224976072197635920928179357002089334380989867395349609250831974287731,FINITE,0.06543038360337516910591408733014230798554118427191210065464668253018841027310330958234563193100161877,FINITE,TRUE,FALSE
development,SPD_D04_C06_E1eM14,binary64-operand,SPD,4,6,1e-14,10607137628927150247,0.0000000000558034029623416991407161990992865188802219601,2.34439357706390848411023679939660407036119226e-16,0.00000000236170198355909658204106619003467856208655307,0.0000000000657649410799288312686911735714458686172795826,238029.1581937758007826865961280561365359475976835513169330487662108103650601992685211734305113799811,FINITE,0.02784641819236681990593591324030940270224983374282768728565407352189161114978582060489983265178860822,FINITE,TRUE,FALSE
development,SPD_D04_C06_E1eM12,decimal-source,SPD,4,6,1e-12,3551787230731065486,0.00000000016076158577402663116543753592692176095070796,2.64126200228081096040544209116561942301018565e-16,0.000000100772551362151243800248931970460518027315032,0.000000000161571472943934153445770637786196287384630545,608654.4448646293259463237442519013706654028025604586722063234090632603474803987532393167190708770977,FINITE,0.001603328195624291114555835482516270935112107304341534188179589843451058554796613957837176334867706639,FINITE,TRUE,FALSE
development,SPD_D04_C06_E1eM12,binary64-operand,SPD,4,6,1e-12,3551787230731065486,0.000000000080734448929111117837301972599572321731555348,1.37531422157121418105646864459427956914204259e-15,0.000000100772549790996889282596927778016921356251048,0.0000000000811411741678702694271826582631090040814668288,58702.54787075265037151233692619349580680825392420855440714438478957519952804143609770295933727803724,FINITE,0.0008051912384489401427810390081196040925121378641701860996748350686707491024700539123142825222853711635,FINITE,TRUE,FALSE
development,SPD_D04_C06_E1eM8,decimal-source,SPD,4,6,1e-8,10109430479675230262,0.000000000156804544578926493780795182394638012695665056,4.90741539635203862431230677226656234225726653e-17,0.00634490533942507564331820641859083268574477633,0.000000000143742490342695073999996779113290148156199473,3195257.216160837798247451614454882404347968000855335378320316903945231540765384337349822341979435324,FINITE,2.265478878771103366366903992930352291949939933462549798985882010535158044804008213243661997865556124E-8,FINITE,TRUE,FALSE
development,SPD_D04_C06_E1eM8,binary64-operand,SPD,4,6,1e-8,10109430479675230262,0.0000000000566415641847045008187568305584234089432717252,1.00586787824316371738671724669633184583807057e-16,0.00634490533942499078833239006056924692233650302,0.0000000000519232367574455814246525744420061446098431099,563111.3728736814811148249685543555615275004025759596990033991005019742995370976701836199428585968923,FINITE,8.183453334569549697219294531359528750147791732334610640633177271885822910372464943466207847178613667E-9,FINITE,TRUE,FALSE
development,SPD_D04_C08_E1eM16,decimal-source,SPD,4,8,1e-16,7859999646374053765,0.00000000805558806749146090643187763792285297402564986,5.84487320457058674619069382906885159110752456e-15,0.00000000496736655607716152661442263822298524865109733,0.00000000797622073225888603313318876786611034591065806,1378231.449262600685888111864789323687358698055416543389641336443765499418618428179310059607768270875,FINITE,1.605724208635386621520980150920293315349498752475666431858749792728975655492729958124375733302357600,FINITE,TRUE,FALSE
development,SPD_D04_C08_E1eM16,binary64-operand,SPD,4,8,1e-16,7859999646374053765,0.00000000505557041293314189787122970388048643523599542,2.87640598613255246480394939780547925105526103e-16,0.00000000496736051807741829690686020400060302146800803,0.00000000500576062271133234277413739734491761287209172,17575997.39851246339401536329470479701264445054090662435766864301900702879665935085754512675193408591,FINITE,1.007730484730103007374510868882647862251418103574463893848411787125292882069045526860002452509887548,FINITE,TRUE,FALSE
development,SPD_D04_C08_E1eM15,decimal-source,SPD,4,8,1e-15,1042522876978159422,0.000000000956984864200404218050434883812557602062257282,4.55195597437699962589469064538845457573474715e-16,0.0000000259885093475641701112177274111093773285931681,0.00000000247092429441382130844909135065263561225469482,2102359.666014523138909600280720475238776790452032931724792255816964520651306201446651165783704735490,FINITE,0.09507756914289561179160587757517976178344230258059724753998105843675924825367243637964004305870105532,FINITE,TRUE,FALSE
development,SPD_D04_C08_E1eM15,binary64-operand,SPD,4,8,1e-15,1042522876978159422,0.000000000755137892626230708483472032050741966675590514,1.6164687851649233119572439969376594285401525e-15,0.0000000259885146619713780718184172746929768471302156,0.00000000194975765482103716736570752520932508172897066,467152.7836209879699091454643760715995485808176308392301922663802530186823775928312715251300426131235,FINITE,0.07502382033683862920273640708161269392254923818987489835921617450727953857297708742941393449090211100,FINITE,TRUE,FALSE
development,SPD_D04_C08_E1eM14,decimal-source,SPD,4,8,1e-14,5790930347405176283,0.00000000630036427562878545153246575407732479632089991,3.87863072294611605168577325935186851775636025e-15,0.000000342596543071758802350504519468631758461552652,0.00000000722701346972624049956574684058791869350257668,1624378.479331793138471337356401605728660109683843845399611695893691530719541781026017972990865843041,FINITE,0.02109482309695256107220168410847548602586310252187112950190743793915738040053482077830124923511231345,FINITE,TRUE,FALSE
development,SPD_D04_C08_E1eM14,binary64-operand,SPD,4,8,1e-14,5790930347405176283,0.00000000606062037353047435744846231461639443199519647,3.64325503170881238235038423510905554517415535e-15,0.000000342596542800792033879102803739646207667356819,0.00000000695200835352186122735388042774779919109927023,1663518.013639532167880741078577542914776565608703215994785089041660394093826955726800737115376690422,FINITE,0.02029211473264694364279201627646155636792103444766603694475000186853219610925180252912661334833208048,FINITE,TRUE,FALSE
development,SPD_D04_C08_E1eM12,decimal-source,SPD,4,8,1e-12,17851839345312994769,0.00000000109391899902580605452552795777197563691390903,6.00428992852964721522877869153413594227890157e-16,0.0000205376703350781623543038447171122037693220743,0.00000000112233721193513778415863725173656598417049738,1821895.697987537047258136426558131552863673128262811319160155634911321510908934606879800025881694983,FINITE,0.00005464773723717804472971649406805621715901709476788144587950096874240619348486978362465921093349223616,FINITE,TRUE,FALSE
development,SPD_D04_C08_E1eM12,binary64-operand,SPD,4,8,1e-12,17851839345312994769,0.00000000152058714221844041542140113817711508086607037,9.00856405102072546767938196618959710195311577e-16,0.0000205376703347694592685533034059238979352993752,0.00000000156008949037514907328384230761853805113511393,1687935.095545164694078101255860468609949257407305866479114085728355987018094319912046477950321703475,FINITE,0.00007596233968825468960562001222185802862153567011682450606693362807598521513505550742077259302971387221,FINITE,TRUE,FALSE
development,SPD_D04_C08_E1eM8,decimal-source,SPD,4,8,1e-8,18178684608654090320,0.0000000110807758052657058861848376142540288085921792,0.0000000000000198760694920429877226849088881935184566695711,0.293460959231687543301165314788890384225416132,0.00000000812481902020314293319589256969038862858495113,557493.3117285430608969194854420890315182276214172517088844188466648897212587320853243559893292778916,FINITE,2.768620071806074587756471987133004745823548559533449614914224401371396142689687468637127288714207067E-8,FINITE,TRUE,FALSE
development,SPD_D04_C08_E1eM8,binary64-operand,SPD,4,8,1e-8,18178684608654090320,0.00000000526694925382303899955578394355175774820806992,0.0000000000000157737905194880235691226100540396199329519488,0.293460959231684090620213284554852717420351582,0.0000000038619145651850846937414759224637876825576614,333905.1097018112641876672155325106613862623730593995710139832896761948036244001793574357320438720649,FINITE,1.315989212090098518028226464759517906707863194227589140989123937942590843170711323316512143666432468E-8,FINITE,TRUE,FALSE
development,SPD_D04_C10_E1eM16,decimal-source,SPD,4,10,1e-16,17175772012787490183,0.000000781519818990949802587081409107757409191746712,0.000000000000140281400081457213859704858167134154129334193,0.00000057207303421017033041690457068231980315608607,0.000000745149910161857628257250101669269512229598003,5571086.534188742166393742132215513600731740113222630685784632570125145301495180614722356710512617896,FINITE,1.302543321571947521616866681454688003844575700208376459127769398515583287007864590021653891730690258,FINITE,TRUE,FALSE
development,SPD_D04_C10_E1eM16,binary64-operand,SPD,4,10,1e-16,17175772012787490183,0.0000000815206762847975427158118130019711918483571703,2.91561068526609143693740935227243861133505512e-16,0.000000572073168240499075372772083028727233347923792,0.0000000777269150875496134943807152459308968326832401,279600691.1922728385357366034911711867756148935448490545547371586242368440549293094345469122097894101,FINITE,0.1358688353215567772050635208372999664556508862496627335808633005593089042116258644715076528816604171,FINITE,TRUE,FALSE
development,SPD_D04_C10_E1eM15,decimal-source,SPD,4,10,1e-15,13107492549044360932,0.000000338964212961925771045601122199095583768282678,0.0000000000000313794183629995620592684310904940884241106298,0.00000329828918468644181096075134988082490456072228,0.000000279572970856024969564796160110758864505683033,10802119.05271032386896640327042619764168280195209418776702215743732942365632239800267402053538334415,FINITE,0.08476302567829664408094349276151999836301810693047419545842303677813546365404024846669695106370907370,FINITE,TRUE,FALSE
development,SPD_D04_C10_E1eM15,binary64-operand,SPD,4,10,1e-15,13107492549044360932,0.000000447603079006501791843997850285380480219747704,0.000000000000024727954635836111821222690913194281913992303,0.00000329828913843033782488513841496056464074073953,0.000000369176797363578122613458424164450906032466751,18101095.92961760347228810088886374688742014983997401553353580136811645085585082482723514063653892282,FINITE,0.1119297859796700764489217263639995290169290129406917390578967747096785723693147684606503060775710013,FINITE,TRUE,FALSE
development,SPD_D04_C10_E1eM14,decimal-source,SPD,4,10,1e-14,3017150107056477270,0.000000259773550577446660245764033646233260204493658,0.000000000000265018391004100934935003126029040837290802917,0.0000251652088550994272495926486104661826629499302,0.000000217997121023135348577004910989302317292963758,980209.5227928045369882284078558056715152810698569509243885987899461854843776953280040762041435164185,FINITE,0.008662639053717245463396728922195286796934644371123372003148680474858610809936102076161889760901091945,FINITE,TRUE,FALSE
development,SPD_D04_C10_E1eM14,binary64-operand,SPD,4,10,1e-14,3017150107056477270,0.000000375374104001601738896614067198873324996361443,0.000000000000251038097904105107274521563235562799710916103,0.0000251652088668305998130283731228874219892177886,0.00000031500695046545641281868769603856332292629774,1495287.397154324215125657375488943909949356378120140733456458291588500209944813364040343418933839106,FINITE,0.01251755755862834458108880669975958294288694343878342334312843961362349206760441880547091968420805973,FINITE,TRUE,FALSE
development,SPD_D04_C10_E1eM12,decimal-source,SPD,4,10,1e-12,3770731004481436651,0.000000888722464699064114709825603324455067223430382,0.0000000000000298854657864407499705519389603250905649525554,0.00448434362610961850933845698027526903808403652,0.0000010062800365071315102472960091431148043055348,29737614.63347457233892204515051837751558588785050005568604801027792880140933514414634706100535733761,FINITE,0.0002243985118910540152874606346761549378172772458172428855391208812121560493621098044182813215030607617,FINITE,TRUE,FALSE
development,SPD_D04_C10_E1eM12,binary64-operand,SPD,4,10,1e-12,3770731004481436651,0.000000621952932786498220362406738126290537050426618,3.17044593902531738260539559830482662999640837e-15,0.00448434362607936780271181951043623870680508241,0.000000704223022113030452906263208087634939158710686,196172066.8789273612303476279438641904766558921945236831852988204507903855245371260669735899584919166,FINITE,0.0001570403788901271195974851489858372633648079313716654870121420749663848895177525889014367110505868291,FINITE,TRUE,FALSE
development,SPD_D04_C10_E1eM8,decimal-source,SPD,4,10,1e-8,2623794382600541620,0.000000893499874342727331923511398869014334120250061,0.0000000000000711430117924240289631327505954153690228087732,0.769351252749474495376645222719818677167371019,0.000000867843795967083100612704711647381124825289869,12559207.88045517531873502610324451172668685295066630510422079529302577980543165954994660131734100357,FINITE,0.000001128020254552936880847511056105696874013095823698282936219549885773506258886233367819886687733734740,FINITE,TRUE,FALSE
development,SPD_D04_C10_E1eM8,binary64-operand,SPD,4,10,1e-8,2623794382600541620,0.000000700438393491984788333386909813413900021815084,0.0000000000000388035419282064679418738375062445199613487567,0.769351252749487173527562411255542638464012171,0.000000680325909050982621071880490866689513588934577,18050888.10675896036252656013044545373866703948784412449711664639516202114494764804474133497376517877,FINITE,8.842851774396309461524506551709452066023628417674481160254730104363050142361395539494140581493861388E-7,FINITE,TRUE,FALSE
development,SPD_D08_C02_E1eM16,decimal-source,SPD,8,2,1e-16,1342461325665898416,0.0000000000000563215551593050842703409805781791524948465119,3.01186185658697987326524421586175375744474971e-16,7.67408327769436333701647557975719330678700977e-15,0.000000000000031193624366091798175217419814934708291445081,186.9991315708226546739923238416273757821550933756595822517143906227232622378556509599214783101344652,FINITE,4.064801388950232148813405655420430703809901725796643656819675790421364418248636153555686690945282075,FINITE,TRUE,FALSE
development,SPD_D08_C02_E1eM16,binary64-operand,SPD,8,2,1e-16,1342461325665898416,0.0000000000000604214987290428932042171611017267526747501825,2.3305901229618979161319699414656274748968872e-16,7.7222142808462807321736614904529912006460019e-15,0.0000000000000334643730923091920083921246358729450821529702,259.2540753251561997473286703308382563557430303467197690020098410992535076775610711888713132842326811,FINITE,4.333520396515313635448568406248455291734047649621832174976887476599477624829741428854164292092527504,FINITE,TRUE,FALSE
development,SPD_D08_C02_E1eM15,decimal-source,SPD,8,2,1e-15,11984414969320672532,0.0000000000000642696858593430475395444007161940183491913485,1.66960306633854060319500246178566418580642976e-16,0.0000000000000777565209727649729526719326143848174661337311,0.0000000000000476398607252616713209827520941964631570227486,384.9399126960591513177591132525313571036376742964977371767775391855201446089467718679426715970068252,FINITE,0.6126799415569020391311020554289834507272171671730781437517764385814460451362864603255110542765896845,FINITE,TRUE,FALSE
development,SPD_D08_C02_E1eM15,binary64-operand,SPD,8,2,1e-15,11984414969320672532,0.0000000000000433430234427694998626610217356965477312691542,2.05792775954607692437667682943891824893499109e-16,0.0000000000000776986732232586189255477836854500987923972437,0.0000000000000321279865089789816341947991099822964837628526,210.6148927809292773862023606898764711825303643644373906911379820723467827549944636129171711999887804,FINITE,0.4134946605415350502653177301908569996076109702756684439143480420489299231907140611770485086093355429,FINITE,TRUE,FALSE
development,SPD_D08_C02_E1eM14,decimal-source,SPD,8,2,1e-14,17951608882493264060,0.0000000000000474595557966330225917905057781951305683689781,2.63475254021934466263189606566412572321481776e-16,0.000000000000813095221852419425466359246111427828167348235,0.0000000000000305713873524411245637289248082461834301211409,180.1290826070595127173752156397901158932523502048453890273421510947584832321385965004744862499793781,FINITE,0.03759877875409526626639253538025126770548030327091539330906773764303292817112832913123500689059153311,FINITE,TRUE,FALSE
development,SPD_D08_C02_E1eM14,binary64-operand,SPD,8,2,1e-14,17951608882493264060,0.0000000000000620762149980931474888659433870686944767754492,2.02402474574506985516711081964266965809608698e-16,0.000000000000813151131460915636537414176961271960970355349,0.000000000000039986805232904339835968015224798449952581342,306.6969172614640376664273701917631793883595434405957761540426874923867086509186088301357207642383072,FINITE,0.04917512094100347216468555121068105829377921202571427163800224686120705489764263596592126539832202304,FINITE,TRUE,FALSE
development,SPD_D08_C02_E1eM12,decimal-source,SPD,8,2,1e-12,17607056763644691582,0.0000000000000510078719929968131506390883377387668400653347,3.66869708436212373664001757663733106052309397e-16,0.0000000000604258687023999717438353691892814363789736946,0.0000000000000325877340468424431448726891450195286418881349,139.0353872780029493271972991039954825190012054473678737646836784914077226435146770143106301220879476,FINITE,0.0005393010435205896490322586834922803996570634188966960390583035015808606502366729549018986384420951467,FINITE,TRUE,FALSE
development,SPD_D08_C02_E1eM12,binary64-operand,SPD,8,2,1e-12,17607056763644691582,0.0000000000000425275768843427891048541790472778552732866187,2.8059254799840630920787513761015497970372913e-16,0.0000000000604259137552903855652817649241282449239051537,0.0000000000000271698722376397682476583431482599477653012135,151.5634580736774748287641675789569557979302098813321626901660788506242016873137604567987131802452171,FINITE,0.0004496394104633792550793007902457028066327259225672748952684915290334085827536319517322832751969066856,FINITE,TRUE,FALSE
development,SPD_D08_C02_E1eM8,decimal-source,SPD,8,2,1e-8,827968943530373870,0.0000000000000370214159725608712896707439351467305379878425,1.64675724224607817186863164444533899031474407e-16,0.0000006959912210842692413215075383070780584692735,0.0000000000000240479938601462323211475810230312874047637134,224.8140467994291554783488322813041853543524177944758680123186919200174505273127847223935498548768817,FINITE,3.455215113587553248592094665955913348084049333469092576098860063938701858368768855384968072167855119E-8,FINITE,TRUE,FALSE
development,SPD_D08_C02_E1eM8,binary64-operand,SPD,8,2,1e-8,827968943530373870,0.0000000000000266307833872518696391456272453696998589027127,1.69662164843977692252471273930850349600535387e-16,0.000000695991221074805804192493985339864094523561571,0.0000000000000172985527042556783366630308475905137299496914,156.9635953410219185674137494492738327342907534976352393188266734722832513413752840491601160896212315,FINITE,2.485455589158417458737714066149400699036558079241303123099103708189951041775242560379706391119218423E-8,FINITE,TRUE,FALSE
development,SPD_D08_C04_E1eM16,decimal-source,SPD,8,4,1e-16,12403419548012470609,0.00000000000159816900139139432310534986848705080387606526,3.03442691424599681400730791907386871457619735e-16,0.000000000000486858217773287322489253069179716899629422154,0.00000000000151012776097645322642685169071113069226125803,5266.790226148887109223696955913590279150141352585864264652413953434769037574196123252191233586655300,FINITE,3.101781393119395575477303679529836001740821658528679482505245833135711425703505419915885236623366834,FINITE,TRUE,FALSE
development,SPD_D08_C04_E1eM16,binary64-operand,SPD,8,4,1e-16,12403419548012470609,0.00000000000154283172929746139698900927062531418333682637,1.72729794812306994110053840864366369966027312e-16,0.000000000000486946409153441523900237687832341009134230979,0.0000000000014578389537645743413099769593215937164818588,8932.053274155424805456269394301214019865024468433812345605456288385013011056284203033073640964263607,FINITE,2.993838595707141121710840316491038179074504112807768557910968176033756033976907151770581919852358721,FINITE,TRUE,FALSE
development,SPD_D08_C04_E1eM15,decimal-source,SPD,8,4,1e-15,6344531904647166480,0.00000000000218322275542688805904310702504419205244711126,5.26536835819107228090399393905692117735339936e-16,0.00000000000510351424391155381493422460226732145537186612,0.00000000000111996964242384401311216602326456566318480823,4146.381804476332130826194182083318750610454016741861681194256765695754941751041948330270376327289637,FINITE,0.2194506743583517248373283881057435156593853792411627750392298814670619645667171637491477091059425538,FINITE,TRUE,FALSE
development,SPD_D08_C04_E1eM15,binary64-operand,SPD,8,4,1e-15,6344531904647166480,0.00000000000286469076775662966930686183618276570738900035,3.12301598312597210745369561633379592881027302e-16,0.00000000000510356938648589177847815792685819428344865198,0.00000000000146955535656825086805069571125688793783583962,9172.834155300182926794266891664942741809528994173030643835621002319642819053892544228045693515287315,FINITE,0.2879465811632917400728680205789650236173533997129808100279188856869281902562309312759396817681677160,FINITE,TRUE,FALSE
development,SPD_D08_C04_E1eM14,decimal-source,SPD,8,4,1e-14,6151836399657006807,0.00000000000559932326129165624785618732581022008316062066,3.68649183650878910653093248452859298586825149e-16,0.0000000000492725595974088158502943195230468368758731499,0.00000000000326559164168122976006765571853606424704504286,15188.75806488797764244201735076389873179329304106561127174721713952776876581136802864654492363200697,FINITE,0.06627607066414636319963709388119177708697500460248478521590283611990337733198324925233291374608080305,FINITE,TRUE,FALSE
development,SPD_D08_C04_E1eM14,binary64-operand,SPD,8,4,1e-14,6151836399657006807,0.00000000000604913872353766526400953067336585057996760165,3.67835414192196618286013942823636974540579794e-16,0.0000000000492725818139517597216186911916165209730046604,0.0000000000035279293466614377122574117249743355175523955,16445.23199818097799313635121251114007807543550278319834240133306545189118058876722497930728459742905,FINITE,0.07160025346312354551579262764885693338773956272042595643033501287694105315717244693140107697897527083,FINITE,TRUE,FALSE
development,SPD_D08_C04_E1eM12,decimal-source,SPD,8,4,1e-12,6126448581146939217,0.00000000000531079862699828363031251349270152121964868237,4.26789474974885553935654705539065368081420449e-16,0.00000000303794719042941891058602525837973869451689464,0.0000000000038427590203178178548908471157239257153468292,12443.60261534284044151202956655756943115034221729809966523120094390580934872609694590095855057748691,FINITE,0.001264919624812384394221490467941953687092871362524867173944930795011588493430047180045942853240236231,FINITE,TRUE,FALSE
development,SPD_D08_C04_E1eM12,binary64-operand,SPD,8,4,1e-12,6126448581146939217,0.00000000000306824959382475057697697549208496996654918975,3.12571572270336693536123529847536294722014599e-16,0.00000000303794729759629628149417933989171927743964188,0.00000000000222010748879037704865217965890793342639171713,9816.150494873170708371328840913763601096442877421223723494378028570503540825331355047897197302125341,FINITE,0.0007307919694811639501278529924474374947233791227095045225134836741392310964574467102760751046334022813,FINITE,TRUE,FALSE
development,SPD_D08_C04_E1eM8,decimal-source,SPD,8,4,1e-8,6882152155808678137,0.00000000000243180820779974190843555877321235388022590344,4.95175112875810652348934979222105328415672228e-16,0.0000597121975658679046715146003119713464390126148,0.0000000000012961581298558953309995982567636665634894663,4911.006519848336167180620692333605187907716718783252189449653759624193245086937704455463424157199045,FINITE,2.170675645333797615141107610778646322954654544624022803692919869427559145717619567023650373248110500E-8,FINITE,TRUE,FALSE
development,SPD_D08_C04_E1eM8,binary64-operand,SPD,8,4,1e-8,6882152155808678137,0.00000000000184337896820236998537927074122328369115883851,5.03351199480759842067319226521642846759010913e-16,0.0000597121975658014628088864492865719879281963706,0.000000000000982524291339028212587543115537954928940069152,3662.212328298686271351078870285709930288433340343680657282506829282807525349894951845434051731951364,FINITE,1.645433146646979677061023845072617956837652721470407261465825942772271005975301326599811348716663557E-8,FINITE,TRUE,FALSE
development,SPD_D08_C06_E1eM16,decimal-source,SPD,8,6,1e-16,9749276856650741310,0.000000000409494625346384290942608811190033279080059542,2.3045800868656944062145997067815028371167881e-15,0.0000000000518649744105796231330582727182590444100559706,0.000000000248750269845447386659061344044256602966266884,177687.3052406308889455744967830149937220753017285117671473612599460218503942573704684744933062374520,FINITE,4.796112842479419411069991983531816640503001356066552686240990939074387929288891170481421668929250610,FINITE,TRUE,FALSE
development,SPD_D08_C06_E1eM16,binary64-operand,SPD,8,6,1e-16,9749276856650741310,0.000000000141616369299530880768049169437526325156535376,2.14042786381320357411922366940671691613689706e-16,0.0000000000518641964496539984799755243052353105751003549,0.0000000000860258179163958999251954517142946257190995048,661626.4518592055967348268559436605919561195992248700179171804699231988155401458991381086010730428649,FINITE,1.658674457627113276306437515640863671243654045382726511338268006108331390690608225697839749469390826,FINITE,TRUE,FALSE
development,SPD_D08_C06_E1eM15,decimal-source,SPD,8,6,1e-15,3433843133086229036,0.000000000209080541574429610930689109031764654429136221,4.6357373941748862120647134501257397969802182e-15,0.000000000471188862216749031740944199316852737131651741,0.000000000128680177985814524256099881184468573976180133,45101.89508084588264817052309968249116028925295413570894443039885945132756752774402717538776576077443,FINITE,0.2730968159570398627671225634065411897036600444385930287111098995692285518793037992621784093202479490,FINITE,TRUE,FALSE
development,SPD_D08_C06_E1eM15,binary64-operand,SPD,8,6,1e-15,3433843133086229036,0.000000000103374238011819379467295089214325891155088958,2.95466819318706006398992327822337790723384206e-15,0.000000000471189529748213892693289090184029154017351558,0.0000000000636224454286362977805614287554472962786959333,34986.75020436541983489888011540265823943183720819435021736708738711417986759638333680072015220798687,FINITE,0.1350251680308638420456566246834616289174630710869159834265528705510264143235907389891158485020207668,FINITE,TRUE,FALSE
development,SPD_D08_C06_E1eM14,decimal-source,SPD,8,6,1e-14,15659197735276519911,0.000000000246797035553697833486524276332572623266264031,6.10337981599473491733256086892180795518303609e-16,0.00000000690375474418886589548673006772416554653620998,0.000000000187636311542575424297059587737128571481514886,404361.2604723250489461492562910839557196088262792891935906827392690360650719609712455083839483687857,FINITE,0.02717887852266413898937189272181556347975106666841681281460184561625040127275339873424603914336553813,FINITE,TRUE,FALSE
development,SPD_D08_C06_E1eM14,binary64-operand,SPD,8,6,1e-14,15659197735276519911,0.000000000145321766837903147601193247406228725111647196,5.67347081139685272066589278458926189146749342e-16,0.00000000690375478162104609340083027763403561184619118,0.000000000110486093380896576637100647724707475728907332,256142.6182822359427607429513496054590432810602330566601892341611678095932384723825999518322576365712,FINITE,0.01600376851087311218386852469068905716915447352072738024665212630999688809603621934387257731695111403,FINITE,TRUE,FALSE
development,SPD_D08_C06_E1eM12,decimal-source,SPD,8,6,1e-12,514128684200752286,0.00000000032672424769204974048048149207300003598796287,2.6043215505375453920370561052793109208173165e-15,0.000000570209031210713472105131914876965440965167598,0.000000000205816930163769675534064128178244061983173935,125454.6496474723605665588565659136871376598726331697442447731270531305096315395645378485532605845742,FINITE,0.0003609499655359065244965675801135368562004449933271544258025606747394363422918086638365405418500488896,FINITE,TRUE,FALSE
development,SPD_D08_C06_E1eM12,binary64-operand,SPD,8,6,1e-12,514128684200752286,0.000000000265371039980533310969827278928179070289085081,1.30793256631419836541417905026392872883580839e-15,0.000000570209030926824677543143685306291838967375318,0.000000000167168042130254808460588938967656768303269038,202893.5182249942534043472526327494510408985344779409835882916904553754104227009215667682297886069642,FINITE,0.0002931697554115160968880275870316449512740723944745028137385078344741312336008345645257713019394800644,FINITE,TRUE,FALSE
development,SPD_D08_C06_E1eM8,decimal-source,SPD,8,6,1e-8,15792116345988448117,0.0000000000791832737238554626130038632282915685365491609,2.84624437705225526338923818501626028584364987e-15,0.00240335814979578453368988396650355800702902083,0.0000000000462593624418298683864928861747570813320417044,27820.26531603112142796731093326124138844714900459983495758738188278704846445739564813675352462228880,FINITE,1.924780226607531103997311590956979885882835996347387694270327312437944548414220269958821696222844166E-8,FINITE,TRUE,FALSE
development,SPD_D08_C06_E1eM8,binary64-operand,SPD,8,6,1e-8,15792116345988448117,0.000000000113778769000240572477561332111530828650398115,1.77417137312738671255660189797337030264384093e-15,0.00240335814979647312660644813924058045158194467,0.0000000000664702665833540323427109708774722644694369482,64130.65317341876612259592941897812698488195592731848353561035572484037820682897448171249007654454406,FINITE,2.765724558738073435446488924901771733622070839420379811452500581567717515377969042041491611341861270E-8,FINITE,TRUE,FALSE
development,SPD_D08_C08_E1eM16,decimal-source,SPD,8,8,1e-16,3035520794218911308,0.00000000149065904423984572210376158583831549921116075,6.86866239690119540837912878939677259502203037e-16,0.00000000277286978774764080069393443700418118863097393,0.00000000137811477390792486803926494045230556392773357,2170231.928872145745161218153694448613558439511792462149101009411484895435111281729133071823338983679,FINITE,0.4969994552204869897822471509629893340505090539170315581441572733427662960489876145400063368234292676,FINITE,TRUE,FALSE
development,SPD_D08_C08_E1eM16,binary64-operand,SPD,8,8,1e-16,3035520794218911308,0.00000000197083530008149592998986076947212983823012637,3.49276533275274590757951635763126115740412422e-15,0.00000000277286712177432893015299313739331773054026218,0.00000000182203787947135731717159640702698576720959478,564262.1568647515139181781036135031176953264835966545803982026746621269682934838488469483764998612492,FINITE,0.6570952733953779089563393818308062183147618797694674089888882187184345142963407082744690639453664587,FINITE,TRUE,FALSE
development,SPD_D08_C08_E1eM15,decimal-source,SPD,8,8,1e-15,16427906249856084432,0.0000000168281545508598154978864820049662871523144432,5.90579345225708804167455701392533557292754398e-15,0.0000000366539184890799700481096509861972828956540597,0.000000012339001580085245812550005655180859309251331,2849431.610993506297302620824602342489401701095891026609805718401373941800851342755005014551925564047,FINITE,0.3366352654426650998868365655313391412917061817441984362630925660172646305296324125493028697542484056,FINITE,TRUE,FALSE
development,SPD_D08_C08_E1eM15,binary64-operand,SPD,8,8,1e-15,16427906249856084432,0.0000000146839126385518886748085515084731744151652268,4.38793386295800982629364045567049548128205593e-15,0.0000000366539195869619872728033381399847969635059627,0.0000000107667671283461030789451636737904655019345309,3346429.799799470187091620996807745810154559054466011008315980352158713171150859604529623233454038829,FINITE,0.2937412219394922465289240963747341922815860551904698961445668107565951041727804499358430184733831378,FINITE,TRUE,FALSE
development,SPD_D08_C08_E1eM14,decimal-source,SPD,8,8,1e-14,14115385846266976547,0.00000000151046693017600985373233204813784078024539099,8.39076011217206945897728460738462666428724765e-16,0.0000000762501126380297741913382744121536429065937213,0.00000000114180567452368156634699058493537477720845304,1800155.063407007199336275970132674922484686242067988514963539352640529088532218062725923426549934313,FINITE,0.01497447852889079575287381634415597992142999720496875448456996040408986453012978868363122604583693450,FINITE,TRUE,FALSE
development,SPD_D08_C08_E1eM14,binary64-operand,SPD,8,8,1e-14,14115385846266976547,0.000000000516281149952324193017564327885771146376883153,2.3017711874617542071873880582942141712384168e-15,0.000000076250113851982153564233764287938929361969458,0.000000000390271865532655935791510850409553206301020051,224297.3379650502826244956807149134606052905451736350795109760594151448364714016154557556530205967096,FINITE,0.005118311905609182977042171304802804054826096907785526704032823225644602561105345065932747402491881349,FINITE,TRUE,FALSE
development,SPD_D08_C08_E1eM12,decimal-source,SPD,8,8,1e-12,12621670447657791305,0.0000000183370679607580435994235128718958309602652759,2.4193207425325453488090938966480280038058512e-15,0.0000524625216442754846743348758956210681679561649,0.000000010712629486315589459843876751064370834117126,7579428.241318180019504509991321323817487533002820079804978531872359980527930745488490898864888728186,FINITE,0.0002041958554518797470692197035994849897698662335176710906851781505200353494655671572184526999957035365,FINITE,TRUE,FALSE
development,SPD_D08_C08_E1eM12,binary64-operand,SPD,8,8,1e-12,12621670447657791305,0.0000000138924007672162420908672273136908593570398187,2.60322734311929923333671862784710695750585091e-15,0.0000524625216442416460857912799320185286444423056,0.00000000811602718673905642981249183326942787758822968,5336606.809979864670550641873245883237552961712396180703747559203293745099088659801566339992468125723,FINITE,0.0001547014312765097905303847188420889200953170612739106953521183123126318667510096280684170053884139501,FINITE,TRUE,FALSE
development,SPD_D08_C08_E1eM8,decimal-source,SPD,8,8,1e-8,15998051934926311635,0.00000000304977567368059055732180297933480662246876712,1.90537545349338516988854728325951943227378432e-15,0.27499370012267413868445556657591952852431945,0.00000000186294699732467092404168821812264351248111495,1600616.649117117622471394683841300133727925582272586444585034912698176304956620604593442077840217649,FINITE,6.774507912339860880028766368871592029621081019529819381569950607242596432758372811933090113954221113E-9,FINITE,TRUE,FALSE
development,SPD_D08_C08_E1eM8,binary64-operand,SPD,8,8,1e-8,15998051934926311635,0.00000000313595045847663997863873249402558549778828756,2.94100582682862003925584610677366047566121951e-15,0.274993700122672159648353681087154469317456513,0.00000000191558662520496176078154266896240451109579558,1066285.020542864726395337393000863839589389854123611876672635782804961852199282805870044493585323479,FINITE,6.965929126196113550651146448567355963680509712175236876297707094526144485115680334772562824084931819E-9,FINITE,TRUE,FALSE
development,SPD_D08_C10_E1eM16,decimal-source,SPD,8,10,1e-16,7140153183033905374,0.00000102994805768645429045438051521838401156138172,0.0000000000000441171092462821788852334027255362626082396873,0.000000448805876751012484225572516607223584685713132,0.000000660711987062896211215052763910667051290397751,23345773.90229278681963713698467394869679465714357545010068626387019727720004062883361989198137939238,FINITE,1.472155382291138140968853320125035549446659606538849379965865977996888411809847439082147300261948309,FINITE,TRUE,FALSE
development,SPD_D08_C10_E1eM16,binary64-operand,SPD,8,10,1e-16,7140153183033905374,0.000000662753736768930895741786223557521768397535075,9.11452531080060206929420073676027232662578708e-15,0.00000044880591054041369078398230365462390545748066,0.000000425156720366633751620466672524599851652969966,72714015.72428305696220993406984675299840111380111628703943310123178757189947831560142272188815209548,FINITE,0.9473064199504333463694626956549549535769343810062435613681276124414671747384075396035914493159871563,FINITE,TRUE,FALSE
development,SPD_D08_C10_E1eM15,decimal-source,SPD,8,10,1e-15,10790807158035076393,0.000000105726595074550789302360418392518434792829106,0.0000000000000402062792014141494934075677562883298542683209,0.0000046477911224201234057512101097466098498859341,0.0000000615564035305254865345471864576785189406473405,2629604.061219177328185216302851282902708574820781268627228348952944591603355834768760020285378379986,FINITE,0.01324422761461638605078223756315878737385653126678730110006465581266153761862782084737792938303856926,FINITE,TRUE,FALSE
development,SPD_D08_C10_E1eM15,binary64-operand,SPD,8,10,1e-15,10790807158035076393,0.000000217442710582760812875947597585706489660942635,0.0000000000000472921237771613762964702338062779709262636488,0.00000464779112653441469167956032736387109994449036,0.000000126600040680072474250343916013672881382283888,4597863.094652764948041283781665117387565398884269992273167075705595109292796328041297492987298935408,FINITE,0.02723875433155936615394887455013740873013189563558404624412060984462833193176740472078904856559811054,FINITE,TRUE,FALSE
development,SPD_D08_C10_E1eM14,decimal-source,SPD,8,10,1e-14,12609412103580549508,0.000000118865848485355091663829761797045438421261444,0.0000000000000688391773053185058771279689315449983076298725,0.000052875615758909499051035211804094639268821837,0.0000000787208312344218733978381508771765733966893821,1726718.027993799566860917758527798964162048637650814216986961111887467920294322193517712656584073225,FINITE,0.001488792709164005833224803605724234259553771853457335528403835002860094609683101682194987821947196042,FINITE,TRUE,FALSE
development,SPD_D08_C10_E1eM14,binary64-operand,SPD,8,10,1e-14,12609412103580549508,0.000000266311992489169087914165178264252367201696291,0.0000000000000731532400519366008154995579117586292626525452,0.0000528756157617640799594194953025577592014977282,0.000000176369425563184478046200469186123338734260224,3640467.493990636380520828071076585881178399498528988997483176268201604895593773247169839590053719533,FINITE,0.003335553128266780786120268075855738366650824150833428303847804717095451820666302817601868141240007382,FINITE,TRUE,FALSE
development,SPD_D08_C10_E1eM12,decimal-source,SPD,8,10,1e-12,7437678710241791929,0.00000158177330847539410289943881889391105127772728,8.38519851330635087114130613015820886798753432e-15,0.0050337381534461367586648320034212605048046926,0.00000100442705530943277880379132560086584687909488,188638743.1335466654573972299970737642088303940765731576844032340667471565421657587847587179422903959,FINITE,0.0001995389956114014614050355708997418346962410225684168945495314349686425952395903498479308951986286040,FINITE,TRUE,FALSE
development,SPD_D08_C10_E1eM12,binary64-operand,SPD,8,10,1e-12,7437678710241791929,0.00000155398751900224483857399869273235362211636691,1.891923097658679966673150515128352109677499e-15,0.00503373815344586329742732881871841837627512315,0.000000986783061349980342098758464371612432924356206,821379854.6702865181384151976803788417084967062365523806709099878376321259136619087559537943658402381,FINITE,0.0001960338482593645637543494122320572701579041946686595532851182456961191257152077802519873872468699298,FINITE,TRUE,FALSE
development,SPD_D08_C10_E1eM8,decimal-source,SPD,8,10,1e-8,18288437907842800838,0.000000450513245975965028015112292924438563305466227,0.0000000000000153723058876974499239475808776138083846754046,0.417452755368201755546338611680449809860868081,0.000000263642935680397491540174294071406401626510617,29306809.87401594214043977030037194046691402741193635516080109823102420254318408715191821893997446158,FINITE,6.315515523376030929570784230239969934214718684048281568960431702318113895335495556554429376196168277E-7,FINITE,TRUE,FALSE
development,SPD_D08_C10_E1eM8,binary64-operand,SPD,8,10,1e-8,18288437907842800838,0.000000370670703134706195977843978572931491452282576,0.0000000000000591742203542366574407230591584346294052678089,0.417452755368183060230063693925814657036908846,0.000000216918621634414102773880528744295327014725938,6264057.234987592553623204303362125559478154966004025511654786054254715582229855820841279185253813961,FINITE,5.196243619067676653300627393389740030997306675735388516618479560654393547322227495538062391480779575E-7,FINITE,TRUE,FALSE
development,SPD_D16_C02_E1eM16,decimal-source,SPD,16,2,1e-16,14785209373837154819,0.00000000000017528163177171187505898143499383028791513753,5.76096370095860493022857549738543425387007278e-16,6.78691921221614374981407860372760471657221531e-15,0.0000000000000697785158456517264393226550343712182046106717,304.2574834181746409765111142588330364455155095226416274700871780072881583495825890996340596926892165,FINITE,10.28132406822429736359191506571635805161256896288215701324756601064508595855674340938517961993929435,FINITE,TRUE,FALSE
development,SPD_D16_C02_E1eM16,binary64-operand,SPD,16,2,1e-16,14785209373837154819,0.0000000000000924370983278621600584198322718508884962327325,5.41000219517370224730728526169694942064610911e-16,6.8302375328612289406945238465772177537435822e-15,0.0000000000000367986278151351644997888459094943264659460799,170.8633286883430287422701855759194561034882801564482653262803243123681984799502666469305036167816084,FINITE,5.387605868477020691233082172347639444169099083870633978654143634845158814824245165361472300418395126,FINITE,TRUE,FALSE
development,SPD_D16_C02_E1eM15,decimal-source,SPD,16,2,1e-15,2357869818471127383,0.000000000000207368963381626723424563208674696602118051153,5.54499198050716521113307607940638621751043165e-16,0.000000000000057480863548472943567931332993987543221850253,0.0000000000000932054177273585476586863841247703405737846622,373.9752268544489417565317138524308482656647766143879465435586081758980435771724715265596854773252034,FINITE,1.621503435639228055920546606771410015567325163372782999714353100526556441836396398645727697360761193,FINITE,TRUE,FALSE
development,SPD_D16_C02_E1eM15,binary64-operand,SPD,16,2,1e-15,2357869818471127383,0.000000000000137443393953831424204157074261550699288800772,5.1362591456351883559352273231644729903298486e-16,0.0000000000000574381520029752389288892926445692598052754661,0.0000000000000617762115334362293734447437512355414649515762,267.5943523422709671943025959146977701612561944763802222230880612568247706703144970612523390676262378,FINITE,1.075525750379926625980089298920657842489652997692832602465246042854656566875895025762571275828202001,FINITE,TRUE,FALSE
development,SPD_D16_C02_E1eM14,decimal-source,SPD,16,2,1e-14,1869660112758196113,0.000000000000107891417302874299696010036297377589935880369,6.13992941800205447527397056052437020585538573e-16,0.000000000000768889977921423687977056474831670875529469438,0.0000000000000520298615681037354328642886529742483441189252,175.7209406781460794037352994525631244490819935834261448041761525199638421923796804428073448259651871,FINITE,0.06766879925884649795454264671825870644935732780420481937134408683700978004462773699421589841735546091,FINITE,TRUE,FALSE
development,SPD_D16_C02_E1eM14,binary64-operand,SPD,16,2,1e-14,1869660112758196113,0.0000000000000891840071478182113881970813299158763427852795,5.73247598457398203095724031345850349971385348e-16,0.000000000000768942294862811263124356532861067987356668682,0.0000000000000430083472994300615691204795206345370933672699,155.5767654113357112498657796479413745412800609709241772657558277288741841895752573132385552280579076,FINITE,0.05593182685718084768221042039338177767903904048943189701545416839666208583890402835842602913988184634,FINITE,TRUE,FALSE
development,SPD_D16_C02_E1eM12,decimal-source,SPD,16,2,1e-12,13306143694410402308,0.0000000000000960861050547609605338314681739509504174992884,3.32941672748026944184544590086204611602483606e-16,0.0000000000579637895112883520512753470708251176720084093,0.0000000000000505017356098951994595761873872143147870277049,288.5974118580215469156025547839562512272586035107494825108808100531973761677136566140904780407297606,FINITE,0.0008712635256544099838840563981541638723446376574409364509748913950176495587107054605213721940933814270,FINITE,TRUE,FALSE
development,SPD_D16_C02_E1eM12,binary64-operand,SPD,16,2,1e-12,13306143694410402308,0.000000000000113816873140576695410292625841419231521102783,3.47467168291237134177575342345400210292500043e-16,0.000000000057963804787436361574425786567954929016794539,0.000000000000059820820419503328497071183884364330026337015,327.5615181149391864489533752935617635605624411062772341600490189675354302043219774336793703626606022,FINITE,0.001032037504074775204196028441360232787621401231603933960487664618479821019228922312347278123539058195,FINITE,TRUE,FALSE
development,SPD_D16_C02_E1eM8,decimal-source,SPD,16,2,1e-8,7802784700789961319,0.000000000000176476542534218636008997983938241275164783374,6.43145549162564420745256588127776431721508334e-16,0.000000578534914505174620654230027015923483838968105,0.0000000000000914988249305119967579648806000691830878068034,274.3959633461003944113473365880981535863648395938503479452695897933165184814848925076219430312032274,FINITE,1.581560985109630733341291059797783467938958585889760536418894645904903416586007375582162944692438089E-7,FINITE,TRUE,FALSE
development,SPD_D16_C02_E1eM8,binary64-operand,SPD,16,2,1e-8,7802784700789961319,0.000000000000159307449909937300346845767088525271344963602,5.89152400311663609273766134404626971485605142e-16,0.000000578534914492372659531962911608329060660046205,0.0000000000000825970650836459080229990237983693862934900489,270.4010877756979711516397019960680625357083171347552621307813694124834128116624052657785806351657639,FINITE,1.427693696863905672092400192154685220868820422387111979336577593645464779991647709552021780164724587E-7,FINITE,TRUE,FALSE
development,SPD_D16_C04_E1eM16,decimal-source,SPD,16,4,1e-16,8808774310256885855,0.000000000010213758519087764415919900015204180186528452,7.51109541559533002418826039207600439054473699e-16,0.000000000000372372364837877072567178565030378990567820354,0.00000000000401234328347157084399517909019708053173521729,13598.22762719919608117253986868989497951892572308044481210908114954666571269526664279104401903735216,FINITE,10.77508339056916564312451992841021033265770192780924431338811683975959126417449783155876552516595750,FINITE,TRUE,FALSE
development,SPD_D16_C04_E1eM16,binary64-operand,SPD,16,4,1e-16,8808774310256885855,0.0000000000139416552862310760070600654325499500876004328,5.88582022710024974084205484349557555171265623e-16,0.000000000000372365882207187946685027119391240592457557716,0.00000000000547679944103292840423141662879589333456277182,23686.85204152025475923088384405520678490321319691000265011378114513512853204978907232169166742561724,FINITE,14.70811291455962308021624442684524425075913824467578379918939309519303160405687156392815884923086010,FINITE,TRUE,FALSE
development,SPD_D16_C04_E1eM15,decimal-source,SPD,16,4,1e-15,9600171825583631650,0.00000000000928761775976659747039668290206674420901847053,8.90374429924633709529859348780800269138222855e-16,0.00000000000462032273321641208568938787500536826243467272,0.00000000000374512894806673714682852811014860801319057432,10431.13711222901311297854639160448355839773260891677747002727400959705237283117150948403159952332809,FINITE,0.8105773480155976827802907091038042771746598858277883904960444782552642549784294081207142422048588342,FINITE,TRUE,FALSE
development,SPD_D16_C04_E1eM15,binary64-operand,SPD,16,4,1e-15,9600171825583631650,0.00000000000751961513789731725948049737978396951136696144,9.01725339812424628378237321155728588748006267e-16,0.00000000000462034304866577337870431199020119192684845929,0.0000000000030322014815527694799937217343460227271558232,8339.141427989075711060737135058228100699894987930864259857358687558735794688200041487838315312454206,FINITE,0.6562719368702254627987546751499615077759022063642301785434676060691015825422440742077398623571938677,FINITE,TRUE,FALSE
development,SPD_D16_C04_E1eM14,decimal-source,SPD,16,4,1e-14,1796160800765820828,0.0000000000062359453030390627888049990347046888956473025,7.01721328979743825584016139965478182661913249e-16,0.0000000000471838218673868261086134846468328235115633458,0.00000000000355325960752551627028766140488060478008890869,8886.640672737869896276379926736278630655242726254329935917874572058131328446122009960356801659920610,FINITE,0.07530673580262704281298246881404330396735207220837068893651404158318301887400184121954675611105011474,FINITE,TRUE,FALSE
development,SPD_D16_C04_E1eM14,binary64-operand,SPD,16,4,1e-14,1796160800765820828,0.0000000000033282045229407224330063981013328096042050281,6.82717374763440314799261358358746703273074936e-16,0.0000000000471838411851274170843429818181294313172309801,0.00000000000189642053004949522929082560391278849923826318,4874.937486531577008998178829514973543243925414049690679168167220029719982771153660749335946347085652,FINITE,0.04019216075708682388304612101724064384081859975982710837817164982425417382362421382288969874096237797,FINITE,TRUE,FALSE
development,SPD_D16_C04_E1eM12,decimal-source,SPD,16,4,1e-12,8930414115879440999,0.00000000000904796285316753109523688197189319814370863837,5.35676798649062410848854589022154945057228245e-16,0.00000000503764253378130171932085566703621030177603379,0.00000000000465376992858772390477353792746030816551473558,16890.71260130330388750537503443623264876564504592621393363822720141297288141311799834951581269595829,FINITE,0.0009237991575187373531525227941058374521579805001128666899641158056748987241086751332903210745871369937,FINITE,TRUE,FALSE
development,SPD_D16_C04_E1eM12,binary64-operand,SPD,16,4,1e-12,8930414115879440999,0.00000000000806426264136192165577809606049269354934522101,5.71006191864585306867338774476233711031726677e-16,0.0000000050376425177156437489513453763178793133179855,0.00000000000414780913512097417036244073678087804240526228,14122.89876407219356048344330268144871021694165185818570364954389578300538773016931777807573956042578,FINITE,0.0008233631347469706711354141333906264692136785250976830234584328486577106734412509794510890325425772953,FINITE,TRUE,FALSE
development,SPD_D16_C04_E1eM8,decimal-source,SPD,16,4,1e-8,6765609660356563619,0.00000000000466016210415246931906323720492720799223910615,9.49178578287782752913708275921485523382323585e-16,0.0000519522748910745793967000008649528320778294858,0.000000000002284832452459524306331852128033073705183835,4909.678969534801689643667356687525455053664241891061659806092659804700035206741823134180970405387673,FINITE,4.397944954768591647266943520726040245136485752182809003809166125623117741313374992706024437815258054E-8,FINITE,TRUE,FALSE
development,SPD_D16_C04_E1eM8,binary64-operand,SPD,16,4,1e-8,6765609660356563619,0.00000000000370639109498340319044406105615979372446935898,8.72496594190284216880124166986279190246847633e-16,0.0000519522748910388940302681362583059985746624643,0.00000000000181720774214681745435402663540747316570914051,4248.029298524769097368478855275147049482753023413732131422927718950190636119078947632165537416250577,FINITE,3.497840558393454784872038143278892635743762444259170358578882944158936860966000907114041376675212675E-8,FINITE,TRUE,FALSE
development,SPD_D16_C06_E1eM16,decimal-source,SPD,16,6,1e-16,4494924843621443471,0.000000000493717795238321645815406320848158289817914219,1.84341458470959694843066153338229913288619109e-15,0.0000000000427994179344064652374800252418966213584337569,0.000000000248102527140458902793641384383890989067113749,267827.8664677591641887486108145472726752408067370861158232511327222172722347021212152543215497641425,FINITE,5.796866852738415513323998977963180285802359732047090603990460589977530204758390322058596072897818317,FINITE,TRUE,FALSE
development,SPD_D16_C06_E1eM16,binary64-operand,SPD,16,6,1e-16,4494924843621443471,0.000000000588221660449124515501978706621435157482400721,4.15420139373351040305499781964122920506706171e-16,0.0000000000428002477017644201844110572724099357499082202,0.000000000295592506252967156736601810078467253137998623,1415968.087961357494086767094004549628929298508610168066204347068363267434610062128364156836065452570,FINITE,6.906326998681867300968552246938969712979553097424914887762252026348427035192738224599047178061481654,FINITE,TRUE,FALSE
development,SPD_D16_C06_E1eM15,decimal-source,SPD,16,6,1e-15,5557287127293908680,0.000000000502194508350280478066951420256035719020448834,5.67712169956446414069905408006022210079723776e-15,0.00000000041188608236548727749412224290277693419285165,0.000000000228270231068309308212250645570925326827476743,88459.35227860408524883627895356871621167536533274043967165165713350459931822978659821178624463741267,FINITE,0.5542071967019114492002173218380442997105459479091200172484172414471186729780834647319792459110932243,FINITE,TRUE,FALSE
development,SPD_D16_C06_E1eM15,binary64-operand,SPD,16,6,1e-15,5557287127293908680,0.000000000346923191929404736189233059510689189029874099,2.86748974114194351572506048583910026986739711e-15,0.000000000411884720469887468268306781279193576518808367,0.000000000157692359967911301296933202565475012082384554,120984.9810277775297652653660093968558113573733021502810545083206822168007451382281995257433723157856,FINITE,0.3828555713064865969859528110189642738993715806151216581774476983251401935590544060077712315850867899,FINITE,TRUE,FALSE
development,SPD_D16_C06_E1eM14,decimal-source,SPD,16,6,1e-14,4857726249808585883,0.000000000421378387057572660017744155253054599666070199,1.25761670292673169759058412267483933108897576e-15,0.00000000387584273865139464604591543145297415528393128,0.000000000251373271014467637673666869407184413084389508,335061.0611937157256211355502854970957116645411295965019505169087030819569622927064413347508758809092,FINITE,0.06485641651754254307735428594225762468576205587607267630092362819605192220784111749034903123171827803,FINITE,TRUE,FALSE
development,SPD_D16_C06_E1eM14,binary64-operand,SPD,16,6,1e-14,4857726249808585883,0.000000000435580171900985689358733642565875806948725547,9.91281079789130522256209500042097516592938346e-16,0.00000000387584285988532884019967636743862555143828165,0.00000000025984534556784212043547370096053315678464475,439411.3645280550843474698100148586312823093662538440782189017112995913105871529268413437096211450403,FINITE,0.06704228085643542745098292911318393343542643995142109303605969291042127807716204104539043704582130391,FINITE,TRUE,FALSE
development,SPD_D16_C06_E1eM12,decimal-source,SPD,16,6,1e-12,14688628690291032097,0.00000000057841506951436672900014875011491522197384732,1.88425687065521380510973366811237118846899022e-15,0.000000105999648189650378017058457933510186895548547,0.000000000256377972076527338500860403835110425753966236,306972.5144816556246508578979276985549602642683083351683061683173183140368964301897960673703790964946,FINITE,0.002418668141405771566198404981294270670772377218320549304927413685974364084554394026887708548226584119,FINITE,TRUE,FALSE
development,SPD_D16_C06_E1eM12,binary64-operand,SPD,16,6,1e-12,14688628690291032097,0.000000000572262043699265760122139019621726906774067548,4.24357424514003279704922704992060738550133077e-15,0.000000105999647239778178503350940480285687957108785,0.000000000253650691333419132789864651402540400180113265,134853.7837778261394804601432829537083479926335711061891845730502625805992679416762112436807150250030,FINITE,0.002392939013840721326001506462747566556183681064844529584351488421490057677763240826093970635812801201,FINITE,TRUE,FALSE
development,SPD_D16_C06_E1eM8,decimal-source,SPD,16,6,1e-8,704085841609781587,0.000000000351618909562168587878613568505921200541425474,4.11867961725877633763933974329114488883758307e-15,0.00307852383884155826840127648669639963751410158,0.000000000158683392500077666993150180118946176922294572,85371.75557155661074425475301492836165227987705153161817287517233407837920074726690909261512193772370,FINITE,5.154528624985079785907365647046377610327991986993516117258000655563463619155530537743209734221385849E-8,FINITE,TRUE,FALSE
development,SPD_D16_C06_E1eM8,binary64-operand,SPD,16,6,1e-8,704085841609781587,0.000000000438210679027966739275070543941947264529496942,3.66677517843765442964113249394625428735467203e-15,0.00307852383884157593203371961591409289487745383,0.000000000197761711008394565973701013798094781383669104,119508.4666234378358382417136094152048273408950258022270258161876724583392087309398402858558778008840,FINITE,6.423913581998141258926300160392203448318793664822224739349600349740705758553996212070767954012639251E-8,FINITE,TRUE,FALSE
development,SPD_D16_C08_E1eM16,decimal-source,SPD,16,8,1e-16,6810571498069611282,0.0000000400376046176459838411289796950340651376633563,0.0000000000000146117597176469175053794212223311667312624824,0.00000000386096500498829811933327307617473518819735587,0.0000000164414736126758066556200987272682177663887549,2740094.649194905635483104421591569151511765782657299835569805915568087884400509041762048088225320868,FINITE,4.258384520821534294925780979730944170283606523003827713460019927441947373425322560263938193915310572,FINITE,TRUE,FALSE
development,SPD_D16_C08_E1eM16,binary64-operand,SPD,16,8,1e-16,6810571498069611282,0.000000028531154180600969878966989320340509799733368,6.22269603115824994351254038169109323607880152e-15,0.00000000386097170537289071428162299398765014882891759,0.0000000117163407521335263753218684841875202346070768,4585014.925643150305115684068060020021521162501202069722247071953713207238230116162555850227179799516,FINITE,3.034557527533594823728756249729840508713877610588689808432306892808043639614058490564780979876737557,FINITE,TRUE,FALSE
development,SPD_D16_C08_E1eM15,decimal-source,SPD,16,8,1e-15,2407868683346294555,0.0000000413241436364507856661784819317547790126777349,0.0000000000000130641347989496185214359578974141258189536736,0.0000000373351662525581257513932395426813475426223886,0.0000000215416989919123257598774886448428784920734372,3163174.926805970038119450696128836789224213119091432818189039536150068289213789963792305974994112333,FINITE,0.5769814669148911212170070145090398665896356440608373917500334230624160847447076749851223455252298438,FINITE,TRUE,FALSE
development,SPD_D16_C08_E1eM15,binary64-operand,SPD,16,8,1e-15,2407868683346294555,0.0000000367370079218582516767304209690532166492465746,0.0000000000000143139663306543437342388122920597854198389224,0.0000000373351718800070289014369642468641604008702265,0.0000000191504892025910016216536434354051013760465155,2566514.903921732833258572276967012685466555199517511037156737221085372603539419222310295663941480377,FINITE,0.5129342718479911885492887378801332602727586399810916525659769322411220993126532625902913903151921981,FINITE,TRUE,FALSE
development,SPD_D16_C08_E1eM14,decimal-source,SPD,16,8,1e-14,15808467969270914612,0.0000000337926969526562073558557029645449787560482224,0.0000000000000128460044249763287426009895632579299059781434,0.000000381514538161912741622511362037145031141414734,0.0000000182198011321415064301686182445028355801691336,2630599.821914546550637205872815142721011447365809299611472537000624607730728716449902574262556576893,FINITE,0.04775650547924629728713867350612300065163789503008516603632332630435198689717227820956950416693791307,FINITE,TRUE,FALSE
development,SPD_D16_C08_E1eM14,binary64-operand,SPD,16,8,1e-14,15808467969270914612,0.0000000293765731933278888309966230403535237388416155,0.0000000000000131580563187771382611671592146443344409582471,0.000000381514538010209242723241872678201828837047032,0.000000015838786773251691949142357870492249864302007,2232592.145954429259100708870438323711116122695883795904019415226409080662577339077613778605514447508,FINITE,0.04151555234528926286541627517853770830150288079944400252881747345169757528947583456501320136147064759,FINITE,TRUE,FALSE
development,SPD_D16_C08_E1eM12,decimal-source,SPD,16,8,1e-12,10653216479898556617,0.0000000208240549314542771170282985303347830390066344,0.0000000000000154666343606456554827684215572555149916415609,0.0000429448871445912481866128464173676267692386634,0.0000000115689194063634872872379436279637683550036858,1346385.674212380865034700220074798001781240116175893235308171953044119485332078961292765207802766107,FINITE,0.0002693899128762887077936069856653225699338926823437656398683853457466098701422946572228915369322455831,FINITE,TRUE,FALSE
development,SPD_D16_C08_E1eM12,binary64-operand,SPD,16,8,1e-12,10653216479898556617,0.0000000200962204652992928878174086400735699456333424,0.0000000000000118549251417379117058765540907764303912156634,0.0000429448871433964376644356492597969561127641158,0.0000000111645669251663131381162677736534381670190983,1695179.026862519809507342863469287025630658302635442428930742270519045744953718847449243104487100894,FINITE,0.0002599742988702455963107722669531350560858826233844805243265847266812605035007631421488567013214382627,FINITE,TRUE,FALSE
development,SPD_D16_C08_E1eM8,decimal-source,SPD,16,8,1e-8,7698811840810382735,0.0000000637052421062049840431624852770502596808490614,0.0000000000000239737664613891431440627682134309961954807306,0.18472231615373528884673406629990948624002012,0.000000032341436635721993383469933704724560191324108,2657289.675729727964837017818859559252773157583307509490363327339941139870628415122765752887579412913,FINITE,1.750813724574880709975256856299790581742563257689536157660033825106994409040772953717620163851222634E-7,FINITE,TRUE,FALSE
development,SPD_D16_C08_E1eM8,binary64-operand,SPD,16,8,1e-8,7698811840810382735,0.0000000548821489025240584387367365725449467861331354,0.0000000000000127339918139640733437458729456724503217705557,0.184722316153724379861359114995368965574416143,0.0000000278621897112352055562505792208441304662685553,4309893.527836290040040322420755728412335199278430676190395987613141613879360472216647467309067726525,FINITE,1.508328300087387508741684312841916757626703213502622128925360581091961552947078679768302097202264479E-7,FINITE,TRUE,FALSE
development,SPD_D16_C10_E1eM16,decimal-source,SPD,16,10,1e-16,16548443480826426309,0.00000169672606881924662548479293281644163849907558,0.0000000000000977530624149475711801854738363125920373950026,0.00000053347968266700773178640208976935933455580641,0.000000864731675612732399381438752615130145455240439,17357267.65895978346003163462804844403908293917976232386620514622014209098297095855997219384859171990,FINITE,1.620927101271612233905382364613229961039464846605097149922265845574060063205442240682292393196306187,FINITE,TRUE,FALSE
development,SPD_D16_C10_E1eM16,binary64-operand,SPD,16,10,1e-16,16548443480826426309,0.00000278185359073294086912160976779167753134381999,0.0000000000000124776116304310282350712130391597716366225438,0.000000533479715175583289569018615094839419468160706,0.00000141776386950768096649468288222686795636804324,222947601.9231449791286152737454955191825909302466724427267928244025332264940680012825847578204995338,FINITE,2.657577840688946733318226216772815172507817216706124749640335033963715171546459888674788690643834933,FINITE,TRUE,FALSE
development,SPD_D16_C10_E1eM15,decimal-source,SPD,16,10,1e-15,16921559322098884807,0.00000484693560114673328622185928698675737653483509,0.000000000000127670653345532151438166691766665120817380601,0.00000346392978422546678488637083395531975521436283,0.00000237071369554303661752332317223893926025474783,37964367.48881376607216733629515071605276873004170070450009333148035054968508094175902434533927826247,FINITE,0.6844000436553673341157586402228702003298936333313194566954225611848881587932476533582859106870510932,FINITE,TRUE,FALSE
development,SPD_D16_C10_E1eM15,binary64-operand,SPD,16,10,1e-15,16921559322098884807,0.00000477114459026566889460516019330629289791644918,0.000000000000118070447915079908369207669510468907716124553,0.00000346392967152388659162465151705858693482248449,0.00000233364310037102556074373361736593015290132825,40409303.72092117978007760461480585216061210701096717714468361947512261993334528922587492773286019229,FINITE,0.6736981756746770046376560423259898044611330248053449920096386177891148536140210770998797044073707077,FINITE,TRUE,FALSE
development,SPD_D16_C10_E1eM14,decimal-source,SPD,16,10,1e-14,12749692603971519529,0.00000491667216088159513381149227947201211420205621,0.000000000000172224377020319347173766659473750198309804127,0.0000218873480502455363044413725267394511392381782,0.0000019066036857918064375167469188204568170881342,28548061.81300059023987633782811074585859905212574654681321366793249503436084853687035981179282157422,FINITE,0.08710985366591352788247865251012737324112253135157949527663916850163644782578546661019273926786380650,FINITE,TRUE,FALSE
development,SPD_D16_C10_E1eM14,binary64-operand,SPD,16,10,1e-14,12749692603971519529,0.00000597148765009460484678138099151383641399879334,0.000000000000154217069338749647922995749231962082910969644,0.0000218873480535205346926412500600819341586835955,0.00000231564358793634090007975292119269216360488155,38721314.54513490447352074758920946737391912584554430946541352291151132246704023210421391222271697935,FINITE,0.1057982713243267685625800884123366730657588741252183359244903064159275135319619373182854233475126003,FINITE,TRUE,FALSE
development,SPD_D16_C10_E1eM12,decimal-source,SPD,16,10,1e-12,8799369420081985354,0.00000495521044704040502133003269091962775360377889,0.0000000000000665628243654142951115480470569471651578915022,0.00248668719085339207291392523094664493987787645,0.00000227840819096655797050542645048518562702378848,74444113.42639942362448680739823660609431511283873341200103892047110059341904419772893748370620647180,FINITE,0.0009162423803633475854418022367389654836849104695175596753581142192085598377935912759001824537286877188,FINITE,TRUE,FALSE
development,SPD_D16_C10_E1eM12,binary64-operand,SPD,16,10,1e-12,8799369420081985354,0.00000384629013205711798570577702432825548275607989,0.000000000000161751347119469829251047541875500849416450457,0.00248668719089529568168151582633374963488460651,0.00000176852608690856112393889201180152362243021894,23779029.97751382765632646734653015897580680060579971223991296055298492859787212711116084252816092019,FINITE,0.0007111976501844725145773934123113739794202367975594802099029078419124466185043427333854411420742865333,FINITE,TRUE,FALSE
development,SPD_D16_C10_E1eM8,decimal-source,SPD,16,10,1e-8,10419632958394333235,0.000000478727587134625717782247568479417538456403562,0.00000000000015988545579966839737111824204596708729050254,0.434596102161823462788758747911389151631090479,0.000000235281773041477273707003894886583016859849941,2994190.964651949282415593937130112616865747619425918750246755684416309149184449120287043235324528331,FINITE,5.413803112156519918819502079995970245408805603754353081212026813009690697996745389147004383695242067E-7,FINITE,TRUE,FALSE
development,SPD_D16_C10_E1eM8,binary64-operand,SPD,16,10,1e-8,10419632958394333235,0.000000125538104153114224323456812851025955801807964,6.51764406684296175259719577631885416705743097e-15,0.434596102161782800403947671931018426594226911,0.0000000616986121610427492817755461799839384502217709,19261270.30958332024785996123610563872029350737262232219097710553197252080965893836908272632677223801,FINITE,1.419677071518575563565926339534428891774769611017063617620917469727072322686459228626913695554907664E-7,FINITE,TRUE,FALSE
development,NONSYMMETRIC_D02_C02_E1eM16,decimal-source,NONSYMMETRIC,2,2,1e-16,17283056379808199733,1.05709943671879958652201419720657022869019627e-15,1.04942184536322536379538048848500094094100819e-16,9.92275923177223381324830838109360206178049393e-15,1.31117048067818066662240701717789815714305396e-15,10.07316020139562521351846627101590593350869134969816699289531205216969276722371723639920062593825883,FINITE,0.1321376897345116560759674475562193481291094497603912259796193421011191154594307801064217996949290283,FINITE,TRUE,FALSE
development,NONSYMMETRIC_D02_C02_E1eM16,binary64-operand,NONSYMMETRIC,2,2,1e-16,17283056379808199733,1.19996739532743771064150733023822802244629945e-15,5.56037944019992553733627603023451577779421938e-17,9.98366088449645450664215250518632945542057984e-15,1.48837637395142507324269924159117980431340445e-15,21.58067463259831834284841052656633157515464481112512075132457536615061013777965319153365515862503209,FINITE,0.1490812229272242805342420880116493052251215181695127026438855827763027978197888641844686419610878389,FINITE,TRUE,FALSE
development,NONSYMMETRIC_D02_C02_E1eM15,decimal-source,NONSYMMETRIC,2,2,1e-15,4683485844308135370,1.97925425677194679872598036248852673582543669e-15,6.43062197425667383552699694766214564833491511e-17,0.0000000000000992257318323811248371191382795214555323791347,2.45496276423269464882719013279365874019151298e-15,30.77858198935309133463123863687550598449845971209482586198093174757230421573928588961684495333461819,FINITE,0.02474119080703567117139249623326692375936801399495724175024144703384934607621342338370676420715467928,FINITE,TRUE,FALSE
development,NONSYMMETRIC_D02_C02_E1eM15,binary64-operand,NONSYMMETRIC,2,2,1e-15,4683485844308135370,8.86146495025658320310711691944875365764948589e-16,7.00910839069428838620976815482095892033271254e-18,0.0000000000000991463584517403122908201319016314882122094265,1.09912945317664870319024973129385995068317368e-15,126.4278486836013864633931455201110718752608742367075215048375342319315229628719726209624044895868570,FINITE,0.01108592862451576732972637203688424119199602080725601161036696322268518377105569013439880579607008262,FINITE,TRUE,FALSE
development,NONSYMMETRIC_D02_C02_E1eM14,decimal-source,NONSYMMETRIC,2,2,1e-14,4639842741608232392,3.7458653375037768435189256834044377273045473e-15,8.7700484533579196715667201322837966140273419e-18,0.000000000000447311300174280970764903154095186029474039311,0.0000000000000167520190584372748323349384085948152333300341,427.1202556548637236925244296691642326103709007741254467927971766004129954075456701361606855826900123,FINITE,0.03745047140975506391061342448573930032800030571066274809505470599568339168561424088600661755021952151,FINITE,TRUE,FALSE
development,NONSYMMETRIC_D02_C02_E1eM14,binary64-operand,NONSYMMETRIC,2,2,1e-14,4639842741608232392,1.63305977000275169995404819033109057560869312e-15,5.42316995403467976384636146140530699444025428e-18,0.000000000000447341592060247615384000181212499487556550428,7.30326531409264995747285548849403621996678516e-15,301.1264230780381526493835374992511250842757820583226449951054082270100747701925388664898007623595103,FINITE,0.01632592507317998703522274454043642981583220778409339617472482157932416490697229149038334713996104955,FINITE,TRUE,FALSE
development,NONSYMMETRIC_D02_C02_E1eM12,decimal-source,NONSYMMETRIC,2,2,1e-12,7587841919955847331,8.49242005495615019343904486202189598329658558e-15,6.3331658582848859951146565058591895172735334e-17,0.0000000000857492925681676588748784348274717520568095215,0.0000000000000145643802386084690378521758905964400154783114,134.0943888884037822598486945620209822821750204366732837056534978591786723939545836504655900531659982,FINITE,0.0001698484011052371210044309869980944313863157681013501442239622239735789858790304658111554009999218447,FINITE,TRUE,FALSE
development,NONSYMMETRIC_D02_C02_E1eM12,binary64-operand,NONSYMMETRIC,2,2,1e-12,7587841919955847331,3.77846364231888774635024900768600229999878079e-15,3.52530846244071030556446265836558702054581735e-17,0.0000000000857493295044078112686252887396257013957884529,6.48001168670099840654141369188566019694223773e-15,107.1810788353796453204542235041221411602661001765448933597525126118043251516116623494124431658155934,FINITE,0.00007556924029788365234500113330339258391073710822345430415328092471284652601390349742864115031326055631,FINITE,TRUE,FALSE
development,NONSYMMETRIC_D02_C02_E1eM8,decimal-source,NONSYMMETRIC,2,2,1e-8,5169726596858374889,7.2736997180465379852719363332156443019339948e-15,9.25384736706647254959405063940057182150821618e-17,0.000000581496516636789544025269132283762481567393317,8.45550417154494107163377805047172566633835074e-15,78.60189853501275389348427554845055614504685173364307764431640189626690881195515186814664226304307951,FINITE,1.454093692675782854792454535063213007769658881924786677835328205309895068058626356701478533065452243E-8,FINITE,TRUE,FALSE
development,NONSYMMETRIC_D02_C02_E1eM8,binary64-operand,NONSYMMETRIC,2,2,1e-8,5169726596858374889,6.96737472219914173101045093887565095269747446e-15,6.26779085160523606725737868605683637886634331e-17,0.00000058149651663185447907904858912925091057351534,8.09940859699024052510951263051824343021679751e-15,111.1615701154855241314741311891390594885613332806628588481373985614126496860051665757732808642030983,FINITE,1.392855909766004182239293733006394319679614686188224135160147136382585267653038547696019496210591086E-8,FINITE,TRUE,FALSE
development,NONSYMMETRIC_D02_C04_E1eM16,decimal-source,NONSYMMETRIC,2,4,1e-16,6273133780200723991,0.000000000000499195026637005092669878043261510670252881231,7.34486153321596165686745067698472387283568587e-17,0.000000000000832055066625543236439354149408824932566236092,0.000000000000692258948075513008305887214366143416884840934,6796.520593063264957098016012884863238009316856490795292141261677011171473431296073845629727166903843,FINITE,0.8319869391373541684831647012304247169403646623222219982059032702485988467802576192585217042442046865,FINITE,TRUE,FALSE
development,NONSYMMETRIC_D02_C04_E1eM16,binary64-operand,NONSYMMETRIC,2,4,1e-16,6273133780200723991,0.000000000000344331332275119693623748094607115133559161758,5.94614933147400649534557120886549715250030496e-17,0.000000000000832089383322802045510147777135671992163261761,0.000000000000477501643948758670341143051650857705971720179,5790.828872267197162910520401177552373852925972003216899068075787563395251855932958057855997867612480,FINITE,0.5738585944240030547625633893608386082364729627825642329199105841665793672285720335545898451574941541,FINITE,TRUE,FALSE
development,NONSYMMETRIC_D02_C04_E1eM15,decimal-source,NONSYMMETRIC,2,4,1e-15,9217533790745177217,0.0000000000012155409044019623319380352869314494660069609,2.6209439084572553845094837753563753433309434e-17,0.00000000000371391616310583937871345435375919214264712648,0.00000000000225720279310961864947743385085972661699652463,46377.98239327663284802802935790825534629478512987308050372495484922501716964538292944965128200987874,FINITE,0.6077689139923896459854278235164411688533365645766820335402614654470917639231809145525703947948420869,FINITE,TRUE,FALSE
development,NONSYMMETRIC_D02_C04_E1eM15,binary64-operand,NONSYMMETRIC,2,4,1e-15,9217533790745177217,0.000000000000444487898237436103068891040221008538479417266,5.02740513034692305515680613558207663720899742e-17,0.00000000000371391697391177613107631604353590469886800931,0.000000000000825393305788077178651263612848686739163737447,8841.298576762274973667223376552661007494774554583627549319572510779631708430023877170780394315594268,FINITE,0.2222433381214526703048619705238788952295703806966993918328418717139624501831491466884934693080929293,FINITE,TRUE,FALSE
development,NONSYMMETRIC_D02_C04_E1eM14,decimal-source,NONSYMMETRIC,2,4,1e-14,16169648863386683458,0.000000000000399895314616145978098372670820529353404098211,9.46978294615297373690031121257979044899343565e-17,0.0000000000874136346895748476029069692062586283827978921,0.000000000000388412665509572817411453778478472119239190963,4222.856182554853218617717237592462717352941159277352142527047110413793787002109625413476947137921451,FINITE,0.004443387657874107492113625816371971390214196045098079567365353912893890244327453927137328320146606022,FINITE,TRUE,FALSE
development,NONSYMMETRIC_D02_C04_E1eM14,binary64-operand,NONSYMMETRIC,2,4,1e-14,16169648863386683458,0.000000000000359932248577572415302349992689132765744175905,6.73513585931496541868419922646733404156125096e-17,0.000000000087413662768404490404286243856634066064413312,0.000000000000349597104449856605527599428181289226042268948,5344.097819196498486419390000450741470478556731452794796549130745777756525224122644641546121521904227,FINITE,0.003999341674722934087917499045840143396674335211828716841691856707443819354400202949167009817265872166,FINITE,TRUE,FALSE
development,NONSYMMETRIC_D02_C04_E1eM12,decimal-source,NONSYMMETRIC,2,4,1e-12,6407475249424120548,0.00000000000080456849715061188997402272850946405102869918,6.12304245887610298078303806423830141670862626e-17,0.00000000747465181345701165110900847135432927728077806,0.00000000000066815776921074983223720869111819079375295973,13140.01172708333775133533209150435473080589668825819915073730728712673764459577351077534498044679231,FINITE,0.00008938981853413292144697121256545819120602174319537320608949217328602022260032224843415408694849827181,FINITE,TRUE,FALSE
development,NONSYMMETRIC_D02_C04_E1eM12,binary64-operand,NONSYMMETRIC,2,4,1e-12,6407475249424120548,0.00000000000122715335237815395991409486592313034592583422,1.2269190683743998026083586022445885624697015e-16,0.00000000747465178442195673148488377292617480849965109,0.00000000000101909539002369456108173189188085573061420463,10001.90953103422355892106389650691554022571800719870438470997220134329213333456122234279744598735513,FINITE,0.0001363401827156159737986529769195737224423745495724039094752655771393199424942674136106788287458198698,FINITE,TRUE,FALSE
development,NONSYMMETRIC_D02_C04_E1eM8,decimal-source,NONSYMMETRIC,2,4,1e-8,2110367896937657781,0.000000000000124162894128069601216831011307335166683880438,1.67400332572604978309290904368602017189577387e-17,0.0000989923063155542572590840242644898919714361029,0.00000000000017559284881941075596484515705405909888648893,7417.123503874616981732469354738258081095280954084053348984625409488839771040452436965439377557279736,FINITE,1.773802988887638108788608687800393177563582717944206569858515237447880276464242307146442360616274385E-9,FINITE,TRUE,FALSE
development,NONSYMMETRIC_D02_C04_E1eM8,binary64-operand,NONSYMMETRIC,2,4,1e-8,2110367896937657781,0.0000000000000633825103495683998825363322111603084313450488,4.78301560819500144467965769335825114973049734e-17,0.0000989923063155031201823310444110949530952629441,0.0000000000000896364057536126992277542919323222343245884936,1325.157924238668359076447427795128286369872333056425555764556551852498164764340341044643113836084080,FINITE,9.054886090634985084463185513555471295851948472630787780518171355587920655496057809118101777235957373E-10,FINITE,TRUE,FALSE
development,NONSYMMETRIC_D02_C06_E1eM16,decimal-source,NONSYMMETRIC,2,6,1e-16,12270543339706471805,0.0000000000851417194813188903804732078321739427098455522,1.00893531383834426889622488945955846680236441e-16,0.0000000000868241839175953639377910064425504250255402897,0.000000000105605305783342276304888652890482910243961314,843876.8899604662260963057387248122491589444318590436874619318168930261981202082207060332353514057025,FINITE,1.216312103590539158298647265028613548026011358223718062217754592484714179157321684655094892131050573,FINITE,TRUE,FALSE
development,NONSYMMETRIC_D02_C06_E1eM16,binary64-operand,NONSYMMETRIC,2,6,1e-16,12270543339706471805,0.0000000000192944384662139798839709814306094008919712025,4.05955685600319963256478212924151253658343344e-17,0.0000000000868242486322251261425278338624372391913412864,0.0000000000239318055420466514672358848645441804383278544,475284.3512385277091705656855769196937426938540906291279959495401749262310183584656414291647518708841,FINITE,0.2756350434245425467877744942104615923782253940463646506427874497094295875484324817168501992206195561,FINITE,TRUE,FALSE
development,NONSYMMETRIC_D02_C06_E1eM15,decimal-source,NONSYMMETRIC,2,6,1e-15,1940784880010446549,0.0000000000376422155622986993095136980636810819843390723,9.56226179969841040118480959532076795612885283e-17,0.00000000094870795903039413949300311347497304489226364,0.0000000000396783791172998953949569342619983354009821127,393653.8901652527281524908054961837081036310163492003042469527420679401609113946277939497137553850093,FINITE,0.04182359675558356221302515185155732832121573849546227224915918306245372822209411561227740580978657840,FINITE,TRUE,FALSE
development,NONSYMMETRIC_D02_C06_E1eM15,binary64-operand,NONSYMMETRIC,2,6,1e-15,1940784880010446549,0.0000000000299020696996714433265576792953417291115601689,1.7190627811878621550178227856295586592954717e-17,0.000000000948707861535487061405355201045121795306389062,0.0000000000315195490013562663861045803260896414711280293,1739440.236092441664804289302293344793617480711115381056173899578976608198277390014090437799824414350,FINITE,0.03322366165527685601963679470880269436496727974631143767064952424692680924924273156460513201718172139,FINITE,TRUE,FALSE
development,NONSYMMETRIC_D02_C06_E1eM14,decimal-source,NONSYMMETRIC,2,6,1e-14,9156666871012900516,0.0000000000586261405641677496755309271898175769937890415,4.51944342903947101137189619530509057233480792e-17,0.00000000832130176406358666680385085260231774645899726,0.0000000000541998861247861924808122228003828311411435752,1297198.238780205614809255643637471658327227585717279842277282619961462702995173846674477010052246594,FINITE,0.006513390291751475496973358510399710036258903089673548400883242999552215211028063611838456919043135217,FINITE,TRUE,FALSE
development,NONSYMMETRIC_D02_C06_E1eM14,binary64-operand,NONSYMMETRIC,2,6,1e-14,9156666871012900516,0.0000000000509310598731723379619760936571124931378529284,7.7972061299367328041025797990718041505850557e-17,0.00000000832130179417811380551403884117964049076970719,0.0000000000470857815093459793645969755834211657337590903,653196.2734398763025633637918813577909019659035950856391228714767908975648964532521937833280377210964,FINITE,0.005658463383973035231308868485946750880770785040099214682247940368383301906589284712092217648071726396,FINITE,TRUE,FALSE
development,NONSYMMETRIC_D02_C06_E1eM12,decimal-source,NONSYMMETRIC,2,6,1e-12,8314298135356376225,0.0000000000242238215830524557662494072618844166722602877,1.10998221719328274389913690930111408574705585e-16,0.000000948685670686779293662589972979292322415408137,0.0000000000383012249179957031871817175065640411767387835,218236.1231363252380509040303062662771112639272291160869277157646694154979090070698650676083908122182,FINITE,0.00004037293499992300653687426111542450885314405314957354334548223170444577103454384832907994771390842722,FINITE,TRUE,FALSE
development,NONSYMMETRIC_D02_C06_E1eM12,binary64-operand,NONSYMMETRIC,2,6,1e-12,8314298135356376225,0.00000000001070130087646740969956207456807573352187503,9.19155848834098098570440778415610937141564112e-17,0.000000948685670713079006480317329606969981936520002,0.0000000000169202423481965924892211132976106583117348099,116425.3144887394151194016121712073242958574870245863956125773541694249908480841744426068093166140064,FINITE,0.00001783545685419544983272368390748613256285242702126633000849323929424305515376053872019435040479049836,FINITE,TRUE,FALSE
development,NONSYMMETRIC_D02_C06_E1eM8,decimal-source,NONSYMMETRIC,2,6,1e-8,17648950471611975372,0.0000000000298130211788364786874892507600980685618864048,1.08836477509911202208508856376803480878289627e-16,0.00919456213011551375395548344614434736917987161,0.0000000000553613904988364930234444758108411589897848183,273924.8996378218287819293326395835758507981621182776986784287954405254156716477678801332203183203058,FINITE,6.021101354844069448144562154041644538837448395507237186751511640946821521122422803696324640330298091E-9,FINITE,TRUE,FALSE
development,NONSYMMETRIC_D02_C06_E1eM8,binary64-operand,NONSYMMETRIC,2,6,1e-8,17648950471611975372,0.00000000000776364737850728112061160984278493788020210297,6.20431617200232538777875865905472329654071375e-17,0.00919456213011542646663515364518192166486943379,0.0000000000144167312543929176678046223740115970667614284,125133.0068177636272299869557288856329392538588695263821037788242388688095267515744134414631253623417,FINITE,1.567962786087773520063331110656060749112523028213114344263577311771942476364733615724055782515609360E-9,FINITE,TRUE,FALSE
development,NONSYMMETRIC_D02_C08_E1eM16,decimal-source,NONSYMMETRIC,2,8,1e-16,6933805744376178250,0.000000014993658323714095389980422730894165669122339,1.50091748339804475039088233630149655328001555e-16,0.00000000496140669661725124021202002158489899500257046,0.0000000185973443070315398730660561182720178897360991,99896619.83128330899332205077209271008377143572699547026498972711309072589665868310249128050962329553,FINITE,3.748401500669445300794031904770083201132684541430776767817561366064247383492803909417381633941650254,FINITE,TRUE,FALSE
development,NONSYMMETRIC_D02_C08_E1eM16,binary64-operand,NONSYMMETRIC,2,8,1e-16,6933805744376178250,0.00000000799363387621435449731250466739230786255405509,8.03815729536387252360043386193709701549029616e-17,0.00000000496140669854608540811855141672938326144108294,0.00000000991488256239553113049162575362661707442833077,99446099.18027857486213865692658179980038027699707248933052597337644968303373147661887160582748558553,FINITE,1.998401494741609516537749217553800017736580084329957656709412907048586018355760607089718762986545172,FINITE,TRUE,FALSE
development,NONSYMMETRIC_D02_C08_E1eM15,decimal-source,NONSYMMETRIC,2,8,1e-15,6848334511289363859,0.000000009320816987098065162739588965084319651085736,1.2144601543075939882990312551123623188181037e-16,0.0000000613958049925686776894125538166964368723535401,0.00000000817489728502754071046320333555029030243417262,76748643.86483052136799104348060120804968457585456518626990773323382280862479949017387262824554918021,FINITE,0.1331507467980430719299939267566427129691786391583089108637618047398311866323287100028477111044522900,FINITE,TRUE,FALSE
development,NONSYMMETRIC_D02_C08_E1eM15,binary64-operand,NONSYMMETRIC,2,8,1e-15,6848334511289363859,0.00000000129663891009949510664652712683021969824355566,5.47816781910778685419951403411725937363908592e-17,0.0000000613958050130969641565868025690978430991284829,0.00000000113722755424828827785865342329949452369936399,23669207.53279651969042701846520684878510550637922398195102059790298549210458963990020760044362586411,FINITE,0.01852288693023399060663621395621034967555476344417727577856062331305843629449365947643473697189380108,FINITE,TRUE,FALSE
development,NONSYMMETRIC_D02_C08_E1eM14,decimal-source,NONSYMMETRIC,2,8,1e-14,784267592550286175,0.00000000143882427402673965008360468104129924106334253,1.9332265767695269503554180435901257211904718e-17,0.00000093632683674949481292894774898440359318088163,0.00000000168401643645729333596549248745494221770091342,74426054.93408089271371178628162404063425605560400682448595181627896522481886031939922220303757562969,FINITE,0.001798534838864001974802869095326981995674432944439564251588159803584094857525299664306185934328288757,FINITE,TRUE,FALSE
development,NONSYMMETRIC_D02_C08_E1eM14,binary64-operand,NONSYMMETRIC,2,8,1e-14,784267592550286175,0.00000000134447579003545152182809731497928604180514553,2.55751179169555518070621038019994824443385535e-17,0.000000936326836738167149711609150982429819581562508,0.00000000157358988843173209062373651427104929152287785,52569680.98450500485921885676933580502272435820062375722044609869924057129845131615024767749625036492,FINITE,0.001680598939055901589017883604179434195648302636149135816941266127813931727063927174195809676989965244,FINITE,TRUE,FALSE
development,NONSYMMETRIC_D02_C08_E1eM12,decimal-source,NONSYMMETRIC,2,8,1e-12,16220663968563695472,0.00000000133434893339004632919125118246637879533306887,4.6665915345469295620455041888788623415622081e-17,0.0000961423959744315857501459101871368359266733942,0.00000000183286921994788449644310991441817821068507177,28593651.78014440710073278216403336482376567770634728302757131786462168371081947207160915145574432764,FINITE,0.00001906411007725794102534389518217614137285139520079201152396443554327054254386011690401173994983266299,FINITE,TRUE,FALSE
development,NONSYMMETRIC_D02_C08_E1eM12,binary64-operand,NONSYMMETRIC,2,8,1e-12,16220663968563695472,0.00000000335502290708613760618629743817388744899349665,8.28228245813772461154305780450011140320386825e-17,0.000096142395974381527765631230478943675344881627,0.00000000460847838578121967270063251529181383563805457,40508433.80485862105195035346586194087106708306888546767350313905362101727013929797455775262109925353,FINITE,0.00004793388326840962576278895979885309977311804667365963445403483852175114771307983613910659806237063876,FINITE,TRUE,FALSE
development,NONSYMMETRIC_D02_C08_E1eM8,decimal-source,NONSYMMETRIC,2,8,1e-8,7212140353273097036,0.00000000518411513625748297729188418938843907176128675,5.42533283560241622451097726942198119471896697e-17,0.320093480225987346085475274003368430014959707,0.00000000663757927259307998486462690574033954326117971,95553863.57566855158601475544757652866486945363695224249554025425515859623396956728841212450522663173,FINITE,2.073637759790334074935905663633303689966894407023004982050201307244210434697614555612418115627880416E-8,FINITE,TRUE,FALSE
development,NONSYMMETRIC_D02_C08_E1eM8,binary64-operand,NONSYMMETRIC,2,8,1e-8,7212140353273097036,0.00000000374021009533472627976067692474324384986782353,7.66253075513214799704442089298200239762588031e-17,0.320093480225987339127723035831771326887049062,0.0000000047888483090017777737088391889859002313095247,48811681.34730994134243447665148506412532342203206389551221702695205703709942062239734720855325770962,FINITE,1.496078053705071027646961742845115786276192898960384373116483698719596961771038115108560472056619869E-8,FINITE,TRUE,FALSE
development,NONSYMMETRIC_D02_C10_E1eM16,decimal-source,NONSYMMETRIC,2,10,1e-16,287773686205913865,0.00000091876468084866554522615409431721458874134506,9.23389163349157801535652724231377152065308236e-17,0.000000707083801313867189377753831162790955359056303,0.000000812080920178481898187157696534892025264814462,9949918380.201483721735218224256986418081175387753409224236468606488323024029568340917443512346053219,FINITE,1.148493175306115622968847046756869618331720160195853765610684676170506818565245365167953463790848531,FINITE,TRUE,FALSE
development,NONSYMMETRIC_D02_C10_E1eM16,binary64-operand,NONSYMMETRIC,2,10,1e-16,287773686205913865,0.000000875826978897924571370372317470266680913507916,4.06896111043205945435710735612879739992144049e-17,0.000000707083801356417528281309866344704493029912944,0.000000774128994906062189969844954700240109517757578,21524584657.55465449376850968046253476390961976074382321652587912554341076761999900428838568860456379,FINITE,1.094819303484297188569458532961348006774092715943200971741297324067521483208021883596371893098867349,FINITE,TRUE,FALSE
development,NONSYMMETRIC_D02_C10_E1eM15,decimal-source,NONSYMMETRIC,2,10,1e-15,2745922838885196255,0.000000714044935407640965764414763247951328914229219,7.20863112711811805001755795095923316471743705e-17,0.00000894470565964725463477349614763551247900291749,0.00000079832650728046585307452703923052768053526745,9905416476.666123645531055966043194844953021657489841173493000723452119154473737728238010744245726777,FINITE,0.08925128871283047132804933066340985455810413441567566200295265948754105882690586811867541072921686034,FINITE,TRUE,FALSE
development,NONSYMMETRIC_D02_C10_E1eM15,binary64-operand,NONSYMMETRIC,2,10,1e-15,2745922838885196255,0.000000273131479576422771610651165855923309815952239,5.19966629982397165849845364275139200810705788e-17,0.0000089447056596089216712155117823551310611994427,0.000000305370277563988411247600253193243542326283122,5252865546.115320971901295110174566907502662576092408605842970145413807591361430570935477596988617487,FINITE,0.03413977934935644814729630303600986481455861423407757700682031948489836778100643275843461304788360060,FINITE,TRUE,FALSE
development,NONSYMMETRIC_D02_C10_E1eM14,decimal-source,NONSYMMETRIC,2,10,1e-14,4255831273387123935,0.000000240891295960346706627834394104190727735312708,2.46752955656506886383333478248000772485690549e-17,0.0000831953372197485973863726304651402217735345757,0.00000033405612284538515371355909239282598085797446,9762448247.861317663233175379914372042525233069013650200222276141446050203941469448252455105587006634,FINITE,0.004015322661209048661695469140330446785367646974748892457913255182460582681511659754778225994589549282,FINITE,TRUE,FALSE
development,NONSYMMETRIC_D02_C10_E1eM14,binary64-operand,NONSYMMETRIC,2,10,1e-14,4255831273387123935,0.000000240146904823846701452250423043327557010688024,2.76406535297821514981958677016225937050381491e-17,0.0000831953372197096169542333672352053037264844095,0.000000333023838071672986369667612256419028356491647,8688177526.811878094905331355913261730320563794214845707379152019795680946092429082429400801738917716,FINITE,0.004002914696916176102631129513488754388284920820423211339535932709652186589738447389946621799517916631,FINITE,TRUE,FALSE
development,NONSYMMETRIC_D02_C10_E1eM12,decimal-source,NONSYMMETRIC,2,10,1e-12,6778994297290750917,0.000000100714062811959956823867213599580809971514169,8.66908096528021767464356064045668312736195699e-18,0.00885509532096584835059433228802064199921892219,0.000000450406981475452165874152040378034241084260214,11617617047.91097140131534272347053099521313143685071461339879332660514202150881260486727863424372752,FINITE,0.00005086415957703379089569270082205268466264529239864748014116725352026436036725951039322900055540883391,FINITE,TRUE,FALSE
development,NONSYMMETRIC_D02_C10_E1eM12,binary64-operand,NONSYMMETRIC,2,10,1e-12,6778994297290750917,0.000000150660595232356532131909626020147424363076351,1.5194415013104960145066163621646727837184569e-17,0.00885509532096581770888258787268750864988520888,0.000000673774664940259878866029122261539025729317059,9915524559.676300664416957460786145224047194703445700544283420722495286226432952242504076804045780510,FINITE,0.00007608892287641369508173598287604972176798818217182375703896509302008925178682283260745453322100897948,FINITE,TRUE,FALSE
development,NONSYMMETRIC_D02_C10_E1eM8,decimal-source,NONSYMMETRIC,2,10,1e-8,11028742123624652869,0.000000164786158537099792609841302174951199274300755,9.97800150315084037818505523703545082166890347e-17,0.939292495879806031952052947543451006079018551,0.000000260549793923417769328937438873808451876438991,1651494625.302109175993473888319471517819709430621443472643477480430474447321046340210880790000547466,FINITE,2.773894128467074472970913497303710424008805952418019094073347769958325568103609197020812109032995840E-7,FINITE,TRUE,FALSE
development,NONSYMMETRIC_D02_C10_E1eM8,binary64-operand,NONSYMMETRIC,2,10,1e-8,11028742123624652869,0.0000000643369055569926901389845649926641783794820189,8.64835099783808894700264964799471398278005361e-17,0.939292495879806037855923146529604314032541372,0.000000101725579583620421579226615018648902332569556,743921073.1973714069423760281586025611305628385447251745394511292812435459808143249012496241269284471,FINITE,1.083002153534051586457145139226160029549110103225439820013722666847778577962020820282621209941798559E-7,FINITE,TRUE,FALSE
development,NONSYMMETRIC_D04_C02_E1eM16,decimal-source,NONSYMMETRIC,4,2,1e-16,18147807518812539749,0.0000000000000105452042128317357758216634231165344469365951,1.16209136379798493188889817405063769792649997e-16,5.09917390908568589219447335114710652307322987e-15,7.63024197602770504993190780564369613594835326e-15,90.74333173226204105819158130972715082979276222408783477605142181473922558047851296639633318332787786,FINITE,1.496368257303829760545893922765430293152768027018931023185409012342312441364886320339609238476848785,FINITE,TRUE,FALSE
development,NONSYMMETRIC_D04_C02_E1eM16,binary64-operand,NONSYMMETRIC,4,2,1e-16,18147807518812539749,0.0000000000000126450277395799471659398087056106341195138935,6.71884521642304683591062927247285054720255594e-17,5.12746961558631039806412133894484536897444776e-15,9.14962095557828339327561665373938528480303905e-15,188.2023968742631454133393362865569708881582753799264580868689378380172545872282662336790067313297359,FINITE,1.784432018429825906678076320701215520363824706159633974470616293985700782716386786432038889566225817,FINITE,TRUE,FALSE
development,NONSYMMETRIC_D04_C02_E1eM15,decimal-source,NONSYMMETRIC,4,2,1e-15,7241841712845906650,3.03516466327582700512615902251812765325570724e-15,1.33252060065517387154684597275405708267815622e-16,0.0000000000000315868576275843933457363069394231959385319459,3.06597930774303057541522386499928262461380464e-15,22.77761906107490509820104092841822226873930606889237901750174371726852155710550130867855713272092133,FINITE,0.09706503077613996608419125377075159749134787862012590920210381421822487877045297361884705439190018142,FINITE,TRUE,FALSE
development,NONSYMMETRIC_D04_C02_E1eM15,binary64-operand,NONSYMMETRIC,4,2,1e-15,7241841712845906650,3.79095992658876416118455816424351333817765028e-15,1.32357619717155150430554130143953683780517828e-16,0.0000000000000315618690334034188573349551381051581882522685,3.82944781613910227158227354080733733372072604e-15,28.64179587612672853415162472904790907917188325480763671271554231667021989391797365120853437600841770,FINITE,0.1213314652591142976025245533922750564535906889238086082649122228848113898373027478706434865229688812,FINITE,TRUE,FALSE
development,NONSYMMETRIC_D04_C02_E1eM14,decimal-source,NONSYMMETRIC,4,2,1e-14,14296590250057465157,4.1792582003280434371122940513637734562808336e-15,2.30275140877866568136415540844369743096670424e-16,0.000000000000669998379373997909348257529080149652939378955,3.09787228514346569873976403995028443731425648e-15,18.14897684741680503107387649746954082616986055517691542722726303698923756196063137306771050800609949,FINITE,0.004623701161841484292247727338703541922911863403574624600785360281128121985594581067596902034659912992,FINITE,TRUE,FALSE
development,NONSYMMETRIC_D04_C02_E1eM14,binary64-operand,NONSYMMETRIC,4,2,1e-14,14296590250057465157,3.29175261825798607293414803879378431826442145e-15,1.68361851661730486669069606252499891832181716e-16,0.000000000000670047174513358515525644855296996674619509991,2.4400093789011229133267494420450290697214983e-15,19.55165368976645880199950280571810944513116912872383851133426032007476490817371573375890865898072804,FINITE,0.003641548642710495049249267961680919184930176670550635020466767722813537628563419796856382597296226218,FINITE,TRUE,FALSE
development,NONSYMMETRIC_D04_C02_E1eM12,decimal-source,NONSYMMETRIC,4,2,1e-12,16162613708444363781,5.10418930076820384974066482714148846142375182e-15,3.13757679762010213398853631236563129541806963e-16,0.0000000000123620628150965236525260977850311909140180795,4.32931685990254206153242707442997516357404375e-15,16.26793423714697930989532201281320644261570641260777774513535739922607388811947737398922138087990257,FINITE,0.0003502099062800093466623804873220986228899646730969617082268005136411864222990357195037065202140726064,FINITE,TRUE,FALSE
development,NONSYMMETRIC_D04_C02_E1eM12,binary64-operand,NONSYMMETRIC,4,2,1e-12,16162613708444363781,3.58134221671803539396214031679092051192096446e-15,2.5784898463565423682931068440714521776567478e-16,0.0000000000123621033565811029294348267348711152152539132,3.03765482161576498688605662168710641755079895e-15,13.88930121938833091256018500761034593254480443697861168428036534205910269202473540047323941312106748,FINITE,0.0002457231373978632630932552649372234287566555065647772860180711552366753318262944503031131822787976056,FINITE,TRUE,FALSE
development,NONSYMMETRIC_D04_C02_E1eM8,decimal-source,NONSYMMETRIC,4,2,1e-8,11998422322364361414,0.0000000000000114550745596408444264913428069708234564587713,2.22908938146801742446200558540895843497088969e-16,0.000000471501775381125599409029481646470930014511931,8.91776344997192008023128788131553099619711896e-15,51.38903201852249183273507834936535976314678547492614428272712802672886609912776869341554730058841733,FINITE,1.891353101006563387185288190577715674454479454246696674634155239470978993132197622145184026943226049E-8,FINITE,TRUE,FALSE
development,NONSYMMETRIC_D04_C02_E1eM8,binary64-operand,NONSYMMETRIC,4,2,1e-8,11998422322364361414,0.0000000000000158974606653773375052464907425278521315882902,2.59498985944101301872453685382200121786170367e-16,0.000000471501775373097533055577309490048426618289046,0.000000000000012376156342845599999347535570623902516887874,61.26213020655815136138266605172152024200265803093695115496000068988828598195414936334893742737699476,FINITE,2.624837697175667112700115864097576285787763032298856446364008355446839199776504841814600210415328566E-8,FINITE,TRUE,FALSE
development,NONSYMMETRIC_D04_C04_E1eM16,decimal-source,NONSYMMETRIC,4,4,1e-16,16998951362946682503,0.000000000000909941108574324387519524425791724827901314859,9.83714978120088730336202611251783602906126769e-17,0.000000000000681130296852950304866561473476577285585858119,0.000000000000687850823143453063641018358177459062886517063,9250.048325107862001349463641137608406258241710448519120103622590103496783292356129041929129662597098,FINITE,1.009866726412778637396922352533006942193341006594938999025461106802489750510928879288014758599036684,FINITE,TRUE,FALSE
development,NONSYMMETRIC_D04_C04_E1eM16,binary64-operand,NONSYMMETRIC,4,4,1e-16,16998951362946682503,0.00000000000103643558276286856655862038355919043945998175,3.00444441129482376147047258301513289888116844e-17,0.000000000000681158062096404062076820594317950329369820774,0.000000000000783471657693957874783463283302928531601347384,34496.74684831983599364578630641904823496686686801947312187970846226360851062465220342209934078822000,FINITE,1.150205365378283381953780852320634534767992680059038935288297837253556062633191792489139235771083134,FINITE,TRUE,FALSE
development,NONSYMMETRIC_D04_C04_E1eM15,decimal-source,NONSYMMETRIC,4,4,1e-15,2743148052703666507,0.00000000000161820766156496785208409993226894236020725559,1.23655578826737959858604088289931357540264546e-16,0.00000000000241642682438951897336975083148668764455622142,0.00000000000194809309807426347590241352573056961202440775,13086.41047107422487124617373268310567274605205860230254123548665457601644793677848771055749518601380,FINITE,0.8061874990013097739672733904521777032685378848444691344402815316156154841033211591996890280888711187,FINITE,TRUE,FALSE
development,NONSYMMETRIC_D04_C04_E1eM15,binary64-operand,NONSYMMETRIC,4,4,1e-15,2743148052703666507,0.000000000000544942925341168608407545927162623664848867315,6.35825267764089597924611633560727930991167475e-17,0.0000000000024164292162506852338825848965438944485593998,0.000000000000656034189502512210897150545264467309355098531,8570.639654782623598215501794448425178970299904225490949818034532835584188876891861576271900275482523,FINITE,0.2714890984973316523349694643861390347288832429424387632575458512198451872825651523023655338642832399,FINITE,TRUE,FALSE
development,NONSYMMETRIC_D04_C04_E1eM14,decimal-source,NONSYMMETRIC,4,4,1e-14,2857822919957945087,0.000000000000629113074956431149919059772705598234748019493,3.0396787873907682541127555561365197418456463e-16,0.0000000000793337472691958668123924545462501917394504579,0.000000000000712330286653254618947940073976943170252211818,2069.669589978143413258150944769107902776918926782148443788929323380470694508583459645445837472949746,FINITE,0.008978906344057720387668469967045985879657980203616483497037648452049040585066924053465342349556834582,FINITE,TRUE,FALSE
development,NONSYMMETRIC_D04_C04_E1eM14,binary64-operand,NONSYMMETRIC,4,4,1e-14,2857822919957945087,0.000000000000596531903548729224585254652189782235378252973,2.83818226059740581250302610918755939914466964e-16,0.0000000000793337732675796435877007534009628439065599401,0.000000000000675439374522785185087029762080422746977806922,2101.809710498176007916289913828558936348088864442664242497161304430837063466465887133839358931778079,FINITE,0.008513894482802933548053096655570217963679011369737700009122740690623378371727517757418668093339788654,FINITE,TRUE,FALSE
development,NONSYMMETRIC_D04_C04_E1eM12,decimal-source,NONSYMMETRIC,4,4,1e-12,17837994687134994903,0.00000000000033546220941001765688880500051101983272931615,1.15310653945978343612467680828634682228651032e-16,0.00000000208658226273830081084593274689219781077240882,0.000000000000347858106565730624214141753602989570190430666,2909.203945432290001496318754552852593179873931472127574503338461829413330183859150083273523373630825,FINITE,0.0001667119062486533725997378609033787509632331924830780154018277539255945183520681923061768968296249491,FINITE,TRUE,FALSE
development,NONSYMMETRIC_D04_C04_E1eM12,binary64-operand,NONSYMMETRIC,4,4,1e-12,17837994687134994903,0.000000000000283627171508323296578768167493911971486619243,7.67993514294558725631595516748745317087956114e-17,0.00000000208658225536925308185845714469017382382245975,0.000000000000294107676167152833334490190366171236128569272,3693.093316925330315635444643946437957738235690084149739319719795494778280064187571637929120507082671,FINITE,0.0001409518725707297458033964250520851848557462801915927753997090877453254648869089883635807691697166603,FINITE,TRUE,FALSE
development,NONSYMMETRIC_D04_C04_E1eM8,decimal-source,NONSYMMETRIC,4,4,1e-8,5436785454807911297,0.000000000000255604017715317393880502481500276197870154206,9.99260008023425785701462279769914688829126403e-17,0.0000802256266884269952826980012647332305839225777,0.000000000000409293994619165600200860354671334032011409821,2557.933027069819797966131057012850310222050592175829259646850511616673393291502112496774690198095743,FINITE,5.101786193690258774720222012129420054361527259588578887632966925267747482906541275114075230569692458E-9,FINITE,TRUE,FALSE
development,NONSYMMETRIC_D04_C04_E1eM8,binary64-operand,NONSYMMETRIC,4,4,1e-8,5436785454807911297,0.000000000000118454145738546743581603325223438776801656385,8.87430567647174222220646466921294066459933903e-17,0.0000802256266883837398985806474232906798447217434,0.000000000000189678436676722206959448355894833185140615069,1334.799026053403808783887903518845601836182421846000399394412460301028823418341701314809906705869641,FINITE,2.364312309001715454368643114967354590211940310009245708493956507507067685297007683924085115203864377E-9,FINITE,TRUE,FALSE
development,NONSYMMETRIC_D04_C06_E1eM16,decimal-source,NONSYMMETRIC,4,6,1e-16,4027718303732651449,0.0000000000146054607161069836745868921435444788833410053,8.82217892705777206798026496417330718390145908e-17,0.000000000021692975175600755576740513588006119944663741,0.000000000015841846398987428947824886856527041508548805,165553.8936227170420278554900227029339216771974296844169164538609211547476264733398205865567305916060,FINITE,0.7302754126969912932235994813288958682858493139186559304678306452096088180653578570182700019488696595,FINITE,TRUE,FALSE
development,NONSYMMETRIC_D04_C06_E1eM16,binary64-operand,NONSYMMETRIC,4,6,1e-16,4027718303732651449,0.000000000012793208145974596887985020520620906534529108,7.9774726487831690143067301054092825733883859e-17,0.0000000000216929912213929388898862000294319295776629226,0.0000000000138761825003781535353657610327560224177685768,160366.6813940877422866035654777289643239053698206762740783982427369492543929263882842510637098940756,FINITE,0.6396620161213130955541580024988581382539687938596412392095929937580504591782093810976027912796625098,FINITE,TRUE,FALSE
development,NONSYMMETRIC_D04_C06_E1eM15,decimal-source,NONSYMMETRIC,4,6,1e-15,6259528144622250697,0.000000000139145199621901532881931933476890897915399478,1.29224527756415244540368645779035177025201722e-16,0.000000000226860588409505389490734072040337114314859793,0.000000000105183884093711473012664240661035067868859654,1076770.811530350396749919924046270655294369302787907923038481156777515792783159707166069250780251853,FINITE,0.4636498778000361579633619615160595299300555106013719292167804546656464984856285034463377526390751849,FINITE,TRUE,FALSE
development,NONSYMMETRIC_D04_C06_E1eM15,binary64-operand,NONSYMMETRIC,4,6,1e-15,6259528144622250697,0.000000000036511606294965053466353277859545373787718336,1.59567463569091622962767060652277056058264306e-16,0.000000000226860564926310207026328106222727151479483207,0.0000000000276001800639936995647662008235765777601173395,228816.1099907173561549256382934156452824805327422804160782031480548879850798724416791016355490014992,FINITE,0.1216614270221838905096283399863573897659811721442726941381483923715666006936583373090956223434886914,FINITE,TRUE,FALSE
development,NONSYMMETRIC_D04_C06_E1eM14,decimal-source,NONSYMMETRIC,4,6,1e-14,15033861791882528176,0.000000000113701115930120918464849427423668574770133281,2.82065522090931329310996572269886580111975318e-16,0.00000000417091786663775036743243548590663410870594673,0.0000000000790277385526823082359742359098820356286004368,403101.7867311919715935515923965678064900924739193506350128779697138691705608195348046259498446135520,FINITE,0.01894732552391110652986374690829782562301300074307621438485010460331448956036399730033369858284932087,FINITE,TRUE,FALSE
development,NONSYMMETRIC_D04_C06_E1eM14,binary64-operand,NONSYMMETRIC,4,6,1e-14,15033861791882528176,0.0000000000624726262238026844370863657238954903895560203,2.26832442468826876326847170471218765229055298e-16,0.00000000417091788227280245193412269994643699547015223,0.0000000000434214768388761981795670852137947463179430927,275413.1002772593742768335003140539234959306421631850327345565856131141850772270755995594568757178219,FINITE,0.01041053266079051022269998447083390422432191271966759593210629832097770370652281692995075271041439161,FINITE,TRUE,FALSE
development,NONSYMMETRIC_D04_C06_E1eM12,decimal-source,NONSYMMETRIC,4,6,1e-12,7160601096719745367,0.0000000000428183104477841498405779918799168680163643084,6.61197731363805747430804928130032626395300772e-17,0.000000102667119593366861384619473276123415755638936,0.0000000000439306595922881186003214299497680107792167335,647587.0744363543479309576127885366531396661951481107075578427665744925734437994075271047102482959944,FINITE,0.0004278941472818567298341935393243461761521306509933619500071868949662628271646595281711859210163889781,FINITE,TRUE,FALSE
development,NONSYMMETRIC_D04_C06_E1eM12,binary64-operand,NONSYMMETRIC,4,6,1e-12,7160601096719745367,0.0000000000266700473346183501341662357838302754309289934,5.61254019511349147909983713114690825959415266e-17,0.000000102667119596366238107599462257840319330369847,0.0000000000273628912144047930177606770542269758043654129,475186.7498042756317993179369198229804807011203474178974657025139049965108553758309117813003385708860,FINITE,0.0002665204918768682882643830217330944773720603783557495033616268624928757991002203864060103877279205947,FINITE,TRUE,FALSE
development,NONSYMMETRIC_D04_C06_E1eM8,decimal-source,NONSYMMETRIC,4,6,1e-8,3683492680444792933,0.0000000000989634709409933484114998141447100350503042737,1.12726453823533105605824535511306056097113753e-16,0.00236577728590813417890875582752545383390602978,0.000000000078731110174420447755589986972651141756857681,877908.1358836593113650941722679571915976752355046879469602132453606404243428614028596460221377012483,FINITE,3.327917240705035083086884628538360240415520345939806717426995076098033242040432591798264366080507192E-8,FINITE,TRUE,FALSE
development,NONSYMMETRIC_D04_C06_E1eM8,binary64-operand,NONSYMMETRIC,4,6,1e-8,3683492680444792933,0.0000000000544863270018894975612344243662082134848733184,5.39411497905065795855818072926192770656116418e-17,0.00236577728590811060555613931052678874283116221,0.0000000000433469943343339574870154034388573501619358191,1010106.888961400428317251661273676472443760972043273812192682836988694647221824542668856472270765515,FINITE,1.832251691337677441496620689238424327118018484970410622471230830499205261220271525037322488130879748E-8,FINITE,TRUE,FALSE
development,NONSYMMETRIC_D04_C08_E1eM16,decimal-source,NONSYMMETRIC,4,8,1e-16,6959896443431169493,0.00000000712986122256366552165402864609469749940118765,1.21847749812299906283470676595606916289000793e-16,0.00000000472887370826292434318035474707967716501626003,0.00000000561911782454306121028741290789898962816241116,58514508.75003308881626385824921946935987771152631655596406355456424733102734771714836081189240163241,FINITE,1.188257113892591924784771433838030216771695963433438830715827449423468545595446374222152959783111312,FINITE,TRUE,FALSE
development,NONSYMMETRIC_D04_C08_E1eM16,binary64-operand,NONSYMMETRIC,4,8,1e-16,6959896443431169493,0.000000008693480201187648658388888472991103809511125,1.44424572621204153724673609295803413893689112e-16,0.00000000472887371034027517312848866607119467530983867,0.00000000685142221298957636127235669800576845756826516,60193913.28918004128970114904137328984018844951506260755367599918192635964577650762360804028827919946,FINITE,1.448848633451149859886571693650226067136811082022888698645314410339585128752544772161811825931021269,FINITE,TRUE,FALSE
development,NONSYMMETRIC_D04_C08_E1eM15,decimal-source,NONSYMMETRIC,4,8,1e-15,3646605379634665110,0.00000001561708001693589538238673054607495306730299,1.63655629341535566007813199315893820148746062e-16,0.0000000503565778330695753505126503447699597974141709,0.0000000131055624212403448083019422702823161690547461,95426476.19132220514243595523309975429387029053872082597964323897349250182604156394942627910992371159,FINITE,0.2602552235516253664619948154819625570760485995826087394351656525160483945430566643524716927340677123,FINITE,TRUE,FALSE
development,NONSYMMETRIC_D04_C08_E1eM15,binary64-operand,NONSYMMETRIC,4,8,1e-15,3646605379634665110,0.00000000921688593615950091607116338642611726717874404,8.39106815030016982127160856717040975020802077e-17,0.0000000503565778497541864107727074121029242616479973,0.00000000773463885917198043008912419434501530868259573,109841628.8733132204986359871400470175913605486666355548203736514025430812948013119833428602555138913,FINITE,0.1535973886519720433204458682690689880518543685841325059415770502995744960800008178332247468420517380,FINITE,TRUE,FALSE
development,NONSYMMETRIC_D04_C08_E1eM14,decimal-source,NONSYMMETRIC,4,8,1e-14,15259390737583764632,0.00000000507222039809721657998131190683065773935272914,6.81404045629891949991475738577982159493311974e-17,0.000000730323556786524583978070282375533132642971331,0.00000000926056509558559754958031373096143255213371589,74437779.32677873643475847086809772830395167258029624341687788871814608182401736586343016709377114019,FINITE,0.01268008543546471425556077941635156159715391886113376696211343727024906410100531666907502068920040284,FINITE,TRUE,FALSE
development,NONSYMMETRIC_D04_C08_E1eM14,binary64-operand,NONSYMMETRIC,4,8,1e-14,15259390737583764632,0.00000000483242995996313982464171011941220516413893384,6.50585245103688327121701202537934136319589144e-17,0.000000730323556777575473247355173586431883017535044,0.00000000882276965545199477614951066408837564021654249,74278197.91998144096009985547813585050783428274705087979660046065531397137755888359291261251054022884,FINITE,0.01208063134972794460604522668741539702976927339955121936961861933945034214335526878220689327027610292,FINITE,TRUE,FALSE
development,NONSYMMETRIC_D04_C08_E1eM12,decimal-source,NONSYMMETRIC,4,8,1e-12,2087542072858040326,0.0000000202294322108733480708814183828056459069250725,1.36774675892814297413689160451635286518271945e-16,0.0000167263490650609202041357807649523729451021789,0.0000000169167010533229147115915289375498325288851666,147903345.9872825589833202565773588842708863865509572656948748712970274669723690396320002164995290957,FINITE,0.001011380366840460961836604312217449291013040270746378578401458738945070334791645779204239550163523129,FINITE,TRUE,FALSE
development,NONSYMMETRIC_D04_C08_E1eM12,binary64-operand,NONSYMMETRIC,4,8,1e-12,2087542072858040326,0.00000000866187938059533134814666344913650208340772309,7.87009687652306173530359673474805980800159985e-17,0.0000167263490650527304729254592749931724653057244,0.00000000724342742366801452660281482103903393622143408,110060644.9513245639592548105134044408837478671800169345002462886421472351160318987874003228025249451,FINITE,0.0004330549001157760626297812122526618559490151139324111865333491658868189454256102543414321035904916536,FINITE,TRUE,FALSE
development,NONSYMMETRIC_D04_C08_E1eM8,decimal-source,NONSYMMETRIC,4,8,1e-8,17668072326967174803,0.000000010153705725608019347509653908616186848008199,1.9862709833726516361713977954638130815580997e-16,0.120489968053836173662824552000745749658772698,0.00000000815565269879633356322546147478310527531571391,51119438.43818940343496032130506440235300475205520739583651894355061749705606062460109978864156375873,FINITE,6.768740029171808665710165446993230981873008096101419904881965672949027431507435161129605000524901395E-8,FINITE,TRUE,FALSE
development,NONSYMMETRIC_D04_C08_E1eM8,binary64-operand,NONSYMMETRIC,4,8,1e-8,17668072326967174803,0.00000000702454751202474171934727614115158176389879809,1.874961302926358494900931556684955792524193e-16,0.12048996805383617439712899916703352853599982,0.00000000564225233845223149920251518232966656444110365,37465026.61714208090092820700396550497928013919165617856882947138050116998767719360049337431412174603,FINITE,4.682756937848314730690972419500853943269063940298062448018148882516906912431929736661261213618328883E-8,FINITE,TRUE,FALSE
development,NONSYMMETRIC_D04_C10_E1eM16,decimal-source,NONSYMMETRIC,4,10,1e-16,2859847189911971493,0.000000929049582546628455706141151235974857816123488,1.02747054393896770743439385571620799086030057e-16,0.000000512720368181240912122370477322569817096245981,0.000000793740625247272048431276326889772001602171682,9042104301.939136575603949199444468541347923139261794465981690365320869398083903376225176405641608731,FINITE,1.548096534691778853673816556193386286716711130807161989381730979689197415036647406599800962899691807,FINITE,TRUE,FALSE
development,NONSYMMETRIC_D04_C10_E1eM16,binary64-operand,NONSYMMETRIC,4,10,1e-16,2859847189911971493,0.000000839660937624728492775655052452425651658148223,3.84493267531797866504340458830290434549944899e-17,0.000000512720368210692296680299046871048817773907427,0.000000717370751945322397198244019504398833112196907,21838118077.19852822762824469351872451884643839751960919710005469965875977025911811900300475900332901,FINITE,1.399146194345322111564969200741464309256745245922438179058967743922460384711905957185455012673315744,FINITE,TRUE,FALSE
development,NONSYMMETRIC_D04_C10_E1eM15,decimal-source,NONSYMMETRIC,4,10,1e-15,3580277374669733770,0.000000371988071188036532913112869684155610678195997,1.20141766932335173480445099599590427214627106e-16,0.0000009285598807084412459301252083994173526230489,0.000000345382253385458433038958586115286482036380113,3096242719.632575900098805602803652019916404066511086198804588460879355585137706006117181498913669594,FINITE,0.3719547447192639318644927737933848750960267771661531525234441627854473308878636498331069808615748286,FINITE,TRUE,FALSE
development,NONSYMMETRIC_D04_C10_E1eM15,binary64-operand,NONSYMMETRIC,4,10,1e-15,3580277374669733770,0.000000620123813936455600614664019948056400851769495,1.14492842880088695233239470529827161755694182e-16,0.00000092855988070587703546571209233988807332678386,0.000000575770506702866533050995556935589629313016846,5416267063.836708563561084674016925526740036937424978970963525793444640724562028478902912174996125134,FINITE,0.6200682569498636857418762799145208213418166813671429145455361890309045717203549914312149087515117472,FINITE,TRUE,FALSE
development,NONSYMMETRIC_D04_C10_E1eM14,decimal-source,NONSYMMETRIC,4,10,1e-14,16446268838072691269,0.000000132082355298399389604534512857063891148255732,6.13682821745755954384492939912658282515718654e-17,0.0000707332350642536433129594524033284102096375151,0.000000103773699007321248037307130153879716371048383,2152290248.611848672849485452049212734211291099046335189462661842281609613037600565745783975249366892,FINITE,0.001467113711299276032432721027192591461273411435873144361175424846057483133641114442926998086871135306,FINITE,TRUE,FALSE
development,NONSYMMETRIC_D04_C10_E1eM14,binary64-operand,NONSYMMETRIC,4,10,1e-14,16446268838072691269,0.00000012755119173602037674462554044219834630275047,1.03873506389822687453830857960216177545412455e-16,0.0000707332350642202184687586749972790952303997229,0.000000100213680694406144283264422494109592870208449,1227947300.222432658817165244385406438392901367113121123091275880694201736947873415010738874498384764,FINITE,0.001416783505001856596395054501695135829423897852092939085241392290846684128231384326716353977138874628,FINITE,TRUE,FALSE
development,NONSYMMETRIC_D04_C10_E1eM12,decimal-source,NONSYMMETRIC,4,10,1e-12,2939929111680959684,0.00000014282162025714088982775985166292855855017217,5.02543750704505748082083373491732422213466009e-17,0.0051140602449131025496293854203173585886209343,0.000000368763837822844346325684500803414181422994802,2841973859.130119474416721460058449891387713708128220388887244669733911430599527687222595888450778589,FINITE,0.00007210783998675993965969913796557398641878998902124639093624728851834661350484981805929705348911136223,FINITE,TRUE,FALSE
development,NONSYMMETRIC_D04_C10_E1eM12,binary64-operand,NONSYMMETRIC,4,10,1e-12,2939929111680959684,0.0000000544495404372191360084406839783142484571332574,4.07827739966682048304990054122304427352955055e-17,0.00511406024491308434797426183412914360436921543,0.000000140588108881331349131494712599508341919223653,1335111251.668840702878557356867189042217939034717913718410582702687079972002974714059921905904782373,FINITE,0.00002749050698438158592137593153936275172956282563917571442995979307226690041398750154218751280946032781,FINITE,TRUE,FALSE
development,NONSYMMETRIC_D04_C10_E1eM8,decimal-source,NONSYMMETRIC,4,10,1e-8,13271854272228353547,0.0000000098717423546729615458358537613615169311064635,7.15268058479380295536161927095313910044774274e-17,0.609282032896852146034495385265055179117454232,0.00000000754911005626134968394611368712441479098987058,138014584.0100805163975401392230312252444004428187776494566440267810667443702091583325419393986144941,FINITE,1.239017343145480458252917015162135981151734487998360727143890264132203368751560085350239380308439799E-8,FINITE,TRUE,FALSE
development,NONSYMMETRIC_D04_C10_E1eM8,binary64-operand,NONSYMMETRIC,4,10,1e-8,13271854272228353547,0.000000344419952924073884051074646860740342850002665,1.66562306253886448017667951167524962511756301e-17,0.609282032896852090896157621781407087718885492,0.000000263384520865802485685716887383899945329120874,20678145053.96459893612163168491710903267657169767138697946472018669837417543382953135361304836995980,FINITE,4.322867024545789538771801485354078137671956165299321393310814834045254757840460696667011731837899598E-7,FINITE,TRUE,FALSE
development,NONSYMMETRIC_D08_C02_E1eM16,decimal-source,NONSYMMETRIC,8,2,1e-16,4494217851407259990,0.0000000000000230438133010931452340427367960795677604923746,1.26733214030780613385289055795475108866835837e-16,2.60109874821225346244336911334553155296056497e-15,0.00000000000001557156598840788588157104301055864734172921,181.8293134702346255812853705736205844183435335730640075532033202070031759856409347209853625609861152,FINITE,5.986533959585460275118404204709176171416012550955435691717542934092970252252696500065612455768925552,FINITE,TRUE,FALSE
development,NONSYMMETRIC_D08_C02_E1eM16,binary64-operand,NONSYMMETRIC,8,2,1e-16,4494217851407259990,0.0000000000000182862757726433448518431870108974190322399133,1.04927144379783714522293714618433604461411838e-16,2.6059383655505314767982938491110929964527058e-15,0.0000000000000123567200512960484557082574133154215122211426,174.2759309874686423333073394524638440294845248662851786785134798092269280326473622619417773313400151,FINITE,4.741754530593268015134250859963339214123870963625006560648926079609338702667001419967281829808147741,FINITE,TRUE,FALSE
development,NONSYMMETRIC_D08_C02_E1eM15,decimal-source,NONSYMMETRIC,8,2,1e-15,4177754880009080075,0.0000000000000297046842189366508410952289210688647390159676,1.97383576169697752039640322557027190421862898e-16,0.0000000000000354412691269416782855511181488504895546703185,0.0000000000000253784244325067499282747747791782351402751008,150.4921776946551347654282627344488838977066374301580331187308283507100211116434504264801704656238804,FINITE,0.7160698546546863434466252353731686806601823512276929830558545049502017910246888163507355271450680772,FINITE,TRUE,FALSE
development,NONSYMMETRIC_D08_C02_E1eM15,binary64-operand,NONSYMMETRIC,8,2,1e-15,4177754880009080075,0.0000000000000234171938353848537481862991564945697722689884,1.14347107757073354229770517962814872829311677e-16,0.000000000000035416128246705402432257809931651205583426784,0.0000000000000200066588754987772483307566625711775476783894,204.7904340976765847839728852114640641773918436121938981292870364071941264903787793552929599135947163,FINITE,0.5649024855606542367676908826509831630974904662525079357332966709504870862346538889928879750404928334,FINITE,TRUE,FALSE
development,NONSYMMETRIC_D08_C02_E1eM14,decimal-source,NONSYMMETRIC,8,2,1e-14,3124709001253296562,0.0000000000000408760762295941864267494420743841110128261431,1.72893018822824758757681156799438808820611135e-16,0.000000000000701161541708546180457437130998351888363641744,0.0000000000000302993635729737718520898072352306462291684829,236.4240991794045960546178433887879919426222301867221993911026015854810410826545643130784871178642239,FINITE,0.04321309965053444816502993666591350372708359880802418602850356172208986879624300272798930656061927831,FINITE,TRUE,FALSE
development,NONSYMMETRIC_D08_C02_E1eM14,binary64-operand,NONSYMMETRIC,8,2,1e-14,3124709001253296562,0.0000000000000335257135819074944481248879028824797935759435,2.00611469316149944751659847550833710255134544e-16,0.000000000000701210758686551060418197717670493007790147038,0.0000000000000248509122831647300705486087854504491382363214,167.1176313906223602647133462041190910963884740863172792658440839423424730103539140577224417891195900,FINITE,0.03544000427163063798378737573301251003034904442156588721140100963602507576076221084982540065305310025,FINITE,TRUE,FALSE
development,NONSYMMETRIC_D08_C02_E1eM12,decimal-source,NONSYMMETRIC,8,2,1e-12,4784670572554172589,0.0000000000000251618166467968396391606894080500151370656218,3.08461240356504631096741841613033599543674555e-16,0.0000000000532316585350594739148164922543207031211960237,0.0000000000000197689901976917798256755799310688584095889101,81.57205299996856971917450898318696876761709996097175747674247718687901582581265393480842292794856781,FINITE,0.0003713765593959751043443084359194456154863119031606595822109294788825100016637552099026269541605078386,FINITE,TRUE,FALSE
development,NONSYMMETRIC_D08_C02_E1eM12,binary64-operand,NONSYMMETRIC,8,2,1e-12,4784670572554172589,0.0000000000000195723602460886901614912663266455270825368695,2.91486856839980129240636080922265412254575901e-16,0.0000000000532316872404054495588161181457536765303094204,0.0000000000000153774985042614633078741170591112243345325694,67.14663041165346704428196236092451530706387808747636977466678436781884637552850423280944280424678743,FINITE,0.0002888786604642730761287341518592379728108532469058755348248557039823022175093256680203644860717772282,FINITE,TRUE,FALSE
development,NONSYMMETRIC_D08_C02_E1eM8,decimal-source,NONSYMMETRIC,8,2,1e-8,16472513518903424566,0.0000000000000472026109559960042729751118305586591913259173,4.23787182084855032302092001962362468960490784e-16,0.000000450318274673495305252865785898630930481888227,0.0000000000000268961837747266329009274509460922195982226524,111.3828189040050097055028508552572486954420718884735212815597260855549792887402712727181357942795483,FINITE,5.972705370269016139367205205583407817139807692799138468478846649462284697324725761708021508268062995E-8,FINITE,TRUE,FALSE
development,NONSYMMETRIC_D08_C02_E1eM8,binary64-operand,NONSYMMETRIC,8,2,1e-8,16472513518903424566,0.0000000000000529270830713386617681538333226870451065304796,4.29243053943082087894576712090597937052526077e-16,0.000000450318274662536170327793991529210031473578552,0.0000000000000301580044856844960555364619230976453251023502,123.3032953827526068646841547430041997762365654542703905594196311335284351202488154261001161245477441,FINITE,6.697042110557158897578159142989103932072744923380788052885575842260124175102906980593126691676782685E-8,FINITE,TRUE,FALSE
development,NONSYMMETRIC_D08_C04_E1eM16,decimal-source,NONSYMMETRIC,8,4,1e-16,1323502162765575003,0.00000000000111342936578714192015012621827328765340570788,5.02153533200465636171351842045359763411658289e-16,0.000000000000316252875144926412072868780381017531002694298,0.00000000000070279038392958058726221782442267793199297264,2217.308636047469039387676461757185379513271670692690029561039006289842706651825273499749202354857083,FINITE,2.222241880354507590751147149999182586015480996504653483637364665155677941455053681925870776695509211,FINITE,TRUE,FALSE
development,NONSYMMETRIC_D08_C04_E1eM16,binary64-operand,NONSYMMETRIC,8,4,1e-16,1323502162765575003,0.000000000000477454456423654132517798517257758333973831858,4.57706621929756775268093692282398760135057934e-16,0.000000000000316266709209354813562137495778068775845461142,0.000000000000301366580628714467075223498258090256834589387,1043.145179789266876304317048309513862822133643644738182362758975941200908183786998806180241925751172,FINITE,0.9528874581270673383879054305447102578226220735217745368541285713925457702388646720219785993046161527,FINITE,TRUE,FALSE
development,NONSYMMETRIC_D08_C04_E1eM15,decimal-source,NONSYMMETRIC,8,4,1e-15,8733922341108584867,0.000000000000518253520732918828965132415738598778621805392,2.84104235888295331437166884172618508615991122e-16,0.00000000000399145537614167984321807276056231686080388209,0.000000000000341726251839905332769067101369543923316513263,1824.166820718177461728425077617622817304246612613383248163915306838701860325000463449771045842012899,FINITE,0.08561444877538209789304913534039656236238104647778986452754938992886951334489681272182510927574306965,FINITE,TRUE,FALSE
development,NONSYMMETRIC_D08_C04_E1eM15,binary64-operand,NONSYMMETRIC,8,4,1e-15,8733922341108584867,0.00000000000035420176991185936019777091746839706690360861,2.84055392767932558698634838245606990009184093e-16,0.00000000000399146079309399199833387164951079563161654788,0.000000000000233553730722107453440224153080938819217720293,1246.946120122545801252486155614373130049709296606535544250998478004054608319406318780537080696405114,FINITE,0.05851334707488574021412221323307753055280284041574429281084076865181951054798879936404634868487056115,FINITE,TRUE,FALSE
development,NONSYMMETRIC_D08_C04_E1eM14,decimal-source,NONSYMMETRIC,8,4,1e-14,18364031469854188416,0.000000000000313810981710428699162182513075292849292153251,3.87007395135703934644352579292657849435823662e-16,0.0000000000505878839362489640473935339283685980373670529,0.00000000000017570041851537358912561804807087395165673986,810.8655949594737006471104350761286016844515442240723983629018612690449296340054065448925376563050732,FINITE,0.003473171930590967152180281043832868356344036275040364176481029748431117062113581229701066551594320099,FINITE,TRUE,FALSE
development,NONSYMMETRIC_D08_C04_E1eM14,binary64-operand,NONSYMMETRIC,8,4,1e-14,18364031469854188416,0.000000000000305787495046571137267839953438171914059463481,3.93961882682627849871901262029211300175319908e-16,0.0000000000505879018107894519406847060187219175576281346,0.000000000000171208128420525573232014417013142796017497827,776.1854851650985574990481215525028318854063652293838715297973782772658563423160481770009233812595866,FINITE,0.003384369034732531369431619344221556611584056995586261152747833478448369036640992634471488233542864239,FINITE,TRUE,FALSE
development,NONSYMMETRIC_D08_C04_E1eM12,decimal-source,NONSYMMETRIC,8,4,1e-12,9553915480070111275,0.000000000000701711316492032938576523589858713550802149841,1.9927274377843879979132977296372885765109503e-16,0.00000000480340610956365327974477131692143812108354948,0.000000000000374013388377349742024897937738268675204651993,3521.361241817546114996602535665850216778811261112788667596702651706451561576432238923984007513500975,FINITE,0.00007786420299393039070489645140992906769189148645250983831627380605315322250953395621599595714749929671,FINITE,TRUE,FALSE
development,NONSYMMETRIC_D08_C04_E1eM12,binary64-operand,NONSYMMETRIC,8,4,1e-12,9553915480070111275,0.00000000000102781835338612897671485516990151631622468562,2.69422074068974450026722779395159458516621091e-16,0.00000000480340608945480678141023018502142500545841187,0.000000000000547829023063416647650863802374551225805666638,3814.900308142525567722966930719523629313003675975072123759049522465471806391881041714221237851103694,FINITE,0.0001140501162843793616517819974004312068376753856648652848773582709021120686581421017806558259023395239,FINITE,TRUE,FALSE
development,NONSYMMETRIC_D08_C04_E1eM8,decimal-source,NONSYMMETRIC,8,4,1e-8,9242205234197731764,0.00000000000116108205225505538099210288240183577200248316,3.41189409103563112868161716202232173488518988e-16,0.0000443127045587463917045775706492049568883031285,0.000000000000640125256566137665740128233957925086234026007,3403.042478093526369507425907322967049276920991417735714010524014960903897917364265089704716680061764,FINITE,1.444563727130463454736374932003883419916403434044858899405355648124314419287335040260290444057535337E-8,FINITE,TRUE,FALSE
development,NONSYMMETRIC_D08_C04_E1eM8,binary64-operand,NONSYMMETRIC,8,4,1e-8,9242205234197731764,0.00000000000097086156594817246800656344270323002333665779,2.90416579711148520549760746514526408396942455e-16,0.0000443127045587209583909115582131890565420226153,0.000000000000535253307710467356957174285214192505521833538,3342.996349980438133026574445287559933833973310136619261860324532666302834688394618683616115376040570,FINITE,1.207900337026770060148335474094578547786396834200572552554146700095002396882297883048762607469542518E-8,FINITE,TRUE,FALSE
development,NONSYMMETRIC_D08_C06_E1eM16,decimal-source,NONSYMMETRIC,8,6,1e-16,238568259158462125,0.0000000000847382442112159567912766252313377434751180373,1.75432675065885093157027080749259567135838691e-16,0.0000000000135836599470554376640233270137458967378627437,0.0000000000564921628074773045275177501542251623167453582,483024.2951000539444063212956684385170935544008877828614610336039373076175410340412260597142568344985,FINITE,4.158832231347431903107175730633026734322789746668895529682177011862139617471195389988256599488552775,FINITE,TRUE,FALSE
development,NONSYMMETRIC_D08_C06_E1eM16,binary64-operand,NONSYMMETRIC,8,6,1e-16,238568259158462125,0.00000000017516128716764435098449553515338852724940687,2.42795989004430113616421062004342523862302791e-16,0.0000000000135836752540654689308138406952053476421150615,0.000000000116774191445096239476858871563062321401755899,721434.0232138197155098248509225739473712001451165423346568514036018054914031332122308143871999102489,FINITE,8.596656594108932277708352706206932645928717477737209811308993009597481095178616583470793677885368649,FINITE,TRUE,FALSE
development,NONSYMMETRIC_D08_C06_E1eM15,decimal-source,NONSYMMETRIC,8,6,1e-15,9167886977579213811,0.0000000000391059047898576807588342830866858300613935401,7.58615207931654030263777042204381581161365546e-16,0.000000000551554743345702425233991086559960814394753742,0.0000000000238877332961374392055135308912714061317712296,51549.06516635618463191242529489420145730027854659699869378097102496715198891021176503009587069339550,FINITE,0.04330981391119164303874318208383910199719837098040203576881812993979567184452133452247444398305289959,FINITE,TRUE,FALSE
development,NONSYMMETRIC_D08_C06_E1eM15,binary64-operand,NONSYMMETRIC,8,6,1e-15,9167886977579213811,0.0000000000259394000024491333753717364638335140242830884,7.47669223065113061869136991361404965284911721e-16,0.000000000551554688532695249349498655643774865375318453,0.000000000015845010426175764628821291289880525950221107,34693.68432220476910232763354997607317245281162372372400971196278727475292650639556805318237945260472,FINITE,0.02872790451356393216021357534617332657096467781925503708314210765588670314409814799313595958525251228,FINITE,TRUE,FALSE
development,NONSYMMETRIC_D08_C06_E1eM14,decimal-source,NONSYMMETRIC,8,6,1e-14,15362983648756837360,0.000000000169980089663866299206918924527765694221850958,3.44673597693667791560512936206806537593493873e-16,0.00000000391885584685182826820908054135118607093729759,0.000000000110882784347881230324869422408525736657091736,493162.4899651810693010180004976337593366692270260242221841666246429777735613072443264835102088563433,FINITE,0.02829468311189801785072770344707172339061685947291969133592475383720780991474316359261741198457643015,FINITE,TRUE,FALSE
development,NONSYMMETRIC_D08_C06_E1eM14,binary64-operand,NONSYMMETRIC,8,6,1e-14,15362983648756837360,0.000000000132886120716201627317165194189636515991339441,3.37589394050488012207998118471339581591440708e-16,0.0000000039188558610102183672692995726658777910205943,0.0000000000866853470623469149707331033978979928350277463,393632.3920659898169107587503251650867147607216359159382480592080469017258611722515653891318306313607,FINITE,0.02212006517637033448950831608369623153213954262653113710912604012942617145050250242570685015037624180,FINITE,TRUE,FALSE
development,NONSYMMETRIC_D08_C06_E1eM12,decimal-source,NONSYMMETRIC,8,6,1e-12,4117126953774991640,0.0000000000847275196908969264446718862684518156232440295,3.12932606847790116439480826394562702886018499e-16,0.000000556082872129211508913214042174107758662527655,0.0000000000587479647477718617317869427338438235982233263,270753.2479416830052085554449798664011671396590108809819824942289987707424297969469688453416970522728,FINITE,0.0001056460604924389306578430632971662976416689186083721038406472521772924787063023736700404978992478691,FINITE,TRUE,FALSE
development,NONSYMMETRIC_D08_C06_E1eM12,binary64-operand,NONSYMMETRIC,8,6,1e-12,4117126953774991640,0.0000000000465156477991533881080357570970536508257950104,2.83854828983546536630793051196970354745348983e-16,0.000000556082872142326056017732673172155961551078528,0.0000000000322527987021675394722212826340094894960126097,163871.2575922026601918226998602649424685671905847708445122098866318005722660053305210652505366557138,FINITE,0.00005799998582569655236668662236772644465901689900806547520811280084741495333177776312531158631250534356,FINITE,TRUE,FALSE
development,NONSYMMETRIC_D08_C06_E1eM8,decimal-source,NONSYMMETRIC,8,6,1e-8,4638177383173944616,0.000000000180921050564251761725821315519699855352344108,3.2153791423044669297046275839216205394120719e-16,0.00487882263646259532086541331056183366846327559,0.0000000000988477293275656605309103530193333688663761098,562674.0815224215842203501275955135306241202122108765706361200727381130508934987021888578543295475938,FINITE,2.026057036564778607001962576386121085241777333985327797538011341217992510514004030192079838313463147E-8,FINITE,TRUE,FALSE
development,NONSYMMETRIC_D08_C06_E1eM8,binary64-operand,NONSYMMETRIC,8,6,1e-8,4638177383173944616,0.000000000125986373605995289222263434774584135388960679,3.44835644881528769346478247705248030901228379e-16,0.00487882263646254918403982892270745870173140518,0.0000000000688337090588820003000422028348233693205313365,365351.9451252755027193107344026901108364151770574279011288252242558236074439137186487756385894894604,FINITE,1.410867215062171928253853175641782408431032546015431659938094766398070701633057683367584380114359748E-8,FINITE,TRUE,FALSE
development,NONSYMMETRIC_D08_C08_E1eM16,decimal-source,NONSYMMETRIC,8,8,1e-16,15476274101243800514,0.00000000249583314181521915574746084289771026490018927,1.79012636631931076078269434100294060344788448e-16,0.00000000618486126036629057734625016940959935165929812,0.00000000219745855174873890111059599909339771414733422,13942217.64884071398176667717642990586503864337328336776791663054534965028715958840594107669034202913,FINITE,0.3552963371758151937328111842557165750776054729772431909031900381407353458107188387334380112686536583,FINITE,TRUE,FALSE
development,NONSYMMETRIC_D08_C08_E1eM16,binary64-operand,NONSYMMETRIC,8,8,1e-16,15476274101243800514,0.00000000310557926235479292675263606573655197809507114,1.7398506452658846937749077697220104852244034e-16,0.000000006184861261108547452091936350692958785095046,0.00000000273431007620633967071716488504617485531292176,17849688.82705559488973680907936206161074483680286070873128956443575149104676979448389275214315564197,FINITE,0.4420972372331362376923370746946738174821873215343699955798053963916097343631980273230476904857742357,FINITE,TRUE,FALSE
development,NONSYMMETRIC_D08_C08_E1eM15,decimal-source,NONSYMMETRIC,8,8,1e-15,10580511436794185340,0.000000042781449118635287758091348859626310375204052,2.01650593298418089228023888880777709692359145e-16,0.0000000265564271379919571922212972105025861208760798,0.0000000283327068198821193086306276960995670315054553,212156326.5391637215499654731411438815960321021073213889722183036859071511675334543285931771205387862,FINITE,1.066886997737319647252430266884205524983988165402895106372505012481242134917377793032704333005063767,FINITE,TRUE,FALSE
development,NONSYMMETRIC_D08_C08_E1eM15,binary64-operand,NONSYMMETRIC,8,8,1e-15,10580511436794185340,0.0000000299106143008614474929674758847834002304282889,1.94496615728108594481236231469823520622872161e-16,0.0000000265564271473523106146033487026179694750107488,0.0000000198087882305917104620929145606752368031318889,153784754.5001718720976473838387513197488605129614144467477635263124019776294768918101784596875419481,FINITE,0.7459131501643532191871243870715708242916363245018803232684686445402102338981261631002858436986979030,FINITE,TRUE,FALSE
development,NONSYMMETRIC_D08_C08_E1eM14,decimal-source,NONSYMMETRIC,8,8,1e-14,5279057991999966420,0.00000000323671293200266161840642804877078561785050278,1.45767840921920481499967138971748144500452656e-16,0.000000551890474690918747580280213572404571704860295,0.00000000255088714371996819001886899975863399484794927,22204574.83304828621196897461500044671769432204209475230666879994146658968045201525595519334918132022,FINITE,0.004622089455609048856577013114850544302186089183362750500344003556959779664427365063274427461373374326,FINITE,TRUE,FALSE
development,NONSYMMETRIC_D08_C08_E1eM14,binary64-operand,NONSYMMETRIC,8,8,1e-14,5279057991999966420,0.00000000273457316116461456015137158936775968185533497,1.25453541926145764734022022678990888535228114e-16,0.000000551890474684398424448259299862041933363075491,0.00000000215514556493598602747453882631293101026393848,21797496.66035297757248216754484080914011021568153138694142863200169113755296391337263577185952180042,FINITE,0.003905024028849959339390650154351379348101696993682923807580737396867498057622697033585299951158283522,FINITE,TRUE,FALSE
development,NONSYMMETRIC_D08_C08_E1eM12,decimal-source,NONSYMMETRIC,8,8,1e-12,11126506733593128353,0.0000000080145393228012660299797734345619039350826178,2.32525854834262600700095004614494745712738591e-16,0.0000145748701807696436540138492455592971020501844,0.00000000544062380185680291825298896779659453257451359,34467303.98438396174580596430454911145325253361213456159840745717072534618236896864567537252704150993,FINITE,0.0003732879767968886427358624075315963824726853181021403113887673761213951785483485035287823092946027520,FINITE,TRUE,FALSE
development,NONSYMMETRIC_D08_C08_E1eM12,binary64-operand,NONSYMMETRIC,8,8,1e-12,11126506733593128353,0.00000000244780642965311216114787287691931928629522676,2.18861366270207152754623413509136465938484819e-16,0.0000145748701807656694852430859552388095047713347,0.00000000166167927900989274110780740477283376517360583,11184278.30077164082893026509394395849923899369928613141630813421012640585087718773211640551759096771,FINITE,0.0001140098853986909988958795958260317118603572441578483883595587865304157123862628919492885928197806622,FINITE,TRUE,FALSE
development,NONSYMMETRIC_D08_C08_E1eM8,decimal-source,NONSYMMETRIC,8,8,1e-8,8643252055699451114,0.00000000902891238283763285483918922000482235127155792,4.3188848976189697488699902644045498194749339e-16,0.0513601816408655014507835996411045378014135499,0.00000000621575962258535514256959905826467067612202378,20905656.42954581376476855491778188511075950212139204929881550752930549285911472771320249290896226245,FINITE,1.210229291253069178560164680394468931249641387342320269079745288183731273516299220047510727209617112E-7,FINITE,TRUE,FALSE
development,NONSYMMETRIC_D08_C08_E1eM8,binary64-operand,NONSYMMETRIC,8,8,1e-8,8643252055699451114,0.000000009014233432291200525633687391461827637435672,4.2614832860887518135741605767611649656861655e-16,0.0513601816408654944238962839208652523142074461,0.0000000062056542162817262992906760448548190437737278,21152807.19677440857512695391136054709752132339467078972505021901270041268906751086935569962031909618,FINITE,1.208261734678933647146168701056927292213759346759658919360705145792133956220286089645072417510273068E-7,FINITE,TRUE,FALSE
development,NONSYMMETRIC_D08_C10_E1eM16,decimal-source,NONSYMMETRIC,8,10,1e-16,10905083731053522153,0.00000249423039729552151047774353662771404285729934,2.85753383105835022462720281984731014179249056e-16,0.000000513395893218171504376987352740040119356278293,0.0000018239619089618721914455988213614441307730091,8728611959.676182268179991717131188203453008999430902562003867724511117527974184768566296524551034927,FINITE,3.552739577888998915458587228079625547716122807496854542886448416884970574394091888354695329120823257,FINITE,TRUE,FALSE
development,NONSYMMETRIC_D08_C10_E1eM16,binary64-operand,NONSYMMETRIC,8,10,1e-16,10905083731053522153,0.00000174291798346335487045095395574864290840892523,2.87732373753019406111908526605057557074149653e-16,0.000000513395893249939074953704747447662904111371449,0.00000127454785882201772615288048028585925347415403,6057427465.424595924320832026620356215105042837445659246785189458593169838400692829330875286257156818,FINITE,2.482582886968134074824333074441997069911856623772449557540784718287385129264670772078951241989615863,FINITE,TRUE,FALSE
development,NONSYMMETRIC_D08_C10_E1eM15,decimal-source,NONSYMMETRIC,8,10,1e-15,12947318123120723973,0.000000759193199354570973676240565769468784617344333,4.42054166980785022391556857758627125348699122e-16,0.00000304241899415202621103545744525561727596251038,0.000000570644552781623083123189015490676627788148252,1717421203.242658684497399458433018917823951308914124866583719162685652623037046140861085379475011567,FINITE,0.1875627761588674281503203005148028125460993684501091973987248405228302163898871178841942216290857148,FINITE,TRUE,FALSE
development,NONSYMMETRIC_D08_C10_E1eM15,binary64-operand,NONSYMMETRIC,8,10,1e-15,12947318123120723973,0.00000041676099076889974597603227476130642585817425,3.61980743437493139919940598296122468507416456e-16,0.00000304241899413181494443184156049653103295863559,0.000000313256743337967133115281130489862313052571223,1151334700.324648797221287046025668819289245460909125083104832199871123567327963383995296450667238044,FINITE,0.1029630514213109281599653940658394972048352405677675691840975597129918256895697747172409674049930484,FINITE,TRUE,FALSE
development,NONSYMMETRIC_D08_C10_E1eM14,decimal-source,NONSYMMETRIC,8,10,1e-14,8012215977230250822,0.00000051972826317349959832428424085553064169151324,3.8369412210313280250376070513332658875874678e-16,0.0000580780988314357038394771180997168313029007641,0.000000334786404651004680624796748832785957348194341,1354537985.426324304726954456915285236958957915451268998365503704818651763950048370497633603231466138,FINITE,0.005764417420457919014872417948939239544385188963935125982846923276726651339261607067391152111253378869,FINITE,TRUE,FALSE
development,NONSYMMETRIC_D08_C10_E1eM14,binary64-operand,NONSYMMETRIC,8,10,1e-14,8012215977230250822,0.000000659149018026994966573482389331921062019960778,3.66029397330979384825159588820680177183503471e-16,0.000058078098831409604368720745370005916451918712,0.000000424595207747689558700050991792564557405293717,1800808959.152983892945057192779985517841839184278002895499547547072372747879439867874663189469692132,FINITE,0.007310762857100642380617688135794190084617605096028193235645912879412734460620566963716252627461726256,FINITE,TRUE,FALSE
development,NONSYMMETRIC_D08_C10_E1eM12,decimal-source,NONSYMMETRIC,8,10,1e-12,5548796162926088972,0.00000208844465536348911891407247045341238470072755,3.72815166504232467659294386788019132689306366e-16,0.00121482947937799347022703527737988969311415102,0.0000011880746544864570032055599961259579602072667,5601823216.974139873988052953456011272983230226063440519975148799701030195312235869355963102451804481,FINITE,0.0009779764770729508127422916402038628885200059521810285518692173258615077970115859513020601715371238922,FINITE,TRUE,FALSE
development,NONSYMMETRIC_D08_C10_E1eM12,binary64-operand,NONSYMMETRIC,8,10,1e-12,5548796162926088972,0.00000219228802391163598904154417094578086730429017,3.40349934146997062688719430032957965240915252e-16,0.00121482947937800636553701910007363676009423186,0.00000124714908286151800739049482078329933891438118,6441276474.479314185285356170352058008641502697899105135995277498488225203356529434012189144549924480,FINITE,0.001026604230496661394710461765424332442355791311032056783007971481329621204291673654193867940700759786,FINITE,TRUE,FALSE
development,NONSYMMETRIC_D08_C10_E1eM8,decimal-source,NONSYMMETRIC,8,10,1e-8,7114902211182750907,0.000000107811181574452814415459196443426442956347085,2.73844967688554034235726420033642759443183503e-16,0.483364068408720082320571483749338947666226224,0.0000000865960249124174403405498073978264468565909548,393694222.2617992078043216993287054431113868718625325351293416785319210318875201698266741303678236970,FINITE,1.791527971814282528104588134625765078334369991744311568784642927933244597244663278204940202526235953E-7,FINITE,TRUE,FALSE
development,NONSYMMETRIC_D08_C10_E1eM8,binary64-operand,NONSYMMETRIC,8,10,1e-8,7114902211182750907,0.000000105834243072554277848091854301740288758478748,2.38246520883061533836979142897466547760248162e-16,0.48336406840872007039431560461121093783681288,0.0000000850081096956409902635501065240805912107126363,444221567.9804233810585408853414462485098729979108181981225278809625908992264279892491112377654078075,FINITE,1.758676642545973155566193834785709341706490970870800171461751932676393376051135503506428874622229380E-7,FINITE,TRUE,FALSE
development,NONSYMMETRIC_D16_C02_E1eM16,decimal-source,NONSYMMETRIC,16,2,1e-16,8989755795307285492,0.0000000000000507240043807890333007313690704585478817506066,2.85602264675184395507481651296874452118025355e-16,4.90439153614807792119183919610842855461295733e-15,0.0000000000000248694892447316522550050932944448703766452372,177.6036490413599133192370384252176801065175339953873916935246549191677918543536842043138982730478772,FINITE,5.070861300821878274876633751016868749926643365966868479130331209928630105717826808205170349734917532,FINITE,TRUE,FALSE
development,NONSYMMETRIC_D16_C02_E1eM16,binary64-operand,NONSYMMETRIC,16,2,1e-16,8989755795307285492,0.0000000000000250491925579576050347278321411610609815507326,2.05599675831028797412765748605081393430287294e-16,4.93184986426892840035167767480655874232815667e-15,0.000000000000012281377081997019352857455047700308006629955,121.8347862500725700772078375831554836902024049867059365449977665500280534129361146490410957201960355,FINITE,2.490217143667561012332271183246013742676834379641387191674430532625774831147895657087714962432816205,FINITE,TRUE,FALSE
development,NONSYMMETRIC_D16_C02_E1eM15,decimal-source,NONSYMMETRIC,16,2,1e-15,1534121424362681866,0.000000000000116499820077106585619747140612393424788729263,3.90062737404404336734286199156912801329590283e-16,0.0000000000000225631383390893041853006019786193505270578552,0.0000000000000489685268468886398868803156863743101811071633,298.6694418757651492231079014082021314110210987597604276344840067298033241971054122795484348993295781,FINITE,2.170288818468730482044666226680954149536072532956587549522750552147586509116085478634664863072906796,FINITE,TRUE,FALSE
development,NONSYMMETRIC_D16_C02_E1eM15,binary64-operand,NONSYMMETRIC,16,2,1e-15,1534121424362681866,0.0000000000000871241041352877022139805467389399252959236315,3.62287420523238681220553613816253149220843749e-16,0.0000000000000225466948337982572159853985049086569390947591,0.0000000000000366209924576384582455292723995977671542781066,240.4833819773744685164074397931745145343348293986397900064391987353345905786908204841944572535470474,FINITE,1.624228860486564684468851569828818269390564707440421100001053848672395331958738910929917039600279972,FINITE,TRUE,FALSE
development,NONSYMMETRIC_D16_C02_E1eM14,decimal-source,NONSYMMETRIC,16,2,1e-14,8904953109658526366,0.0000000000000812605094669733001655590318488768682010510297,4.41991107159560741926891992806084919631116825e-16,0.000000000000287523545161660044619719608439226760279627992,0.0000000000000368226517164589051092798911722152930292905954,183.8510054855875127964364193254952321176996402471255721583614112952367265485025473546999932015727991,FINITE,0.1280683002700018114108176760364441252849325187843729746842803453001100144873057060990873866964263929,FINITE,TRUE,FALSE
development,NONSYMMETRIC_D16_C02_E1eM14,binary64-operand,NONSYMMETRIC,16,2,1e-14,8904953109658526366,0.00000000000007466240830117899910950412602422214262510112,3.84161320533423612651097390506716545433537119e-16,0.00000000000028755645435243320218460734141840761485536042,0.0000000000000338327666811361696273243006172991311075640068,194.3517067192168373079125242770675525117418551034808030604673198950300561014605398792965314405945141,FINITE,0.1176560851583955711821585308607363151662765904133241739665780490626992254889728924031837075218683672,FINITE,TRUE,FALSE
development,NONSYMMETRIC_D16_C02_E1eM12,decimal-source,NONSYMMETRIC,16,2,1e-12,404179890617648820,0.0000000000000719675504302634966856925643007875056305800252,3.52570096688576322777706419031208715701940872e-16,0.0000000000430001240057952510222792077561644312239151361,0.000000000000040357398279506688687139759262799276631800294,204.1226726435399596715834034472768949473464510270970437760445324380821146098079816855224218637392058,FINITE,0.0009385414394169562267054682111262796468748589046250589198327044499516466837125661321368661136688351623,FINITE,TRUE,FALSE
development,NONSYMMETRIC_D16_C02_E1eM12,binary64-operand,NONSYMMETRIC,16,2,1e-12,404179890617648820,0.0000000000000597311564054840995314507207596936790615023489,3.19751800644827102166323766429035101024989127e-16,0.0000000000430001486972307031158389259099584558487385674,0.0000000000000334955692439121270068300788099578184050841948,186.8047538278981743017980321926870902008659219444252333095289239652317209400456726579459599911733175,FINITE,0.0007789640328864562665099827107662645012426533253843906351514467219949796102754464181341716459318175190,FINITE,TRUE,FALSE
development,NONSYMMETRIC_D16_C02_E1eM8,decimal-source,NONSYMMETRIC,16,2,1e-8,2118387047518460664,0.0000000000000464308694848675797591017003118574257959252561,4.83008941185246327908256562502973218163668782e-16,0.00000061879262115520988508675023809151594533165317,0.0000000000000186320661081659758258367798200895393979433627,96.12838505832162104696257093963059124994608742596623254958409547494529860701939134850052758519892518,FINITE,3.011035599193506047385041070997920218398865169837344003981458260513524240677403648579615478346094904E-8,FINITE,TRUE,FALSE
development,NONSYMMETRIC_D16_C02_E1eM8,binary64-operand,NONSYMMETRIC,16,2,1e-8,2118387047518460664,0.0000000000000525421836457653613931790094519036658916733315,4.8853607326611943040046095408676187012166091e-16,0.000000618792621148071035978451606900513966788123208,0.0000000000000210844520039487137422816805386608702779390373,107.5502639845883937462712932479379331622633336346676451222365790080661327132364527928191028297901509,FINITE,3.407353495073983780210212576894846978629346282361497584360012902730029401423743292673757856770812149E-8,FINITE,TRUE,FALSE
development,NONSYMMETRIC_D16_C04_E1eM16,decimal-source,NONSYMMETRIC,16,4,1e-16,3798704294459478308,0.00000000000426921617669207082248344672226904743664813214,5.51932275475253853389284569509543187416097893e-16,0.000000000000450153345355148653322749481277232193572506013,0.00000000000176661422377342258577951262664586743494715613,7735.036283239578665277197949400305410943483577645988877380157814819877391593166744014352518360932879,FINITE,3.924472053805690638303835669742205886874366576390883842708532916670230359155994755846922942184301698,FINITE,TRUE,FALSE
development,NONSYMMETRIC_D16_C04_E1eM16,binary64-operand,NONSYMMETRIC,16,4,1e-16,3798704294459478308,0.00000000000297501559690940453502793847229522962842808941,4.90395980912884926175447225212165751447154419e-16,0.000000000000450170343149182312049018672740104512281317358,0.00000000000123107021334305597811229134946418558299943465,6066.557868951811763813368429373969318266184418622087643695056364662446221259016009389340554391751890,FINITE,2.734676399895784849758420001084063396076928284136679209476423402486228625924410212970246460139647773,FINITE,TRUE,FALSE
development,NONSYMMETRIC_D16_C04_E1eM15,decimal-source,NONSYMMETRIC,16,4,1e-15,14489273279598202823,0.00000000000299092312997039586493681662286480350193962332,4.69598972963798441895133833946084564109025063e-16,0.00000000000227235797774881968022999255020790068435955312,0.0000000000013244030227039778386343402554523032697400185,6369.100662835068067021053624940485504366287396813724233195199147541727884302993520251467818046019254,FINITE,0.5828320342449026644375742980649953450555234740150755814847203362660466212949080953649627132370756719,FINITE,TRUE,FALSE
development,NONSYMMETRIC_D16_C04_E1eM15,binary64-operand,NONSYMMETRIC,16,4,1e-15,14489273279598202823,0.00000000000385127543440664729485903192363493826763165246,4.77289921398874464523601176115808788107935034e-16,0.00000000000227236416391143374129225753025279817291299686,0.00000000000170537342651271188555768937554715922069749964,8069.048311598664515597525986248122686826872087595609712314452876331415082953055128078903053991523990,FINITE,0.7504842109361743412617637824808509173014141795637871079422856952040579526968221880780792733206986410,FINITE,TRUE,FALSE
development,NONSYMMETRIC_D16_C04_E1eM14,decimal-source,NONSYMMETRIC,16,4,1e-14,11305935978951033267,0.0000000000035677663404074467887940316133861300024208846,6.32190451408687714445680266455432422139656154e-16,0.0000000000319031564598615887188906760717224958088899439,0.00000000000193489296403644733231217996327863410984758987,5643.499253203712147696300886583992567176680526543306982865727147718565860444432523923247835649726366,FINITE,0.06064895072281640408190698630433734679035269295547160311556513703450555370333128331676675282556421656,FINITE,TRUE,FALSE
development,NONSYMMETRIC_D16_C04_E1eM14,binary64-operand,NONSYMMETRIC,16,4,1e-14,11305935978951033267,0.00000000000380676885929512413182170477533846189637465379,5.83502418457520239110940635442888775451194293e-16,0.0000000000319031687316121946693166794818683115183103513,0.000000000002064510278641737088430962728704002259825375,6523.998425504832804695135717373138735109054083227778894718892118746463183787949221428562376731737639,FINITE,0.06471176252144685095836244320286412436956030228477148358285002637292903400694749493526738074159386921,FINITE,TRUE,FALSE
development,NONSYMMETRIC_D16_C04_E1eM12,decimal-source,NONSYMMETRIC,16,4,1e-12,9581984742764312496,0.00000000000194275954761677885222522670406444434737168878,9.28211310556840821992444794906869743357613495e-16,0.00000000358168922939612681559590202216707845500240008,0.000000000000764960824842415924281524327017190665208875876,2093.014301292345864921269191001887536521017677939251973439142687177311332285628872498369982934801918,FINITE,0.0002135754321073211593454336588132884859143322127207230357141979871402433270413904567547127229667668932,FINITE,TRUE,FALSE
development,NONSYMMETRIC_D16_C04_E1eM12,binary64-operand,NONSYMMETRIC,16,4,1e-12,9581984742764312496,0.00000000000154648852596963894588760525585919769392791781,8.86379830508855265264931192612524612633049574e-16,0.00000000358168921652136581447494463011528372283150725,0.000000000000608929262443352851341717890610512775600244991,1744.724409040114037693409283818335863346877221955296676330484253924069193617366365016271795546669561,FINITE,0.0001700117530115473132280105134338260225094881331654555412081898656306324348541448872133885623275667579,FINITE,TRUE,FALSE
development,NONSYMMETRIC_D16_C04_E1eM8,decimal-source,NONSYMMETRIC,16,4,1e-8,2718985041763758048,0.00000000000166063948897256353918069895698824582322045727,4.45768223990542556112786510046873714378655332e-16,0.0000424186691772727696256764389680278333242491862,0.000000000000824161540244084502695491870494942107109417537,3725.342901533949985256430881176269799433650783326232602390809120449128461161528699417160177942632888,FINITE,1.942921728165995362835584241598055287672256650140151154615965969651211167495830826112949352615568840E-8,FINITE,TRUE,FALSE
development,NONSYMMETRIC_D16_C04_E1eM8,binary64-operand,NONSYMMETRIC,16,4,1e-8,2718985041763758048,0.00000000000115938747139962388975627743672838302593616793,4.36912793089615799345738008763323861765865447e-16,0.0000424186691772481382590699206473458212470277487,0.000000000000575394340862982650750832668021406622673720719,2653.590120813469268096310683816278348640188620086341540038931995756502248773923114392687892127343344,FINITE,1.356464858571290727662138616286711835675898817143731001313940045927328983715284985559319110103850180E-8,FINITE,TRUE,FALSE
development,NONSYMMETRIC_D16_C06_E1eM16,decimal-source,NONSYMMETRIC,16,6,1e-16,6159039519799629949,0.000000000189667706999358717789044335634140329043096592,7.24841234112131857904504665648308744270565133e-16,0.0000000000337830274308123854453373541184519023077593076,0.0000000000794430603534055703909768115676980512376939574,261667.9323323614980526707094274186455901806048436846538038088172378414003769763049397864228360367434,FINITE,2.351567233460793226392648235238328056209355375957279312263533993943952018904007578377458525345195940,FINITE,TRUE,FALSE
development,NONSYMMETRIC_D16_C06_E1eM16,binary64-operand,NONSYMMETRIC,16,6,1e-16,6159039519799629949,0.000000000262875922966731929152391506748898247743535393,7.48025343107866064231963421301477599892435637e-16,0.0000000000337830541352870218142090168490468396501971978,0.000000000110106607730402352515462606448533878977321907,351426.4929508209676940646271047748554661475485889784719157077702397196604089518377592621346052809802,FINITE,3.259225980264288013333877610908960956948131042712873931932083830599142271006037584027794045585378490,FINITE,TRUE,FALSE
development,NONSYMMETRIC_D16_C06_E1eM15,decimal-source,NONSYMMETRIC,16,6,1e-15,3600323948614462378,0.000000000312265779782980955798372784606220466984207908,5.8827403847532764782540544635043913814903352e-16,0.000000000284291308005121734908874126342158550080850848,0.000000000124409664570910780137237223989829194303827754,530816.8631617719373256237757312314107914118409540417973391295928813477230497082794046249948651389379,FINITE,0.4376133250217746393213144653174798577186325420148317002655356795881543518299471036669882871815050774,FINITE,TRUE,FALSE
development,NONSYMMETRIC_D16_C06_E1eM15,binary64-operand,NONSYMMETRIC,16,6,1e-15,3600323948614462378,0.000000000196704871166689197292615470404723875452905233,6.10756318809111203574938082175456208755761483e-16,0.000000000284291280855216829130561621289254219116232263,0.0000000000783690965379543346067153393290591598732263316,322067.6808554940374813079638369636374382855732857185743417403651546108367151228051177214639723712942,FINITE,0.2756647910628886193448246202249183852649118644280252444182319959987286507586590050548623745308319879,FINITE,TRUE,FALSE
development,NONSYMMETRIC_D16_C06_E1eM14,decimal-source,NONSYMMETRIC,16,6,1e-14,9027180598272184340,0.000000000075456282430429498932149531798568767291036673,6.34921148588246090333752357207973957229916361e-16,0.00000000532939495950633911515912950014217269701623637,0.0000000000351054396884411012964678435225096079325192189,118843.5486803476989548094616890574379504707089819687147522005375252380518327637126539697234873361297,FINITE,0.006587134178490856640054161121256849043161194615738300407208396982951474148019605980142115826854668533,FINITE,TRUE,FALSE
development,NONSYMMETRIC_D16_C06_E1eM14,binary64-operand,NONSYMMETRIC,16,6,1e-14,9027180598272184340,0.0000000000532968056924688968665197481744383214160169193,6.71398860989062038587184779906781062199051259e-16,0.00000000532939497768161502944402473155765299226384758,0.0000000000247959180807588247741145162479253283340016106,79381.73385333933595739290579903707834832688273038338516909631057234109060436752531982220591699499602,FINITE,0.004652670365885604865289018785133705032340572488355461010267295852425240234167668466225455756034718764,FINITE,TRUE,FALSE
development,NONSYMMETRIC_D16_C06_E1eM12,decimal-source,NONSYMMETRIC,16,6,1e-12,6754162651773623548,0.000000000091105046124377757659314995366438856701770118,9.68780273124947246838637889579230085194118282e-16,0.000000411861862974518179274123687490570098222331345,0.0000000000409486730445085404560127501644381073037442547,94040.97982972408867328690196036755033927761495101179689548154410140051102289336555670913153842485076,FINITE,0.00009942331816976709889156820618479451374562748757399876086766391016388639106438505572061418739576915814,FINITE,TRUE,FALSE
development,NONSYMMETRIC_D16_C06_E1eM12,binary64-operand,NONSYMMETRIC,16,6,1e-12,6754162651773623548,0.0000000000674268499566393621636545597197461813455448807,8.83905636296000040838342921709018675953222125e-16,0.000000411861862980360536381570365592203671226213653,0.0000000000303061153113972800468742100176355504762090871,76282.86005640949716909798109410715095131115437778576759068334687427414501350420647979836699842263171,FINITE,0.00007358320358212533675775866074810697607691188117952510121575326801802412298463525696616890987679184909,FINITE,TRUE,FALSE
development,NONSYMMETRIC_D16_C06_E1eM8,decimal-source,NONSYMMETRIC,16,6,1e-8,4303583697932048525,0.000000000329454872581110325471249008597446819468172348,7.68791261681168078337310031833523587203931309e-16,0.00291476584834693032365675150450598540975527744,0.000000000152453533530582761995408799339810974748554991,428536.1827092948151984160927681091663082808986178637241463145677642002579779566496077863735090617020,FINITE,5.230386983470548866714792876947982143451883014146597159123389786008946115092340743056624898141494787E-8,FINITE,TRUE,FALSE
development,NONSYMMETRIC_D16_C06_E1eM8,binary64-operand,NONSYMMETRIC,16,6,1e-8,4303583697932048525,0.000000000318337730408025396903002858953238138417188209,8.02861598294761386099366401043225786595755676e-16,0.00291476584834690211944767462176721624986916064,0.000000000147309133650349103994530798656077053369953568,396503.8695139474920200497463086664685303424920672599965556186641511274836085857109249690505431751249,FINITE,5.053892535961161147537697488603838025925703481930116201468108655013803885667282667112669786281817043E-8,FINITE,TRUE,FALSE
development,NONSYMMETRIC_D16_C08_E1eM16,decimal-source,NONSYMMETRIC,16,8,1e-16,8797012748846576829,0.00000000326052247074101197352812671924099496908555249,5.25093779726506748477666370817031868573140298e-16,0.00000000229983190610293669547583250911405415897334516,0.00000000186696973573924157887030922793228220783558547,6209409.817117322651291436559042597824702625059532747945731361677773171503654142914875428456559007551,FINITE,0.8117853008234937856226454850889864385300750379612151902710961086349753243634563870304055236553483075,FINITE,TRUE,FALSE
development,NONSYMMETRIC_D16_C08_E1eM16,binary64-operand,NONSYMMETRIC,16,8,1e-16,8797012748846576829,0.00000000312872497252052689942922236364083873353129868,5.95300443999100496571621647765701319767149763e-16,0.00000000229983190675236034718175210990783872626270353,0.00000000179150270779145688602361956924648334242535086,5255707.439931380978929681855854416619339231854392132179750870922169231971180685932200746103194770646,FINITE,0.7789711511226376908610566890366041854050379532246951048165381491854955735194710227901854202051495344,FINITE,TRUE,FALSE
development,NONSYMMETRIC_D16_C08_E1eM15,decimal-source,NONSYMMETRIC,16,8,1e-15,7401063117363221241,0.0000000298747630449085109445335908915928845697740702,4.51754218063187685558887337555490643538009935e-16,0.0000000202521581591549732351802395018161033260086418,0.0000000147361338757242546522751776780039584763966526,66130568.01769557225650703621213741434176003262854052637562874090142541996744204327718859924646750770,FINITE,0.7276327668349161171675610677800980306476547009635569721025955523277393194688002516379442674441700362,FINITE,TRUE,FALSE
development,NONSYMMETRIC_D16_C08_E1eM15,binary64-operand,NONSYMMETRIC,16,8,1e-15,7401063117363221241,0.0000000358377334327566193351099701828686208925368864,4.17059595599800295665168392619775916729314706e-16,0.0000000202521581684127587558496630944932546369079466,0.0000000176774502570531700429667718108691776639231858,85929526.16571754963351163333811294393317711870674258397828772644877414246338507740107830282512738980,FINITE,0.8728674796064276100444680062872335571150524507573008376519341849645659409386967966680419019585417855,FINITE,TRUE,FALSE
development,NONSYMMETRIC_D16_C08_E1eM14,decimal-source,NONSYMMETRIC,16,8,1e-14,11506434812832761331,0.00000000824953101811911881359063432197847988160360133,3.9345066427913845271046255623284658253760069e-16,0.000000361873704456393628154902440741775513226115551,0.00000000423749944992359393919853649361202181130327739,20967129.47030732863490378108050815238063357785519695772947736986002444227128211208480951736124625441,FINITE,0.01170988496190725440541309156467945906582441020155905491516646069524357232292947368878780024346446976,FINITE,TRUE,FALSE
development,NONSYMMETRIC_D16_C08_E1eM14,binary64-operand,NONSYMMETRIC,16,8,1e-14,11506434812832761331,0.00000000772276186374237381934353579967483822199716467,3.98714335375814753152654331895113223865144855e-16,0.000000361873704450158050142037408845421111788244059,0.00000000396691631046930912874034530927674515139320979,19369160.26975342542873948244404257584453086302469049645354860312391141870400138060620331698564325141,FINITE,0.01096215685662146363863029211510060154083428944691821593121634416348657707768585818711539505587082156,FINITE,TRUE,FALSE
development,NONSYMMETRIC_D16_C08_E1eM12,decimal-source,NONSYMMETRIC,16,8,1e-12,13261659049119638566,0.0000000176717874986652219060737163800400747098783997,4.48308123473584149001992009253060191470902739e-16,0.0000217181377368387314409807568146760133999278537,0.00000000937921095510044356210152590120632341060720095,39418842.91933091457162641430301374743042961791996254611173878692942526287370450233070189271112981144,FINITE,0.0004318607363462495164094038668337495598706732378364697215649700504607262837447147255738537901324195763,FINITE,TRUE,FALSE
development,NONSYMMETRIC_D16_C08_E1eM12,binary64-operand,NONSYMMETRIC,16,8,1e-12,13261659049119638566,0.00000000835955194392723529544090874250373562248067965,4.69330205440745884994874191815222386029389425e-16,0.000021718137736829044616128640719322502818942763,0.0000000044367894972783973303336923839845106427388463,17811664.04168855414740568258069900680321214401042838067894982390594957012652352222343733481566803579,FINITE,0.0002042895920010032366595607092142174237039498548603325650591092183129964227475589346213612088556399336,FINITE,TRUE,FALSE
development,NONSYMMETRIC_D16_C08_E1eM8,decimal-source,NONSYMMETRIC,16,8,1e-8,6182563957615384444,0.0000000116890369102052040488400364691249096886829787,7.10710905200881106906881686144947196447911148e-16,0.162489061336202205882083810187674557266392945,0.00000000410457601373698033031923906568876195883039783,16446964.33481813487581672111600425501792426905577971050673488995900771125688373724568224135230350224,FINITE,2.526062973091032197433056518110744371636652110635296642896997819053731149188527765946924154003237628E-8,FINITE,TRUE,FALSE
development,NONSYMMETRIC_D16_C08_E1eM8,binary64-operand,NONSYMMETRIC,16,8,1e-8,6182563957615384444,0.0000000103616913808834001423094495420461297047869987,6.95902318525297557296374632748912459783949757e-16,0.16248906133620220419507483357553316767707342,0.00000000363848195796077634236402163851379697670308748,14889577.32292241271914086802807292758369608793949074411593639936901125655447784848794927554901944249,FINITE,2.239216552819196201204530261376828284505540265425319032433603653353018825725152312195131198475979743E-8,FINITE,TRUE,FALSE
development,NONSYMMETRIC_D16_C10_E1eM16,decimal-source,NONSYMMETRIC,16,10,1e-16,5320628604131068992,0.0000019322746336228311302681696326040405860660274,7.89334069251894272635916732742286729535754911e-16,0.000000304976886630234216234539367344519969330511263,0.000000836961051111307399532479931434170811177999498,2447980783.921033049031714562042160388342819323733656107923265309685367601730829804798788011419790139,FINITE,2.744342564313968418029489942518985501944460846560121448842398786006455883290417303894631766473934438,FINITE,TRUE,FALSE
development,NONSYMMETRIC_D16_C10_E1eM16,binary64-operand,NONSYMMETRIC,16,10,1e-16,5320628604131068992,0.00000213406333371490425634456882771155266602338736,7.46521727419653123009684732749600318222998877e-16,0.000000304976886649716458999814132014596148886681977,0.000000924365439489989707214331095266103338940265232,2858675448.189938853367828077940377315820459430140272235333218866094257781825148560367171516235894944,FINITE,3.030936047791965030386086901841205622862846641472519328010340268172047585195765872364857436242250685,FINITE,TRUE,FALSE
development,NONSYMMETRIC_D16_C10_E1eM15,decimal-source,NONSYMMETRIC,16,10,1e-15,10783022002325000839,0.00000106112500451760386214879198304089869669314335,4.62608757415852013608215789730186511024105978e-16,0.00000427127601906034904457750351399641512425975,0.000000503021494215957947690339744667937159139868758,2293784947.879248150049590036988121717605375329488833188818750028504274355543736915432821602111022347,FINITE,0.1177684354678204970224073452904387548381995318480591683587148770123079472922176420250499299855104318,FINITE,TRUE,FALSE
development,NONSYMMETRIC_D16_C10_E1eM15,binary64-operand,NONSYMMETRIC,16,10,1e-15,10783022002325000839,0.0000004930340480753904350956137690327603730774978,4.76259001424677976256954795050478006933897908e-16,0.00000427127601904092321761528070343064737411514387,0.000000233720553663676261615254214564656792360470422,1035222529.339144660827648702104615269237213156485657539006474581394528252244956986895678899262877877,FINITE,0.05471914074898772733953399321563405626022624297159675884501054934933708838913695902844948744635476487,FINITE,TRUE,FALSE
development,NONSYMMETRIC_D16_C10_E1eM14,decimal-source,NONSYMMETRIC,16,10,1e-14,11888844842351637888,0.00000053064254861061388293934492159175478379195402,3.61558970294389003090200630152946348538991804e-16,0.0000249607326118735397647692161218673592920540306,0.000000262385853349859386659032534401386164256306118,1467651454.418496198252807266807359084326196938587130584412735994314214264143082696209507044565748659,FINITE,0.01051194519927854150123477986599958630137719206970100571008896095161313493400132061148259623426838699,FINITE,TRUE,FALSE
development,NONSYMMETRIC_D16_C10_E1eM14,binary64-operand,NONSYMMETRIC,16,10,1e-14,11888844842351637888,0.000000499974337758627497291292943344212845856602565,3.82874631043698989771350286630111200991712747e-16,0.0000249607326118662789620186059152465357504332997,0.000000247221399055379711543553786674220482517928405,1305843472.563643049885824812068313603160856091321461615583182047258753751788105462538860476641558296,FINITE,0.009904412779048447742771097839519571457070368546971801476432530464085119822442792044994405504957089972,FINITE,TRUE,FALSE
development,NONSYMMETRIC_D16_C10_E1eM12,decimal-source,NONSYMMETRIC,16,10,1e-12,3571665662216106740,0.000000689442626295072716580012182764793813533388139,4.49321420190549000825507390412419868731931343e-16,0.00116967389455547485554625350931593490339806038,0.000000404854650355786284116998078268952037583550976,1534408544.339356671662852207384207985293590663084172811667866626429579885038863203167640224681113520,FINITE,0.0003461260888528661518632325272078251043650328608596626221499547116251155049659709842652237796688123184,FINITE,TRUE,FALSE
development,NONSYMMETRIC_D16_C10_E1eM12,binary64-operand,NONSYMMETRIC,16,10,1e-12,3571665662216106740,0.000000448747411003865816569171372064239549352460324,4.43918021071850362147891822990928111567718868e-16,0.00116967389455547239614997351508842539184364522,0.000000263513553196344952749396883507231316672784668,1010879013.022167427160667551135569815158229073450789293867819225084991178275253560418165825732494993,FINITE,0.0002252880520142682253221866342969304697324974185435780525317720054213272504690638160036185515754210950,FINITE,TRUE,FALSE
development,NONSYMMETRIC_D16_C10_E1eM8,decimal-source,NONSYMMETRIC,16,10,1e-8,934776326821719402,0.00000113834626960466002153237323504932575548154795,4.19813536517548087477078378623304171582638641e-16,0.134060784621501942468282223740757910334641954,0.000000543303031835419908417682838776003892562526715,2711552083.449975816521435410523392538986330940087490070221711562154146120199041847276368593901268913,FINITE,0.000004052661882961110207964967707687855501563242434391235310597128787883994249263345225117114206069613483,FINITE,TRUE,FALSE
development,NONSYMMETRIC_D16_C10_E1eM8,binary64-operand,NONSYMMETRIC,16,10,1e-8,934776326821719402,0.00000130794197900720489700266888046950665744794998,4.5691710615377698290351877550573569593243007e-16,0.134060784621501937283305259270421198987526639,0.000000624246647644589911312810990024656225353119426,2862536686.396268652542009642526684010081494333315735382170609578374003002479499616080646429838213254,FINITE,0.000004656444831402749574724017666260882895054758193848446774226608316183690716926701627067165286459457751,FINITE,TRUE,FALSE
development,SADDLE_POINT_LIKE_D02_C02_E1eM16,decimal-source,SADDLE_POINT_LIKE,2,2,1e-16,13026796941275763172,0.0000000000000121912169734489970569854597964380290740026737,5.60843564592032993961754711159159763304178943e-16,6.95590507300210773170421095847308825351473376e-15,0.0000000000000169061761184912563969457017235079051320682485,21.73728601542765771431557729652500588754000987363107656057704593352875962091339861864128584068898448,FINITE,2.430478268616552410050772246613958640660957556105996828493967837287669872923869319730570107786750052,FINITE,TRUE,FALSE
development,SADDLE_POINT_LIKE_D02_C02_E1eM16,binary64-operand,SADDLE_POINT_LIKE,2,2,1e-16,13026796941275763172,5.26190396140730936355332519071180491173302041e-15,6.01333696460085330337102981190894707392404253e-17,6.1268639236123367688745469025369299863293556e-15,7.29694789977736315188601143993346241129798204e-15,87.50389330222039640998027124379373058151439865103597656909030214847269030279091289870517396208546492,FINITE,1.190976001875223099367439797234757061358777104549996465854655629805393217649664486854868548888435127,FINITE,TRUE,FALSE
development,SADDLE_POINT_LIKE_D02_C02_E1eM15,decimal-source,SADDLE_POINT_LIKE,2,2,1e-15,7350728063870898904,0.0000000000000255652969780845649065106584651924681248330218,1.48207858863972005955060757423272720158761324e-15,0.0000000000000896847971055306065464484132889102956320850253,0.0000000000000240498083737082675852263728932769547881036536,17.24962304566378029645556969491754900122935968236083464642016805057031784015588964658011671353358661,FINITE,0.2681592549672522396130141712476311996720862250812481374208660374847261493285222334111128114728358246,FINITE,TRUE,FALSE
development,SADDLE_POINT_LIKE_D02_C02_E1eM15,binary64-operand,SADDLE_POINT_LIKE,2,2,1e-15,7350728063870898904,8.32928860599765509297821681263312534219427981e-15,7.14521572449064068417074721320302492189964282e-16,0.0000000000000904080813669709976170434798010575600934299017,7.83553561045170867767923929085105360297476589e-15,11.65715483921435155034455639290390908987267297876183785675413978254820578154060400626977806802383589,FINITE,0.08666853108680485500793580712215544951001580345748244025447198215509840171276013145088061235875703896,FINITE,TRUE,FALSE
development,SADDLE_POINT_LIKE_D02_C02_E1eM14,decimal-source,SADDLE_POINT_LIKE,2,2,1e-14,5172721067316819950,5.91299121984334662067547208447092458235623578e-15,8.72712423938950034935029556972708725758096911e-16,0.000000000000634519806323078860353122868201996576554422323,7.33416296581589447875715526870247166468226492e-15,6.775417717964085768140458239544878034708601925544633511169667111982406082685425256917470157053308175,FINITE,0.01155860367592931208811549122272094937568596710015039264641679385519380798440817979766728976930248908,FINITE,TRUE,FALSE
development,SADDLE_POINT_LIKE_D02_C02_E1eM14,binary64-operand,SADDLE_POINT_LIKE,2,2,1e-14,5172721067316819950,0.0000000000000118010338004162587761716266824049006860967833,9.28445701272609202525143870623124744958145762e-16,0.00000000000063445062206281992026068560553421299260918727,0.0000000000000146373809531290763477242157785668653035002141,12.71052661910193092796025148385181596265614327131732211936739588836355136471688194166924380707344462,FINITE,0.02307095374189697125605510376434141966854805058230767861686351665970132588661446277926436518214025722,FINITE,TRUE,FALSE
development,SADDLE_POINT_LIKE_D02_C02_E1eM12,decimal-source,SADDLE_POINT_LIKE,2,2,1e-12,16988345681857728231,9.14986034528652117104596175082019455339920285e-15,2.42277787237820391027665693496984417475773983e-16,0.0000000000863801971703780299704065450168521345112108316,0.0000000000000253771466448193799094833440479978625879091353,37.76598940250762156662311151928144403194176401722760553060428412706460846024505384442308194203920191,FINITE,0.0002937843102483893141983463499385563742845799648572390717983947340262875905080912602002805392634562363,FINITE,TRUE,FALSE
development,SADDLE_POINT_LIKE_D02_C02_E1eM12,binary64-operand,SADDLE_POINT_LIKE,2,2,1e-12,16988345681857728231,2.97389732331257500347404029499661692700106212e-15,6.60842129121031474071112225734982264866137117e-17,0.0000000000863797063317420786326324808653425289044581712,8.24810714397584736730549343293559030410036962e-15,45.00163037831859592966289161186853122308173046809532758547314898578171852760219943940031201998995831,FINITE,0.00009548663099523531510189416071940799812980936318548968536899793272695612691601794129286765701797455685,FINITE,TRUE,FALSE
development,SADDLE_POINT_LIKE_D02_C02_E1eM8,decimal-source,SADDLE_POINT_LIKE,2,2,1e-8,8409439211702199946,2.4484733674266268093815959066957805240533952e-15,6.54322294907540774734258317860066929731164384e-17,0.00000101636720293593273524386008675353940053079654,7.74275263133046595848887600507974602895174456e-15,37.41998991143361754237486443679239830981305875575618557470564957357821622254264473108036458513994339,FINITE,7.618066195922434366856324311828848581070723926866984355907233965798485130652507658205498307313090242E-9,FINITE,TRUE,FALSE
development,SADDLE_POINT_LIKE_D02_C02_E1eM8,binary64-operand,SADDLE_POINT_LIKE,2,2,1e-8,8409439211702199946,1.16230450549995513340961270526848767797433699e-15,1.25512157427916083664022183599614292050429759e-16,0.00000101636720312728037975057890401717603101625311,3.67552957205556259148385186754677504500109543e-15,9.260493400151198619113741592729625488305997736481677668577866804699870099404693244113682694710601686,FINITE,3.616340197466282703184648022725294607897265186257447985488205074875670306882596855186473837482272886E-9,FINITE,TRUE,FALSE
development,SADDLE_POINT_LIKE_D02_C04_E1eM16,decimal-source,SADDLE_POINT_LIKE,2,4,1e-16,15585786648907309406,0.000000000000505868243083692971941658399113224644100676565,7.07456535129784405525675819804621315220847099e-15,0.000000000000821283799698680125687943251458433718776321201,0.00000000000047588081292137633774216322837228173299655437,71.50520462587717381083286797710724992821110610804357666880975985310521338732711604968025354637922601,FINITE,0.5794352854591454319794006082363070085934714341560030530213017262266471324767006456180300801855965104,FINITE,TRUE,FALSE
development,SADDLE_POINT_LIKE_D02_C04_E1eM16,binary64-operand,SADDLE_POINT_LIKE,2,4,1e-16,15585786648907309406,0.00000000000125829923848459355298567940796565065260441723,1.28032176293804997486097663581670344677994627e-16,0.000000000000827868571503303884300986140566139491201111957,0.00000000000118370835231364917321226429062032791736126888,9827.992266546186872741190425379161315856310878025031151206614125412034545838182273140830196604736332,FINITE,1.429826415760880460195240827888575610788840590754799637526760368240144949042413200776374270721361548,FINITE,TRUE,FALSE
development,SADDLE_POINT_LIKE_D02_C04_E1eM15,decimal-source,SADDLE_POINT_LIKE,2,4,1e-15,467657372582350717,0.00000000000146959532170437734213043461408147355251831397,0.0000000000000166699279730260988662082918559600836660617169,0.00000000000834453347644942408291825793830658443216757315,0.00000000000138247898720621387952247173507175321081615692,88.15846859580648207599935509939838661095368916662072284719460586209908401530775704479519762801921911,FINITE,0.1656748086765966052875997189673624285384813244643565661740447928588694771323400267259172598250124361,FINITE,TRUE,FALSE
development,SADDLE_POINT_LIKE_D02_C04_E1eM15,binary64-operand,SADDLE_POINT_LIKE,2,4,1e-15,467657372582350717,0.00000000000092862496586087826314225157805793716593936975,8.95496226786176481726334482450868896704128534e-15,0.00000000000835179141847304747753309781706818678069141098,0.000000000000873576884287330614158851512533714802521363228,103.6994839379275406070429943965919730981536843984501890942063827050943673343802060455156713868954672,FINITE,0.1045975456660825109970865621739404989619148899785413443831247318248935831922623715093165503293968133,FINITE,TRUE,FALSE
development,SADDLE_POINT_LIKE_D02_C04_E1eM14,decimal-source,SADDLE_POINT_LIKE,2,4,1e-14,15614587718161685757,0.00000000000164998044356126467549304486820124243920066157,0.0000000000000141178677491346292752749320224989072954440074,0.0000000000228871913857296039401904911758820072149552899,0.00000000000178965506506787263676739102448376445582698955,116.8717877855458802685651347131418358656388885746784789025191435508672624913143013846281904017410946,FINITE,0.07819461265062609338056291172028585693044342321186056604707904982142777703111093766924995263464496221,FINITE,TRUE,FALSE
development,SADDLE_POINT_LIKE_D02_C04_E1eM14,binary64-operand,SADDLE_POINT_LIKE,2,4,1e-14,15614587718161685757,0.000000000000303103077855912897710167198771188638203129381,0.000000000000014837173923707807900049996605366860983185989,0.0000000000228879715953650298144389134452935929210115106,0.000000000000328761447227634818238471290825463388941221816,20.42862605873986254536027642825809157663141769273359181958692323051668471855964187939407609689880861,FINITE,0.01436393984752284694284278760783304961212463013546841265149390105391907563280172904292783959026062944,FINITE,TRUE,FALSE
development,SADDLE_POINT_LIKE_D02_C04_E1eM12,decimal-source,SADDLE_POINT_LIKE,2,4,1e-12,9003497367679453811,0.00000000000248019883525633850813748363697084516688564535,0.0000000000000150425552577693373142390085925910436748525358,0.0000000063125144526220862482923333361329656387224467,0.00000000000288317258213720189730409982161876195241802086,164.8788249573049965077450531433794349242533054830208418581682195015032288867829035025945732581512792,FINITE,0.0004567391653162223514390394050758578981595432227580857175458931623482460991037232039113207070687994091,FINITE,TRUE,FALSE
development,SADDLE_POINT_LIKE_D02_C04_E1eM12,binary64-operand,SADDLE_POINT_LIKE,2,4,1e-12,9003497367679453811,0.0000000000010141615364706198834789378851253003861891947,8.81951468486384822077172320455087196711550089e-15,0.00000000631250721879069619400425350461275289794148124,0.000000000001178938839195136416270295285769225678666295,114.9906284765459361713843970186169007420189165472211855997337436994948035928944528110161943747188907,FINITE,0.0001867623748113493432085871236253764758593389429061173715320135624887348435171284383256785467648900718,FINITE,TRUE,FALSE
development,SADDLE_POINT_LIKE_D02_C04_E1eM8,decimal-source,SADDLE_POINT_LIKE,2,4,1e-8,17776842418592038189,0.00000000000125874183450133956479642593610509231500315586,9.50494952898631536667352918100399723792306077e-15,0.000048306452851708338613447306359941565059543312,0.00000000000140731615403389268188367769343383655173343386,132.4301439647499071699652873644867318383652031743505458100586877777774866687839113576419271306836100,FINITE,2.913308825125468723574662654768383074135106786682844494545367027867918598934532989181472535760191883E-8,FINITE,TRUE,FALSE
development,SADDLE_POINT_LIKE_D02_C04_E1eM8,binary64-operand,SADDLE_POINT_LIKE,2,4,1e-8,17776842418592038189,0.000000000000740995784587918364671597854976791612083714231,0.0000000000000143661214884714117046206773758446671078257057,0.0000483064528571439350160453661008780894711630517,0.000000000000828458472689690842882398459663239242695171716,51.57939010766099380055935121681640375153327941999499986238585234723932458775349813352814046961857822,FINITE,1.715005809140407506356585501073691386579114897873696953788480785301245351756122084494309465928815765E-8,FINITE,TRUE,FALSE
development,SADDLE_POINT_LIKE_D02_C06_E1eM16,decimal-source,SADDLE_POINT_LIKE,2,6,1e-16,6172187102188567891,0.000000000147362291658679890424781165273319579196157227,0.0000000000000900045535527019989506327809101096166933266688,0.0000000000533333288187595612072078584866140843860038293,0.000000000143130910532643575554058064525333921142327554,1637.275958181295511841123108595949444541735711876369536412557868837042795261058792664672936679080484,FINITE,2.683704799658003929107763405377660908570002199812451031947336343792220246465412326097332544885633180,FINITE,TRUE,FALSE
development,SADDLE_POINT_LIKE_D02_C06_E1eM16,binary64-operand,SADDLE_POINT_LIKE,2,6,1e-16,6172187102188567891,0.0000000000976775730641475101705430083415806887231595756,4.02214756965240102607458673081554137595317674e-17,0.0000000000534207445102011547520055755091237936356970339,0.0000000000948728457865745335747627116481877423026265168,2428493.022014826944723880615253309563051907468301839380697632512118826589064655463559053089891019227,FINITE,1.775955139832574597696048900112588660980965461982763793557732225623591119533215625449456890353473410,FINITE,TRUE,FALSE
development,SADDLE_POINT_LIKE_D02_C06_E1eM15,decimal-source,SADDLE_POINT_LIKE,2,6,1e-15,3187447656405735246,0.0000000000400375222937341015489073085098161010255056904,0.0000000000000584338780972348356365592730110210828333455659,0.000000000984317531151172764235868640540661931785962148,0.0000000000596844143329685022256924140679055538941412845,685.1765379513417456082903990124977004991925272693748104178118904177836035175047260507426734985261583,FINITE,0.06063532594321140094833307164908009692578931921156842381156441615587822282355424960698542426175803443,FINITE,TRUE,FALSE
development,SADDLE_POINT_LIKE_D02_C06_E1eM15,binary64-operand,SADDLE_POINT_LIKE,2,6,1e-15,3187447656405735246,0.0000000000458915936356034281833846772062741061374040922,0.000000000000025366975188285741051560122097519630867731055,0.000000000984366824366015609430729492328033104984593312,0.0000000000684111486433405365491347131512376952181866473,1809.107837847209542806628013378617710373438550607432839142921632428456080918662918794906240776379402,FINITE,0.06949761709757024874416536899298838589065855251756836659590982866946376720151634229866407488285809962,FINITE,TRUE,FALSE
development,SADDLE_POINT_LIKE_D02_C06_E1eM14,decimal-source,SADDLE_POINT_LIKE,2,6,1e-14,6521552846589150495,0.000000000115987800990352437375199207631622079016565499,0.000000000000126435886014958211440455598618284176875645652,0.00000000407601440980699088570108275403632434918462956,0.000000000215383939293160868651276476237486060683030209,917.3645603798774685935004537314397930949552386868012328232356300176899460446900505566785885554405461,FINITE,0.05284180025834595067515968980290571404219982720143367223625462793881641576858329895242875189807355673,FINITE,TRUE,FALSE
development,SADDLE_POINT_LIKE_D02_C06_E1eM14,binary64-operand,SADDLE_POINT_LIKE,2,6,1e-14,6521552846589150495,0.000000000111591745280371475304514923870705787407794555,0.000000000000130432269619266383200123126230531063187817593,0.00000000407602183091201929603031707126242394046424617,0.000000000207220668776063271325258674267533691670111173,855.5531971199254479637756973802121819148447064440679572857551354188763871310038842938203921187079952,FINITE,0.05083894968484434447270029103142901221997244805604731204552168571518480038227419962043030572658945497,FINITE,TRUE,FALSE
development,SADDLE_POINT_LIKE_D02_C06_E1eM12,decimal-source,SADDLE_POINT_LIKE,2,6,1e-12,13037184807178231982,0.00000000015125976962466179522516603124022206433825538,0.0000000000000125283273503785751354489659943374886867262164,0.000000895689411419043445539002910193829056922204166,0.000000000175835910558010132846847151076255809738995663,12073.42092798134766665584546989424741516305148214758756291777023310963660094695443569846855721683160,FINITE,0.0001963134858091408801388772966202976492714469800616166751444837039730577327499957033180110049714319977,FINITE,TRUE,FALSE
development,SADDLE_POINT_LIKE_D02_C06_E1eM12,binary64-operand,SADDLE_POINT_LIKE,2,6,1e-12,13037184807178231982,0.0000000000277539048211344123443388498825528335503355629,0.0000000000000569786376261679805790871181391350620649191375,0.00000089568946309150758276040061176186866739850642,0.0000000000322632590137747393351882480689412104530525856,487.0931629363522710205037684411976855212852827535252447963577077026665470145630491403920788663449830,FINITE,0.00003602058564183263436860387659948373767362791463363594406301586093914664193864337081373534345387887777,FINITE,TRUE,FALSE
development,SADDLE_POINT_LIKE_D02_C06_E1eM8,decimal-source,SADDLE_POINT_LIKE,2,6,1e-8,12016892431086409830,0.00000000017478921684123814757571019761342770497897545,0.0000000000000470950405293685062591489164968462347876038462,0.00389585055713553997573092007101306674452827004,0.000000000204575304566117373627219141160666327754163395,3711.414511518244628410299632375666272215800256811113001902603514420246308036351479983027640144071666,FINITE,5.251107596810213674345981268948182782935357323246016295265619326705715318262433441888142957695339345E-8,FINITE,TRUE,FALSE
development,SADDLE_POINT_LIKE_D02_C06_E1eM8,binary64-operand,SADDLE_POINT_LIKE,2,6,1e-8,12016892431086409830,0.0000000000367783678448923855910889364775377734106066415,0.0000000000000948817691255016969149260940172130034498774396,0.00389585055719166782911912719146054332079100142,0.0000000000430458236456770331927020453431198503067093135,387.6231249044800761683768490930545351289100589365001212521465680970979942133603530704710309789058794,FINITE,1.104914652493926944658411018662054012511686689816871091848079576265908056307251935120099446756281997E-8,FINITE,TRUE,FALSE
development,SADDLE_POINT_LIKE_D02_C08_E1eM16,decimal-source,SADDLE_POINT_LIKE,2,8,1e-16,3502148236062832963,0.00000000237543814534262810590604469904614149335913403,0.000000000000100009527124226087712876225813181992970105413,0.00000000777746760396712002630329226150425251278786112,0.0000000167968842086096800742835074848360473901499695,23752.11855958478178140398843971537563594941025373080168344604294558518423750228840459174172319536945,FINITE,2.159685525407003736784970374269494687574876654558962566056670893702708491474612218580776973091127703,FINITE,TRUE,FALSE
development,SADDLE_POINT_LIKE_D02_C08_E1eM16,binary64-operand,SADDLE_POINT_LIKE,2,8,1e-16,3502148236062832963,0.00000000127543814634783014919386423708042514819416117,1.42076872854483829112591637219544981986438914e-17,0.00000000777817471074696573176644665577122839752329735,0.00000000901870962267269281700351225412487556482576297,89770989.51594628735299394478972418924646846999169078347372718043653173958430981541995803605291474059,FINITE,1.159489206408760920396334944726635492400826576591786835568961819914397027339658083927417495094779916,FINITE,TRUE,FALSE
development,SADDLE_POINT_LIKE_D02_C08_E1eM15,decimal-source,SADDLE_POINT_LIKE,2,8,1e-15,2214474677380291679,0.00000000803727299483732607510392054288810153567604846,0.00000000000292710219082529800153579567154463758580688316,0.000000061025349052609107876638691719010796358011332,0.000000007430461512253332836708324082040439616682325,2745.812230276529132337588481970673295200649920485628597244721866115862855165031399014029794011099653,FINITE,0.1217602459897056044751147312555147839719982752830864453081874420255418982394181009760244043149801540,FINITE,TRUE,FALSE
development,SADDLE_POINT_LIKE_D02_C08_E1eM15,binary64-operand,SADDLE_POINT_LIKE,2,8,1e-15,2214474677380291679,0.0000000114424374988702292982903754355397955015205112,0.00000000000193509480558236639196585667599517066070539119,0.0000000610262661637441370783702090546019347063583592,0.0000000105785372098608675286817765859811391607936929,5913.114678340852678680342953632957950504524579036275864749923803952503792404619271229293285242930979,FINITE,0.1733440020970118585920917042400869243345293002676424963192029238254737201832197443935585140765447255,FINITE,TRUE,FALSE
development,SADDLE_POINT_LIKE_D02_C08_E1eM14,decimal-source,SADDLE_POINT_LIKE,2,8,1e-14,5951943962751057553,0.0000000322994579086560594570633425488218967876969552,0.00000000000155642193381619267817351001174054570235034947,0.000000155464668566044850402988136807828491641820076,0.0000000456783314317203243023554590476747944103068287,20752.37903481672384924202937273004383829175677009577809170279583901994250962025721400551737390162504,FINITE,0.2938180864696929690862355270867008618419890042651833395555557423411101740706297452384919387747740275,FINITE,TRUE,FALSE
development,SADDLE_POINT_LIKE_D02_C08_E1eM14,binary64-operand,SADDLE_POINT_LIKE,2,8,1e-14,5951943962751057553,0.0000000131325657593771831272685430864426229742231802,0.00000000000161237160259243711254391399774499165094991862,0.000000155464747690820680647234428211503203612924555,0.000000018572252605667202608116068762839338147009167,8144.875373804714701730182004820993443469134417949619808181718316748138163860079586152356397389778197,FINITE,0.1194627906424331444381557194669261860175424055837389248669240870084374872133435711331066713506441543,FINITE,TRUE,FALSE
development,SADDLE_POINT_LIKE_D02_C08_E1eM12,decimal-source,SADDLE_POINT_LIKE,2,8,1e-12,8897003781037175326,0.00000000279155163720548608239920084169074778412503838,0.000000000000139202032809347130168154052579262095897673845,0.000108513624578832744438684139751823617337607007,0.00000000458928262167194062527792724987695549663365358,20053.95740900444043020195720759890239000514858865056660015802170214666294895620904837234541404671751,FINITE,0.00004229222495777872080420664798896009275861986493882397588963799771658379351797625991799728115393701082,FINITE,TRUE,FALSE
development,SADDLE_POINT_LIKE_D02_C08_E1eM12,binary64-operand,SADDLE_POINT_LIKE,2,8,1e-12,8897003781037175326,0.000000000969711088014188222863572979856842554436670892,0.000000000000050283354572267186666013152602640341841247784,0.000108513624432664644511501496479257492266815092,0.0000000015941952084832828410822408367110609513376013,19284.93228550454845938315677207375064902959766269225613870145386842705661750714925867874071880509149,FINITE,0.00001469119861047973678246300923632062984614661153232323458733918439878027229734194141106742172107761128,FINITE,TRUE,FALSE
development,SADDLE_POINT_LIKE_D02_C08_E1eM8,decimal-source,SADDLE_POINT_LIKE,2,8,1e-8,7661519954284096115,0.000000012189910320384434890640783389000137965676982,0.0000000000005206658140419500866100709625517666329749482,7.77888102480050823985826194454428287332859263,0.0000000287318941653323801032037041766407402154470102,23412.15803233490730669647049360832635272206527229082543940261298510750603473379621339537453146235533,FINITE,3.693576759141809632202662497627156058483323120874143532759231834888100225249806836384854679805018931E-9,FINITE,TRUE,FALSE
development,SADDLE_POINT_LIKE_D02_C08_E1eM8,binary64-operand,SADDLE_POINT_LIKE,2,8,1e-8,7661519954284096115,0.0000000328348210956554319884783515132774402004824114,0.00000000000240050827387596619342005516166395266845752963,7.77888102480057655890405806774850874014421068,0.000000077392415519240131143000766014567343534438423,13678.27865997682495725340877983453002473896856201316811056576623108365129965392517533484303728697974,FINITE,9.949042191608040871464537302180672837296843789208343105601658425921648057667949123734370646147950100E-9,FINITE,TRUE,FALSE
development,SADDLE_POINT_LIKE_D02_C10_E1eM16,decimal-source,SADDLE_POINT_LIKE,2,10,1e-16,7134864161982781462,0.00000106146594556731277870940918984632634599804762,0.00000000000799995672061868079952885856510373621492081761,0.000000582990995334644069894225658361323486453958068,0.00000112515165200029784363969170102480773722060864,132683.9610058820117753879815829242450970447767044476113901358046751735275465941580973031767129396124,FINITE,1.929964032042118978540392840025580045688724456244563311759256383127230772426519563868798091501723792,FINITE,TRUE,FALSE
development,SADDLE_POINT_LIKE_D02_C10_E1eM16,binary64-operand,SADDLE_POINT_LIKE,2,10,1e-16,7134864161982781462,0.00000092633633503966682014454212335206429188479338,6.08667548835692021579247299795289482120263219e-17,0.000000582999475333547632909240452392259720965639517,0.00000098191455131060806906146127967011382676344145,15219085308.74755956792220854353756718473359210865182670528147805391977104001681710659187423127274127,FINITE,1.684246029121778870917686977658654679560590628469376568133736890108906673417333768028450707172781305,FINITE,TRUE,FALSE
development,SADDLE_POINT_LIKE_D02_C10_E1eM15,decimal-source,SADDLE_POINT_LIKE,2,10,1e-15,10893762674769248071,0.00000253734422973866143820488372805648595819171023,0.0000000000218088963542605550750969068698832208927180493,0.00000347863855968291796464408310149949611623495188,0.00000267459565795323767693113906834017817307172574,116344.4581753431767062584778346192103262532471649823212859038474463343226391212796571531878642051039,FINITE,0.7688627639995545403974058780737840330489782527437140794204546230547457960393946594375248440383571949,FINITE,TRUE,FALSE
development,SADDLE_POINT_LIKE_D02_C10_E1eM15,binary64-operand,SADDLE_POINT_LIKE,2,10,1e-15,10893762674769248071,0.000000102591077693491085422095618464352197361842511,0.0000000000118887060419248397606041567195809789692111545,0.00000347864901648070844891931099377142727280719274,0.000000108140491040879066074098949437023179523401554,8629.288783128250958637959647656998946971203367387579040083056654945794446171333743695337112926046954,FINITE,0.03108692211503505128627355120460660588973470003169267516750190807795356315772777429734585604621784082,FINITE,TRUE,FALSE
development,SADDLE_POINT_LIKE_D02_C10_E1eM14,decimal-source,SADDLE_POINT_LIKE,2,10,1e-14,10818478010578314408,0.000000452025407715401671748427022813913295213247743,0.000000000000321348414018764730814066685323575506270274754,0.0000777895956824789719537796727794108325823628529,0.00000159815115532087230503819694328177047304498572,1406652.057380330573352797174654825636760921206191231182450018758378039794932594868998625996578045057,FINITE,0.02054453608223128607842291163178984802363949415031417473447592413478893629612573501094327962270319348,FINITE,TRUE,FALSE
development,SADDLE_POINT_LIKE_D02_C10_E1eM14,binary64-operand,SADDLE_POINT_LIKE,2,10,1e-14,10818478010578314408,0.000000349401199447779528151489354020786852295814824,0.000000000000481367867627937478794524230591762006625719035,0.0000777895962479745555975584500766970382778243103,0.00000123531978741708446698459196102649750570517705,725850.6912178055190520597124286860051413415910688974832702687255481224037240980840826002778384048656,FINITE,0.01588026994611440820861967338930527250736064893476159712444928239545970619440010133121856748646895693,FINITE,TRUE,FALSE
development,SADDLE_POINT_LIKE_D02_C10_E1eM12,decimal-source,SADDLE_POINT_LIKE,2,10,1e-12,15653859858006204040,0.00000261778136065130592078881325747375896026837845,0.0000000000110724247212358481824412812501471105935474877,0.00551831662939324093154107959084790664886110813,0.00000324695816280961710790648170979189975691477425,236423.4958970326034511121787487196597469455306729750845845772507005415342777061295889143740751409480,FINITE,0.0005883964949591216220357352353460820639409771585338276130029107477800163366840125075836506001053615835,FINITE,TRUE,FALSE
development,SADDLE_POINT_LIKE_D02_C10_E1eM12,binary64-operand,SADDLE_POINT_LIKE,2,10,1e-12,15653859858006204040,0.000000854713689614569340636560235111170139668192494,0.0000000000048092318799934758691340209856837140622823582,0.00551831663717064938792786939646830863881393149,0.00000106014185641276682453493568474474151438860946,177723.5348476748499462809947850020763643379092098108808994671603391009415286214105968910560477707155,FINITE,0.0001921132704259468923482736705431419976888224906780321665008872051197050661007208596996039162375275518,FINITE,TRUE,FALSE
development,SADDLE_POINT_LIKE_D02_C10_E1eM8,decimal-source,SADDLE_POINT_LIKE,2,10,1e-8,1243587067684604192,0.000000150341663822889669739301400739202006876659837,0.000000000000492799541658870261462680341697874275759403135,0.979040664916246341878267561849769662370816365,0.000000182316047021433975233652201636309250757449264,305076.7119563605615583138288741554176449170375383249479225065409048116189342319247189654444480579288,FINITE,1.862190750136313326455026540090394459231505156027968358461172868617324346001345926008281863155614121E-7,FINITE,TRUE,FALSE
development,SADDLE_POINT_LIKE_D02_C10_E1eM8,binary64-operand,SADDLE_POINT_LIKE,2,10,1e-8,1243587067684604192,0.0000000555089130757168555526576161462179868604379828,0.00000000000146593783634663500042738424455717750855542163,0.979040664916398807321594861504913412485115951,0.0000000673144446393794853974882186143422073720565126,37865.80283244100875478813928260472793835404757106895509897738995055394443278053065900923405044557087,FINITE,6.875551450677232943482666449710566411682367725819632068234414790776160197468940674708299728231809514E-8,FINITE,TRUE,FALSE
development,SADDLE_POINT_LIKE_D04_C02_E1eM16,decimal-source,SADDLE_POINT_LIKE,4,2,1e-16,1864928768806077882,0.0000000000000113496857453156287300339473934205803238487649,4.02620749835342889005100255222110449688557528e-16,7.97745987573048749541851048438022975807888177e-15,8.67932161487279582130151667333111831511322705e-15,28.18952016247854508323314553184736652251295189829268672318311716404922922821748593108939953631052257,FINITE,1.087980604111536141664412025260321708807796072034828730074822097958726912464405065067812520350526314,FINITE,TRUE,FALSE
development,SADDLE_POINT_LIKE_D04_C02_E1eM16,binary64-operand,SADDLE_POINT_LIKE,4,2,1e-16,1864928768806077882,0.0000000000000116169484168951233706305623783333680258347257,1.18305508826967494765081996831215706477081902e-16,7.59637054454302158180680102514691840931876767e-15,8.88370248799485174991268458005490389833219244e-15,98.19448419672460875376806312397569794959748919260533792413438111206699842438025843253939921020603990,FINITE,1.169466712544269758017809477332109482992988052150330519083048327943586896057971773601868479550518270,FINITE,TRUE,FALSE
development,SADDLE_POINT_LIKE_D04_C02_E1eM15,decimal-source,SADDLE_POINT_LIKE,4,2,1e-15,11399759693937050620,0.0000000000000971770632174991875232898327285994492060907925,3.38970041107295631268753904400944133350839611e-15,0.0000000000000419496083826415534029076558868093404334270684,0.0000000000000763495115298749932571974010798565161928380978,28.66833390350839816173792747973025834672811855354083307872240094246022851399575713157182757006178501,FINITE,1.820029184383706253130875505688315686189497377559145112777452398035786496844836286736947765112642373,FINITE,TRUE,FALSE
development,SADDLE_POINT_LIKE_D04_C02_E1eM15,binary64-operand,SADDLE_POINT_LIKE,4,2,1e-15,11399759693937050620,0.0000000000000636957769026222779568954043881029987276575505,2.40821780321181977717892769057525207887554628e-15,0.0000000000000427198245444520093700460256097977476942817879,0.0000000000000500441286453218529536651902524442568875676808,26.44934225536899420298569533344018413117048312646648500372478790863302467761044443985135597320576678,FINITE,1.171449770193895735514266300661896306934059883624785791963259643283224744869756998806559759898863995,FINITE,TRUE,FALSE
development,SADDLE_POINT_LIKE_D04_C02_E1eM14,decimal-source,SADDLE_POINT_LIKE,4,2,1e-14,16070823549828063926,0.0000000000000280849010603201009986220346043098547044497947,4.91171474039823610678683552721903094411695291e-16,0.000000000000383786349513330072791808213030647902345638174,0.0000000000000382187094857413833516716742158813794123048235,57.17942214625234924013031082864372372354584187538943067080760382634966813014937923776244350784863857,FINITE,0.09958329558673876380966043953282706650676510576698198470453247977144404397967771658404812422353830507,FINITE,TRUE,FALSE
development,SADDLE_POINT_LIKE_D04_C02_E1eM14,binary64-operand,SADDLE_POINT_LIKE,4,2,1e-14,16070823549828063926,0.0000000000000204186078596149831407556211049031748705009011,5.28713531372750885220042031502088129651599343e-16,0.000000000000383839524559545790001063943392727244338986772,0.0000000000000277862058411327231819356204295925547890826485,38.61941608833075544485960785560538665633838394426421275086663715890387210411225047156053609552541508,FINITE,0.07239016324078995081043771861135008122159171204167231347851691746630317690556677739018611828712167752,FINITE,TRUE,FALSE
development,SADDLE_POINT_LIKE_D04_C02_E1eM12,decimal-source,SADDLE_POINT_LIKE,4,2,1e-12,8392143630435653288,0.0000000000000373854714174358717631540155015606673637652821,1.4244568383968169501018637437174414994649011e-15,0.0000000000403757559981919464972775954785834113918570027,0.0000000000000385601695213442065088097980084525453670132491,26.24542240220636526676939254826403777113494655784579126164620677569054759488978506968416934935039198,FINITE,0.0009550327558713936360294455493202043719334368152843240598465010098675708290581534081464544225922648754,FINITE,TRUE,FALSE
development,SADDLE_POINT_LIKE_D04_C02_E1eM12,binary64-operand,SADDLE_POINT_LIKE,4,2,1e-12,8392143630435653288,0.0000000000000199067217641182041599232436924974872312387858,9.80205282581860266151380023301095866475015758e-16,0.0000000000403753009674722513408562573849915257747751265,0.0000000000000205322157708738514604051261291742428799576103,20.30872728178316702699536928501839611063946217025491603404316110827304230808671659339299033548081119,FINITE,0.0005085340611433539426960502253899649803538314234262614619010329194363661946500974590390380467488649518,FINITE,TRUE,FALSE
development,SADDLE_POINT_LIKE_D04_C02_E1eM8,decimal-source,SADDLE_POINT_LIKE,4,2,1e-8,14763004884746340781,0.0000000000000252776972260104180284586112606502387956234157,5.50765442669119884579440526917940154386461014e-16,0.0000000995646516705837253568186083803394218570251974,0.0000000000000193871087710342868960766228302978046618634879,45.89557598877232301031757989536208389187291234748971423806889412679322213808401364415792235357384703,FINITE,1.947187927215155253836079386130224549373930407211635511933883008596823319379015785785242349999603302E-7,FINITE,TRUE,FALSE
development,SADDLE_POINT_LIKE_D04_C02_E1eM8,binary64-operand,SADDLE_POINT_LIKE,4,2,1e-8,14763004884746340781,0.0000000000000221905708343575451513525490372177257894388075,6.79222749692489765872955197995784289999262871e-17,0.0000000995646520831897850329125191631603636951399466,0.0000000000000170193909124898181917809137557323045857390519,326.7053532056172900103003473446900726434346616643352922839139802762035696927278437608581632048969016,FINITE,1.709380845148689485406038846111153340306590289208625274602077496189855458940562845066994552057360654E-7,FINITE,TRUE,FALSE
development,SADDLE_POINT_LIKE_D04_C04_E1eM16,decimal-source,SADDLE_POINT_LIKE,4,4,1e-16,8406512469157112912,0.00000000000158054124266272618273091667911821755745118197,4.0288537548533039340284855338260759693032826e-15,0.00000000000089620944505294969189261081283637313520436137,0.00000000000142512604484850976301916593266847907174809153,392.3054394215100635623043337192125324846970874019279000217956002376106740562753230231154731219616827,FINITE,1.590170749388063759786001711173226771906736934779694075938668981754762408289587005908409387330092124,FINITE,TRUE,FALSE
development,SADDLE_POINT_LIKE_D04_C04_E1eM16,binary64-operand,SADDLE_POINT_LIKE,4,4,1e-16,8406512469157112912,0.00000000000150779642013532978500311842519307326985146468,3.40883497135317711474044259329121654734541159e-17,0.0000000000008925942596994533207708558219048108136992941,0.00000000000135953424729628587506386786880703724991869989,44232.01571230044823777057158372820211629238088310050863384887908343670405765021444816466077975193515,FINITE,1.523126809883425174411508453019736911522189593559826309379262719594503564720718929506939252752601524,FINITE,TRUE,FALSE
development,SADDLE_POINT_LIKE_D04_C04_E1eM15,decimal-source,SADDLE_POINT_LIKE,4,4,1e-15,14494958488959823709,0.0000000000052701927851015838317859493614240231173834181,0.0000000000000138600063396157108455202690366245999152914781,0.00000000000339650340882863642033900937582637790583318741,0.00000000000414065450722860790941299972377474448952348402,380.2446157645630423047543477508990841042774575257201382214945364177880374104784768146700819535744646,FINITE,1.219093287663329443497011852228330231212267319621221772670915286152251968361034682011987747298880894,FINITE,TRUE,FALSE
development,SADDLE_POINT_LIKE_D04_C04_E1eM15,binary64-operand,SADDLE_POINT_LIKE,4,4,1e-15,14494958488959823709,0.00000000000156385165613671199145353226007938214303432472,5.14151594263984487390541119451870110099050076e-15,0.00000000000338965304473122392763721019896943700241397882,0.00000000000122867790091564965617454761271896542412952643,304.1615884465725455582114531269666570282937971387025532799221279813786204566116126180647742634949067,FINITE,0.3624789571975427138750901097507442756059230327040730505496365959629911279867710269352990405520889712,FINITE,TRUE,FALSE
development,SADDLE_POINT_LIKE_D04_C04_E1eM14,decimal-source,SADDLE_POINT_LIKE,4,4,1e-14,2777713429788504315,0.00000000000568630009968844339837253678930605615942394371,2.64492524105180259623857081167137190279762118e-15,0.0000000000392569017567128295345295731191784485411286257,0.00000000000400086678874040259547690551240106850917822429,2149.890670417279094663016287007343054931615198925183003731189986827379981442621685330512407909824900,FINITE,0.1019149909876997522852999815470007937925390815242278349118273544985561150257236421149228057809994997,FINITE,TRUE,FALSE
development,SADDLE_POINT_LIKE_D04_C04_E1eM14,binary64-operand,SADDLE_POINT_LIKE,4,4,1e-14,2777713429788504315,0.00000000000343799153637567484578289852455174029192643725,3.28073586342636280778138644975497289493867704e-15,0.0000000000392564518783338047686372786121202257281699202,0.00000000000241896240379744589712476977618218969583674976,1047.933049015740030223103131095391116423323678201894112693225201521864831142391300883291139648715482,FINITE,0.06161948642975820543191314059721391405226606416278910708089779876443062640431237029601265280415722660,FINITE,TRUE,FALSE
development,SADDLE_POINT_LIKE_D04_C04_E1eM12,decimal-source,SADDLE_POINT_LIKE,4,4,1e-12,11770033738140716524,0.00000000000330524568959247707398761755356721825950067109,0.0000000000000183951456417664323050081257118746304800847974,0.00000000116729154732639606308231296850120396313641512,0.00000000000327268089848423470696475804630484054161194677,179.6803218609952766254966028612832639457943341396838282128807009946399334045501865648478901992533371,FINITE,0.002803653385463206202505096250512015095256723853246763535175452788424924278438300991726572256431648857,FINITE,TRUE,FALSE
development,SADDLE_POINT_LIKE_D04_C04_E1eM12,binary64-operand,SADDLE_POINT_LIKE,4,4,1e-12,11770033738140716524,0.00000000000203946800401450021063077491281183190846887156,0.0000000000000113915258787981715257486140143408314634800248,0.00000000116729848205356934313400177637956991803440994,0.00000000000201937423315450059756213681471695928850451223,179.0337857907467715156626210684803099492054677779732912909458292997669736759770851545535901242029995,FINITE,0.001729955332077462623455706018227899968082354470029258170900128612366306647088787879526763354316063746,FINITE,TRUE,FALSE
development,SADDLE_POINT_LIKE_D04_C04_E1eM8,decimal-source,SADDLE_POINT_LIKE,4,4,1e-8,17969156247882531578,0.00000000000425811565155016582460180543549748103726903354,7.41026884770644907832694029859106915294181602e-15,0.0000157550714625640643349317135360750118692665349,0.00000000000316503243784067684087808258729095438359367654,574.6236390422048454479734472200158899545453172053032837815532885445592112024017515194079326684183399,FINITE,2.008897544743718087951571380433247846824049431164651216366830559317421946223059248639089846370411612E-7,FINITE,TRUE,FALSE
development,SADDLE_POINT_LIKE_D04_C04_E1eM8,binary64-operand,SADDLE_POINT_LIKE,4,4,1e-8,17969156247882531578,0.00000000000346902973501613495391245866739341580941617781,0.0000000000000122715598068001053162926215608531235176155651,0.0000157550714661776881796487532498798912747491874,0.00000000000257850949519485314947020483260394301282265148,282.6885733868829684690237093786182628594790985580957156323656941399521720536641289828271473114611561,FINITE,1.636621897101696277956620648313403334020465119493896657640189391406442128828194725348488802264352188E-7,FINITE,TRUE,FALSE
development,SADDLE_POINT_LIKE_D04_C06_E1eM16,decimal-source,SADDLE_POINT_LIKE,4,6,1e-16,16711754278801847187,0.000000000108827381069152762088203304982023244221341329,0.0000000000000593006619828146152985885295431999892806806735,0.0000000000559395613432600859838818879300756568123413434,0.000000000138210912168805282182490324924929371577033867,1835.179868661348740549209370997435309001835569350772948845597494326318433540749859756311014336473361,FINITE,2.470718554990201273738659213050693475632992373509265990068450676756767598743689477045489452715384234,FINITE,TRUE,FALSE
development,SADDLE_POINT_LIKE_D04_C06_E1eM16,binary64-operand,SADDLE_POINT_LIKE,4,6,1e-16,16711754278801847187,0.0000000000500589098900569631704426244499601889317246326,5.88391128763130911120135353732472015696384002e-16,0.0000000000558635035100005424652212333662345488813424221,0.0000000000635748791352797350891764032789072417253035077,85077.60814695970492153888221687698708142657536062161963902207575874816839172299107343223870331163577,FINITE,1.138039599036224460070093798562089318442764927012484869621199744277944836746326471226296711354315851,FINITE,TRUE,FALSE
development,SADDLE_POINT_LIKE_D04_C06_E1eM15,decimal-source,SADDLE_POINT_LIKE,4,6,1e-15,14535962363485037340,0.000000000141188179006157573729480054009891721547125486,0.0000000000000111371265855863779624531454998789927527499181,0.000000000762806553863270727136052185032149538061354835,0.000000000195792776498495952378880939521821598221734163,12677.25368129358579489841393333722771695559059004548984669997209273483874173159671326234817546002598,FINITE,0.2566742190492385723686440591100043176711974172955352864699568381840499678305027474805966607484144072,FINITE,TRUE,FALSE
development,SADDLE_POINT_LIKE_D04_C06_E1eM15,binary64-operand,SADDLE_POINT_LIKE,4,6,1e-15,14535962363485037340,0.000000000153574065481840913870193304023860465396232632,1.34104499670968645105529691740050863512484604e-16,0.000000000762822138510114634320912930247179431842606477,0.000000000212968910644708577463097098453546558081286644,1145182.047273892482993079989055802010798494863543725164640455766020098480100616510165212146037937473,FINITE,0.2791855399748400430286738099090975757638692364449303528470780663775800699635523476692434936708938080,FINITE,TRUE,FALSE
development,SADDLE_POINT_LIKE_D04_C06_E1eM14,decimal-source,SADDLE_POINT_LIKE,4,6,1e-14,13264757766380314988,0.000000000199840340709474674463185280349972328242810369,0.0000000000000151743251027688602413816094027467157184595159,0.00000000353015657285391012899465712020019661187611996,0.000000000320000648135877762781738550543809525492412595,13169.63616872883476591198018181645180008958589485755312852130267856078410286082389925780136351049561,FINITE,0.09064772100948976141941317214285276653154377713871292273566496883865739515930228161076076006739680247,FINITE,TRUE,FALSE
development,SADDLE_POINT_LIKE_D04_C06_E1eM14,binary64-operand,SADDLE_POINT_LIKE,4,6,1e-14,13264757766380314988,0.0000000000999390683826556848984831053499919557587499869,0.0000000000000175886214341540668397195815150730445158040391,0.00000000353015270687910588660764887345523336642127537,0.000000000160030585131146009862212261084846356233808558,5682.029643812292455078373713226061827065174174876871340563739850658323500790832850026706178472388432,FINITE,0.04533248230856955959972901557379970887170195679566112279137157990096452868295758070361335283107540665,FINITE,TRUE,FALSE
development,SADDLE_POINT_LIKE_D04_C06_E1eM12,decimal-source,SADDLE_POINT_LIKE,4,6,1e-12,9758253840955521254,0.000000000187136208928996061657788621228117059128624673,0.0000000000000183916437485517601479853938633725628062459909,0.0000000943869893999252775114962012070953649999411071,0.000000000159300919992241539103096056913752682171085987,10175.06708413335808040282455464410790741914553150915825303724468309068513853423339116040847057822100,FINITE,0.001687742357341971237955280271221788211774482752581365938316857594114220831680288189346402871016955668,FINITE,TRUE,FALSE
development,SADDLE_POINT_LIKE_D04_C06_E1eM12,binary64-operand,SADDLE_POINT_LIKE,4,6,1e-12,9758253840955521254,0.000000000145224981593044198170940181472030808539857442,0.0000000000000888146800124327200152274266547663041777388887,0.0000000943870493483268976100856541277930256673811327,0.000000000123623714010397646583100753718034022025307849,1635.146144451737978147228607837099092806040642505617466354665000839703087859178003473796630074521949,FINITE,0.001309752925469419786803632569437800984008153083886761248065994581584638037069125677512669535492480794,FINITE,TRUE,FALSE
development,SADDLE_POINT_LIKE_D04_C06_E1eM8,decimal-source,SADDLE_POINT_LIKE,4,6,1e-8,9736261367584612580,0.00000000019961949315066544764365814268702698985717159,0.0000000000000423657684881748435482000977530903094139172442,0.00678757971143514286882767329423491215513196192,0.000000000243874025609040740770961826133334206552094235,4711.810980281954513743824075662751792355223522936629245180942129763953789683867404767439070599369669,FINITE,3.592945290913966189688111076293027535037531036456762778484633565060205022074886573159236380488635940E-8,FINITE,TRUE,FALSE
development,SADDLE_POINT_LIKE_D04_C06_E1eM8,binary64-operand,SADDLE_POINT_LIKE,4,6,1e-8,9736261367584612580,0.000000000236829867017604693330247827078284068105670199,0.0000000000000671091140553989098992377246624044576375894597,0.00678757971146543534422057225789920006616846645,0.000000000289333732605186928191553349208616322445918888,3529.026874384013645065546943549009886440522710272938976671943420009733652395988940419193723289634840,FINITE,4.262693697967930134638056007352121277008541947270810585471865383801971865882171348124715510600031947E-8,FINITE,TRUE,FALSE
development,SADDLE_POINT_LIKE_D04_C08_E1eM16,decimal-source,SADDLE_POINT_LIKE,4,8,1e-16,6374148961327453857,0.00000000793092217316436786914199372161357044275597692,0.0000000000000930985735573726735194991578150825820727894759,0.00000000990010494982040285372922249565681748847985606,0.00000000793092217316436786914199372161357044275597692,85188.43920070246145333674323173041094065862937886189681804788094976123489543675972713852270262067924,FINITE,0.8010947574155001459319174513539780867241510783550929890612158920051539985821549714534614729718153063,FINITE,TRUE,FALSE
development,SADDLE_POINT_LIKE_D04_C08_E1eM16,binary64-operand,SADDLE_POINT_LIKE,4,8,1e-16,6374148961327453857,0.00000000624889672675024845710484419516410875721904295,6.90151189026295216788931305540449194602884666e-15,0.00000000990000494981991113859129043734619346254861398,0.00000000624889672674960235855659009082979366756419886,905438.8119748876298183010718485760756541774889053434146135047864287468423117322395377694149454631439,FINITE,0.6312013739814619683918970817624443224774860803497504650261811168854324032174989239343995640069530377,FINITE,TRUE,FALSE
development,SADDLE_POINT_LIKE_D04_C08_E1eM15,decimal-source,SADDLE_POINT_LIKE,4,8,1e-15,11173913639170817226,0.0000000105580919656128078329313893832871465461642039,0.000000000000655367076002696451813065486344913358892682102,0.0000000447716275187201206663376035599186673872769626,0.0000000085920533882602082325128383951898042566116927,16110.19587680563841148855133683898325029400093616227298542453636217140943189630247039388534107779529,FINITE,0.1919084443527914860217991076811383898870737083748731682686775160040352791778703966620396632675083801,FINITE,TRUE,FALSE
development,SADDLE_POINT_LIKE_D04_C08_E1eM15,binary64-operand,SADDLE_POINT_LIKE,4,8,1e-15,11173913639170817226,0.0000000176634901332391872616260435291039575029496939,0.000000000000337988205489924179983230571349618077979301497,0.0000000447713692394459186420605656513008967938822263,0.000000014374344412049182448129619516234712964590355,52260.67018414273147870899336949166573870279823355152663745340306854208944171549964810302810239858729,FINITE,0.3210610856052316797631913404376700564792522552698358482740759106067054972816149826463311177936038950,FINITE,TRUE,FALSE
development,SADDLE_POINT_LIKE_D04_C08_E1eM14,decimal-source,SADDLE_POINT_LIKE,4,8,1e-14,10816478338663780873,0.0000000103673998261951907599846869727272366967386057,0.00000000000136796582216956858891261085874502912320566743,0.000000767406344318306072848943192868117672791766575,0.0000000120518574970827333424757582806611924127384353,7578.697989510209880162195888098983201317152601275251685243812183262946235872596795931611397168824648,FINITE,0.01570466231653128470238695109356436970082829460679854599987532480078385852515524034178087738165545582,FINITE,TRUE,FALSE
development,SADDLE_POINT_LIKE_D04_C08_E1eM14,binary64-operand,SADDLE_POINT_LIKE,4,8,1e-14,10816478338663780873,0.0000000121453560441324105079924157073649601193854705,0.0000000000014160120104082134793933841552351674302978555,0.000000767406400170906166980410292764948659555024282,0.0000000141186896183344080105800673011742054967767761,8577.156093916957509134690489765141968815879151126603026291983282805315555158478987571403268707236803,FINITE,0.01839793050356380690575946108252206580312836004493510485144577162745697065205974780315373074970821469,FINITE,TRUE,FALSE
development,SADDLE_POINT_LIKE_D04_C08_E1eM12,decimal-source,SADDLE_POINT_LIKE,4,8,1e-12,3784559304525673631,0.0000000247614605605974587283676100661073609953752722,0.000000000000358346211522199688102381296587176469498800438,0.000070002570362625692543380452669890558507646992,0.000000026247095700094400149681435777346094704885291,69099.26703400763189625483928473571738974848696373561322417532055479280774098049724748251545641639857,FINITE,0.0003749447422306038668695940908515602149437453084807349190908031942249772015442542698160831701723832862,FINITE,TRUE,FALSE
development,SADDLE_POINT_LIKE_D04_C08_E1eM12,binary64-operand,SADDLE_POINT_LIKE,4,8,1e-12,3784559304525673631,0.000000021058598720112306082082074256818145876976238,9.26570898744389961948923936656057510912296054e-16,0.0000700025699837387903139230048910772435050204399,0.0000000223220699992286287204857087133884996940411754,22727455.33952029698508909162224402717683115414046560727877304762284648478811031487850839327062184309,FINITE,0.0003188750070806532113645755736273691227590564835511687021178522126680345478749734173821245933031204629,FINITE,TRUE,FALSE
development,SADDLE_POINT_LIKE_D04_C08_E1eM8,decimal-source,SADDLE_POINT_LIKE,4,8,1e-8,70605445889008863,0.0000000248986873928137404985393009857837098332880454,0.00000000000125794493244237092261581827019417859606929605,6.03088025980890503970357809418151417324224376,0.000000045458575791045261703340566304943401381898724,19793.14574960887743519718711992484706238411966210050965065354067245658566238185532839688063356971730,FINITE,7.537635275896800149223485744920632058049322442957340472276712440315637280524398090160304810129618999E-9,FINITE,TRUE,FALSE
development,SADDLE_POINT_LIKE_D04_C08_E1eM8,binary64-operand,SADDLE_POINT_LIKE,4,8,1e-8,70605445889008863,0.0000000248195970691343045616394694443620430080930346,0.00000000000181541095835404607797208752869511409383719024,6.0308802598088729817323319878494922461287205,0.0000000453141772765206280128867726221752538895329215,13671.61355665559632606091897868813234957917095459426571325067461753026114387938119694416448596947454,FINITE,7.513692085466259543571723138933604877502029558921596221854256246934012824253156263267557336336174540E-9,FINITE,TRUE,FALSE
development,SADDLE_POINT_LIKE_D04_C10_E1eM16,decimal-source,SADDLE_POINT_LIKE,4,10,1e-16,13933344280197428286,0.00000156309013065319097701480865588863025251041014,0.00000000000798372530957415637045773262604076103173347878,0.000000552882520162747449478467170088887131467849261,0.00000157096468996491941926024822915301469218559742,195784.5579655300770596249908956460583483534725849064111847617035859251878619590824452110342311970162,FINITE,2.841407772310268646924230548065710752720765647506659654701135383876982220566437411032567762091114879,FINITE,TRUE,FALSE
development,SADDLE_POINT_LIKE_D04_C10_E1eM16,binary64-operand,SADDLE_POINT_LIKE,4,10,1e-16,13933344280197428286,0.00000167734916906306602083765766269115381707997709,0.0000000000000262915864909052859195264308592274846990780706,0.00000055287446979512609919580165018682471953334739,0.00000168579934430803974299893924836460399191535564,63797944.24514055409585896116405862500355194965939713096529525814313293999935499401049697307130265791,FINITE,3.049153897326334847938465261244410335276696482476714749907834296925632243908103818739152538817967007,FINITE,TRUE,FALSE
development,SADDLE_POINT_LIKE_D04_C10_E1eM15,decimal-source,SADDLE_POINT_LIKE,4,10,1e-15,6463102877363894650,0.000000326588171505642946956698998159027206952180125,0.00000000000740774909438696335377722175820604349998697763,0.00000568307329647251284268070069054079411072144102,0.000000843247032873124519903832521409291826729222808,44087.36950244534707708839984577618260227431334361715198056702538359598292580303479700712053070193386,FINITE,0.1483787009040563460201389251721949791690816986414958446780331606591001099130499417856414610181434814,FINITE,TRUE,FALSE
development,SADDLE_POINT_LIKE_D04_C10_E1eM15,binary64-operand,SADDLE_POINT_LIKE,4,10,1e-15,6463102877363894650,0.000000581012063076577400719296996337264113434819811,0.00000000000411173476725530913131008051931499210407353489,0.00000568306478618635632141140902342694439081016873,0.00000150016669615716665521524599342128584001975838,141305.8224726927611025882481139151388578112748182625348739107410390906153374983208414778059002524624,FINITE,0.2639714225682546903042976242385837959237826811142723933114116900906859412331077822493544510497489610,FINITE,TRUE,FALSE
development,SADDLE_POINT_LIKE_D04_C10_E1eM14,decimal-source,SADDLE_POINT_LIKE,4,10,1e-14,1446996541747899926,0.0000017653291815795609486784770368500258879982826,0.000000000000414806637277445888694565628218766592839483809,0.0000675503678908263146921283312699942114995175215,0.00000135394567606210554410961368090175292997065681,4255788.174379693005109462785611150158488832890797334301469010898036581024113166100086407244892042611,FINITE,0.02004349818272386180308012895024922395163907123377198164235574969311219856637725679033695886074177757,FINITE,TRUE,FALSE
development,SADDLE_POINT_LIKE_D04_C10_E1eM14,binary64-operand,SADDLE_POINT_LIKE,4,10,1e-14,1446996541747899926,0.00000171820100740797007358234552686267545572571946,0.000000000000109144290459598621770591050253950867794164029,0.0000675503681251707327214768531098263133348633674,0.00000131780001648247799678831166920324133918840259,15742472.64948767673156868226434123631244440406945067517631846540277658293669979046110401085154424564,FINITE,0.01950840614281474389101818309658329064146218060513201645002650537588517150956857802576743721826298640,FINITE,TRUE,FALSE
development,SADDLE_POINT_LIKE_D04_C10_E1eM12,decimal-source,SADDLE_POINT_LIKE,4,10,1e-12,12883914444046838379,0.0000047393878431406089043674603145905676308328953,0.0000000000175007725233047742647965449224763515062340471,0.0046663216818914428669287511710249380039963227,0.00000397720592770155179028361973581270023392930068,270810.2077682249822815721634345331477225425252573992685823698977247542637290037303364780837096868345,FINITE,0.0008523214212033137239304162886370928073667673281878417523004920166530434009176551370819695074181930319,FINITE,TRUE,FALSE
development,SADDLE_POINT_LIKE_D04_C10_E1eM12,binary64-operand,SADDLE_POINT_LIKE,4,10,1e-12,12883914444046838379,0.00000324070276002439105258207744958000076922494593,0.000000000010348419749960926870449393497427724145095705,0.00466632168790173811203117444080738775238823721,0.00000271953734399786161282411514893804510740380782,313159.1912897258697139052628713062838636248817391307487192215600501660605299393335074132620059008400,FINITE,0.0005828010852849561939104990964380524387745055908518297686181821801862998125062525985740812540105065639,FINITE,TRUE,FALSE
development,SADDLE_POINT_LIKE_D04_C10_E1eM8,decimal-source,SADDLE_POINT_LIKE,4,10,1e-8,15406348972328761430,0.00000162609478023233549300536859017518054594440245,0.0000000000130027839616404394506293176738154059524527496,0.25949287033190394327972169169748700160374006,0.00000104529331450393921660413768670818743554387174,125057.4327028337665932595483976364902352103852839859168635978588001389321007515095748191195629422731,FINITE,0.000004028215931971304122539716449902141692310189444511277270709334571091851137866866817555541525290824310,FINITE,TRUE,FALSE
development,SADDLE_POINT_LIKE_D04_C10_E1eM8,binary64-operand,SADDLE_POINT_LIKE,4,10,1e-8,15406348972328761430,0.00000200783006029204697717668223450716513894164205,0.00000000000911061336337473664240691986448398428010404381,0.259492870329565469395848709678892255395281567,0.00000129068204645781416266011877583185645520087385,220383.6317282056473744150167562446035177789796858090859933527319925608295583756211538557404545738240,FINITE,0.000004973863231072979354695948368194640914512142892178593797532243740507748679972143931020459909462424787,FINITE,TRUE,FALSE
development,SADDLE_POINT_LIKE_D08_C02_E1eM16,decimal-source,SADDLE_POINT_LIKE,8,2,1e-16,15340668221295556767,0.0000000000000472013095936078462928071576526403647039624173,7.12981267818236477833147363406032077574381304e-16,7.54185181460578629752782615747763774538261859e-15,0.0000000000000377912928120338603527422475861481722211612311,66.20273452351217801822785580406433838831958935604058363470006619569207267648771991780794874064422525,FINITE,5.010877134823314846672588031872316119116500920220890664331271397072548641730564425924356570409779400,FINITE,TRUE,FALSE
development,SADDLE_POINT_LIKE_D08_C02_E1eM16,binary64-operand,SADDLE_POINT_LIKE,8,2,1e-16,15340668221295556767,0.0000000000000491859201683982464476481571797853986269169506,1.26806786838428423143613741395482161281105388e-16,8.03639210679171180707568966954384431011046246e-15,0.000000000000039380252948850066614222804225506343725925862,387.8808176968379602210941507506928772573798229515907278122277788084281141378773678468258722497192168,FINITE,4.900240359796412410624499564488422433958504928161439140604296103117150974945258228120057661951262784,FINITE,TRUE,FALSE
development,SADDLE_POINT_LIKE_D08_C02_E1eM15,decimal-source,SADDLE_POINT_LIKE,8,2,1e-15,4895670750919229744,0.0000000000000493534134695098945830487886876049165821342136,6.27793781409573246230385899020428550670531055e-16,0.0000000000000403878528792429509857634523676163828433000404,0.0000000000000598498049175207849551959843488874811340563807,78.61405278449498018327179312539464761007520596630951059848036260620936719100260522082049158285619790,FINITE,1.481876372494170529478593248168131567677398486034989027250935721065986832902984211718249321833677674,FINITE,TRUE,FALSE
development,SADDLE_POINT_LIKE_D08_C02_E1eM15,binary64-operand,SADDLE_POINT_LIKE,8,2,1e-15,4895670750919229744,0.000000000000049662512594955556623372896576017762766777665,4.04289383424440314530665257466178242735556009e-16,0.0000000000000402096301217634099699607036815253319621059232,0.0000000000000602246426654615139868183361299336461809082805,122.8390223218345641108612137891356477569832251819012338505931863986402064538342287563323693279945245,FINITE,1.497766641550502712220264017281626620876980500923647090550877022303484610548449210702298939660760848,FINITE,TRUE,FALSE
development,SADDLE_POINT_LIKE_D08_C02_E1eM14,decimal-source,SADDLE_POINT_LIKE,8,2,1e-14,8768387704127023569,0.0000000000000667693817738767571440027320619486432176047677,4.30708802517852664274407046818300405954027671e-16,0.000000000000421976664559524218158573015355347259892418798,0.0000000000000594828929820369852538644200559922710071246338,155.0220970260044770983823090853352369978420867102589715600428427248716304889178626427994128575438040,FINITE,0.1409625175461481036643101476854711812258033255430632264610979954395180561614853413549749749696736805,FINITE,TRUE,FALSE
development,SADDLE_POINT_LIKE_D08_C02_E1eM14,binary64-operand,SADDLE_POINT_LIKE,8,2,1e-14,8768387704127023569,0.000000000000069058828037128234094818293160942070527479036,4.43080201926673253117126447762329898968425034e-16,0.000000000000421951107174718584834534503945164355651131842,0.0000000000000615224938207314815111629601443047654606917636,155.8607848801084513739749780761984392484873976968049437933849784755981753643613671449466279799817079,FINITE,0.1458047929597129233817832324328460429169456572461967652446373392178419819778203957443977477416448297,FINITE,TRUE,FALSE
development,SADDLE_POINT_LIKE_D08_C02_E1eM12,decimal-source,SADDLE_POINT_LIKE,8,2,1e-12,9032802649218101296,0.0000000000000817325984486488470386921563703895794697645728,1.18827692750444006182608334600421993469412516e-15,0.0000000000230395653272177564440350677713457493044705122,0.0000000000000484142129673916775355450768223221551358305951,68.78245008114360506068345529225206470576693847741269573028852311590176627748354409300740215339481052,FINITE,0.002101350970810096777676583145259696461857432561745994493027149815252851100660661943017912878842123125,FINITE,TRUE,FALSE
development,SADDLE_POINT_LIKE_D08_C02_E1eM12,binary64-operand,SADDLE_POINT_LIKE,8,2,1e-12,9032802649218101296,0.000000000000096500624244133093204394649304437807320553119,1.19599493217449389798736277559139039084283461e-15,0.0000000000230390909393432580327520014280049459823251831,0.0000000000000571620364740640968546283754673980287160921861,80.68648256617678907232449009158029286394212781507137157917808448390124398142857664190560474853784687,FINITE,0.002481089059657730235279217145737710390021069697177015011070318741970156154868417979843101832732566832,FINITE,TRUE,FALSE
development,SADDLE_POINT_LIKE_D08_C02_E1eM8,decimal-source,SADDLE_POINT_LIKE,8,2,1e-8,294296007334751103,0.0000000000000834475278964383197367247037428828864103915115,3.6025227271917019985911579505230056939763568e-15,0.000000512683453902274693223360238741187268151297856,0.0000000000000449918917502211685612614261990656279292703689,23.16363676669674047386219603890822292671471956856650055323156953185620186280989954326045779739372565,FINITE,8.775764344990410240428448766507139550372493393035216349807847672534612859842993711292705055846400583E-8,FINITE,TRUE,FALSE
development,SADDLE_POINT_LIKE_D08_C02_E1eM8,binary64-operand,SADDLE_POINT_LIKE,8,2,1e-8,294296007334751103,0.0000000000000701041185012359962270318746325087050964732876,3.02461161232834845519885693879509388212149114e-15,0.000000512683453741952583050926886017101666630913385,0.0000000000000377976075548537760929706905492768619010980666,23.17789107715214693061940043909949641316050185463809565353784383798577547437494671190769961859712334,FINITE,7.372503886945868149219521495509825949807421333094812342678657452868281968506375791999411251107514204E-8,FINITE,TRUE,FALSE
development,SADDLE_POINT_LIKE_D08_C04_E1eM16,decimal-source,SADDLE_POINT_LIKE,8,4,1e-16,17095197172253103880,0.00000000000499618344960259105067623460569813004036985349,7.26746096618549779287946005010676026936780791e-15,0.000000000000358807395590547863568322824512376128524866659,0.00000000000330880332041574071367869325218074263035868458,687.4730353350571157312547525602049328146455177716413835099299693730483743138648480684198010635284305,FINITE,9.221669790194550813387660232604542601786157798205216044177961254235672360077568269483625316979958480,FINITE,TRUE,FALSE
development,SADDLE_POINT_LIKE_D08_C04_E1eM16,binary64-operand,SADDLE_POINT_LIKE,8,4,1e-16,17095197172253103880,0.0000000000033658718374371397891463284669456377664998609,1.28847509068969558321710268075940770189583258e-16,0.000000000000363580573580417594511588284960696262021271047,0.00000000000222910307920973640221169746439666720047716728,26122.90964535025856672616087194677879797610985085708497640775513493452568266660023853046999328242242,FINITE,6.130974098143607810845081176376874991048498045915243582602739825737447989551815743512528735958025675,FINITE,TRUE,FALSE
development,SADDLE_POINT_LIKE_D08_C04_E1eM15,decimal-source,SADDLE_POINT_LIKE,8,4,1e-15,5274871947131398858,0.0000000000049619207146900488674141119241952190417120082,4.01702475396950076587078503121185636294162652e-15,0.00000000000352058176845412895813992558495507030602652627,0.00000000000322311385847148947951583108238266877299438189,1235.222837446254436981031977250111259340389691549019792831746390908050201140661058772474094571471001,FINITE,0.9155060357784968445354196568063653492118842592975738226756587691498440211616919581792224859287462155,FINITE,TRUE,FALSE
development,SADDLE_POINT_LIKE_D08_C04_E1eM15,binary64-operand,SADDLE_POINT_LIKE,8,4,1e-15,5274871947131398858,0.00000000000490142773409137915255943576277664489621441335,5.89095381103516327767412770438225774291354824e-15,0.00000000000351419942936002102574019086178838604534768054,0.00000000000318381944501370403228951132149848876531312353,832.0261694990435200560767140965628819143011726114836245131037122307056889667286925987939624983638696,FINITE,0.9059871270861587797180601562110593696362399434473690232892969335200427771849259938438353440700156105,FINITE,TRUE,FALSE
development,SADDLE_POINT_LIKE_D08_C04_E1eM14,decimal-source,SADDLE_POINT_LIKE,8,4,1e-14,9816868034333223653,0.00000000000334600145734052821625908328044155859362851985,3.40613395108567628573700884190315562906212656e-15,0.0000000000448962849156627242649430429967541725067244977,0.00000000000273199874969772984150449264598880625414752189,982.3458223872900396358113990455919904543010079931322922316150042316126645102778835538095446481460188,FINITE,0.06085133223895396751394272870711404407801290090717682112481160071892124139086750634091643371065149681,FINITE,TRUE,FALSE
development,SADDLE_POINT_LIKE_D08_C04_E1eM14,binary64-operand,SADDLE_POINT_LIKE,8,4,1e-14,9816868034333223653,0.00000000000295285201960672987205529363414543377515921959,3.33202908479483426374011107074336649718464459e-15,0.0000000000448962229455523880247823271057749830274503222,0.00000000000241099357799442498654730230280092429954876222,886.2023543196497129479683181497300545930145897805558141840902645369439274122273370957458159213401220,FINITE,0.05370147909587722519230378552534674049263243473686039883456222114253109769558176016869574090806350702,FINITE,TRUE,FALSE
development,SADDLE_POINT_LIKE_D08_C04_E1eM12,decimal-source,SADDLE_POINT_LIKE,8,4,1e-12,14864700439380866656,0.0000000000041885217108215765466668371042369982293732864,0.0000000000000186542395130739726126668972402725348270352915,0.000000000874253085773681204235408422874498061986416095,0.00000000000329081344985446245923515320902460001985304153,224.5345733813494612676238304268226294478357478040148332580745923343909713858287298862341940974663699,FINITE,0.003764142790462347561743191919090007548401660210355006823148642764150321616169580145964055220715963620,FINITE,TRUE,FALSE
development,SADDLE_POINT_LIKE_D08_C04_E1eM12,binary64-operand,SADDLE_POINT_LIKE,8,4,1e-12,14864700439380866656,0.00000000000391391979813721578084549048701010310841019909,0.0000000000000221434353139182254567512318736477563866184776,0.000000000874255809179282854611809178808462224608578655,0.00000000000307506581142567555422444536426607720931225636,176.7530531126363639455117645548716397844730291413226487696626322199685487923588761922164897539997588,FINITE,0.003517352448950184289253968809134350689588595836640737979446355363952299679644571340547536999291401791,FINITE,TRUE,FALSE
development,SADDLE_POINT_LIKE_D08_C04_E1eM8,decimal-source,SADDLE_POINT_LIKE,8,4,1e-8,10559559764179383922,0.00000000000604886748189430810364715169227305002197427989,1.13285247142283898113352344219888107798482804e-15,0.0000179639364410632871256318051311787440865198675,0.00000000000336567989872118522121527452010442872623695501,5339.501510110188677296224649353605504383605075325622880155428908245819332929138038107982708194799263,FINITE,1.873575933517370151814572700988207057123580450429486206624453388770907806306485603142680498811670251E-7,FINITE,TRUE,FALSE
development,SADDLE_POINT_LIKE_D08_C04_E1eM8,binary64-operand,SADDLE_POINT_LIKE,8,4,1e-8,10559559764179383922,0.00000000000421341199343980651764247191733420940921143612,5.47171793549175976659061101213074413693587498e-15,0.0000179639364438455772039966673679011879929776554,0.00000000000234440514588857988570619518499521532412224278,770.0345747191982210449703279332043533467785660701286424324485705998091698250344044339497428744864697,FINITE,1.305062035382434366038859694468891087549930153562177508375175719992287074326546118527579570060897680E-7,FINITE,TRUE,FALSE
development,SADDLE_POINT_LIKE_D08_C06_E1eM16,decimal-source,SADDLE_POINT_LIKE,8,6,1e-16,7791068449160260479,0.000000000193533947970083945848351682787694016101427337,0.0000000000000110757947168443812281995724550379614840932442,0.0000000000111492882961238254467907455136884012606563859,0.000000000196503951894594090153666955795937012540617846,17473.59470970981929910169290733406409811443459879252334902103918723545561369977838703260095362799945,FINITE,17.62479780551650843156225109103221431351987435475564672312754377436122018254256835542825118722138478,FINITE,TRUE,FALSE
development,SADDLE_POINT_LIKE_D08_C06_E1eM16,binary64-operand,SADDLE_POINT_LIKE,8,6,1e-16,7791068449160260479,0.000000000175304820361896414685342744446452237219192013,3.4026061251494163797630513409377313924483012e-16,0.0000000000111605008570817455917252364488157825776042214,0.000000000177995077083889323228898193883304969613119351,515207.5024675339720691195715987950369994824085138025669864241766559616782784419551334826554695975401,FINITE,15.94866389629323338006073040919321086203079741375899854570261934692973307773134784748440669894641659,FINITE,TRUE,FALSE
development,SADDLE_POINT_LIKE_D08_C06_E1eM15,decimal-source,SADDLE_POINT_LIKE,8,6,1e-15,16919800693127199112,0.000000000532171360387968644522893000306744660527457124,0.0000000000000424198040684657746358491447102157231747354137,0.0000000000679631779411772064770903472134683344120876912,0.000000000331959374018724152143060097888962773592516294,12545.35168359197094419895177558654039603339473293274893372135872916027585973441552774453631738604133,FINITE,4.884400407321126578073299223595031586161704769349783197791668595520530906544326658609707534810107478,FINITE,TRUE,FALSE
development,SADDLE_POINT_LIKE_D08_C06_E1eM15,binary64-operand,SADDLE_POINT_LIKE,8,6,1e-15,16919800693127199112,0.00000000048662699979433534042862652977020771636698973,0.0000000000000330768988413721460102660254256138965180314238,0.0000000000679161998720722318888514669657337478978308043,0.000000000303549582440080706003368062430234606669238265,14711.98984306439116776618094517380648340699509412056168961331188323087565806771046289797184839273008,FINITE,4.469472423543283307687801300548837219362423154788213495833684367699652432764416006195533868929424445,FINITE,TRUE,FALSE
development,SADDLE_POINT_LIKE_D08_C06_E1eM14,decimal-source,SADDLE_POINT_LIKE,8,6,1e-14,15205703169713404294,0.000000000442546997734724770213161242969066211397897782,0.0000000000000498147857506100588939991286141197976565709588,0.00000000317504970898582871441950131902464704712965643,0.000000000255079848878073134641502159569482754331975209,8883.848260439524214333119442010647145177157697064110610989253222762297275604365125699785415261414786,FINITE,0.08033885206778400062440224415938237393142776555952043904636713586526613156474929310117000207812603962,FINITE,TRUE,FALSE
development,SADDLE_POINT_LIKE_D08_C06_E1eM14,binary64-operand,SADDLE_POINT_LIKE,8,6,1e-14,15205703169713404294,0.000000000453844972850215454293886247615016182934970185,0.0000000000000476465911767787308322177736565424725179320626,0.00000000317505106396630439994642812448384935169027125,0.000000000261591893474103928485669500655718895035647623,9525.234893853298316342203538185945223184330497986740277876613730013184404654398263984035525978236773,FINITE,0.08238982246393253692624672796752426670202307646985353317943917442182747551067357619917194787295007810,FINITE,TRUE,FALSE
development,SADDLE_POINT_LIKE_D08_C06_E1eM12,decimal-source,SADDLE_POINT_LIKE,8,6,1e-12,8622341725761639268,0.000000000277832112841864878140665647011593113953832246,0.000000000000228450145414275213871986209914921993689832152,0.00000034265788068992407811925216464537403432118485,0.000000000172970718190191136659177961748680738919907372,1216.160805404783614293052484731111500938544417776773712399962964665657212074813250225739141364506365,FINITE,0.0005047913033312511653482147186954429297277202709453820853622912163428297961778554844465983818738841880,FINITE,TRUE,FALSE
development,SADDLE_POINT_LIKE_D08_C06_E1eM12,binary64-operand,SADDLE_POINT_LIKE,8,6,1e-12,8622341725761639268,0.000000000294794786040969794299163111791963767548669937,0.000000000000148039839337804459557858070718046596163357232,0.000000342657830604645638438939634902213379865074962,0.000000000183531217247204492693775594779751155952432257,1991.320629363105463055424369969986988603352522169227546334701037610438906301887751302770959435634314,FINITE,0.0005356107488433863878277863479264043581990100714598315818309936331959758989289538141525043513771592651,FINITE,TRUE,FALSE
development,SADDLE_POINT_LIKE_D08_C06_E1eM8,decimal-source,SADDLE_POINT_LIKE,8,6,1e-8,14616751880936224367,0.000000000620925698541418721147027868249844332616215203,0.0000000000000325512541974619828032042430217951622056218375,0.00415671307399333421789368398498935655993017967,0.000000000330485402774995395941603432903256720978033267,19075.32332778231997547359212174279039632560983147682617524890765630511426754796794440932499298233210,FINITE,7.950642656638786525421523222046704274436150843344101965289825241110278426151539094195077482201436211E-8,FINITE,TRUE,FALSE
development,SADDLE_POINT_LIKE_D08_C06_E1eM8,binary64-operand,SADDLE_POINT_LIKE,8,6,1e-8,14616751880936224367,0.000000000524272707188964004701338892471415328293454279,0.0000000000000418755777133173251801854658683917217277263312,0.00415671307401263680963266961476769541132463677,0.000000000279042206187134116457522931829963006809102058,12519.77252178264570775840964261243144561173928485095556813153389462736273694531351749552791589532846,FINITE,6.713049498934113852954281309204732186709985660046980018079349160264991132031887459396375972599574410E-8,FINITE,TRUE,FALSE
development,SADDLE_POINT_LIKE_D08_C08_E1eM16,decimal-source,SADDLE_POINT_LIKE,8,8,1e-16,13230849836756187459,0.0000000272082240398779961457362085026161083040590986,0.000000000000902448947908431195421214383630860902643393769,0.0000000047495289622973777172239282729116919262057772,0.0000000146696912608025244974716804134673754912276628,30149.32213388621904892163655930256941035789388561699494912713696498110539027305513220055342050715993,FINITE,3.088662344677376269915672604402342667844723109361645774593311013813535426909593631819335923911534688,FINITE,TRUE,FALSE
development,SADDLE_POINT_LIKE_D08_C08_E1eM16,binary64-operand,SADDLE_POINT_LIKE,8,8,1e-16,13230849836756187459,0.0000000339089163071905240470859885118750990148894791,4.32812996671369764161498462395674188213685463e-15,0.00000000475001618081537150954631306499367227748859468,0.0000000182824624086362647980997835896352120435845486,7834542.069663679283524001283481341989259145558904824627722765915752209188578967663922745773356375746,FINITE,3.848926343130469066227248618714639007362896856261865372396601497233872220448606595766113508497118412,FINITE,TRUE,FALSE
development,SADDLE_POINT_LIKE_D08_C08_E1eM15,decimal-source,SADDLE_POINT_LIKE,8,8,1e-15,8124515418491739607,0.0000000548523439141714248578820086685470648553053532,0.00000000000017068749253415888747956986247492045541426993,0.0000000385289352469960082732225374286216144800309169,0.0000000384043223726346274832759593115457544949898182,321361.2380133481806716961347035749899434480378358216813320966928531554178830367347206994212031122899,FINITE,0.9967657327262606743829216471778427996399220396157521664571685930617434019032339576574223990809427398,FINITE,TRUE,FALSE
development,SADDLE_POINT_LIKE_D08_C08_E1eM15,binary64-operand,SADDLE_POINT_LIKE,8,8,1e-15,8124515418491739607,0.000000046165434041800346492608609005814002710977927,0.000000000000119698297418634035622287987381721132806825587,0.0000000385287592557518341538810464637054731670935449,0.0000000323222689296220523631681961769417467521361984,385681.6265342596370540124581901462719844672717196772977215006801564051762127497851121551144416595976,FINITE,0.8389127901853409703156352650203764453055382896286899026740563908779383963542243443545172941584400952,FINITE,TRUE,FALSE
development,SADDLE_POINT_LIKE_D08_C08_E1eM14,decimal-source,SADDLE_POINT_LIKE,8,8,1e-14,11859490571264730293,0.0000000272617187808997076178909257177030482454083783,0.000000000000156151144695301410670965738866910739596230885,0.000000204715966247470937061194328614792747002774485,0.0000000254216838440842422174255655373285113217195099,174585.4558677469175020124160197051773209186104191715412580865378464646136312326702522972543703856454,FINITE,0.1241802694243849772736408666242846256368580281331532395390278870515222237872308734695343849713566466,FINITE,TRUE,FALSE
development,SADDLE_POINT_LIKE_D08_C08_E1eM14,binary64-operand,SADDLE_POINT_LIKE,8,8,1e-14,11859490571264730293,0.0000000275659347543761327885803829377166310609809242,0.000000000000141096819884513427740743463460456179020179189,0.000000204715951547183492851117939672005243713997467,0.0000000257053667020946057822795019873009192073317056,195368.9301923219875717228934833458582162155663172366409477866886852138175265325135557840861269101956,FINITE,0.1255660172439955784554682573120490879374218782748875521968761539433096263251045266001220404328736101,FINITE,TRUE,FALSE
development,SADDLE_POINT_LIKE_D08_C08_E1eM12,decimal-source,SADDLE_POINT_LIKE,8,8,1e-12,4542689327874184003,0.0000000591121689315124993746764705241738589761287744,0.00000000000144649350327577459141987439585635351310429583,0.0000270785379145161289188614519887278535866917159,0.0000000362439962141912908682759881633336419915458473,40865.83783310828990513632928881216065823479057883667571177167460420736796866087648743778170954255086,FINITE,0.001338476853093378734967094431172668835331073149622572741636118804067033866294081542284182761561053661,FINITE,TRUE,FALSE
development,SADDLE_POINT_LIKE_D08_C08_E1eM12,binary64-operand,SADDLE_POINT_LIKE,8,8,1e-12,4542689327874184003,0.0000000633032583031429206103749440972190641760083258,0.00000000000091476793137362628882925709109446577319193015,0.000027078538252901919626139041516529841088492086,0.000000038813717983234734823159478139958844298491181,69201.44020362192094101289239204409850832303591496535551506385297054964785019548663195273585076247367,FINITE,0.001433375672672257108524002570328171153088136777668989127764106773738177114497911391951790792781781374,FINITE,TRUE,FALSE
development,SADDLE_POINT_LIKE_D08_C08_E1eM8,decimal-source,SADDLE_POINT_LIKE,8,8,1e-8,1937651504775486851,0.000000205290002320190986523112256090005080293076455,0.00000000000547743601302503068074676977908448616452160011,0.640827162522971465769547628355057351034687505,0.000000119121341316795391676325389635009234261070344,37479.21506194194883354400252272010092560298659701447633594359550687951285120630873514940579688006177,FINITE,1.858868479416636748942806517030236407297817402522291640051792471780825733601056453934220815465786459E-7,FINITE,TRUE,FALSE
development,SADDLE_POINT_LIKE_D08_C08_E1eM8,binary64-operand,SADDLE_POINT_LIKE,8,8,1e-8,1937651504775486851,0.000000212906491037160459992347141602214421906228888,0.00000000000452705363427087353847180244201217443748085473,0.640827162523521395042395591131566174047096999,0.000000123540876325005546939925576867720712619883276,47029.81414344368419772102267069531408437744109681630443227307598185161675133983077189920831316760420,FINITE,1.927834579272706953466242825050881684953982009040492866867478604616484645974956942799959847496728531E-7,FINITE,TRUE,FALSE
development,SADDLE_POINT_LIKE_D08_C10_E1eM16,decimal-source,SADDLE_POINT_LIKE,8,10,1e-16,11121206788242147629,0.00000515808835722063881587945807649531011150422789,0.00000000000419536480725813437562044409986507525989346889,0.000000547049605560196242723668542765520135170915525,0.00000320508015553970269378811275133305231693207124,1229473.143383611725489221495664452896778257622495580387682948392410167322300057196738770812927585074,FINITE,5.858847393295528286456944346872220884557067723568189165498060621386658804524193379046516708503723200,FINITE,TRUE,FALSE
development,SADDLE_POINT_LIKE_D08_C10_E1eM16,binary64-operand,SADDLE_POINT_LIKE,8,10,1e-16,11121206788242147629,0.00000476441208511517245396283189117172819520484162,0.000000000000217610008723638039139651889705952644608430989,0.000000547047134089414820767377696808083463087644494,0.00000296046162245653407185064147980879425082646358,21894269.07824775462433562857162528736705434372319914097921716171671781201359150973468450617799941037,FINITE,5.411712150515803268731923961653695861918992333303295974227372615340134068600740541631518826530504120,FINITE,TRUE,FALSE
development,SADDLE_POINT_LIKE_D08_C10_E1eM15,decimal-source,SADDLE_POINT_LIKE,8,10,1e-15,3102490935145018579,0.00000588590393649523843311364218127367408169234866,0.00000000000313140096256116306555144837042939356219377197,0.00000501048562481008898595560901747711563816330672,0.00000297662956507615484775474470980539933346033313,1879639.179672850323700518756407603552048516437522623626259619366530571928890261726740233031591037621,FINITE,0.5940800529068431751115599183014514951480422059159667265903512043522213401789857385188348894545701575,FINITE,TRUE,FALSE
development,SADDLE_POINT_LIKE_D08_C10_E1eM15,binary64-operand,SADDLE_POINT_LIKE,8,10,1e-15,3102490935145018579,0.00000432493451135302449328416541083011211930112966,0.00000000000349905006384813214591998691475088716981655142,0.00000501048227210774625821746011999814153611154003,0.00000218721339532602524911440776593316586863312895,1236031.046265343711828856111043438326539653921381645880071165621060528105175556221803734410960112305,FINITE,0.4365275190178321904920383650980407572925006843070652635737860190142628153532045861120163220784685942,FINITE,TRUE,FALSE
development,SADDLE_POINT_LIKE_D08_C10_E1eM14,decimal-source,SADDLE_POINT_LIKE,8,10,1e-14,9984515574928810360,0.00000463559074389084117011374812401353635874482254,0.00000000000351248237047384807282966009112816286776219933,0.0000488284598696235390669392764563564738881096089,0.00000293768626991043036343481640354170041342114586,1319747.760973240482614954514376350603177436980050889278059558092686367300650869365137083646496875888,FINITE,0.06016340219933870164811501842125074975181382526730877037668737634021838924685816902146027711833445553,FINITE,TRUE,FALSE
development,SADDLE_POINT_LIKE_D08_C10_E1eM14,binary64-operand,SADDLE_POINT_LIKE,8,10,1e-14,9984515574928810360,0.00000359739394830171505310405954487764268954396355,0.00000000000319362621913579478687882630919582457773742877,0.0000488284600717170342632084631927593427656575927,0.00000227975578373000807345636652036063744271833612,1126429.237944815305514394206851444814557170419592862538689221869515662272951337223559116499895837476,FINITE,0.04668907805778854919176911763521835217830204817690137701052179456196768861037221698827710567120827572,FINITE,TRUE,FALSE
development,SADDLE_POINT_LIKE_D08_C10_E1eM12,decimal-source,SADDLE_POINT_LIKE,8,10,1e-12,5352276393098322302,0.00000209293363614254951938220967235426168660618851,0.0000000000104021610616703377831065693627505503676499756,0.00280266498297840478227590406007254016975972291,0.00000175635089160293314492629439755968781733119866,201201.8102521549049816958543316124041724813148884737853815660254540839507010505582169067213730932682,FINITE,0.0006266717221893753033016390750094882905801296363331385566059685995389461638362702583365212065143594398,FINITE,TRUE,FALSE
development,SADDLE_POINT_LIKE_D08_C10_E1eM12,binary64-operand,SADDLE_POINT_LIKE,8,10,1e-12,5352276393098322302,0.00000172563901580519175747318506531963104099837229,0.0000000000130591157527085105315709253426134159351322079,0.00280266498074813225632858583923707273738282182,0.0000014481240932128545046427691837564968506815499,132140.5712670314319366249600695598541085507536780128958994011368748184515793923464420844524614180473,FINITE,0.0005166953964031398472382150698231573722108085610322976773492178658803225884781945199336976036897778672,FINITE,TRUE,FALSE
development,SADDLE_POINT_LIKE_D08_C10_E1eM8,decimal-source,SADDLE_POINT_LIKE,8,10,1e-8,6235117913492657271,0.00000238974761996693734446344205438130880786086101,0.00000000000240478494058324085162297333273711152232935205,0.22963072323832038406919373908708529919599368,0.00000135947992234819164189634831650662437229504614,993746.9166732820384700234860601939741108664136036653361528684569104436281039349249630357492187745668,FINITE,0.000005920287595563884665038831896178385372072163550908638035660894586914200053447207108838977631472677097,FINITE,TRUE,FALSE
development,SADDLE_POINT_LIKE_D08_C10_E1eM8,binary64-operand,SADDLE_POINT_LIKE,8,10,1e-8,6235117913492657271,0.0000024323695449637329070117827517232468312120656,0.00000000000142985969412274403203055408473090102892171001,0.22963072323884733407381162230415526580809158,0.00000138372668832483938934534389131319605134786569,1701124.631291921716887365177412863692824314590141291843872753506756804217603830720948394975123397102,FINITE,0.000006025877847737188590216992192880460453500157326046667524356369274609727144963134709448631593471773240,FINITE,TRUE,FALSE
development,SADDLE_POINT_LIKE_D16_C02_E1eM16,decimal-source,SADDLE_POINT_LIKE,16,2,1e-16,9741642504060071001,0.00000000000017658037561884801352493741914267833398140653,1.0497084798451393251454563838115486209441901e-15,5.17768721452167810167396923606607297270873046e-15,0.0000000000000849572728309559423356458061847114365136130424,168.2184901896747966051706878677537325445137147915604143457639993344803142051200051159548367910042803,FINITE,16.40834397888679966852988763471212085149268165477772008281481993737266353813834052749011646173414684,FINITE,TRUE,FALSE
development,SADDLE_POINT_LIKE_D16_C02_E1eM16,binary64-operand,SADDLE_POINT_LIKE,16,2,1e-16,9741642504060071001,0.000000000000196559370604076202854759641149327008834148245,2.69376388675009255770438871093362969946283299e-16,5.12246162327913939932906794843536130332052496e-15,0.0000000000000945696712750056601028148653242518707532306663,729.6829969801712023654830638635007828747789415730732204067252326817790134431195207335824481381042056,FINITE,18.46176276757871861430970270182459121533314482706625591180391257992355692194926843092796702710596927,FINITE,TRUE,FALSE
development,SADDLE_POINT_LIKE_D16_C02_E1eM15,decimal-source,SADDLE_POINT_LIKE,16,2,1e-15,4700850701528527920,0.000000000000159329017665687148974835204244716879777400513,1.51537910371522750988169972232341249566933683e-15,0.0000000000000337458790827570724051540213261958004551929299,0.0000000000000815198171877411349999849475512928054643010105,105.1413585386409785549642954785428639539421839389645182452601144905839817296415985122732948551591593,FINITE,2.415696950369114035209407851423372876766459401637397915574759932401769668504722778858540486649323944,FINITE,TRUE,FALSE
development,SADDLE_POINT_LIKE_D16_C02_E1eM15,binary64-operand,SADDLE_POINT_LIKE,16,2,1e-15,4700850701528527920,0.000000000000111853439059040101684202906292457080323068508,1.87922275347846860297368065560529726854783493e-15,0.0000000000000337225469335902379482650825276462795268227318,0.000000000000057229198029988165079691689270829832588285639,59.52111789408560633683856906061743772353400322763859827433953998913671738955867730337502719165273452,FINITE,1.697060371587280775210479980927989145527250539225865451457523038105164767939489613133837675027060654,FINITE,TRUE,FALSE
development,SADDLE_POINT_LIKE_D16_C02_E1eM14,decimal-source,SADDLE_POINT_LIKE,16,2,1e-14,4607342234375229794,0.000000000000117750258216697056563648223424486899189612958,1.1276416405107340464019286865059265422876509e-15,0.000000000000657787560434042940711290181523584796816882523,0.0000000000000608872090175889039412266342984978748092756038,104.4217009965731122535490340212626340656870351031625628473112809296419451044818660806956933135137239,FINITE,0.09256363707670651403246410925120276981816573881672840540198682964589791948451748583089218395299129621,FINITE,TRUE,FALSE
development,SADDLE_POINT_LIKE_D16_C02_E1eM14,binary64-operand,SADDLE_POINT_LIKE,16,2,1e-14,4607342234375229794,0.0000000000001109884112959910274516349828138282091843343,1.10815039396963677301622344645072548169613678e-15,0.000000000000657772277057467772659391110485389681965100761,0.0000000000000573907412132610829107238786099267151221455575,100.1564515971575790689734737509724106962621696095762815535568255628883433984386597452829029635623362,FINITE,0.08725016729193500219878849616534111401497558930267645047719872630916790716599385959512364795466920357,FINITE,TRUE,FALSE
development,SADDLE_POINT_LIKE_D16_C02_E1eM12,decimal-source,SADDLE_POINT_LIKE,16,2,1e-12,10157239585725212773,0.000000000000128855567112008889088372487366204452394822847,2.39645553047647428901840510466141388316774865e-15,0.000000000054253162302699248309666422424785014412079207,0.0000000000000647523588271200965697096576643662632996807031,53.76922937785089371113572975122704170776857558310418706835742681570693303143252104195429725206011738,FINITE,0.001193522295821979828264554282497084850573262411827986367504949169862824685578613888253056274016269965,FINITE,TRUE,FALSE
development,SADDLE_POINT_LIKE_D16_C02_E1eM12,binary64-operand,SADDLE_POINT_LIKE,16,2,1e-12,10157239585725212773,0.000000000000131262635747490877146825649394138148377336809,1.76362690411512812066723702251798597684902923e-15,0.0000000000542534030176403664254933108584361956916524394,0.0000000000000659619563284119906771590846402558450009792128,74.42766689553867212466563213235563801852222722302716395975823023414094913022671591935728969738084142,FINITE,0.001215812329909786777299807078846321731568614141316870171114538877465713811179251585439882619338746378,FINITE,TRUE,FALSE
development,SADDLE_POINT_LIKE_D16_C02_E1eM8,decimal-source,SADDLE_POINT_LIKE,16,2,1e-8,15655641463757475078,0.000000000000272400697741302111028283795917682097004694851,4.63208305985772642820075601064242684667992524e-15,0.000000458280592964132950151107675725318337382025512,0.000000000000110564032547826968214080115137487785629171684,58.80738627119282440528262536865596246313973820725521053779559938590314586938812608503513511456581831,FINITE,2.412583780445623070184587565021768541759120525159564454565100288077338721919619934701376582367030933E-7,FINITE,TRUE,FALSE
development,SADDLE_POINT_LIKE_D16_C02_E1eM8,binary64-operand,SADDLE_POINT_LIKE,16,2,1e-8,15655641463757475078,0.000000000000243654819714102168554282316236619349813437462,4.78874587407742655988727565895910020024889298e-15,0.000000458280592949015075701179658853479291117691695,0.0000000000000988964405769959171631011240822402372157014376,50.88071618773116999510788254934948948700173274335947260509692052267154981250349070521430731090171810,FINITE,2.157988841303572436772536218195177624271389754530969137129886468957813084152816079340287611506276945E-7,FINITE,TRUE,FALSE
development,SADDLE_POINT_LIKE_D16_C04_E1eM16,decimal-source,SADDLE_POINT_LIKE,16,4,1e-16,5376100829545056146,0.0000000000107073407731508539904073177668188442050247524,0.0000000000000112480583573024078225135718399643562482920404,0.000000000000317575982000679716992442579195416616527973707,0.0000000000051161653205600265651475132133741256903480079,951.9279179592349923960647402642561367949367875111725864208709282624042004063901283812771529658848370,FINITE,16.11005117052295311683170454347969315154906458232789260960830870289210436146003108437316301675353316,FINITE,TRUE,FALSE
development,SADDLE_POINT_LIKE_D16_C04_E1eM16,binary64-operand,SADDLE_POINT_LIKE,16,4,1e-16,5376100829545056146,0.0000000000112852759452409019350768065662473742464750897,5.38023142328025222048028296945408054812944909e-16,0.000000000000322362917656724380024077727628248438849795089,0.0000000000053923134275104839182273326047017397638761771,20975.44707168084277652137350034373979959772810250739488315113028867808774580981919253014875592607881,FINITE,16.72746191375713312439968587060387457469188395063454460738817657172286903760152466016462817338124103,FINITE,TRUE,FALSE
development,SADDLE_POINT_LIKE_D16_C04_E1eM15,decimal-source,SADDLE_POINT_LIKE,16,4,1e-15,8381365168695622325,0.0000000000109058708669243100978314703671809992492304686,0.0000000000000164804821073642135764015070281671666974576678,0.00000000000315763543515645531727696933112505651648056311,0.00000000000529635909486877142130375757124292508508235094,661.7446501793221911190231458681176188910665775511133399126048763902451978154367116914513594323896174,FINITE,1.677318108322516365633498871751170243502393420885776377405257021330234561217324486498768209198612324,FINITE,TRUE,FALSE
development,SADDLE_POINT_LIKE_D16_C04_E1eM15,binary64-operand,SADDLE_POINT_LIKE,16,4,1e-15,8381365168695622325,0.0000000000071624819104179846515607107587937999289942613,7.84012475900884420696436095801432750303919618e-15,0.00000000000316222140310093292155139062740841771555290843,0.00000000000347840870948932347554194504804154262348198717,913.5673386048862073907985778139923345328002901526408541022414261550003201492223765762736118979702869,FINITE,1.099988984350789423101337780265631124197850034140331350848576768901923216093733715460233908498456621,FINITE,TRUE,FALSE
development,SADDLE_POINT_LIKE_D16_C04_E1eM14,decimal-source,SADDLE_POINT_LIKE,16,4,1e-14,3294430816771009380,0.0000000000126678679951482296862278465623108470574066436,0.0000000000000234536136641885200172551781671048302322121839,0.0000000000448622331437337194782822944571368661726137991,0.00000000000547679692771087984017593876106321836638028585,540.1243568060849521957411491384669230453488411144074016723345236415677888875670199898892090899258077,FINITE,0.1220803456253240378884810838875241221942658074742403557279624754567149531017714242813496252376341242,FINITE,TRUE,FALSE
development,SADDLE_POINT_LIKE_D16_C04_E1eM14,binary64-operand,SADDLE_POINT_LIKE,16,4,1e-14,3294430816771009380,0.0000000000107804268094331493375910148443479440208976117,0.0000000000000239541991648195333763488325589538223618592019,0.0000000000448620721507546521797330863872707459255466798,0.00000000000466078494439068713913250116943997292208710504,450.0432986825075156797077949000116140310411445742574152992493837660519748078806853989940707287194783,FINITE,0.1038914325831533228247913537515539741556580718000887942152980268513477604390571779157819907515139426,FINITE,TRUE,FALSE
development,SADDLE_POINT_LIKE_D16_C04_E1eM12,decimal-source,SADDLE_POINT_LIKE,16,4,1e-12,11503712061454460410,0.0000000000111606417447406740752163801553732118035716882,0.0000000000000353339750480324622269483933792733188035050625,0.00000000261835734475709475004912494692147971037965907,0.00000000000529065158482495631437850463555192688234971487,315.8614825976717689814348263212038414586372750461696653316456921565985080919391384190266076025845893,FINITE,0.002020599516494098151825460946259147179769934456806720045432157152125373921856907454976224527146346706,FINITE,TRUE,FALSE
development,SADDLE_POINT_LIKE_D16_C04_E1eM12,binary64-operand,SADDLE_POINT_LIKE,16,4,1e-12,11503712061454460410,0.00000000000994116372883812907913960160771395812327176345,0.0000000000000292865125547461191959843310818195734131224024,0.00000000261835464162766537460918894219856024279572803,0.00000000000471256356398741106047090877084880045757721513,339.4451186447968549794554656377591421146506311220986841166589015221582066733556870758950214244204564,FINITE,0.001799818668206805069635436343031598221287786150285222126505226833015132334550052997503890280561337302,FINITE,TRUE,FALSE
development,SADDLE_POINT_LIKE_D16_C04_E1eM8,decimal-source,SADDLE_POINT_LIKE,16,4,1e-8,172178918414304679,0.0000000000109220232406032378073962815274967914322541753,9.11251081519170286358863774790090710289560534e-15,0.0000588413276830746259910072033372400238697447489,0.00000000000570124972361101966737621711285328818610750089,1198.574516081215497623433742091525104387451357939743554085444268159037004056650481616006128981167585,FINITE,9.689192865121144773642855498477793399543038288920763864093675371082206743742950644436566304884669189E-8,FINITE,TRUE,FALSE
development,SADDLE_POINT_LIKE_D16_C04_E1eM8,binary64-operand,SADDLE_POINT_LIKE,16,4,1e-8,172178918414304679,0.00000000000984067090989110662607942838524300422860780802,7.01458447913821266705397458482680902163257007e-15,0.000058841327684741845950061214752313935230432352,0.00000000000513678840167575330906577775826410502320663694,1402.887218645358315031638102845725991254527766164455065892448302018798666691726193038968002623890124,FINITE,8.729898871754681237965972976622345338841290493809146454500859561355033018611119367095671691419194840E-8,FINITE,TRUE,FALSE
development,SADDLE_POINT_LIKE_D16_C06_E1eM16,decimal-source,SADDLE_POINT_LIKE,16,6,1e-16,1136567144373147841,0.00000000104291527150876357455445827681589661197965459,0.0000000000000761426805629543013165474767451380317430869686,0.0000000000382821283478858533271078290934646836133464053,0.000000000482603632688340267196652647102332670858171281,13696.85521704857270071096513465598316541865319931979448094696645836249721868235918089819656500711469,FINITE,12.60649952120523247282371735922070193871804333721593286279961592178499726213510596769027766849974517,FINITE,TRUE,FALSE
development,SADDLE_POINT_LIKE_D16_C06_E1eM16,binary64-operand,SADDLE_POINT_LIKE,16,6,1e-16,1136567144373147841,0.000000000786645648628208973325605053761807560407201415,2.04516060092037748770216015104434542052213045e-15,0.0000000000382509129598598994895946103912864633912783559,0.000000000364016193872812611466049040894823920830227799,384637.5919202615153050699618809648050248928601272483836902406892672174005608613741668094131369150407,FINITE,9.516536095617046496511551569455385472602902635009676249572896177633234743695733114787974958453474502,FINITE,TRUE,FALSE
development,SADDLE_POINT_LIKE_D16_C06_E1eM15,decimal-source,SADDLE_POINT_LIKE,16,6,1e-15,5879620402432723619,0.00000000119830962373946405931796150156971182863659655,0.000000000000121108076219283305585954676946007148350876284,0.000000000559011705966911594672039306040295371045320209,0.000000000505476406541959412940709900925406458663051426,9894.547590449335157522347364240864171134180553430132535235397040432218687728852749849306528225100833,FINITE,0.9042322390506058844088424090065184704038338099448732723391642329427434226294948475910307499620171192,FINITE,TRUE,FALSE
development,SADDLE_POINT_LIKE_D16_C06_E1eM15,binary64-operand,SADDLE_POINT_LIKE,16,6,1e-15,5879620402432723619,0.00000000106233106794198963719234973667411593455897485,0.000000000000157640517860311002352196868845384147821691674,0.00000000055896117169810261160115271797170762003012241,0.000000000448117314709939188424953952154032253259814452,6738.946828906933463160789251778301354276523884900454184348010589627880846090618061300436282229802616,FINITE,0.8016966784089420113149542387319881603998916055008192974972204584583125158961324219266399969063938789,FINITE,TRUE,FALSE
development,SADDLE_POINT_LIKE_D16_C06_E1eM14,decimal-source,SADDLE_POINT_LIKE,16,6,1e-14,702517136353277760,0.00000000107660737923746792933529401837355758595461232,0.000000000000219847896117815221157298468910155691984475486,0.00000000397619777012282890331667460310732431440515753,0.000000000416551901185821403783916131366621650607575437,4897.055638233263948531245541981800718140565324533134135296382652909440758526095748091844494660003174,FINITE,0.1047613638123824208967558566597960345685358496502730586652569173859575227346400250048473466085524394,FINITE,TRUE,FALSE
development,SADDLE_POINT_LIKE_D16_C06_E1eM14,binary64-operand,SADDLE_POINT_LIKE,16,6,1e-14,702517136353277760,0.00000000120799312700804445807031596121266886788465154,0.000000000000227418262697875603615127590992149062939653866,0.00000000397619905379145377175095464091095481806364172,0.000000000467386573210201666835934669693459046493951248,5311.768336797380518914183249858946474220103863906015795307968198700091203109744508991776082072096806,FINITE,0.1175460702261701851979515792047004389837693404227523487761830610660562850267604397203983365541523608,FINITE,TRUE,FALSE
development,SADDLE_POINT_LIKE_D16_C06_E1eM12,decimal-source,SADDLE_POINT_LIKE,16,6,1e-12,15975045787500257041,0.00000000165342961847504330555908906057500285973883955,8.02697647353676529159521457005152275099370105e-15,0.000000485980297380026937355156523580800367507487656,0.000000000606993108578060418189578068659840562999119411,205984.1116921233293096117979405429641381845179654222996387449763294725084153870757624695356951020878,FINITE,0.001249007648767710981285358211710652933422827537966917682481686950076844718235241151682804118124490442,FINITE,TRUE,FALSE
development,SADDLE_POINT_LIKE_D16_C06_E1eM12,binary64-operand,SADDLE_POINT_LIKE,16,6,1e-12,15975045787500257041,0.00000000158416693846913546756658014862423886074111787,0.0000000000000887682489822725207418222690706300458505246952,0.000000485980328395348543063558174146964208539905526,0.000000000581565978825774759027122872728264787782918186,17846.09876427214209496917960834211944983196439044209421122926184481213394394169044500929736523284834,FINITE,0.001196686254248271942204791891829477818290967893831142794478176169007692780673948009934847633432089298,FINITE,TRUE,FALSE
development,SADDLE_POINT_LIKE_D16_C06_E1eM8,decimal-source,SADDLE_POINT_LIKE,16,6,1e-8,10126522729066399354,0.000000000836858626982434668984940041988428338258499746,0.0000000000000588478262199972661575595717828084948633095907,0.00456293427473700118931787246353033472745342905,0.000000000358142430165409097806396100462410155871341493,14220.72284970925721647837180646615052692516990510403650760331550413551292677298463755909142631107064,FINITE,7.848950008951240985845070211321630991507847325780507488035686967872718081327486669811843760467165261E-8,FINITE,TRUE,FALSE
development,SADDLE_POINT_LIKE_D16_C06_E1eM8,binary64-operand,SADDLE_POINT_LIKE,16,6,1e-8,10126522729066399354,0.00000000106277605606474300338392136505601776492739637,0.0000000000000433837450878305505393447669073286713594831954,0.00456293427473042770597685975982354642779688056,0.000000000454826164382272024358058878846564569235170506,24497.10263401993056199085723890745267120822081837742790421545984637516286286201202133189380657817224,FINITE,9.967843869702518775426825815875387304122599509867122707901751414778993158192709287661764553122588925E-8,FINITE,TRUE,FALSE
development,SADDLE_POINT_LIKE_D16_C08_E1eM16,decimal-source,SADDLE_POINT_LIKE,16,8,1e-16,4921178944637922605,0.0000000584467647754686329061099678286437232631077683,0.000000000000911928567512678041970054457200676496031562524,0.0000000047516839080719121566131197547916379671531145,0.0000000280877226666780859822106250900746326885828855,64091.38484923719602530428053241508849338455582892371344983615445319244502421657703253393388108995792,FINITE,5.911109242549600453895162282153608502070608862795986453601597269344945541169583545882778736413623127,FINITE,TRUE,FALSE
development,SADDLE_POINT_LIKE_D16_C08_E1eM16,binary64-operand,SADDLE_POINT_LIKE,16,8,1e-16,4921178944637922605,0.0000000603527568334214392329659106087445246756922478,3.98346967794595783668568150652309173999783079e-15,0.00000000475212348874821072085758941693127360862189404,0.0000000290036839954910279066129488977194398176882938,15150801.11380233312801453055932803283360447253633626813766382205129470468141928491152694150782874978,FINITE,6.103310249441999716245681116782004051605631118894009328676324603554570741656565162038280152953979606,FINITE,TRUE,FALSE
development,SADDLE_POINT_LIKE_D16_C08_E1eM15,decimal-source,SADDLE_POINT_LIKE,16,8,1e-15,7647256447932334264,0.0000000591837206460342170052658736985417922020387595,0.000000000000248275261590472386096106712058890811581914043,0.0000000389777917371149034839409730301242870034592535,0.0000000262069919928872837298459293136094092173233333,238379.4513673987581069428463610615177465152444210518198385447030674249082529704443073999326299562112,FINITE,0.6723570224203547615542448870748084676990447738623313709138511550080168084424838904709388517349403420,FINITE,TRUE,FALSE
development,SADDLE_POINT_LIKE_D16_C08_E1eM15,binary64-operand,SADDLE_POINT_LIKE,16,8,1e-15,7647256447932334264,0.0000000446054152413634628212262190985896145406381081,0.000000000000162657102738519440782245210340339216377592291,0.0000000389778346427652910341682948296554455256652312,0.0000000197516098567242714515395752259966286068232601,274229.7415260691627441756203541321184444682969101700725317570488042791082697326897337284239925714846,FINITE,0.5067395363993208514180287719524048018685192013522823722283400127635275096254552811676255284249264272,FINITE,TRUE,FALSE
development,SADDLE_POINT_LIKE_D16_C08_E1eM14,decimal-source,SADDLE_POINT_LIKE,16,8,1e-14,16418802293449855429,0.0000000627272339412103267280189630492517804748280652,0.000000000000116769690412228898406973827072362185302766545,0.000000175799077224348412811396993569733640749494118,0.0000000252122040028433475348588887713557854760949026,537187.6359333150522998047652704642924659435617873614561518460224861996537716421522786860307530569189,FINITE,0.1434148824949089253386300133844380579293156631661377545092264600075613495874078218002285372503957198,FINITE,TRUE,FALSE
development,SADDLE_POINT_LIKE_D16_C08_E1eM14,binary64-operand,SADDLE_POINT_LIKE,16,8,1e-14,16418802293449855429,0.0000000628573218715479269143316626792086265788762095,0.000000000000128388048299563604853961712983508899695273303,0.000000175799057942928698644678128269336224289854514,0.0000000252644907566493325600356857948286977833981842,489588.5770058986167553793162135830018194381576860083188537529322688127002708510075744389316105457044,FINITE,0.1437123216260418288249784566946533472417230169743170941686368074099717690637483768599990081150589941,FINITE,TRUE,FALSE
development,SADDLE_POINT_LIKE_D16_C08_E1eM12,decimal-source,SADDLE_POINT_LIKE,16,8,1e-12,5074279213727355040,0.0000000314750481078377461140973534555336296152813349,0.00000000000076645355972815086894469383509015461785965083,0.0000560583656112707436599048466606012122673841005,0.0000000177907490534269785569772300987086086890809879,41065.82546110354694127485076544967170053459673239042127079325441021726940775289264771270662466209625,FINITE,0.0003173611798958705647808955287591606598872734357659815613770933971707949814495496036293692002336834002,FINITE,TRUE,FALSE
development,SADDLE_POINT_LIKE_D16_C08_E1eM12,binary64-operand,SADDLE_POINT_LIKE,16,8,1e-12,5074279213727355040,0.0000000340310312017202027352765039562733001620604558,0.00000000000113854002976925389470895686302002737706388508,0.0000560583658212008564627546663789711346257962748,0.0000000192354761163457145119440752968159150827706499,29890.06122921933447595134161595244046860506858644916630961863660372554856703850215224716537331567370,FINITE,0.0003431330156447586044263066404142711288083425351584872408736253384651875529809639028522145519989092140,FINITE,TRUE,FALSE
development,SADDLE_POINT_LIKE_D16_C08_E1eM8,decimal-source,SADDLE_POINT_LIKE,16,8,1e-8,13013695716500282123,0.000000539989702832103513859362932441591930506885402,0.00000000000196988601537420613589330739177308234788822589,3.47446596623142176543142963812363324395563499,0.00000021971869401001695499578515317651201229920093,274122.3089141659112080357478230794897571183347019222121720731890624817692637233094728346141861483969,FINITE,6.323811951116469152829447633191543642982547377814156386699037762302082781141551416165195549802782968E-8,FINITE,TRUE,FALSE
development,SADDLE_POINT_LIKE_D16_C08_E1eM8,binary64-operand,SADDLE_POINT_LIKE,16,8,1e-8,13013695716500282123,0.000000435554034749472157919998765397636459863828099,0.000000000007790840398136079826176114909542462598380326,3.47446596623366552491928227636444451612171761,0.000000177224423325159666567693145055326722710763562,55905.91162073815739132684442655795755151668228061330243399492780051171181027845740154582554591156859,FINITE,5.100767284742513201434206534553012966523859126117885109733921908199954424451587368891712046772393679E-8,FINITE,TRUE,FALSE
development,SADDLE_POINT_LIKE_D16_C10_E1eM16,decimal-source,SADDLE_POINT_LIKE,16,10,1e-16,11637052693587321250,0.0000078743287330634540011906099257282313499071113,0.00000000000911473649034973249871067182011933353645156734,0.00000038138656007890571460984822049669478472618725,0.00000339171349136182849701111654611266277167219592,863911.8356740685057626492761836944533676937461193761428414167661737899849301901169650458136997912712,FINITE,8.893112255083428003908055507925412643543985856780138301239728994686472857826940886226177444955513279,FINITE,TRUE,FALSE
development,SADDLE_POINT_LIKE_D16_C10_E1eM16,binary64-operand,SADDLE_POINT_LIKE,16,10,1e-16,11637052693587321250,0.0000072343882682449167112318393378437805999326523,0.0000000000000616002230030456137424366211215672918788974807,0.000000381382615275826994106018219360883114695645485,0.00000311607161993749137900582753983012355860288371,117440942.8337172896567721247266287185482435871792931947746773574494651948696726822590039032607446891,FINITE,8.170460569325787961538176455157593907433414531679065406926228638175168083982656596937570617565784942,FINITE,TRUE,FALSE
development,SADDLE_POINT_LIKE_D16_C10_E1eM15,decimal-source,SADDLE_POINT_LIKE,16,10,1e-15,10177814008493086234,0.00000817024604166408268239947378288688221910188248,0.0000000000214915887589176601902086250334432791635013075,0.00000333373042783712626417118398347481462537886976,0.00000309027086472323847781928871793427225542150825,380160.1702560934898870040882840687177022871474932280266731050956955763948099100682853996763192983391,FINITE,0.9269708309103322855875484899552129380346745778139540046213559538533957451871702815491530464818195277,FINITE,TRUE,FALSE
development,SADDLE_POINT_LIKE_D16_C10_E1eM15,binary64-operand,SADDLE_POINT_LIKE,16,10,1e-15,10177814008493086234,0.00000681762522917031768212767585905007480150397672,0.0000000000115793068081606629651322025419391429394176404,0.00000333372669483172297691956828350924760586976323,0.00000257866268712656198933634116225855203492564977,588776.6290435892112951248726535570558192606946138958918853049949488597432630920186805334822756148081,FINITE,0.7735075257141694193662243446380790541762767706879839463713846442543590298581541275707018509399055275,FINITE,TRUE,FALSE
development,SADDLE_POINT_LIKE_D16_C10_E1eM14,decimal-source,SADDLE_POINT_LIKE,16,10,1e-14,9097582008677315621,0.00000429977433453769656801275762312800619787637163,0.00000000000918781727017259209884499923483552774460979692,0.0000259010107083843491257961053352255228859219257,0.00000201798408414571957591979182192982942528556099,467986.4877696817535703437737620824962876908303128277538229454414220701496306739511480672851482389035,FINITE,0.07791140302847267547163589688131115951580411271306767320929007057867276205427106443071973079596016508,FINITE,TRUE,FALSE
development,SADDLE_POINT_LIKE_D16_C10_E1eM14,binary64-operand,SADDLE_POINT_LIKE,16,10,1e-14,9097582008677315621,0.00000557185658488149507077204787515630757950481529,0.00000000000980979152146507322269542639162885458887378887,0.0000259010109998802435971915936657362036759907002,0.00000261500186582314832161741254956502879143222361,567989.2964788867563745347824769485994932806878967323260665951619383939918597582338213346206902334966,FINITE,0.1009613820030128975872277243566643842508050049173063630108571653051688103181759766387926864081424513,FINITE,TRUE,FALSE
development,SADDLE_POINT_LIKE_D16_C10_E1eM12,decimal-source,SADDLE_POINT_LIKE,16,10,1e-12,10963118296066030789,0.00000849277067248895862019366201829015184797306088,0.00000000000739748953819369405742671024338836359067263371,0.00154108368533434462615801120089365138428724904,0.00000386035030567679937281530091740461447635139131,1148061.194090273546708754133993796302634650168206501115948165321911616060737983721354027276914320882,FINITE,0.002504958259187125220981078005934441192113832190877927148204768370466566367722170446405796605630894258,FINITE,TRUE,FALSE
development,SADDLE_POINT_LIKE_D16_C10_E1eM12,binary64-operand,SADDLE_POINT_LIKE,16,10,1e-12,10963118296066030789,0.00000846137850537959538153922832738150273738602444,0.00000000000597194640489437254778277270016869475852464526,0.00154108368465156959787163652403252926118580399,0.00000384608113880928338004409080655225481371061895,1416854.394146099859607776239844521349004782222820578854126453563996196507064037558666416959246461081,FINITE,0.002495699083128545881121282569976722170758138927321069917860551426002472773248468368456930117021806087,FINITE,TRUE,FALSE
development,SADDLE_POINT_LIKE_D16_C10_E1eM8,decimal-source,SADDLE_POINT_LIKE,16,10,1e-8,6098442964881399951,0.00000273945485129420013846041397912597814284356739,0.000000000024998762502460835971448639867217813946426681,5.01607701253348565807894773284287056109897359,0.00000146639656213588197976557410053019641862177322,109583.6184300936027671824760332750704905110748951530386592412956061755735654264666131125828988408155,FINITE,2.923393238325191693066509886466689610693641433812766472999061546130561791174202532916463025045314829E-7,FINITE,TRUE,FALSE
development,SADDLE_POINT_LIKE_D16_C10_E1eM8,binary64-operand,SADDLE_POINT_LIKE,16,10,1e-8,6098442964881399951,0.00000248764963074245804572164734234110680591117879,0.00000000000386985689085171612292525563201803550400476452,5.01607701254480012830943524706651803296482535,0.00000133160831783573975850371760493102236531075064,642827.2933356333173683034349325707626325006983837545883819059541394586626793192262053785335731478468,FINITE,2.654680768468059389865521293221771180811329772922353732599123833102944253006910793274637996806320042E-7,FINITE,TRUE,FALSE
holdout,HOLDOUT_SPD_D02_C01_E3eM17,decimal-source,SPD,2,1,3e-17,10194438068475640472,5.9273692137081547864198871094782781190635254e-17,4.15863648808115939453127048286978845535332495e-18,2.94060006121199682794947746137236138820086232e-17,4.19128296560941045750214455381072452192997323e-16,14.25315540489355952608512879829443952911845059156917840191713161090856254478458787386632365455264479,FINITE,14.25315540489355952608512879829443952911845058534118975836704371377918145174434034358946846779144444,FINITE,TRUE,FALSE
holdout,HOLDOUT_SPD_D02_C01_E3eM17,binary64-operand,SPD,2,1,3e-17,10194438068475640472,4.5404085433699911903086215064061359923076407e-17,4.76963040562261009713487436453929462942951632e-103,3.37263800356929081378767155756282668524553545e-102,3.21055367037425528157358733787163534662431548e-16,95194137852224272630201453888518782377741437121609382824427232290039061616009341318526.05344891030121,FINITE,95194137852224272630201453888518782377741437046385489301331502195442084534897744965271.99436058824942,FINITE,TRUE,FALSE
holdout,HOLDOUT_SPD_D02_C01_E3eM16,decimal-source,SPD,2,1,3e-16,11423512579677198891,3.41136514958980978974850409340943558379295953e-16,5.22935537739486768242440733481488072510842178e-17,3.02596100002082863583606786272253535472714026e-16,3.70014501843562967445400255726021379572651609e-16,6.523490762047358599120575610829600763001576354784700591318253535926118159570462748147019331543985004,FINITE,1.222799969467603984053200597278637335046408171866959637025171797810948634005339676988863491457483087,FINITE,TRUE,FALSE
holdout,HOLDOUT_SPD_D02_C01_E3eM16,binary64-operand,SPD,2,1,3e-16,11423512579677198891,4.1878544032722515163574715602057745336642655e-16,4.08464834916056688772913799147049727585660624e-17,2.23966104922725876267203731445108620251107241e-16,4.54236586489862295063737597049780349817097591e-16,10.25266814983692397845524824129625384691710207950848391060263527906060388260205261557184660160361387,FINITE,2.028148797991489454300479875456378380998511453518779842476338668227540781685776065269396454810503878,FINITE,TRUE,FALSE
holdout,HOLDOUT_SPD_D02_C01_E3eM15,decimal-source,SPD,2,1,3e-15,17314679426671220151,2.06791244072746929073538912662843476955729396e-16,9.67356534854108077865713114916802526089941682e-17,3.01812614199604735640131921488415556099715949e-15,6.53931331449674400183045882653585548889050511e-16,2.137694186393584041403761896794971992324488537852614076964255454082292348969828156323105200120979774,FINITE,0.2166679922189053460494922405494337944968802807152874147246750613771343392425535167409737689900650015,FINITE,TRUE,FALSE
holdout,HOLDOUT_SPD_D02_C01_E3eM15,binary64-operand,SPD,2,1,3e-15,17314679426671220151,1.60455911535892917057344495996193522574158026e-16,6.35131140312813023140329391359408183247854513e-17,3.12740692512929898588181374671363979180685283e-15,5.07406144491907884832973644848748630033405536e-16,2.526343007789944257523319941636487131664160366001041693518340715025289839130676927376897510623304586,FINITE,0.1622450025338259332980653452817669547883806467387154071617743505457462336531766415864921191885996222,FINITE,TRUE,FALSE
holdout,HOLDOUT_SPD_D02_C01_E3eM13,decimal-source,SPD,2,1,3e-13,12252127118915412197,3.9523071242123701773556378876892375951423442e-16,2.29064133028474569597919418232646951582393209e-17,0.000000000000302963624459845051623999651914259659805654342,5.06041072720708613603096991391960952870316438e-16,17.25415093126371580753047474181318380406063680336839172298762429773340211934267244632615292986246832,FINITE,0.001670303072267936731270162004167698343411927196295310181907401855776942212613582615456163911795896175,FINITE,TRUE,FALSE
holdout,HOLDOUT_SPD_D02_C01_E3eM13,binary64-operand,SPD,2,1,3e-13,12252127118915412197,2.72042641751400092254455720240457859453275141e-16,3.63974407004309437183034977894824033093823638e-17,0.000000000000302945710476954454929528581145422252947418716,3.483149105855184561621057763134998463084828e-16,7.474224465133316974454640615831832530326910276847264271320881217532873185324780108933421307538253325,FINITE,0.001149760166721407682398977917902899843606964751372236370365565212570945427675653328505355087776247840,FINITE,TRUE,FALSE
holdout,HOLDOUT_SPD_D02_C01_E3eM9,decimal-source,SPD,2,1,3e-9,14112928216586244185,3.8491523796206431254801404561008313808036248e-16,5.093558426447440405820898225882268185035652e-17,0.00000000302982234087905361757543695586588634045487881,4.66778289125690547409635955491853270590200596e-16,7.556902380140709862759967019175702142655982900301996575681506006486875547402252132087258551281881464,FINITE,1.540612737677095705142404783153331369883837318714860396223022898325601909970250225946804084675646352E-7,FINITE,TRUE,FALSE
holdout,HOLDOUT_SPD_D02_C01_E3eM9,binary64-operand,SPD,2,1,3e-9,14112928216586244185,3.17698219203420705548870349320396576431355517e-16,7.27193478866813973001671250041146344649401214e-17,0.00000000302982236731577653475284103363104199189029984,3.85265680837157800721948671402916855923128359e-16,4.368826570041442449454719377112353272481733120163823953983970185129144792063991058927506215090527012,FINITE,1.271578442991289519655620222687886218974828224574333605449671167656989898383148618230254961870178563E-7,FINITE,TRUE,FALSE
holdout,HOLDOUT_SPD_D02_C03_E3eM17,decimal-source,SPD,2,3,3e-17,15225022864352035292,5.66371486790362105171374181890183493848260494e-15,1.53640687809782514144741116814248576987311324e-17,1.79773710718940788410252170224076482112129276e-15,0.0000000000000113274297358072421034274836378036698769652099,368.6337876146246025564060270690781933977837827138228968616776851429870392038907355408760731707827749,FINITE,6.300937823726967661892852516965044973608902531649753108839193606438680923176763857704397375237179364,FINITE,TRUE,FALSE
holdout,HOLDOUT_SPD_D02_C03_E3eM17,binary64-operand,SPD,2,3,3e-17,15225022864352035292,4.69635912391218717911072884681308704112050661e-15,3.58047093535171617155300838455835513752014402e-18,1.76941883020508984828345118486283280128016611e-15,9.39271824782437411842606156148536158367638141e-15,1311.659613695720527166064566825433752643900443718383024668841072160369829315888453312622694075045308,FINITE,5.308363451029670947732012659460660767741064884935249117370332287470899573890300417435475556658164261,FINITE,TRUE,FALSE
holdout,HOLDOUT_SPD_D02_C03_E3eM16,decimal-source,SPD,2,3,3e-16,6562964063203663235,1.36618434658260211000042794559901698431837934e-15,1.16972984680839422722710886736925496845565817e-17,0.0000000000000212142640692523906362508355788142732803500052,9.66038215819470436336380091256252628045742534e-15,116.7948608227988394348438248043628981418019573059960272353124958871884084091070327665276801879406565,FINITE,0.4553720141626927879163119683706146428256139011216243286641178800186981409465161319335080216369854527,FINITE,TRUE,FALSE
holdout,HOLDOUT_SPD_D02_C03_E3eM16,binary64-operand,SPD,2,3,3e-16,6562964063203663235,5.92113760058264769164042507102507072240985716e-16,1.17961196367218136121142017923236313831680153e-17,0.0000000000000212213617224011379437096843353755554025058884,4.18687654971063317850922142132768835759316993e-15,50.19563876030808287727041289688836089636637877911865142022250519833447742465651037695938269383506288,FINITE,0.1972953764456591037272542862824025120293805579342800585293715327682467074724741071185320251374820284,FINITE,TRUE,FALSE
holdout,HOLDOUT_SPD_D02_C03_E3eM15,decimal-source,SPD,2,3,3e-15,13966664063732798290,0.0000000000000151695643402439340489726037740798134834147831,1.05817517545770798380469451357428907946621086e-16,0.000000000000239825074922531593597848499300216891600610842,0.0000000000000151695643402439340489726037740798134834147831,143.3558893845947627650349668493256829208565454304819686848138806382414522203728751787337588882233258,FINITE,0.06325262004043577897042648767540883227800289079390496249875956937824056189836202477732164373282784101,FINITE,TRUE,FALSE
holdout,HOLDOUT_SPD_D02_C03_E3eM15,binary64-operand,SPD,2,3,3e-15,13966664063732798290,8.79124454695917208410189407200041122563936018e-15,6.22310048397029483624378654747070778172173305e-17,0.000000000000239765943272492606474421034353041415412112266,8.7912445469591714713718287792325698822318481e-15,141.2679189353281853701243912157063580096525810498049123991491158138324354029029414142518875264326680,FINITE,0.03666594357384598586668536061414711762495666735316978634693181145733869266654711111195766718494129370,FINITE,TRUE,FALSE
holdout,HOLDOUT_SPD_D02_C03_E3eM13,decimal-source,SPD,2,3,3e-13,6266327916106081334,3.84019015833886251649180459751691275526423052e-15,6.24786130210059131022231933478438566094984656e-17,0.0000000000211928503999227163112543091790247259210044597,4.52570750334541891417446781939966776565518517e-15,61.46407502752587509513166424700483587388108312609206660658376731062501331808286999734292580443789979,FINITE,0.0002135487873477332125266108494334210678678499223858201256165534521893234658659467202380400099404429629,FINITE,TRUE,FALSE
holdout,HOLDOUT_SPD_D02_C03_E3eM13,binary64-operand,SPD,2,3,3e-13,6266327916106081334,6.59245169977911666714255554904403154762807819e-15,3.83296775912209441299736849433949125102431305e-17,0.000000000021192823858500959139279856635707000529867832,7.76927883593099165845533676326786793576572353e-15,171.9934033906159535446952586700640933912019983000940095688052522667334093267276243019517978002020676,FINITE,0.0003665995097116113766932904257924524608701296365196947028921857791513592767826849367801553513888167268,FINITE,TRUE,FALSE
holdout,HOLDOUT_SPD_D02_C03_E3eM9,decimal-source,SPD,2,3,3e-9,16070744831889679093,1.70360988480004890327191748074289041470813385e-15,1.61744766540646111216244607998691501330989444e-17,0.000000268060959020851324501771747716928030095464904,7.61877501910699013552837794175519869866767184e-15,105.3270483636906676102551316676627047401542173788208784472341933953678717760847280281816482336077827,FINITE,2.842180020147714966804567857669180094270110257236219315419443078501168321329827554107740666681738697E-8,FINITE,TRUE,FALSE
holdout,HOLDOUT_SPD_D02_C03_E3eM9,binary64-operand,SPD,2,3,3e-9,16070744831889679093,1.34102428980799948692881221730109110022254299e-15,1.49848318756299721966097983188526070264254383e-17,0.000000268060959032467343029520185000360372306631489,5.99724294297813048518216306419318695441365327e-15,89.49211448871340393234154160607934044706741457056494949447435518256105753372241742474123442683976339,FINITE,2.237268330541094908869055517347801499555138392345272844903076273196842489876305024331312712862382702E-8,FINITE,TRUE,FALSE
holdout,HOLDOUT_SPD_D02_C05_E3eM17,decimal-source,SPD,2,5,3e-17,10144448006944880904,0.00000000000151212668450339556570197375892633668365138405,3.06265775331756247869218811312149579083864217e-17,0.0000000000000423967160302555784118383833872822533558594183,0.000000000002138470065250964223215523477333276775308417,49373.02194035277742713394225041623425490654188754140517566492497509968815890517401117488533296124922,FINITE,50.43952139417796719487359103900515582375736087228243837339947949180452981272361035260281256007996660,FINITE,TRUE,FALSE
holdout,HOLDOUT_SPD_D02_C05_E3eM17,binary64-operand,SPD,2,5,3e-17,10144448006944880904,0.000000000000880073864960498980525653350692988481892364485,3.36261003607122385686855220437835854900557095e-18,0.0000000000000424338955188690776105497677691131500613770394,0.00000000000124461239571724544284887827792503510899249436,261723.4396851892425977313880441297510860827385758804685767655800369333214767283307949148507728876898,FINITE,29.33061837708969539047282475018260721238911085428906587249892324205361727668265279819080500519383614,FINITE,TRUE,FALSE
holdout,HOLDOUT_SPD_D02_C05_E3eM16,decimal-source,SPD,2,5,3e-16,9221761802229298645,0.000000000000222137338494801892867755212723369899528958507,3.23307194867998248564591379174517074158545336e-18,0.00000000000212110821151892339038729363185967023070924195,0.000000000000785374092022029611358114634492015595466456444,68707.82402027812092077960602596213325899456979339285726499008263521507201665113624894570840154772389,FINITE,0.3702659240848556418544348667686081018344866583727881606034644218661495444471430347143749316462359750,FINITE,TRUE,FALSE
holdout,HOLDOUT_SPD_D02_C05_E3eM16,binary64-operand,SPD,2,5,3e-16,9221761802229298645,0.000000000000155910363465593322415693276272756490725020267,2.25573509889702202071970715437536481987179177e-17,0.00000000000212115443344502758696238117677229878762678753,0.000000000000551226376318901954006530196705961684966860152,6911.731946797662712069009425317627254846059948105349031825928908002067748430846508198091089233684725,FINITE,0.2598709304836609324294860842961454076093818187328629180884543753214450901506940772977721154234198427,FINITE,TRUE,FALSE
holdout,HOLDOUT_SPD_D02_C05_E3eM15,decimal-source,SPD,2,5,3e-15,17349161654804360638,0.0000000000018763664284661899041053472253896930187596523,9.21902868537111647964125907943615446922669455e-17,0.00000000000588054278297393041703460480284354563466691214,0.00000000000367985732053827020621760023984576003688009184,20353.19004315101403464729454136537265810484024849021679112942997029901152443741457608211189203540539,FINITE,0.6257683102302469423422036554917774047289617240173871177623486015416045580933728928114613010464060960,FINITE,TRUE,FALSE
holdout,HOLDOUT_SPD_D02_C05_E3eM15,binary64-operand,SPD,2,5,3e-15,17349161654804360638,0.000000000000423029228658949907201276854267636268233820491,2.23839087117897948990876504600638145171653076e-17,0.00000000000588043820168624426015230560466560580193529953,0.000000000000829628573750803809351964924370583171170715225,18898.80959155881556467785126863732124042196164758086204045057122768971730257680589177660200639896071,FINITE,0.1410827807888370938139376083598328477627171824697816002848741565720881360020427901669244789602854903,FINITE,TRUE,FALSE
holdout,HOLDOUT_SPD_D02_C05_E3eM13,decimal-source,SPD,2,5,3e-13,17141649579387968296,0.000000000000241264593188563510385113050477666828089653048,4.0499192387173690924347414169933848533529063e-17,0.00000000111389349525511447780153403269251765408875356,0.000000000000448017102222991445307660109015391866772519235,5957.269243348499140619404496735627041658592240732076476366219307256455528713082133881363253028453160,FINITE,0.0004022082040441239037538778252911166953606866958972860238203104929267069151247293015564915847175768632,FINITE,TRUE,FALSE
holdout,HOLDOUT_SPD_D02_C05_E3eM13,binary64-operand,SPD,2,5,3e-13,17141649579387968296,0.000000000000729933297235942148066515604576178872943799771,3.89003489461953245844602615562094876286896317e-17,0.00000000111389351733720726901935580907964154953289292,0.00000000000135545210476918794176737249544294733049838395,18764.18379294085424486113445597000156947205947847760514307828199349847489545703500777764789381021909,FINITE,0.001216859676146992076976122261633537938711184110490836861529821142252304308676973791943623529123478183,FINITE,TRUE,FALSE
holdout,HOLDOUT_SPD_D02_C05_E3eM9,decimal-source,SPD,2,5,3e-9,11730587622032396289,0.000000000000262849788294845474814083746136562625514876004,3.87888894376119845650669730484146439282480896e-17,0.0000284596451679727117057424653865643147393553335,0.000000000000415602006752388904962903176128781979328965255,6776.419539353217153299374820710547562507535382160217579627570417074791189248644408241769831905891226,FINITE,1.460320409124741767382136354151918476158656962265361565986222145106105278487716344705103190818625513E-8,FINITE,TRUE,FALSE
holdout,HOLDOUT_SPD_D02_C05_E3eM9,binary64-operand,SPD,2,5,3e-9,11730587622032396289,0.0000000000000931685963944379610652076219723154105023400066,9.34471574664926813008659240023343931911211565e-18,0.0000284596451680351123087660357248573053642866692,0.000000000000147312485503687691455249050076412650985890517,9970.190524826332593995905983754279216206583390617282524150066252640735983377736499860678075812881258,FINITE,5.176188411131139916168832454002934961845911581153996549192289737973301043873492060588871968347552898E-9,FINITE,TRUE,FALSE
holdout,HOLDOUT_SPD_D02_C07_E3eM17,decimal-source,SPD,2,7,3e-17,1100743944678737171,0.000000000112818078004695787073991891051444753533938976,3.15415397154075046502781509423746256457116815e-17,0.0000000000197551382354757903153118874055077701814368024,0.00000000010613032030994583818729089841650252489962879,3576809.471656390905555162611375314781448679098722950252407736538342098735636617914536463052442757452,FINITE,5.372289428952697728664755902805175132646801983987226357171619882851715818547956866751541260231675757,FINITE,TRUE,FALSE
holdout,HOLDOUT_SPD_D02_C07_E3eM17,binary64-operand,SPD,2,7,3e-17,1100743944678737171,3.03570880797417815804908904100246637132839309e-16,2.12836138995073276359168066461794892552221707e-17,0.0000000000197551390043434027049710011896242253357687398,2.85575462599720378893765448710920902107624462e-16,14.26312665841231334002572356111317640756024069969957766574010292366662044282346503234220577678984921,FINITE,0.00001445575566625642120921282463892614720411962490640689433205412594173317041921881780561155136929521679,FINITE,TRUE,FALSE
holdout,HOLDOUT_SPD_D02_C07_E3eM16,decimal-source,SPD,2,7,3e-16,14619825409000312426,0.000000000028389077232539249662094170651650433633951302,1.30472813065496067600247200115114585753809135e-15,0.0000000000588407240262441287106592178207677509484503233,0.0000000000556755610698501103412868225332526549763987443,21758.61512105837128960204961222617886895884555400404907324257434036444813434920129246152737308486256,FINITE,0.9462079536107969544983097228468939026300473341129358894970720625149959949728853981892626455626153316,FINITE,TRUE,FALSE
holdout,HOLDOUT_SPD_D02_C07_E3eM16,binary64-operand,SPD,2,7,3e-16,14619825409000312426,0.0000000000105888655115561799042319844362187964287178626,5.26138691490906286349360080863696430381026652e-16,0.0000000000588391974831868434596522298490273530441442777,0.0000000000207664737962440788960588092313726165862347288,20125.61646350465464179552780158600269041016869491820236760945289492390738389573955498208027567849193,FINITE,0.3529360474737618219719393506238096435244098418631263693975476759127963264279473233170938923261320003,FINITE,TRUE,FALSE
holdout,HOLDOUT_SPD_D02_C07_E3eM15,decimal-source,SPD,2,7,3e-15,2472023697411303594,0.000000000204261054413998758036243319604415859638952936,9.85136180808374029787019141761715007689420323e-16,0.000000000824192227013089841284207119484207251747424034,0.000000000280574136270607248349075503920602018447608207,207342.9627225629777521980722506723464913678691964050377978167057635747384822673256511230243578270405,FINITE,0.3404231768690911992723677213277093772998319667230191489757085165255771105618196858920973294802432869,FINITE,TRUE,FALSE
holdout,HOLDOUT_SPD_D02_C07_E3eM15,binary64-operand,SPD,2,7,3e-15,2472023697411303594,0.000000000146428358441941277216037869929646291919822066,2.40229399638363578503540907324185736978775382e-16,0.000000000824193245367203164861446576511863631241643411,0.000000000201134818936658308865257260394422719574553095,609535.5466998274611660824976939442348936580098605566568591798040788267731938350811410698966921296839,FINITE,0.2440384218958827161915118405956112326660923589159186869813302287627764905639033977749150689432602590,FINITE,TRUE,FALSE
holdout,HOLDOUT_SPD_D02_C07_E3eM13,decimal-source,SPD,2,7,3e-13,1699603964923659429,0.0000000000088696243209073464815800594138550500115248778,4.31447924974658437955741656164908257109972367e-17,0.000000254399414881751617816970171151141971196083774,0.00000000000940178297661463756954591527310286537162594544,205578.0966249475760171108482404416962342149787683063729302354187157119087226431844992989988597437870,FINITE,0.00003695677909080379334885297542001802401659786288437618756260060687332381974350777036837911808143319850,FINITE,TRUE,FALSE
holdout,HOLDOUT_SPD_D02_C07_E3eM13,binary64-operand,SPD,2,7,3e-13,1699603964923659429,2.79636560326259971238847942804922370317303449e-16,1.86577596916059611098370678087182969889268914e-17,0.000000254399414906731038194271603544016748016046106,2.96414161118106160437440476474026613135310215e-16,14.98768153027864073506014451806429989997700522009151894027462626763858607575274648053517493932981764,FINITE,1.165152684123816643331615577644081987798147277449385721811975945909285632399092791509723666384527245E-9,FINITE,TRUE,FALSE
holdout,HOLDOUT_SPD_D02_C07_E3eM9,decimal-source,SPD,2,7,3e-9,15607159146953258417,0.000000000032274975118515098450119012379105383980785745,6.54862572051913593119156147427746004396040465e-16,0.00239285742822912743153339255146940932400836264,0.000000000032274975118515098450119012379105383980785745,49285.11186306816631753936275730785354569177666572744645138022135234564921562825156065531152765612702,FINITE,1.348804769467636528382330359675773111753929724186534644449017864988105091082110825304753955781945851E-8,FINITE,TRUE,FALSE
holdout,HOLDOUT_SPD_D02_C07_E3eM9,binary64-operand,SPD,2,7,3e-9,15607159146953258417,0.0000000000596792764593271307209138159068463017640244527,9.77420322257927858944925194515027687220847535e-16,0.0023928574282294508990597962361388870342151156,0.0000000000596792764593271604816437444072202263313849227,61057.94518520209941748892179896311221695517759480419630060771898721508490758256197451122613425817732,FINITE,2.494059017276499418895629153022006474609668910572646434748190389077482495352941132000557907031895920E-8,FINITE,TRUE,FALSE
holdout,HOLDOUT_SPD_D02_C09_E3eM17,decimal-source,SPD,2,9,3e-17,2166975645622281549,0.00000000285640872308381030534201893455838351977513967,1.80946576174567918822231503039237581846095871e-15,0.00000000284604798825247447111883116381638573647243231,0.00000000301091916443933994298983653531503197465691681,1578592.302475010400983463534439089931883069671945298485382333625171366362342047818086459364319930564,FINITE,1.057929865155962949913467312880542586703900105288535351425501770624934890718027802561553289504873238,FINITE,TRUE,FALSE
holdout,HOLDOUT_SPD_D02_C09_E3eM17,binary64-operand,SPD,2,9,3e-17,2166975645622281549,0.00000000154183353487438919380105610032178951164354456,5.54481936769856182410865658894366758620604473e-17,0.00000000284604983944238062525053877894186970546848165,0.00000000162523524767722426230988062427635576299351559,27806740.53795812172710466903589982169499433942038552411307594118090837781311916881382644524470548574,FINITE,0.5710494683380711666650110809109357834627195753877978077948287859699500389422867832658024687468772701,FINITE,TRUE,FALSE
holdout,HOLDOUT_SPD_D02_C09_E3eM16,decimal-source,SPD,2,9,3e-16,556491789481793283,0.00000000971932919658122339628177088771066356742174248,5.81242621075618053735157537783146741055299696e-15,0.00000000650794282493675934714834668946878071772020057,0.0000000105420926615229823172801829891907314512542381,1672163.885469225700643820070206730562094854328538939172410073359750453411543483818275849107949643518,FINITE,1.619880958561651876012230303675460411730367650030499729185242160199962397048041166166606776876754931,FINITE,TRUE,FALSE
holdout,HOLDOUT_SPD_D02_C09_E3eM16,binary64-operand,SPD,2,9,3e-16,556491789481793283,0.00000000173877873540007425686055169222223481455546768,1.20201209705889853793546270684039528936859689e-15,0.00000000650793521710646208229942607463567093338463645,0.00000000188597033557841330736144341521115228878830018,1446556.768983061389378681509139131537998404354679830554178692337224975331952683168892835910398056245,FINITE,0.2897954992884744130768427994620941715945222778443643105638438757965112535550129658039925902137075985,FINITE,TRUE,FALSE
holdout,HOLDOUT_SPD_D02_C09_E3eM15,decimal-source,SPD,2,9,3e-15,4471173452253730530,0.0000000111157879374219159823264961015943857190461414,0.0000000000000105928971913550414861656091140345148166681143,0.0000000493193854776361830131985624511624837955644084,0.0000000182742428001326924756184211069267280616896115,1049362.392235205523298938424956881239830310676475446137742398542156055423082288854391199082101759574,FINITE,0.3705285989100396688847330198781490782832913427004607479090327935547626053779195965111785196201101229,FINITE,TRUE,FALSE
holdout,HOLDOUT_SPD_D02_C09_E3eM15,binary64-operand,SPD,2,9,3e-15,4471173452253730530,0.00000000592818058733341679780087971726646292762415343,4.06812647022444370381580523746396203162693348e-15,0.0000000493193747515108129572016525243125608957850081,0.00000000974586885120892421765297982918022238854857958,1457226.227041646408329611511309256587005429728312952880858636311206430300227063286448884796510008290,FINITE,0.1976073074793061227337541037502472383410228251657475116666529701536391731171628365555810025184840631,FINITE,TRUE,FALSE
holdout,HOLDOUT_SPD_D02_C09_E3eM13,decimal-source,SPD,2,9,3e-13,366100110344213010,0.00000000666300601573895995839780948010962265390793189,8.3261851145518963755291301987593274803712929e-16,0.00000331281658123729061134422143564123632380528622,0.00000000735805922563936340297273906105698672122708919,8002471.629046351814828593435458715801729462026616305420131461151756442457974331821516678458908304746,FINITE,0.002221088625103183738644873782841417948966387795468316616577355773783312151552076266282300963050112760,FINITE,TRUE,FALSE
holdout,HOLDOUT_SPD_D02_C09_E3eM13,binary64-operand,SPD,2,9,3e-13,366100110344213010,0.00000000825953657860221903393455444115397848103439991,7.67865463188430173320142816565019716484378968e-16,0.00000331281658299685886018002854153247820347652849,0.00000000912113229046059296600612713042932603830193046,10756489.22183048087624275503733949972758633756384211403652461705061831354154857880964619853430328363,FINITE,0.002753286233012448496013949634333683619896972278500109104599477896485355778006292909400089650788933122,FINITE,TRUE,FALSE
holdout,HOLDOUT_SPD_D02_C09_E3eM9,decimal-source,SPD,2,9,3e-9,12848941296934906021,0.00000000417998587504398534164185525983773063394921897,9.92985434041602452049196302404721376525049907e-15,0.128007353567358756561404488226875266610428767,0.0000000115931949255279236315754539554428214494757295,420951.3787156780434869132805498675123633337894799402205464830507137405337081824421519562588952823188,FINITE,9.056663232575515977805670172643271138519143939818750900243635772037871059931081703799450283791800863E-8,FINITE,TRUE,FALSE
holdout,HOLDOUT_SPD_D02_C09_E3eM9,binary64-operand,SPD,2,9,3e-9,12848941296934906021,0.0000000036466908310894696789657530028967264680210602,8.28870667543450147312227042515085584579927244e-15,0.128007353567354578897393084235801828121355878,0.0000000101141005978903930449666106291765558058724926,439958.9675307585739195295217407840136637893517720752532574337049034997836974589347559187366625036166,FINITE,7.901187170914037917440902645343158181262720072585985961012572036671203012517137101135758371638440711E-8,FINITE,TRUE,FALSE
holdout,HOLDOUT_SPD_D04_C01_E3eM17,decimal-source,SPD,4,1,3e-17,17379104776022924353,1.07657330529461864876642499393211699686479732e-15,3.72405707031080314420372165916281654389966438e-17,2.93496813054024205869653065474910592857595154e-17,8.48458624981913224292255430856139305656037863e-16,28.90861458266453917951821339623762674514204793581338639275168770942125733080595764668137905877579461,FINITE,28.90861458266453917951821339623762674514204805537640188178206966519642713378878514242017660805023898,FINITE,TRUE,FALSE
holdout,HOLDOUT_SPD_D04_C01_E3eM17,binary64-operand,SPD,4,1,3e-17,17379104776022924353,5.79829362439006490671576208958465382867823253e-16,5.83940159745356524350639580244630117451841217e-102,4.60209316516238219555870521707983495959216014e-102,4.56969554381164094103090573453581377937109764e-16,99296024217936532729956516239356687748278299737835264915423355446199497120684803164072.13355428120670,FINITE,99296024217936532729956516239356687748278299814036084547255824992636714153776771237942.71501271617542,FINITE,TRUE,FALSE
holdout,HOLDOUT_SPD_D04_C01_E3eM16,decimal-source,SPD,4,1,3e-16,16758849399616057339,6.95142571766259998769474776347662104955048723e-16,9.88818687376201046855583603225979525733705205e-17,3.03387310922523495203966232521161110545496282e-16,6.21754417809353362883453302689238203828314192e-16,7.030030688546134932861369553770900864818080443248512023294291173150933768224777517741805302228965438,FINITE,2.049375156524366923924467854866108382005778135526169602257145088327219037313145865978775924400645834,FINITE,TRUE,FALSE
holdout,HOLDOUT_SPD_D04_C01_E3eM16,binary64-operand,SPD,4,1,3e-16,16758849399616057339,5.88394825980126557221210162575919761381563134e-16,9.55532395211115442563864093410757732642705994e-17,2.24551718643531245324467878907569187187070702e-16,5.26276331400288882790040354620831540635660438e-16,6.157769521253400659981199719440417810600113595348180027222337841836780941259693388083612049562837547,FINITE,2.343675366100118440453672971238611924880084141790540587125347096725443924950874364448344239389072435,FINITE,TRUE,FALSE
holdout,HOLDOUT_SPD_D04_C01_E3eM15,decimal-source,SPD,4,1,3e-15,16091554708811062342,8.92731584852262795628687562260087580767026025e-16,2.15604467513125607793493784290458012925063394e-16,2.9847549393481009379893908946840318558496841e-15,7.17059264475098742181790212545876626926752945e-16,4.140598732249900715248109515177255571116480457878379463910217598250332096946222305937676800853966367,FINITE,0.2402405822408024400158801375357476862007774127439847844164451212814629969990650732426294073300476264,FINITE,TRUE,FALSE
holdout,HOLDOUT_SPD_D04_C01_E3eM15,binary64-operand,SPD,4,1,3e-15,16091554708811062342,6.64441872866678564633843169053907638024575579e-16,1.10839144023617116361241210532442902825293236e-16,3.0928274127593958024341533944919484760411042e-15,5.33692555218693016728225498118197490444367538e-16,5.994649983268566368882068967368563549433908039002402928561359968935530139093454383484628155663148901,FINITE,0.1725581430819435220383275437404018827611310456239662658570851232182549300321766208163403571916762952,FINITE,TRUE,FALSE
holdout,HOLDOUT_SPD_D04_C01_E3eM13,decimal-source,SPD,4,1,3e-13,16976009032560740616,7.43725412110562811491842476510221204352623459e-16,8.02059876534108846856038650379112126670790511e-17,0.00000000000030188429952990989261811777072428543553059278,5.5588647238283024156692888254287358413638022e-16,9.272691900813900503013547141366752054268862680741957348021005537647447940131813098137802840290321541,FINITE,0.001841389145604620918530832844626458130593740987155153813241798793489663840330459574988751034223022397,FINITE,TRUE,FALSE
holdout,HOLDOUT_SPD_D04_C01_E3eM13,binary64-operand,SPD,4,1,3e-13,16976009032560740616,5.27035426972487501308817752511564119319382559e-16,6.14767871658527381165599396794958029656429206e-17,0.000000000000301866449366589578957075965878664978726586387,3.93924773242737335347593886606002632141587598e-16,8.572917539601502819567104729764050370238573587577652646890889923314445972056356670056338817326311081,FINITE,0.001304963748271180757536303954487387554832807486995887201770933095389919084563451504468336872139334325,FINITE,TRUE,FALSE
holdout,HOLDOUT_SPD_D04_C01_E3eM9,decimal-source,SPD,4,1,3e-9,12647704156303509760,5.35926549796789484772994224698862788035089802e-16,1.3529946738154620959710252911121838791978988e-16,0.00000000299406649374199393030563992787093962431909252,4.7003867825882214580676044134817171358969925e-16,3.961039612118130773607143608018533563456507265537320357665660607220320162492758879369104573694831739,FINITE,1.569900599206019284045857354094130503161844856040248006561017719101979001535779446865154621618425873E-7,FINITE,TRUE,FALSE
holdout,HOLDOUT_SPD_D04_C01_E3eM9,binary64-operand,SPD,4,1,3e-9,12647704156303509760,5.95746195830906874814620592928440236562781428e-16,1.63983542193778385745698397663395148418974028e-16,0.00000000299406651986672914886288481103266436286522388,5.22503978525152722570308475609415723693729731e-16,3.632963331935573783854670279353501392453265817585336655475039510459552134315772668152900086847752223,FINITE,1.745131496104536243080906405857380596135973834326328706995591455971727227472909903373467666969612785E-7,FINITE,TRUE,FALSE
holdout,HOLDOUT_SPD_D04_C03_E3eM17,decimal-source,SPD,4,3,3e-17,13330310580855928396,3.08715201411466045610246908911215332833788567e-15,1.02852803984069592047583148857102794696323699e-16,2.74934203111716498218556774249121600070890209e-15,3.74372171662736703880632055742817416190479609e-15,30.01524406269775142749245828842033952446584484322638965396388030986475270987547607071783719083868341,FINITE,1.361679148776606298351625655856742632159893137722703151551168840584006379188306605088940932545682115,FINITE,TRUE,FALSE
holdout,HOLDOUT_SPD_D04_C03_E3eM17,binary64-operand,SPD,4,3,3e-17,13330310580855928396,0.0000000000000105757704515583594511260015578210926468459583,6.56906370853402023684847601618776478739800324e-17,2.70415790454716460099943849659126388910730487e-15,0.0000000000000128250054835474401630145893661826805562556023,160.9935741347604112050229363939751863908174826448938135138952031822200535486422147344921277687428818,FINITE,4.742698443009415126885535801307019096033059304032479852128570114684995390419895943007977346727501548,FINITE,TRUE,FALSE
holdout,HOLDOUT_SPD_D04_C03_E3eM16,decimal-source,SPD,4,3,3e-16,12081624833707504257,0.0000000000000192824721528671251989035582810492618667084322,1.56839193302583029665817209545276427350122261e-16,0.0000000000000143968011341818579286766346351837128720024926,0.0000000000000156918532945795385827846880583498615045564677,122.9442191510529570773790519586000870932361921075424062198392447438230639616781597451529080298939034,FINITE,1.089954160533820274744758268012665426676203643347603694376306595067868252964400058255606709818211765,FINITE,TRUE,FALSE
holdout,HOLDOUT_SPD_D04_C03_E3eM16,binary64-operand,SPD,4,3,3e-16,12081624833707504257,0.0000000000000165914160454643538176959361093168013624269076,1.14822795414816788649211701030571525446626619e-16,0.0000000000000143925074770104091838443404658208553684785066,0.0000000000000135019028924695210475220303505279490888169946,144.4958380043357621068243149454696907130925500118891699163523624573193158571294546372764733629765298,FINITE,0.9381202625071775726993073564841291180412508184226316914127154683651108690919723368800000982451826079,FINITE,TRUE,FALSE
holdout,HOLDOUT_SPD_D04_C03_E3eM15,decimal-source,SPD,4,3,3e-15,16080108975474810166,0.0000000000000144998681955684029591421700218829490072579987,1.34187780779799721595251569830333104967035904e-16,0.000000000000200827263429963988337444295492366276410105402,0.0000000000000118390928055842773684192458423269436575547439,108.0565466639804157578725278281745333637575005276513414832258734345087589595565116654149056987645088,FINITE,0.05895162142521059554287988321034086441986697139194248848386328694313866097239300523770066288137598560,FINITE,TRUE,FALSE
holdout,HOLDOUT_SPD_D04_C03_E3eM15,binary64-operand,SPD,4,3,3e-15,16080108975474810166,4.31638594168053411809463377655623573773930246e-15,5.41335736489757073492293127159116873457070466e-17,0.00000000000020077865520015345028785684774757025190808837,3.52431436334665912213913275175403096337747293e-15,79.73583953037630192605303958101868157290696974143941502915065552943107764776411845560586732200340325,FINITE,0.01755323223892160810527857410867485942885007320529732704108812816514746205443007092161278518683193635,FINITE,TRUE,FALSE
holdout,HOLDOUT_SPD_D04_C03_E3eM13,decimal-source,SPD,4,3,3e-13,12590544326318515737,0.0000000000000159944511507840598093969257622261398106417328,1.6704012936547063644866726510562891392831387e-16,0.0000000000205493301222514553954987869265611083270246166,0.0000000000000118558759858880477174709028634656329275660474,95.75214777156608530873339770801118669043833882491165131151399406025517415538664421711450610597940065,FINITE,0.0005769470788271650532970375080736667896834161407061552723228192478803547027224453890136571200975747206,FINITE,TRUE,FALSE
holdout,HOLDOUT_SPD_D04_C03_E3eM13,binary64-operand,SPD,4,3,3e-13,12590544326318515737,0.0000000000000108802934669469918977392482447238473931096992,1.37083301273809781454327231181530210178891709e-16,0.0000000000205493055743564754610453832790004320299211413,8.06501009744670077408146089075084173077378588e-15,79.36994050949156697643579912654025050711660063609995218133205995272823772914574718687347658195198275,FINITE,0.0003924711746712767254089933446907419359431992622340934305722751016589409049279379535794645744600190177,FINITE,TRUE,FALSE
holdout,HOLDOUT_SPD_D04_C03_E3eM9,decimal-source,SPD,4,3,3e-9,15787804471221244378,0.0000000000000175997385897316950607807454957185299265538962,3.31625556856910090799239533240918320369216582e-16,0.000000204899589975520836641759273356370803580360927,0.0000000000000113369882354980852924011299063898537589045427,53.07111658262706306972542851351064944928017535609457353753004802201409546199989122277082537807061444,FINITE,5.532948229351022482763803716618061770283896668913032409829046157908825613027861606005734766744608171E-8,FINITE,TRUE,FALSE
holdout,HOLDOUT_SPD_D04_C03_E3eM9,binary64-operand,SPD,4,3,3e-9,15787804471221244378,0.000000000000026704221055538293618667563284272444396547224,3.32460207462444966550703287831107811588110027e-16,0.000000204899589981693229081430636881353387707619545,0.0000000000000172017009457975817438622148440151447226269083,80.32305959068749245229802469351957296212462857895380262043341411015939130157494205896813427113438509,FINITE,8.395185635722584484616386714270438569758934740427247556767616308348898682642493106706945775462126067E-8,FINITE,TRUE,FALSE
holdout,HOLDOUT_SPD_D04_C05_E3eM17,decimal-source,SPD,4,5,3e-17,13782697252031608717,0.000000000000174896910848221583770780846256717245293140673,7.11435023625130058767838393914020871666912452e-17,0.000000000000114643799741883622211668118672120245980629453,0.00000000000022211929889665136780076758947060260490518414,2458.368017321261529412776587444784009929097107749733098858262186014776238714831409194599240594128127,FINITE,1.937473281562064004326796634321877623762898405802586798413530339668100601818044855345129983093612025,FINITE,TRUE,FALSE
holdout,HOLDOUT_SPD_D04_C05_E3eM17,binary64-operand,SPD,4,5,3e-17,13782697252031608717,0.000000000000156136416439926390437230653309469484902304897,5.8149469849895520150854536349409566473465551e-17,0.000000000000114653706966399080656091050438057117180778743,0.000000000000198293447172252849201536812190180380385756787,2685.087531201403171131971056754542106764922379897344904571902158870692369874237493084563368061544829,FINITE,1.729498787425735815617521124706263505434201422160708656546654710447821290657508329196252246740280042,FINITE,TRUE,FALSE
holdout,HOLDOUT_SPD_D04_C05_E3eM16,decimal-source,SPD,4,5,3e-16,15233104033051219391,0.00000000000142844139284409901050619113032270435979549969,1.60278510365300850685735807885156051688806892e-16,0.000000000000284316154968723563890226598012988459303684357,0.00000000000136196542900671494507817112536128920612442486,8912.245251022412416909757946305565461284053091297573378785455770092257722185057912452384925678373453,FINITE,4.790320230507264315363953109051581724196503032536834128865571306170093299373364098802914853039437112,FINITE,TRUE,FALSE
holdout,HOLDOUT_SPD_D04_C05_E3eM16,binary64-operand,SPD,4,5,3e-16,15233104033051219391,0.00000000000115472213584682433748840805224454704902767283,1.94427965157550389693892872140761860620356471e-16,0.000000000000284255228670977425638971797295505624478232466,0.00000000000110098435750371380282666493273100771407978411,5939.074324576307030886309376366023122761258563701571916581945642593339005594374757635714531432717945,FINITE,3.873224646214308152630955785978988679470686614944237886769735101904312619574746334419742317773457832,FINITE,TRUE,FALSE
holdout,HOLDOUT_SPD_D04_C05_E3eM15,decimal-source,SPD,4,5,3e-15,10665944620829740634,0.000000000000892066378311445142454493538300404744777146968,9.6049110804751485438316165101094668507763709e-17,0.0000000000184178669775279567104082249423797583192618629,0.000000000000782393970852231081279421983610660938397694633,9287.606838181319361116556633416650340719011977449475413695559765764839252480213137998162058288248392,FINITE,0.04248016188882497187073635926915599448080529120924724345466590924577566092817828216774636478774588553,FINITE,TRUE,FALSE
holdout,HOLDOUT_SPD_D04_C05_E3eM15,binary64-operand,SPD,4,5,3e-15,10665944620829740634,0.000000000000471140863294099007541244628538368189225668534,9.57643856786488132664473039097969017825824164e-17,0.000000000018417911720643400326875378780312259800080062,0.000000000000413217872375326291251463559857342407603219942,4919.792049573418881983541381514217622912704853156718828473989901176739106005568353657598744999469052,FINITE,0.02243565278425013457043622539631727758942912372370440685140449921583969437822627464614271255639107073,FINITE,TRUE,FALSE
holdout,HOLDOUT_SPD_D04_C05_E3eM13,decimal-source,SPD,4,5,3e-13,8029735211101099276,0.000000000000150957237228173739506194531584518039902819278,1.18067871004034228282785348584468256964027681e-16,0.00000000197484517771310321912601873950449755973634497,0.000000000000124507430785440434857455315568455655951205817,1278.563219142112959809382333069339957241479446552048543207195059105608860526427157650460866615137354,FINITE,0.00006304667940077291680347157383257052751133644120487362471066868623232326016714707991082433824593204712,FINITE,TRUE,FALSE
holdout,HOLDOUT_SPD_D04_C05_E3eM13,binary64-operand,SPD,4,5,3e-13,8029735211101099276,0.000000000000167678989997384184885507182314276542126025895,1.4360545709284630744493711500609243822581749e-16,0.00000000197484519504306347105501942609844400099837349,0.000000000000138299300017763317440051740528345881118924782,1167.636616267120243401363743246543168550883194217698301508638028162707153021743653400119134405772557,FINITE,0.00007003045117911004823480869543654932396963943529054480794814992348697607713460647741866405566197576381,FINITE,TRUE,FALSE
holdout,HOLDOUT_SPD_D04_C05_E3eM9,decimal-source,SPD,4,5,3e-9,16190738869550339531,0.00000000000130969416543278114847150263669353975277410157,1.94389404605529892863033954460776777195160903e-16,0.0000163456864658765513916280826826851966792377449,0.00000000000101651981501516996766269510596795810679772402,6737.477117595552437038826200246989484612014486421107252453688549851911243498329370317372637587772217,FINITE,6.218887271190896568707000497476638816994437478586335113445448802815135549768210068246566975891169543E-8,FINITE,TRUE,FALSE
holdout,HOLDOUT_SPD_D04_C05_E3eM9,binary64-operand,SPD,4,5,3e-9,16190738869550339531,0.00000000000209677536266825187772811827350160141389088535,2.01994421927256732857605279873393238784726798e-16,0.0000163456864659435193258378091487517127475691022,0.00000000000162741330002305052582030047063781898772378381,10380.36269844794711477857847644913263673048154162277471544992130040446499211102069704309327005893052,FINITE,9.956224863445107198866284265738934123262794529170881132693495385929926854238239933681198730186816905E-8,FINITE,TRUE,FALSE
holdout,HOLDOUT_SPD_D04_C07_E3eM17,decimal-source,SPD,4,7,3e-17,6652073717769014067,0.000000000140084862827790267247838790249670874754006681,4.50954416990448495093976685916655826523422798e-16,0.0000000000189114731864379280003199203656422766162808238,0.0000000000980790217457751912207103335125245208811673626,310640.8487196553057343616705891112604665250475498172390888346044019198853629025214493925146279540515,FINITE,5.186217952396804945748446398828924647149542203530327577685607189698781118830602096013491652812062339,FINITE,TRUE,FALSE
holdout,HOLDOUT_SPD_D04_C07_E3eM17,binary64-operand,SPD,4,7,3e-17,6652073717769014067,0.000000000169301584366511118933840520087284368446290091,9.84506581246886063223353229822334063476384191e-17,0.0000000000189118169321669895831823410476642977880198064,0.000000000118534818391406718108570724586625013459546182,1719659.244452070644299723011055836700239758372857419372946759552638442802572492109846465647425534647,FINITE,6.267764690011967946618479408095813965220215135173684631985527058173756935718605523631127108386656363,FINITE,TRUE,FALSE
holdout,HOLDOUT_SPD_D04_C07_E3eM16,decimal-source,SPD,4,7,3e-16,7631152217942121084,0.000000000150064806439205774385359195334056875552307718,2.37209183214034549707989429806269929882126174e-15,0.0000000000296376330498782322443827771635078119084949386,0.000000000148586299383049811097100920708139958536391165,63262.64624578292753524614872482394002661230386979071247563685729704609915804360465603765300262388651,FINITE,5.013433398442737168242445693277904825096129274018150369742197599430859178413163743068226204022685504,FINITE,TRUE,FALSE
holdout,HOLDOUT_SPD_D04_C07_E3eM16,binary64-operand,SPD,4,7,3e-16,7631152217942121084,0.0000000000877061598685612180321994108846927727966275153,1.77037977037101474036723776203608916953736486e-15,0.0000000000296382264825883917100900339570366863234040126,0.0000000000868420386977752877194060030249949802602094148,49540.87328403036586503621147175145185462498782637084817627287121409093719660397991406235866046460884,FINITE,2.930068664830282458836407598546042829082301113255199728127724030917796820869117398555143518369016341,FINITE,TRUE,FALSE
holdout,HOLDOUT_SPD_D04_C07_E3eM15,decimal-source,SPD,4,7,3e-15,9251565762094038210,0.000000000178460289733674581825961388328171116300459342,2.79285733111400328759148850101894668548277583e-16,0.000000000623806033979145773986686967008447023341757529,0.000000000186057713731364750900793309440319329914387402,638988.2066138018068254311273440019317933004407217348765091721698683009418845359143574934372476897230,FINITE,0.2982621257196508244768951592008538769272148335580816714044287161553572818790249881234506858197963920,FINITE,TRUE,FALSE
holdout,HOLDOUT_SPD_D04_C07_E3eM15,binary64-operand,SPD,4,7,3e-15,9251565762094038210,0.000000000132642814233647583881088138296972881782783522,1.69708523337922267828663606264933986175852382e-16,0.000000000623806064605193164303154103380132617494205311,0.000000000138289693444052218989815261005987233061168467,781591.9414343748811895331261643825696853537536694655092374232755489170705496666217108810191812800030,FINITE,0.2216869974349732572129638487763317773451955601799277092713924317191165684519509436577931973295108021,FINITE,TRUE,FALSE
holdout,HOLDOUT_SPD_D04_C07_E3eM13,decimal-source,SPD,4,7,3e-13,8149770862637465153,0.000000000137443530706245516627088387976338022471783198,1.6041703389235481777783264961787204514736816e-16,0.000000185586195572718706468533182711790789851813369,0.0000000000943966044445442038930193488482386460153782773,856788.8794058785033805122373544037802175435038111594098389642994955616151672404627839807725603746285,FINITE,0.0005086402259243282165668390088455718792957160431304225546573338155977254304305975594417343981370416030,FINITE,TRUE,FALSE
holdout,HOLDOUT_SPD_D04_C07_E3eM13,binary64-operand,SPD,4,7,3e-13,8149770862637465153,0.000000000154015652363398028502060241166402119549653988,2.1247021364589564872927353256207758033889665e-16,0.000000185586195700178637668092411999387043301131025,0.000000000105778384327808037235182280851947754062316316,724881.1479056617184447985998013265503996058162223285280620022471506994152274494134413226597187521865,FINITE,0.0005699690320647389578254572017268376158461629016399073217132309422575685177952312430055962463673995597,FINITE,TRUE,FALSE
holdout,HOLDOUT_SPD_D04_C07_E3eM9,decimal-source,SPD,4,7,3e-9,16384387536522327971,0.0000000000652128257065309182734799152848360300497260927,8.50632458999186311871885943182794081207274929e-16,0.00153322618738804385181185900997881201963830779,0.000000000055715077023723132287717967215902163915005578,76663.92813561009291518048035728171089301022804800888740141441325396276255919332183076513570431513587,FINITE,3.633845904930543471686606541453211454976861210048417988210175825233559876540211703910666837740750890E-8,FINITE,TRUE,FALSE
holdout,HOLDOUT_SPD_D04_C07_E3eM9,binary64-operand,SPD,4,7,3e-9,16384387536522327971,0.0000000000194764010970229440618720405568933859712572929,5.14199121492275919091382125446404140750728394e-16,0.00153322618738833127217274925085671881327148153,0.000000000016639812422004671619586066541670208068075272,37877.15747257555415869895503141764946954640253186978951006188728712621342318997005219035374035105371,FINITE,1.085280994994523017827555810437269247315682728462164599642920046517511350646383154783020367812047170E-8,FINITE,TRUE,FALSE
holdout,HOLDOUT_SPD_D04_C09_E3eM17,decimal-source,SPD,4,9,3e-17,11429724585916553736,0.00000000534117661631011069834778241018631987207801806,4.587599711050730253508955361542963418087003e-15,0.00000000176332505131618486268836265217146718762544658,0.00000000448221584777763242817049053829527475400886486,1164263.874950585743643626385150018300344665315130104552119746766363721949454236476223969592460342848,FINITE,2.541911285404813634346064837468247932765829974278887354805437158295607747559388570346760323381962910,FINITE,TRUE,FALSE
holdout,HOLDOUT_SPD_D04_C09_E3eM17,binary64-operand,SPD,4,9,3e-17,11429724585916553736,0.00000000774146637131325460192704891264047738323098417,5.75339432250039741408763093807139510967721235e-16,0.00000000176332074215575657367910664451010913657706197,0.00000000649649426468682436234677365624527555622403712,13455476.78009466013325602167340495302666090720213431897811315088670038052126755572593833293839318647,FINITE,3.684238555910425505708538872972222104127828604403452928992533551490429394142725305023003164574310852,FINITE,TRUE,FALSE
holdout,HOLDOUT_SPD_D04_C09_E3eM16,decimal-source,SPD,4,9,3e-16,4538331859844333615,0.00000000463276855276365698019314837251227133903151308,6.26012985811392274713000942068523780309604172e-15,0.0000000114369534057491176661602439175224905982361745,0.00000000294776004051686050271589593028485671296979025,740043.5227008911017211830766447548429659563707661731483911243474345150438707284988427652658704006237,FINITE,0.2577399711215998380709564843005937817758565016975362407196172521735631269302950219828072813444871261,FINITE,TRUE,FALSE
holdout,HOLDOUT_SPD_D04_C09_E3eM16,binary64-operand,SPD,4,9,3e-16,4538331859844333615,0.00000000682392383401401800254261170885154956859836655,9.19436305947265208423140761901272696045996396e-16,0.0000000114369489358144809811993574100450529298730863,0.00000000434195875929037660013986793361322533945627487,7421855.967481675701961269791323889134675238220886048672589546982942880577568042456218792823367480761,FINITE,0.3796431009404663845148409054089293730983566049301141003605220023548895826506713615167574734382931346,FINITE,TRUE,FALSE
holdout,HOLDOUT_SPD_D04_C09_E3eM15,decimal-source,SPD,4,9,3e-15,13806955036647519083,0.00000000181634597307975579810941300616151738698515973,3.93885374405853642992822216706246250473930173e-15,0.000000212137859319852245159726707482070089216500394,0.00000000142705617171730402600078228687691624586077416,461135.6732449323871328560474580281074958966531074395712193692239284208747308294919989458085854146369,FINITE,0.006727022589426862969953900276061197905646264147569251490540466533190431822695984629108522468887451403,FINITE,TRUE,FALSE
holdout,HOLDOUT_SPD_D04_C09_E3eM15,binary64-operand,SPD,4,9,3e-15,13806955036647519083,0.0000000011220795024576938027423156623508809959943649,4.00524843585475733547145894404683009800685076e-15,0.000000212137859272574494369752531333251748656828868,0.000000000881588916909181133072576665018163768847139331,280152.2852896967880200555979419068434911259489872436442587496544347224116452923795975066755750489961,FINITE,0.004155735897082064555913157277203618224308142100173844320635703601373933191598222632031150437212970785,FINITE,TRUE,FALSE
holdout,HOLDOUT_SPD_D04_C09_E3eM13,decimal-source,SPD,4,9,3e-13,15723817001707767973,0.00000000365736261925301143510891949341682705430351594,6.33213143763938014115004249012845684120429597e-16,0.0000196344218401013715165322407336249458463542056,0.00000000342543393700163169572757649780302429981994134,5775879.188977285264139615069710085297114898114772924830914131700799362318672561209421210101734026877,FINITE,0.0001744606469646852792365986209174143016235607831337949788227601387592731471295581797036327064476931415,FINITE,TRUE,FALSE
holdout,HOLDOUT_SPD_D04_C09_E3eM13,binary64-operand,SPD,4,9,3e-13,15723817001707767973,0.00000000147939897229156797906174961300433594806750229,3.81219135042409234518659565470542112750403681e-16,0.0000196344218403892984347495614791225570477549139,0.00000000138558408711682110314237298258138956195373312,3880704.918253881075738250055140141822178874825112315372772457366886631918858560894835093426648845447,FINITE,0.00007056913100779893658938521168910962555833993752038848213064453493253947078776034411257295466927676712,FINITE,TRUE,FALSE
holdout,HOLDOUT_SPD_D04_C09_E3eM9,decimal-source,SPD,4,9,3e-9,4657636849807411977,0.00000000290481272436700797617931612707169128291627587,1.58899591994422540195177330093765787106953497e-16,0.136837191399829693415799366633906654120421168,0.00000000191537678931922347237179752664633423433059814,18280806.68998173664720563047286570416651868903397503277967704858506028616703939015524013013831437899,FINITE,1.399748686541374990942147744963649899146960557113299966353552644094073381313949809601285419464000776E-8,FINITE,TRUE,FALSE
holdout,HOLDOUT_SPD_D04_C09_E3eM9,binary64-operand,SPD,4,9,3e-9,4657636849807411977,0.00000000276553163173893142025025907347213916780780242,8.03909625453723852657312169191262230930767529e-16,0.136837191399830145639503916511277570309276102,0.00000000182353755652703969863742157301401707091772526,3440102.648575795809139398412860141715007126227014533730339029645699655962771756987412627838698290347,FINITE,1.332632990981794759258712416434760328557041175779167197113943389145408787004496770065321608458552509E-8,FINITE,TRUE,FALSE
holdout,HOLDOUT_SPD_D08_C01_E3eM17,decimal-source,SPD,8,1,3e-17,14004231437843777876,9.78362860537450034179127568312556122318337117e-16,4.09328632497430517323293170080460443438246751e-17,3.00944395853773491127156507103640614299096766e-17,7.19306680780658060768525187753680515186906478e-16,23.90164730398114822931086246152619048391858369493788162866175979771922966743301044416571025913990567,FINITE,23.90164730398114822931086246152619048391858368800850479779151931770446852174800474478521993954580663,FINITE,TRUE,FALSE
holdout,HOLDOUT_SPD_D08_C01_E3eM17,binary64-operand,SPD,8,1,3e-17,14004231437843777876,8.78105125156775641454372051270930141933812913e-16,4.22620344617769578564684980621247004469539695e-102,3.10716656957308253809016255822338408860733191e-102,6.45595727750774549612739247724515051024391792e-16,207776349704830243933017140235753648789611313081990336145365462234443994226434839320524.2773469551336,FINITE,207776349704830243933017140235753648789611312927501954430223809635172220367424330912672.2388131705958,FINITE,TRUE,FALSE
holdout,HOLDOUT_SPD_D08_C01_E3eM16,decimal-source,SPD,8,1,3e-16,17187215492366114850,1.28995287834205733603021087561075637509595263e-15,1.53639435730752028518084702809511682950046288e-16,2.90761852803285677471994073106749713147772453e-16,8.04650497719196354680499165739030020984259337e-16,8.395975110209702950659254047438221123306571693773184419130195511712224061505862114604009681454280464,FINITE,2.767386746099671347233018091885845196203706836329184462475674722751680836572924699558969543054210745,FINITE,TRUE,FALSE
holdout,HOLDOUT_SPD_D08_C01_E3eM16,binary64-operand,SPD,8,1,3e-16,17187215492366114850,8.35498505156532884531336147889925671393427985e-16,7.42319498180904720065546996719167675024789931e-17,2.15207002443252269070687324533121382422614752e-16,5.21169648368797871165384647916677731888410079e-16,11.25524127015346507046223007965408032477657244079708852723483070261637116145464448567049695299203452,FINITE,2.421713245628355437998608145498052125557702632403380906675753505139879988936756395276751951622857813,FINITE,TRUE,FALSE
holdout,HOLDOUT_SPD_D08_C01_E3eM15,decimal-source,SPD,8,1,3e-15,1427475822536811486,1.85469484637831707220929523087937802244786284e-15,4.0371554203590893466062992164357366670641482e-16,3.01729099902263198936591126763015171450523717e-15,1.10250164830566577796478098437989468233416224e-15,4.594063525583439503159718243732205589579381944227918520295816622053919506419246536824241931475927231,FINITE,0.3653945372397924860158998313995749397180250395568122223794376297715281116798838580046152462341384470,FINITE,TRUE,FALSE
holdout,HOLDOUT_SPD_D08_C01_E3eM15,binary64-operand,SPD,8,1,3e-15,1427475822536811486,1.60270720059097664120455096830696962809985369e-15,2.65838386512006683416977865947601502045905996e-16,3.12654154316855549390729717324940567642823541e-15,9.52710540956819089644067202367869378698547142e-16,6.028878002231591981439348178452464314278671440284573560721014426279591627677716777975615167434678261,FINITE,0.3047170580664366228828005773342928800654567833835077279082552626801557414044018732870624561644536698,FINITE,TRUE,FALSE
holdout,HOLDOUT_SPD_D08_C01_E3eM13,decimal-source,SPD,8,1,3e-13,17999034270192779327,1.05191137155574163071608780266097024616653033e-15,1.83771568931476439068226355108462137362811742e-16,0.00000000000029853498268874794649585806847338644920232058,7.71298839484021697636846587492469524106091762e-16,5.724015840273810683531399725772611287107195946122287806516641242905472309840208032610493687116106354,FINITE,0.002583612923809925906179398135378157939531801623678296854865334424359399695986675579344014334083046217,FINITE,TRUE,FALSE
holdout,HOLDOUT_SPD_D08_C01_E3eM13,binary64-operand,SPD,8,1,3e-13,17999034270192779327,1.00492432675411735616964656152538413865548165e-15,1.83457727005595623887397501445544606823302014e-16,0.000000000000298517330567699846167371330061058373647477488,7.36846266666335352322298829497149927115388922e-16,5.477688746920244303308364632811415772699509084947093260312400617887336236326112218559315086439044305,FINITE,0.002468353395982241664617835174971393324790695377363591022111911682858045034950123199343605660752532895,FINITE,TRUE,FALSE
holdout,HOLDOUT_SPD_D08_C01_E3eM9,decimal-source,SPD,8,1,3e-9,8130252583245323685,1.38167414497452275847340545195667782338409352e-15,2.5244032265011765762869804136759935415098819e-16,0.00000000299162965661061052672783393515218002033528313,8.75600411993028276866809101521055647918385889e-16,5.473270397017846572053052890923195515945452908445084161236974219513257561287175547653817327135865222,FINITE,2.926834242528021981271934101728672784405775060285021455333110434542369767931733359008007811677300818E-7,FINITE,TRUE,FALSE
holdout,HOLDOUT_SPD_D08_C01_E3eM9,binary64-operand,SPD,8,1,3e-9,8130252583245323685,1.11048956360130624423980631554764038725632855e-15,2.26043294721727328556776297793432428781758813e-16,0.00000000299162968271408317830368924726508367612177565,7.03744166408492316614384660293266608778750956e-16,4.912729505948781218828553238315508647320761525688486236538710183783153135344031201609393469917762383,FINITE,2.352377269401998843063997059010667292664986948741659446861970053434970965965932757910867275847857133E-7,FINITE,TRUE,FALSE
holdout,HOLDOUT_SPD_D08_C03_E3eM17,decimal-source,SPD,8,3,3e-17,4450703819775866493,0.0000000000000335204310036015593510110319521979856078737425,1.71291710623539825702229954830192286708838166e-16,1.89333236602380573824788213622919139618449054e-15,0.0000000000000265002275304761846143919290115404649140237773,195.6920792114209986473636377909534985798804339144115936851925327255486521773986439491122356297014940,FINITE,13.99660619869368729254963917154584020859391864766813829835667446397159912588355681362521887588820090,FINITE,TRUE,FALSE
holdout,HOLDOUT_SPD_D08_C03_E3eM17,binary64-operand,SPD,8,3,3e-17,4450703819775866493,0.0000000000000479554751600908456493428926894382702243135058,1.81121881211748375755465056966483361669400893e-16,1.86235274608820057668194922227893918370598127e-15,0.0000000000000379121319453787285682775276835557549594361952,264.7690871983955460622979045817735759130580469943206103133704313992383423770121726603125447550521791,FINITE,20.35711656935652250880221734138009925423779374045137386721042702224139389109059334188481113886469175,FINITE,TRUE,FALSE
holdout,HOLDOUT_SPD_D08_C03_E3eM16,decimal-source,SPD,8,3,3e-16,8448221350483517757,0.0000000000000337260376323551033386868897018123416393022836,1.71344698669120320526440177857806105124490433e-16,0.0000000000000242756674160914872922613447774961797571641881,0.0000000000000198046112218327144905403641517452703035039547,196.8315208717525242787094634225952110916125040025220670553481792680715636119981808467913649668252974,FINITE,0.8158214924589440252375340194137311475416502282853983750330318522691499946001589520445343234643707917,FINITE,TRUE,FALSE
holdout,HOLDOUT_SPD_D08_C03_E3eM16,binary64-operand,SPD,8,3,3e-16,8448221350483517757,0.000000000000040839221445202575399103027418891814392291187,1.33380005150705643497665689139960423013883424e-16,0.0000000000000242869712569296787867923445817151165773172325,0.0000000000000239816165818614423214326144626883253483236651,306.1869835666782964213982837994622619931530645347851370576941911252212620403408196060899907010990645,FINITE,0.9874272229403198573441636858388079597311923527434877866553929889223178670278975647337668084683979428,FINITE,TRUE,FALSE
holdout,HOLDOUT_SPD_D08_C03_E3eM15,decimal-source,SPD,8,3,3e-15,9630911503267138393,0.0000000000000618649386002869092619450048757465246708195051,3.31805247018588292480135723182044677541138692e-16,0.00000000000022325193975672920723452978419214480439277846,0.0000000000000419966568123951553323032371236045458587666601,186.4495488126537387632874139829180487273176384526043688642814895605543080041856881661318378336549414,FINITE,0.1881132896679761189961096197746171201200536825543773626466062925483826460668518124093438371950090239,FINITE,TRUE,FALSE
holdout,HOLDOUT_SPD_D08_C03_E3eM15,binary64-operand,SPD,8,3,3e-15,9630911503267138393,0.000000000000046939923260643215800412883720677503573894049,2.31065068117901896711572372626968265605045933e-16,0.000000000000223196410682271705295054461207657039270505371,0.0000000000000318648962171321911986766616997767423037358308,203.1459088255258377726192602936246652692114084112918709008029332047506804106782389257316634009330223,FINITE,0.1427661677879445930315627883586807062446555929116714170969758231341540337219054935156003261025253843,FINITE,TRUE,FALSE
holdout,HOLDOUT_SPD_D08_C03_E3eM13,decimal-source,SPD,8,3,3e-13,18239952864999704695,0.0000000000000807743000926681424288587130970858392057627848,2.50577912416371383554090219982030695496980919e-16,0.0000000000226413464144481875989224844201256828487575227,0.0000000000000446001461343048080212773969162812854543502207,322.3520353958811000851449218992355813082506773360152838361998037298560878500043982862315837300622064,FINITE,0.001969853970603267141017685080483748174025852326055432953616081756202121725046652803564437155354716651,FINITE,TRUE,FALSE
holdout,HOLDOUT_SPD_D08_C03_E3eM13,binary64-operand,SPD,8,3,3e-13,18239952864999704695,0.0000000000000571121480410235565220758569701674457881617554,2.23040662352536223313661139868744480273960936e-16,0.0000000000226413165191539928361930480368624260259998724,0.0000000000000315349083279139449272754833755626695544408316,256.0615962965199970041038391976823509799599050363569780236591499390202154116569929599497179568396827,FINITE,0.001392803651732715885128125226918379110110641363612310807490351414877466746562639835557985109000958166,FINITE,TRUE,FALSE
holdout,HOLDOUT_SPD_D08_C03_E3eM9,decimal-source,SPD,8,3,3e-9,13742506935602891334,0.0000000000000364798508559950056733657795818092039153529503,3.13539984335995544962253671894061885093223313e-16,0.000000204918799016798973676773706330924070087938076,0.0000000000000267483244222045642029704717862998038569885243,116.3483213576437767291614099730803319785004809565505959910255976992045258697610763596454116930520439,FINITE,1.305313350973317569593811048197269301148821116162519807573905782631495134438567561969312129034852083E-7,FINITE,TRUE,FALSE
holdout,HOLDOUT_SPD_D08_C03_E3eM9,binary64-operand,SPD,8,3,3e-9,13742506935602891334,0.0000000000000337723742716518123859295512380817939604343782,3.23445318544031892063796848812185398218334383e-16,0.000000204918799024457685481135468853578658276157395,0.0000000000000247631062717955774551996869992286783290926676,104.4144785389875579139143378806319201665933387477471472329401663972403718114563660177668749354033592,FINITE,1.208435067435663868732124828504343547348114351037078957720893555291862856470586765315531310665923927E-7,FINITE,TRUE,FALSE
holdout,HOLDOUT_SPD_D08_C05_E3eM17,decimal-source,SPD,8,5,3e-17,17854518274258364305,0.00000000000126235698726814561179169204024049792719333399,2.24228510615490660007147328583956466320047162e-16,0.000000000000148811411772819871127960035839375384467731144,0.00000000000077692701855507295459938514534794140462464876,5629.779120429731015310852008852678052650596019783265964962716701920610628961603231274492633470252728,FINITE,5.220883326751539066081064560589297083639075652177568269040983314605128212475409010246901171644694468,FINITE,TRUE,FALSE
holdout,HOLDOUT_SPD_D08_C05_E3eM17,binary64-operand,SPD,8,5,3e-17,17854518274258364305,0.000000000000636516170122963707544531205484942569579163016,2.75656624847322627748268320982587733915369657e-16,0.000000000000148827618232673455884639816237282293184705257,0.000000000000391748622064451023013477032169633939155580214,2309.090777250536313813795601065271666330671305055837390651063715044856663064500622916253642803304187,FINITE,2.632230675438216145297088485235162326203778488118807931149807806087736706212679417293962518004790835,FINITE,TRUE,FALSE
holdout,HOLDOUT_SPD_D08_C05_E3eM16,decimal-source,SPD,8,5,3e-16,3555763287340825261,0.000000000000286142202643413738456796227134235540893574793,3.00581602626251223025502883887601150408220772e-16,0.000000000002237231559586279134589101882729662381160224,0.000000000000281944289982975754846115352470070275713712734,951.9617972068912543836426284961904381729842537027385496524600069491567066359881168639366817005744745,FINITE,0.1260237407142220029815429186670627001106327322797254346195285040662954943841727586316040689475965197,FINITE,TRUE,FALSE
holdout,HOLDOUT_SPD_D08_C05_E3eM16,binary64-operand,SPD,8,5,3e-16,3555763287340825261,0.000000000000639366286976368056125817006862952337096305204,2.68309217052741896916295625891465441875829865e-16,0.00000000000223726672923199994405631957218116557762991491,0.000000000000629986322029009062892556257420739831085253672,2382.945669923396560937316601357838012166206783377910828224418079510874518780243505555792717354239844,FINITE,0.2815874896799937085373061265281913844485141697761271275180823647499470913525517524421024868984898502,FINITE,TRUE,FALSE
holdout,HOLDOUT_SPD_D08_C05_E3eM15,decimal-source,SPD,8,5,3e-15,12763647530445431488,0.00000000000428607348593086553221890278158229136546369454,5.64484509307964294221873973097986663444313589e-16,0.00000000000552327213692995748970775566078232710511773752,0.00000000000248703208561570576247376167918727912466113971,7592.898326271915387619829596116004815397297719543161441271743628203638188430605915652022416394303340,FINITE,0.4502823731944687030786170114584982796308456916705165990616061327866845627579940178732019067273820470,FINITE,TRUE,FALSE
holdout,HOLDOUT_SPD_D08_C05_E3eM15,binary64-operand,SPD,8,5,3e-15,12763647530445431488,0.00000000000285351204378774319882674742524485214474174649,5.27599543502071596397479554078135186967481982e-16,0.00000000000552317221287959241739475048780408983082905989,0.0000000000016557756260797431752104432041774504509329929,5408.480880871988490107736358584588384038484609080463876802008814179989189759101816774510518440400871,FINITE,0.2997870720414271847820902329054071659008653404848582601861338680217862402868643363433816272848631644,FINITE,TRUE,FALSE
holdout,HOLDOUT_SPD_D08_C05_E3eM13,decimal-source,SPD,8,5,3e-13,16121561968264022229,0.0000000000032642953409944751463272686404491928121806339,3.14941223586990857086642428279382304594452638e-16,0.00000000102014320458874138381642715974671658983586738,0.00000000000208123869397922649993359389579346310616482495,10364.77633450495047523473832466324137149135797651215233406623409727024302649270624013070993614824331,FINITE,0.002040143662789238653516279462779178278893084752573817415849477451573807304474587030470895149799956622,FINITE,TRUE,FALSE
holdout,HOLDOUT_SPD_D08_C05_E3eM13,binary64-operand,SPD,8,5,3e-13,16121561968264022229,0.00000000000312797915360163554355844344343151406085788098,3.01068757693253924609368500498432891891341149e-16,0.00000000102014321101920342922371325731088062290557979,0.00000000000199432666728397376678748982796862882024698944,10389.58401917146005026703019938287341268148525084161448560736690647204810353591943610401819437740683,FINITE,0.001954947742377743536422633519311682760121619926714321325033714560721265625064259227877705717742165703,FINITE,TRUE,FALSE
holdout,HOLDOUT_SPD_D08_C05_E3eM9,decimal-source,SPD,8,5,3e-9,8334514353033098834,0.000000000000759434351600731684995646739377242490030579182,5.27332633861595450627996652365853511465322248e-16,0.0000225019343595225787889590468702599317757860025,0.00000000000054384223503777635294794762987353195451520396,1440.142905701629713458181900470044851661900502177080401440710317812953046420765622957564630325043624,FINITE,2.416868818247299328311146396590652776517627035776115360455465148612977018429928513464032359701905856E-8,FINITE,TRUE,FALSE
holdout,HOLDOUT_SPD_D08_C05_E3eM9,binary64-operand,SPD,8,5,3e-9,8334514353033098834,0.000000000000723371848485393573456548605568182375700082952,4.6320965784552887351458074954521244087811274e-16,0.0000225019343595707023303577575079077566275976192,0.000000000000518017340161789346058405226007905798613033448,1561.651049872158689548391489916391546329416809753513558392195017889004865859465156746786237335472959,FINITE,2.302101374415671407245069125548037426213319694239349734895737788662578951137218627664629396269650854E-8,FINITE,TRUE,FALSE
holdout,HOLDOUT_SPD_D08_C07_E3eM17,decimal-source,SPD,8,7,3e-17,3889675638096782815,0.0000000000743261729473342373109539389436587889005259932,3.77023211460370724177160608517840514914239797e-16,0.0000000000188574634150031029261770748776902379500910553,0.0000000000656956761383801982969411844490960771908858396,197139.5147249355322930007900681299846214331726077654547837793089628631902874753352786522030136928696,FINITE,3.483802391265007171978945197021438718773198370746535675762377334923771399465657216540828269849129936,FINITE,TRUE,FALSE
holdout,HOLDOUT_SPD_D08_C07_E3eM17,binary64-operand,SPD,8,7,3e-17,3889675638096782815,0.0000000000503157410526393467406460213126988843935623438,2.17666581741244186219836053074169584940584878e-16,0.0000000000188576141173525606323727873465824034868939575,0.0000000000444732521234345696715370477996586738650494453,231159.6968635877335353190637032782595025908158430114489548376208189713549744641559286771898316373644,FINITE,2.358371098627518960045290255336660466308445605673726581286858538031791234874892863149138147375499759,FINITE,TRUE,FALSE
holdout,HOLDOUT_SPD_D08_C07_E3eM16,decimal-source,SPD,8,7,3e-16,5595536538127408251,0.0000000000776145029813947886194050311427089366385178502,2.77684753667467025401558788313547625267396149e-15,0.000000000214053656722235949030332685112999976857942145,0.0000000000516283994061688304089423365846838678261853609,27950.58135396936059849962476434187158749573411021072080489234406234075834396679938291617750556408195,FINITE,0.2411937277631457485489669293975302358199517246430784405414281164485544750831524770579686542542399163,FINITE,TRUE,FALSE
holdout,HOLDOUT_SPD_D08_C07_E3eM16,binary64-operand,SPD,8,7,3e-16,5595536538127408251,0.0000000000926852856654815040966888532109099175284488223,2.07295809613965821731037938517225519553948651e-15,0.00000000021405322470965563394124429983867805246149918,0.0000000000616533349258115498711943084474551757367541887,44711.60600789933233100028075014018910771226612502413665223580441027106454857458306088977609384583029,FINITE,0.2880280594204496297159660823593172576447671015988544442125884268234337938432893289802022311609034865,FINITE,TRUE,FALSE
holdout,HOLDOUT_SPD_D08_C07_E3eM15,decimal-source,SPD,8,7,3e-15,4989960417308766780,0.000000000227742284232076191252502865184868446220059833,3.8158039553714991811193442492175983736740576e-15,0.00000000193599493986855103326858396361760584254083749,0.000000000149198931101182919292731877271685639110037411,59683.95832062699605080441391528321054469351685819426248380386771779884230292564801386246682087224782,FINITE,0.07706576501244013296542151410430275293744404218139648383466992762215697122184315176871620116117277093,FINITE,TRUE,FALSE
holdout,HOLDOUT_SPD_D08_C07_E3eM15,binary64-operand,SPD,8,7,3e-15,4989960417308766780,0.000000000124767565557521463553962858857364282641827951,1.96575053855303559168367666202699574543805292e-15,0.00000000193599330220492261229458207238173926671600539,0.000000000081737949893878943508755364564040145661481302,63470.70144992116320256487914461517602170871599819211061408874988759745259502418685208688036502696821,FINITE,0.04222016150613060216125681868875332823425193307143283013572402159129297828956474462520023104074708449,FINITE,TRUE,FALSE
holdout,HOLDOUT_SPD_D08_C07_E3eM13,decimal-source,SPD,8,7,3e-13,5299662145421688053,0.0000000000859338607685252298588681827875626802989147547,1.56231214257787794108142305764701301222581195e-15,0.000000168564927639906359523630343940699074216532221,0.0000000000405096104553098735942430582659347938870633709,55004.28398817338736212975061275431227263096678816274139110672849449749274080502225497832273230820546,FINITE,0.0002403205163878915738718791418015623535619033497141291433224021064020321929354483778107414361848407693,FINITE,TRUE,FALSE
holdout,HOLDOUT_SPD_D08_C07_E3eM13,binary64-operand,SPD,8,7,3e-13,5299662145421688053,0.000000000248032395703163768816585720345278725182332923,1.49388319300396863986981464552270241957762341e-15,0.000000168564927704373024384710060256356551168680704,0.000000000116923592637101498346159151793245601867387828,166031.9875507862733221921327709794446412461125293270155738195705876126528494541813707731402362617630,FINITE,0.0006936412824983413682177988763412437043801946356691909889687103383586197042839727646365437852780070398,FINITE,TRUE,FALSE
holdout,HOLDOUT_SPD_D08_C07_E3eM9,decimal-source,SPD,8,7,3e-9,2409483097068437244,0.0000000000933391093074219233300874614654941822571084338,1.12540891016807789787731586292077880229899846e-15,0.00133600956903931310295414390531678091479527454,0.0000000000514595167301261497684224958596782260594221946,82937.95123186103692104669646671240909686633245308870650952539761053405242235158898599178849331865409,FINITE,3.851732646430761765570318219209304078875850696262715456923888463609035567830234009351319797052224195E-8,FINITE,TRUE,FALSE
holdout,HOLDOUT_SPD_D08_C07_E3eM9,binary64-operand,SPD,8,7,3e-9,2409483097068437244,0.0000000000748518511674130218180842197824050921613563034,9.52672166864065025562505969170609794537989159e-16,0.00133600956903921926291098746072363782828266452,0.0000000000412671613861663593664080934217076865117979225,78570.41883967781510152906880162098883296997343041258633632396022484881935677425676898055503538944393,FINITE,3.088837261535732320785035425479830771436984131435563061942184961418417581143219520268460782077950822E-8,FINITE,TRUE,FALSE
holdout,HOLDOUT_SPD_D08_C09_E3eM17,decimal-source,SPD,8,9,3e-17,1296468209208641292,0.00000001957580266000576494462833036061628376566102,1.85749831038849412011949490323912884433296299e-15,0.000000000194268591603929196554258633202816395176914853,0.0000000126098830005577245050063636583975082076568441,10538799.71277686019703431033004362894861623973008976566433038900387003693901981842901842854848335065,FINITE,64.90953013272724113819284444858177108830006979491524046198892504034834681809438780301986825241351310,FINITE,TRUE,FALSE
holdout,HOLDOUT_SPD_D08_C09_E3eM17,binary64-operand,SPD,8,9,3e-17,1296468209208641292,0.0000000171755409618820293318122277870381776677970939,7.04702915017403332562867484980206343149116712e-16,0.000000000194267065931282547643019597639531573718588427,0.0000000110637385226152101862242384412913604513153704,24372740.05239195360957479554185744728018446931291660492346666124272884701580013518805672519763537149,FINITE,56.95117939614504778207068656214011970051494983681561232833157790789424812896503856987733777272559580,FINITE,TRUE,FALSE
holdout,HOLDOUT_SPD_D08_C09_E3eM16,decimal-source,SPD,8,9,3e-16,11766273544646219687,0.00000000616900189511002046588744526091440283306803696,6.5120833193964219179381827434410043807453215e-15,0.00000000556239684942207413130808915272933870866836945,0.00000000378958773990547629202284483988829900637503942,947316.1801747032544146593571971539687144799943326716991072118017189537561004847364498676467605116100,FINITE,0.6812868341638028896635310063751792106687754588600563739324283510495538295420776115321459035985404556,FINITE,TRUE,FALSE
holdout,HOLDOUT_SPD_D08_C09_E3eM16,binary64-operand,SPD,8,9,3e-16,11766273544646219687,0.0000000131853226501244824053112826376549532276103836,1.43858447904471077611918918273382021391764423e-15,0.00000000556240110810172704013854474035179465582468771,0.00000000809967931785155372810217090887951444056750584,9165483.739182401198299477383908564140441228771391745877254636167998142382713738213960372478445800449,FINITE,1.456148012421153879288875987161238922631996458980168548609818076296955275473473387115780667079345608,FINITE,TRUE,FALSE
holdout,HOLDOUT_SPD_D08_C09_E3eM15,decimal-source,SPD,8,9,3e-15,4170801077804875694,0.00000000920912502326456014077564520810211081534155973,6.03271985596625485441564736767511256774208638e-15,0.000000181554358006667399123423695608124284946974306,0.00000000618076002258700204968734555612119377930129749,1526529.532803830747299816980601527304680316070514035001289169757553918698013929553953670382046222854,FINITE,0.03404357841060482792065103211615592936430554505358949794533374611741588453839465934406827370621318508,FINITE,TRUE,FALSE
holdout,HOLDOUT_SPD_D08_C09_E3eM15,binary64-operand,SPD,8,9,3e-15,4170801077804875694,0.00000000372876071738877868310786334324671849736793937,2.78678086524927355717693168314838078944091275e-15,0.000000181554355662235063480113275039975818960942667,0.0000000025025803339196660755438799952056848998851766,1338017.195354628781426599007464608929161096293344875458158042386121561720022413792119757677462155455,FINITE,0.01378419330558768445293348836365474295617540762639832508574055517832850714894566601324855550694896189,FINITE,TRUE,FALSE
holdout,HOLDOUT_SPD_D08_C09_E3eM13,decimal-source,SPD,8,9,3e-13,8656400399165673994,0.0000000031849409811362667448591974491732914741431473,4.26847830255013809353099855603153967768190066e-15,0.0000170141191308167441284646902964534689731533812,0.00000000225774480058830839125973569983779558679834384,746153.7239707817443352805972912792642657876283422476974235335696134270524094372475724161482772232812,FINITE,0.0001326983068138378450575905680290507627641463929652384715050714712349429178894540296325706283400393458,FINITE,TRUE,FALSE
holdout,HOLDOUT_SPD_D08_C09_E3eM13,binary64-operand,SPD,8,9,3e-13,8656400399165673994,0.00000000332590241596679420462321953722215489309617868,4.47594825151950886747752475917619895906118608e-15,0.0000170141191306644123779655850680587352576549691,0.00000000235766971237068001228579963954194332144784471,743060.9625206695548807288982000689742178835990242656448383687031192866631106088775932199770719526424,FINITE,0.0001385713650095155694458741180516347183489182333475752098078458119580603818845264398090170792688684325,FINITE,TRUE,FALSE
holdout,HOLDOUT_SPD_D08_C09_E3eM9,decimal-source,SPD,8,9,3e-9,2885026653069711001,0.0000000130354315703070135893061410898515707881936866,2.37060421034810345416622179514894531457312082e-15,0.0858570576052896582001188884318664968613992431,0.00000000606463162595021036157926611390655877822726649,5498780.232231541171845553399594217760456411487629679093528933276995142508699310958959925301171192032,FINITE,7.063637859372166583920159858120773061741490627286880572913679101968701266025372941715829466663346946E-8,FINITE,TRUE,FALSE
holdout,HOLDOUT_SPD_D08_C09_E3eM9,binary64-operand,SPD,8,9,3e-9,2885026653069711001,0.00000000547425513640929447527216764281717650388600967,3.83566868300358917488641437831347102474377181e-15,0.0858570576052901469592174681171705249516316075,0.00000000254685398406078185987485430790653614365647249,1427197.077961014292162206019897392839464107177833928038016447673062491792530497826755320099273696422,FINITE,2.966388617426665158196015894575495601680081318469068333255646075601358553983961009674697044913708615E-8,FINITE,TRUE,FALSE
holdout,HOLDOUT_SPD_D16_C01_E3eM17,decimal-source,SPD,16,1,3e-17,1045524413347893163,4.35735491391843461941637812849221317401169274e-15,7.46175309269707077261297999767580572940018918e-17,3.01131847540600516015463777983044972385120472e-17,1.75848533088367924034446288484032751697402473e-15,58.39586032648336985021969470647859630213715778847168622895926715879239088965080318527194889167521318,FINITE,58.39586032648336985021969470647859630213715778624929583102168960629391262156402566840892994244126026,FINITE,TRUE,FALSE
holdout,HOLDOUT_SPD_D16_C01_E3eM17,binary64-operand,SPD,16,1,3e-17,1045524413347893163,3.96566354006240203444173452763492588582238886e-15,4.99950748773155999695748174230228145877967075e-102,2.01763701890261802511306911373712135083757873e-102,1.60041155705374198065946974924860715897850833e-15,793210841226633153324316092703310469048981282417721105050143717326497959231762201492180.3033976512023,FINITE,793210841226633153324316092703310469048981280428501682397862843599794362875532783118377.8427044181212,FINITE,TRUE,FALSE
holdout,HOLDOUT_SPD_D16_C01_E3eM16,decimal-source,SPD,16,1,3e-16,16938131073265686947,3.91213414726479931470448450606465690354584023e-15,2.32997980118988410292626865932261928790021005e-16,3.01135543919962852156535749459912119391622393e-16,1.71723629658341483220623005948784122080253501e-15,16.79042086659692855553496914643655563574951297161035156146785005443328537379018644296222473778855944,FINITE,5.702536054793417390497138263550769666766851114823839770695987724643234416374235261616636361544614657,FINITE,TRUE,FALSE
holdout,HOLDOUT_SPD_D16_C01_E3eM16,binary64-operand,SPD,16,1,3e-16,16938131073265686947,4.13215912844610047495733830349515306251630874e-15,1.32381724097583192215119543887677978421242355e-16,2.22885076261975236260572703804765882459246091e-16,1.8138165439923078809930921046102481340511957e-15,31.21396972742356541035257951501683875457228141663134231071596676306573221650123710547813010498299873,FINITE,8.137900367364118670681547632684825673989413054029196579320409522103335987171523169979268073518734937,FINITE,TRUE,FALSE
holdout,HOLDOUT_SPD_D16_C01_E3eM15,decimal-source,SPD,16,1,3e-15,6733479429935998097,5.55522812769399704066542883498475784729842083e-15,8.24808318686581513719573047630255848079345074e-16,3.0461722529346353269354900474371234740006013e-15,2.24373550791568481153086429343167714341955779e-15,6.735174708882786259528120706548599990988203054081817957656850164168612469852025264792827743716883233,FINITE,0.7365753876045928322389597974328588575511904808936326574931786063265065024516448498818435649492928522,FINITE,TRUE,FALSE
holdout,HOLDOUT_SPD_D16_C01_E3eM15,binary64-operand,SPD,16,1,3e-15,6733479429935998097,4.40404895801793553946294536730910400193077519e-15,7.04608624786224658169376876946420942997091038e-16,3.15646853403682998132264595326272121243374127e-15,1.77877862052908778357330513695960856304353897e-15,6.250347786126100534182832315297597406383021775604002099011527448684476854291542328254592431302542180,FINITE,0.5635344060452885927371607301803562518228460646610887593665459709205229029400775939012518066800841948,FINITE,TRUE,FALSE
holdout,HOLDOUT_SPD_D16_C01_E3eM13,decimal-source,SPD,16,1,3e-13,5203200734696857263,4.00224139945418047191205585706263518952946745e-15,7.44358579712747360597144765814143786550563056e-16,0.000000000000306161123750422705552043615723217634270508307,1.58202482101187322915927043645641134547413478e-15,5.376765323237989011239602127041569811995423895027191809873101502896171104088629391594061709202181096,FINITE,0.005167294925078445675470555161001637275619924419013206915129707399760619259971566101268741917525176927,FINITE,TRUE,FALSE
holdout,HOLDOUT_SPD_D16_C01_E3eM13,binary64-operand,SPD,16,1,3e-13,5203200734696857263,3.76761038783308459668368225538935258140364553e-15,7.15998554349025318823063730679164989505006698e-16,0.000000000000306143020702103260968727429613916054221208505,1.4892787702078608943807024105134325360265732e-15,5.262036305727651926820165180775238421761202778948209686083865482653920070164960170672084166970327349,FINITE,0.004864650406833949636577504877994631640578754220788814808349005776892074737929821319981419477809442340,FINITE,TRUE,FALSE
holdout,HOLDOUT_SPD_D16_C01_E3eM9,decimal-source,SPD,16,1,3e-9,13824340243779585859,3.29596046281006461354235388522709256941328584e-15,4.09265952145352906470266647447665029565598315e-16,0.00000000300810120377900609212221961672995581648924809,1.58760829123728370120859336501251184344322811e-15,8.053346352250400039217135780834976115821267562384061105601123003990278834207142994273177104330151528,FINITE,5.277775525779548622669831937202809786666513971043107396044547486275215369823089382236775057825578624E-7,FINITE,TRUE,FALSE
holdout,HOLDOUT_SPD_D16_C01_E3eM9,binary64-operand,SPD,16,1,3e-9,13824340243779585859,2.7760777698703300394280242811700514481456992e-15,4.23648713218488862120320422688427012324806316e-16,0.00000000300810123002620119532136961982410758356326452,1.33718960961323389605755976129103861796938625e-15,6.552782253910966327068220477452047001229836273515414607330300184976052981077991547965125761248722253,FINITE,4.445294580733197908038746828387779150296322588605157708558285859777836322963959237038182601834530163E-7,FINITE,TRUE,FALSE
holdout,HOLDOUT_SPD_D16_C03_E3eM17,decimal-source,SPD,16,3,3e-17,4028749839962492639,0.000000000000164255366840258821825662740357789372626114261,1.41226271321079969115154319793653624961857346e-16,2.16369574526054359238018878159395913040716313e-15,0.0000000000000722394277378313759462479656047828245108550052,1163.065237818407534020485716630602432737995656206214579000127951243294454948157362492160771818138996,FINITE,33.38705448585729544497930742298218303550763525116811659837910903060204370771748670484345001056028234,FINITE,TRUE,FALSE
holdout,HOLDOUT_SPD_D16_C03_E3eM17,binary64-operand,SPD,16,3,3e-17,4028749839962492639,0.000000000000189243616398355207413532954525740264932624868,1.16937493630447125279684660574966212555497728e-16,2.12737890271370943342175986036103087370283351e-15,0.0000000000000832292473277296308363790935983797656888537888,1618.331388189439258626996164169877340187131941096492742456170170856296582119090459607856543740244271,FINITE,39.12290717067910591029336194336957295880528766479645642592623631263462382420251168305947254303872069,FINITE,TRUE,FALSE
holdout,HOLDOUT_SPD_D16_C03_E3eM16,decimal-source,SPD,16,3,3e-16,13578074003875669933,0.000000000000157600651083115471455649906616909142125774894,3.64939769605041479681103983565017359130158312e-16,0.0000000000000223757204698486384727909294968607099802674992,0.000000000000058939301741412762635606933767855383374536072,431.8538679784881657223203230727368891793825716221921277393046708410226498059065812533972910620176377,FINITE,2.634073920472579986917902679545057869221833122348995435818276197593290589277942228791383083636475463,FINITE,TRUE,FALSE
holdout,HOLDOUT_SPD_D16_C03_E3eM16,binary64-operand,SPD,16,3,3e-16,13578074003875669933,0.00000000000013789378040379224029457335229260240486449862,3.73742228298328495664333681724193201634030606e-16,0.0000000000000223931979969030264793521779049451361797353698,0.0000000000000515693499717650921152818060461514232180704017,368.9542416216416316290968201085556872443945041891255963949368952737549617347457436053528471168791600,FINITE,2.302902425053229107620417247087709180055527338943590859049395166428726493615016406906308235969614288,FINITE,TRUE,FALSE
holdout,HOLDOUT_SPD_D16_C03_E3eM15,decimal-source,SPD,16,3,3e-15,9802468416250033832,0.000000000000180915751383486243034333172177519144826942357,5.94520158115232006388661781480747680351012673e-16,0.000000000000197504796150585679231068454019467722187621247,0.00000000000010019996739442577831759524856284473270472794,304.3054956404363167389683776448881396420267727439356422982710254320854559593914584114538670021419075,FINITE,0.5073292869203502939385871248654067976757820440835807408464097574699543087479720278316246966662804344,FINITE,TRUE,FALSE
holdout,HOLDOUT_SPD_D16_C03_E3eM15,binary64-operand,SPD,16,3,3e-15,9802468416250033832,0.0000000000000987622399207817061520840763360478375783951144,6.31112459160425342728732686051425812917856329e-16,0.000000000000197466515952908697423132791722110471876563548,0.0000000000000546993456577826453347611668157122686365630979,156.4891304034244771165155563609627488748387132346303497861798007765364378347593204967085925359163075,FINITE,0.2770056755892082656658716354187226584556365945715689826868040951071053475023314054216799662694489387,FINITE,TRUE,FALSE
holdout,HOLDOUT_SPD_D16_C03_E3eM13,decimal-source,SPD,16,3,3e-13,15643617884060199905,0.00000000000019083381314655220020009487296025149941066965,4.24178498039418902831000855074404425593385247e-16,0.0000000000193233896476986797470555129507832028249692419,0.0000000000000918149611588705474334813640833762015722844604,449.8903504741487773153213504945220055537703723631723134020016788799795380406720465747708230838199623,FINITE,0.004751493543981050744788967860166607026031788299301518597048104399098534133831656364357756472932228439,FINITE,TRUE,FALSE
holdout,HOLDOUT_SPD_D16_C03_E3eM13,binary64-operand,SPD,16,3,3e-13,15643617884060199905,0.000000000000140556928878703148224360956827016376505360245,3.9555377953182547759135406387135568118287593e-16,0.0000000000193233632367268941467328120358626431977777344,0.0000000000000676254839371552919324978157303670325316924668,355.3421460036743618561666515544742075497051681253163055555675781942397465578490956188783445898919721,FINITE,0.003499674622305040177017087322664161330296985268772091932431478511127070438644604955219602103315080015,FINITE,TRUE,FALSE
holdout,HOLDOUT_SPD_D16_C03_E3eM9,decimal-source,SPD,16,3,3e-9,15447205414927534238,0.000000000000186851523935744899318388271951556010613349405,9.67997022652010373041133871050282947272310674e-16,0.000000220155447464499730455774577607135929004002457,0.0000000000000756539706705126940023185562838919902023244345,193.0290275313346687857015475831947862851080580921122188530732155810861489240595984096809041539029520,FINITE,3.436388767201046285795727182277431269925481813500462328582757799302226077167830788805088790845074381E-7,FINITE,TRUE,FALSE
holdout,HOLDOUT_SPD_D16_C03_E3eM9,binary64-operand,SPD,16,3,3e-9,15447205414927534238,0.000000000000180782591846878667955056309345403914112073902,9.8225654507024239473963363398917749938043292e-16,0.00000022015544747623300970675169240202101750191671,0.0000000000000731967318929991122454504890634769645259222874,184.0482435614116254930929470535475175104969242100518992725857560097620366250454490427286630107371797,FINITE,3.324774959334181438504879228622261668665892950683122894150291483640855819894070390813318358776095441E-7,FINITE,TRUE,FALSE
holdout,HOLDOUT_SPD_D16_C05_E3eM17,decimal-source,SPD,16,5,3e-17,11825909840639308237,0.00000000000450145445798815199225044537660267867893596934,3.70596084639146750693607117077255511149625455e-16,0.000000000000170340747197831521806974648266805436296512303,0.0000000000019590066010947595268683572747881653400685362,12146.52459798992442463372802107819906740464257747994094142289950129143354446721839050531306149974080,FINITE,11.50051666040653687149596813872980974908208028001187173067325762087559151544866845611014597494675795,FINITE,TRUE,FALSE
holdout,HOLDOUT_SPD_D16_C05_E3eM17,binary64-operand,SPD,16,5,3e-17,11825909840639308237,0.00000000000418004732185002978715373663406962477131325161,3.59402784323470100644503032493177471870585865e-16,0.00000000000017038172121157833322959737483570353291404148,0.00000000000181913209892886416299210630510600844675637169,11630.53683548511095125453448396901517704471411853047676376143233475423043435180900054057769684515696,FINITE,10.67680315701168405741758503676274671711507941555274074001542729158741934962577574021148627096301048,FINITE,TRUE,FALSE
holdout,HOLDOUT_SPD_D16_C05_E3eM16,decimal-source,SPD,16,5,3e-16,7500318429008872804,0.00000000000633578055857826739549855714812798993016411959,1.07182307394281373134978294213088446650680699e-15,0.00000000000144999416681244833802772043741391523830612027,0.00000000000260398976904809523604113315685344562072625643,5911.218663423090231061070617725474976122926676978812623350535189600225016373782275639232748177984192,FINITE,1.795862237689203189320829983519782398329446622606206052412071521116408720450488072085601631839801877,FINITE,TRUE,FALSE
holdout,HOLDOUT_SPD_D16_C05_E3eM16,binary64-operand,SPD,16,5,3e-16,7500318429008872804,0.00000000000523588299582251129659792887699503497725678618,1.01298870451702182498091063666801818046312342e-15,0.00000000000145001763638755146137091661114822271962805513,0.00000000000215193465540640278698984229106476629371552994,5168.747659747009329622020323288889183496957231989182352182012133768628764587495622057887606304431069,FINITE,1.484074814957110924180125833314610112989132250812765491420986354828189562399837385617620851986723999,FINITE,TRUE,FALSE
holdout,HOLDOUT_SPD_D16_C05_E3eM15,decimal-source,SPD,16,5,3e-15,12830106126430990072,0.00000000000824055763929394854910216811382742005955602483,6.36786825465807060952543248537827572428472818e-16,0.0000000000166929549292143628581356045454280584308236924,0.00000000000423848549766254699121708487959748921975299438,12940.84191089539739195528973849339437090099388322016296616207849347636746332301380786819554238071674,FINITE,0.2539086408389426502872888964212808412897540403622293505058182305759396204121065154245926562320147672,FINITE,TRUE,FALSE
holdout,HOLDOUT_SPD_D16_C05_E3eM15,binary64-operand,SPD,16,5,3e-15,12830106126430990072,0.0000000000085822428481833299705175628752373929712858491,5.16794940430154517671808352451279840127102509e-16,0.0000000000166928364679182845934241301110414563239067759,0.00000000000441422940554297633224065437565141125846224696,16606.66964161819386368648699182844875802441692154692249522246909843791579316750475340140033078392579,FINITE,0.2644385460809263009397852068718154863622053599634000282563377481066566437784403741923965428421735088,FINITE,TRUE,FALSE
holdout,HOLDOUT_SPD_D16_C05_E3eM13,decimal-source,SPD,16,5,3e-13,14760506985788718015,0.00000000000855172063673435106846987291343760638092228937,1.06253268754927995929417478397760866131293933e-15,0.0000000017969109114731080587907082687041190772999747,0.00000000000391556389797824149481063401688817146204553442,8048.430638363513625296661558459293929820629880041041647236315865665197440134862211741395841562443725,FINITE,0.002179052880684140949282632103887485630297091997393417412066768853332721867075964052837687319102878296,FINITE,TRUE,FALSE
holdout,HOLDOUT_SPD_D16_C05_E3eM13,binary64-operand,SPD,16,5,3e-13,14760506985788718015,0.00000000000494166623129846748105811277623207583236402165,1.04656820986786643617912372827810489399630343e-15,0.0000000017969109140451247657712348520639773519711681,0.00000000000226263353459116722206256987677407283225067,4721.781327489751743407342529609033122591363449803878498689914140901502088233435556650565357166537731,FINITE,0.001259179582530125941645305549734293763921731036439426336568393807879632836794130566070137260905677415,FINITE,TRUE,FALSE
holdout,HOLDOUT_SPD_D16_C05_E3eM9,decimal-source,SPD,16,5,3e-9,15146633295066953999,0.00000000000800561936164218833504510707758276017259176855,6.84756438279087908960856169572275004350097625e-16,0.0000218851068431621105634529275140950933701817328,0.00000000000383840068956827709025447587714057091867741847,11691.19253812596918777821789034073414555309617391005648695347275361055489482059155581275464485609686,FINITE,1.753887114682999917678339677885260612582022369184713832202866234958714466042083394505771397189109305E-7,FINITE,TRUE,FALSE
holdout,HOLDOUT_SPD_D16_C05_E3eM9,binary64-operand,SPD,16,5,3e-9,15146633295066953999,0.00000000000859222393495966288818122457458460854397695714,7.36100154074862113138970089390583527753856354e-16,0.0000218851068432029878949410387107966817513501662,0.00000000000411965605495749861579133756714966110407744196,11672.62890436214366355594228072792040518045219742055848430801949984947170793162794525533011690404415,FINITE,1.882401618814563509776903301890218029711767221137461570384874803558173733592434721657637876908231114E-7,FINITE,TRUE,FALSE
holdout,HOLDOUT_SPD_D16_C07_E3eM17,decimal-source,SPD,16,7,3e-17,13041787574650264679,0.000000000463459722047997771647401678594338554698722537,4.86985930701948564710116983951725767812921271e-16,0.0000000000137949472014471473824755909810329862172405592,0.000000000214924299731852999903509027215914665556920829,951690.1676809435221157884613831755394424265376334481439889232436117452406359125891787956721806246166,FINITE,15.57992912863824127183647222336441455603006037737181092663820420849853690298615587692671480570295417,FINITE,TRUE,FALSE
holdout,HOLDOUT_SPD_D16_C07_E3eM17,binary64-operand,SPD,16,7,3e-17,13041787574650264679,0.000000000313695879182953395223398893479579080639163645,6.2612679868640954562408655025263605194593952e-16,0.0000000000137949019847669329054347806463263765521650757,0.000000000145472980616817927386636254762583909834040411,501010.1465726679345249760306379613085092088242296476731148759691613365521678853814752865530264781804,FINITE,10.54541603684150546455110421115144843117455894296999094003781258344185526561652467344653675694719978,FINITE,TRUE,FALSE
holdout,HOLDOUT_SPD_D16_C07_E3eM16,decimal-source,SPD,16,7,3e-16,6013834893437377761,0.000000000649481445873787269125011196698310358786739332,6.86024333350723588196812381582202106905751303e-15,0.0000000000733242323127794266704889699142134492852153498,0.000000000303151977867593379434449304695135004408443056,94673.23742024554306627469675458708723401252922551988774053762967053508227265900070943806762134067231,FINITE,4.134403706736907362588332384716251532723787160683336185969035042291406089689512655064290020327374152,FINITE,TRUE,FALSE
holdout,HOLDOUT_SPD_D16_C07_E3eM16,binary64-operand,SPD,16,7,3e-16,6013834893437377761,0.000000000639211701567412800604987055617173903499023501,4.79511929477449022789734416476389254449294091e-15,0.0000000000733240634934218837022333358728389194857192811,0.000000000298358471727501327308464469642832584778972473,133304.6504732421473475420770739128319609445841271269555474812597789215140491057898097004731952163004,FINITE,4.069038969100068204312616879601366640198087563187122866570801786208968761156935344190440624330924542,FINITE,TRUE,FALSE
holdout,HOLDOUT_SPD_D16_C07_E3eM15,decimal-source,SPD,16,7,3e-15,5796603816753282125,0.000000000566083455675667822949743275461034881388765123,5.4397396411107754081624108455746679682258615e-15,0.00000000140346705050296446101062293279487495985320924,0.000000000268048285084432747076104498825816706464237321,104064.4392973329147999546316764073091138565279254216671092477763006250442118958134610807259903464219,FINITE,0.1909900805924667231286541696695732201234230429414650094837663193749549287144901714545378958535482728,FINITE,TRUE,FALSE
holdout,HOLDOUT_SPD_D16_C07_E3eM15,binary64-operand,SPD,16,7,3e-15,5796603816753282125,0.000000000438802506627312225568936031696296485606168763,3.60711870983197655238305187943075318465180436e-15,0.00000000140346758977990588963139304661522123576683275,0.000000000207779008930426838114977986525672959893038398,121649.0340146726459311212192255992218124044580725243874598481731112912553167329649692844593759235686,FINITE,0.1480468878964359171267965897120090489599150981793881060847170606768628994156686029733482434419134491,FINITE,TRUE,FALSE
holdout,HOLDOUT_SPD_D16_C07_E3eM13,decimal-source,SPD,16,7,3e-13,6594644121150259516,0.000000000438064193923015803234246451974232266240684144,2.29851419494387378007037761917974032839805465e-15,0.000000138664757068486195521478304243375792089795819,0.000000000217140359274599414549230030436748149587430872,190585.8118634384437318471432521202388197419846067013968435393274223273428623950243304995431913668476,FINITE,0.001565937617208345915340704799840022787474860064054904202652521148481365380702114407267181395677997992,FINITE,TRUE,FALSE
holdout,HOLDOUT_SPD_D16_C07_E3eM13,binary64-operand,SPD,16,7,3e-13,6594644121150259516,0.000000000326526651894465454105338555182917095197713572,1.84217238091119872675101068468927079545187349e-15,0.000000138664757374101827892482404366757843182620124,0.000000000161853252305657397096573204692858243931796954,177250.8671164392822311918999038605602039247828785300290967808514694598224004044114137999031082118544,FINITE,0.001167227025602443692691097142592361047526376109009274736011522655263631721670589504771107338689261981,FINITE,TRUE,FALSE
holdout,HOLDOUT_SPD_D16_C07_E3eM9,decimal-source,SPD,16,7,3e-9,16728217258062569079,0.000000000663600131662230404177848207645993072919964093,1.60777320643473305717682347003288800091299951e-15,0.000978965936105424639505412647221529545046862987,0.000000000266079411405647483739227860327431601381221098,412744.8628987766375899127774930333560712575203594102863463316589675256121536710162862541063763748316,FINITE,2.717963941260091473393434706782188172570485979703449671273492034711421177484411062625262264835416160E-7,FINITE,TRUE,FALSE
holdout,HOLDOUT_SPD_D16_C07_E3eM9,binary64-operand,SPD,16,7,3e-9,16728217258062569079,0.00000000069516657074767019297326373874144175263983425,1.83335139086432734027594330835737443907195883e-15,0.00097896593610522439335479352297083134382464102,0.000000000278736400353174043163038964196153169215302995,379178.0311247023157083819799260576481920249466107117989154626655491575965389622248267092022165653153,FINITE,2.847253311612815840804193426884108269663040965971449630002085869500857153655255761226013545836607986E-7,FINITE,TRUE,FALSE
holdout,HOLDOUT_SPD_D16_C09_E3eM17,decimal-source,SPD,16,9,3e-17,17735406389994151610,0.0000000263850768373701521392187768538817137033162283,8.68417958363437267751427542799984474853120287e-15,0.000000000501047683951241349503932763597560381118331336,0.0000000105540307349480608556875107415526854813264913,3038292.400941789972857365437412260214609876546268692850633324281914970588244511140804822721919864704,FINITE,21.06392479797413733377794712086154290498938634486486794307941508228440180342743990380045353227166018,FINITE,TRUE,FALSE
holdout,HOLDOUT_SPD_D16_C09_E3eM17,binary64-operand,SPD,16,9,3e-17,17735406389994151610,0.0000000276833451092494765097926902344406475182391535,1.01602257644799792603139706327341962533921844e-15,0.000000000501046795798972187298495975308815398912681526,0.0000000110733380436997942990218890504504214469361229,27246781.47018159852396885552129858372805425727134060148632843061657506655678082264569809749814505489,FINITE,22.10040686128365293480302720427815268627353523397605554889561916740015640468262412305127376949812240,FINITE,TRUE,FALSE
holdout,HOLDOUT_SPD_D16_C09_E3eM16,decimal-source,SPD,16,9,3e-16,5484674290875564574,0.00000000885352372286716083736732963560196775663816159,9.80543301479456689926947040163005422843909261e-15,0.00000000197787476502098207188170421115112267615470168,0.00000000408382596768451693326643145475663886292963427,902920.2187714552999393304033660923463518154650893767049328181000349328269134892933487623341703493366,FINITE,2.064754573903062110395407090213338551770139893954162995954811809703958360208464750627400048763943274,FINITE,TRUE,FALSE
holdout,HOLDOUT_SPD_D16_C09_E3eM16,binary64-operand,SPD,16,9,3e-16,5484674290875564574,0.0000000105364580575942940823662607625284637388589477,9.9179476235649105633980923846836650649498365e-15,0.00000000197787473740803427963807024532017518400270344,0.00000000486010569010907237989119324008355338875473851,1062362.744542006959317644696097282882820253202301561292106900391040207944768251811114456786979203044,FINITE,2.457236344743522409459485015162140541612347209795800781869673743473632089504593176658853933822832636,FINITE,TRUE,FALSE
holdout,HOLDOUT_SPD_D16_C09_E3eM15,decimal-source,SPD,16,9,3e-15,4562747954675270594,0.0000000240129963166689851319423012903524246780251,0.0000000000000438919023855003741899806860281175791211051294,0.000000136273791492545214190515286597646941192164816,0.0000000113577575230217869387305473666740360264451241,547093.9971059819765954557809658270231189106069000541923660508064185850575232051909242772514472119093,FINITE,0.08334513481004237756899896410035219003124796958691591829072939584805973370317871661089143914634428552,FINITE,TRUE,FALSE
holdout,HOLDOUT_SPD_D16_C09_E3eM15,binary64-operand,SPD,16,9,3e-15,4562747954675270594,0.000000038171436283918951876472334626570129917814902,0.0000000000000255059631517419564594773201984530828708784843,0.000000136273791219555111958079739173975623713171264,0.0000000180544698337907027739593543347732827383367438,1496569.098638880205080363196778243795880908863783372232764223836016526216890317331967042198420881556,FINITE,0.1324867362404452560193897868355012244093430516095889520516736934418985871727506919025132949936522956,FINITE,TRUE,FALSE
holdout,HOLDOUT_SPD_D16_C09_E3eM13,decimal-source,SPD,16,9,3e-13,14301684682577606279,0.0000000125510770794230838682227430653753941181321296,6.39068095509306634639992987356253932887586505e-15,0.00000636401917098048414790164147529637038634981198,0.00000000589051234194250541975571581223977607416928116,1963965.525367132769393806364065281113596737568738790257236580177032543194280326912571889992371851902,FINITE,0.0009255962597980315259903116385469588974656883189066015571112921017792043955450447569538747641686160942,FINITE,TRUE,FALSE
holdout,HOLDOUT_SPD_D16_C09_E3eM13,binary64-operand,SPD,16,9,3e-13,14301684682577606279,0.0000000167993631849494198957329675664862177862916294,6.71157560795190678269800716462626812019318647e-15,0.00000636401917090070615793036826656069514815899233,0.00000000788433180288202753118799900117788404765285677,2503043.125230602228607262407369787775954022541282223646902309341734167013504541953710866243730086230,FINITE,0.001238891900095604200978834213532570086943616852945229499284262060914113013000731472375810867914614401,FINITE,TRUE,FALSE
holdout,HOLDOUT_SPD_D16_C09_E3eM9,decimal-source,SPD,16,9,3e-9,13731550386799511694,0.000000060522983842686288709184673369970730792166637,0.0000000000000410167893757230037680858900220120309884621223,0.07194802705687663263303473277002990967282911,0.0000000297095642919070012584065355392894944356488824,1475566.097782109715905291165851107859285393872813212010012770024333206549985333831027654273319292666,FINITE,4.129309100918206079826116744881040651943355715486785186909641320276833867395957862172448762009545173E-7,FINITE,TRUE,FALSE
holdout,HOLDOUT_SPD_D16_C09_E3eM9,binary64-operand,SPD,16,9,3e-9,13731550386799511694,0.0000000546142767988321616472534052533458435526466583,0.0000000000000424776439999462523137405725877352982215676382,0.0719480270568765196877978620240486670608311367,0.0000000268090940795045005958130099854043487217779818,1285718.125018922095153275957307097522525067823281216387414019356479302447187899278701685856873531357,FINITE,3.726175014960634561383331264304381445405568363010684835941438984701485945691796959317471067965445282E-7,FINITE,TRUE,FALSE
holdout,HOLDOUT_NONSYMMETRIC_D02_C01_E3eM17,decimal-source,NONSYMMETRIC,2,1,3e-17,14902232812917554811,7.12842139114153302367132450602498704423731073e-16,2.05380047737167464219745025057943078807149473e-17,2.35180947519613873032895999056272140025795864e-16,1.11327238498178378139258240465975359055105714e-15,34.70844159245712485371364668849687454698828351523392032871632085359866261936614733007612343100581042,FINITE,4.733684410761793943287440268072031727149589821147845038161430368814287858181103716938081854254177948,FINITE,TRUE,FALSE
holdout,HOLDOUT_NONSYMMETRIC_D02_C01_E3eM17,binary64-operand,NONSYMMETRIC,2,1,3e-17,14902232812917554811,1.80842370582304657110813455060581171596734705e-16,2.77550205782278622808692726339308677718082804e-17,2.16738100666063035653518122345199539106970546e-16,2.82428333226919060117156779347738062613980308e-16,6.515663358007544662850925587502551891546760847134824205344199944575091304294363643197583961524753566,FINITE,1.303085762766130187780865248572408404309306222672780484181738401202179669186440980008657196169482416,FINITE,TRUE,FALSE
holdout,HOLDOUT_NONSYMMETRIC_D02_C01_E3eM16,decimal-source,NONSYMMETRIC,2,1,3e-16,1714810464309279464,1.4647752061579782268451461471170901982620637e-15,5.42380914409212532767429074407692612514535284e-17,7.13359787665425325408373973360418974003280302e-16,1.58877178036633347029723444087593844540986362e-15,27.00639287341963482108658071544855073478222614332420510354396861053896922320148533496800673066820016,FINITE,2.227167563742024849313831692083354120539592493478450876320908847969721886958497468131400346197844916,FINITE,TRUE,FALSE
holdout,HOLDOUT_NONSYMMETRIC_D02_C01_E3eM16,binary64-operand,NONSYMMETRIC,2,1,3e-16,1714810464309279464,1.25355108476314981356922944110360024636620392e-15,3.1690640230155128807505642780423634721083426e-17,6.96653081429969269337334875567510038881546493e-16,1.35966705358371586456010013057209495861030826e-15,39.55587756066654755158299386447081920161991317476017366158503854866626952865513814774608704132171496,FINITE,1.951713255603242128046201823262568136124283541844476875429961253490110580299198410123247805905213365,FINITE,TRUE,FALSE
holdout,HOLDOUT_NONSYMMETRIC_D02_C01_E3eM15,decimal-source,NONSYMMETRIC,2,1,3e-15,1295383460358837343,1.23753864768086635846530778890909388641625671e-15,1.63980541572357954926308927998581200714591376e-17,0.0000000000000176169228655335850872612085333747354391486535,1.43860945647119998720506624309363634690257611e-15,75.46862791246428472010264296847839331570263457589291987487193557262307656217727403662660015784845697,FINITE,0.08166065478357460467864545887110306118565333929292199382320538288117383423411926359463540891528240441,FINITE,TRUE,FALSE
holdout,HOLDOUT_NONSYMMETRIC_D02_C01_E3eM15,binary64-operand,NONSYMMETRIC,2,1,3e-15,1295383460358837343,7.99926967878190324235474828214858883051185587e-16,6.08452494176774583597111935833709504578792052e-17,0.0000000000000176159451398633386301917703667617768148759017,9.29896211833426012735507790436528747501510098e-16,13.14690917588360455828598188238976566700635763716746870290759072373457948435461446992936694629895618,FINITE,0.05278718822353462337056647304379798941262591840475626350737594256364776688575037510357738085410298959,FINITE,TRUE,FALSE
holdout,HOLDOUT_NONSYMMETRIC_D02_C01_E3eM13,decimal-source,NONSYMMETRIC,2,1,3e-13,1537978083634068854,7.996555790976898736905673500438506521273051e-16,3.57736032708725620345986330843994546165889166e-17,0.00000000000176157539825752232313296985408830242297801754,9.2958072878427856724470314186876952537328785e-16,22.35322992327088816370347858893458298922673522073513428398809408660416082591239914692882603092282668,FINITE,0.0005276985190096214199714418237872339941778105886593954631969084319648511665275548988077524797189404731,FINITE,TRUE,FALSE
holdout,HOLDOUT_NONSYMMETRIC_D02_C01_E3eM13,binary64-operand,NONSYMMETRIC,2,1,3e-13,1537978083634068854,3.5245417583257747494343856389675044915500307e-16,1.61651422077840398347854318432449557534358997e-17,0.00000000000176155111746688415770749420053016293080525996,4.09719657059360282098697288926296356059722842e-16,21.80334520427907942200176258334034633480475401323333294730684637655282804166297713190175035692944789,FINITE,0.0002325902739901969974657447692747169931713464481337806001434954287147834150173717038835304792613282045,FINITE,TRUE,FALSE
holdout,HOLDOUT_NONSYMMETRIC_D02_C01_E3eM9,decimal-source,NONSYMMETRIC,2,1,3e-9,10259740240287168312,3.46176476922109737893909163139153081207556659e-16,7.28303316630436949277573609622735258776809474e-18,0.0000000297663748116657842900596219686371806418980215,4.293790743606112759513866342062252698598448e-16,47.53190999098114975675950226799758787150409886110706466829354169954274345099985673517763483356536935,FINITE,1.442497035925021959173441977837248037297721203650714265717008330771301318064895740521537696066976954E-8,FINITE,TRUE,FALSE
holdout,HOLDOUT_NONSYMMETRIC_D02_C01_E3eM9,binary64-operand,NONSYMMETRIC,2,1,3e-9,10259740240287168312,2.027844334846254379384948523890978623538047e-16,1.93146517647496041889852183941459427054590496e-17,0.0000000297663747960101330068745042669023612533231854,2.51523133860885146257547798359801004295526565e-16,10.49899506108203148966556965560371932317056207258353844565092425850643389795232952521711247031915269,FINITE,8.449908179433363716081748897253861140617406145166107956712442873229268754124856656981208804470084002E-9,FINITE,TRUE,FALSE
holdout,HOLDOUT_NONSYMMETRIC_D02_C03_E3eM17,decimal-source,NONSYMMETRIC,2,3,3e-17,16694131641478657391,0.0000000000000116632075165427559748591234978382026426733542,6.74235548687705307012162601657306941810399169e-17,0.0000000000000294173090734780872935859321164582576534960998,0.0000000000000228734318145898290384160429116709198108351619,172.9841676138758403931668034465721481866512180544432613182602996153943107138478317473546686181433030,FINITE,0.7775501068930857818772211024800093036770303435756373936983722852247022518375134939315826082428894427,FINITE,TRUE,FALSE
holdout,HOLDOUT_NONSYMMETRIC_D02_C03_E3eM17,binary64-operand,NONSYMMETRIC,2,3,3e-17,16694131641478657391,4.40263179601694202369692913259996678347313682e-15,2.9480370201838647311139246804101247066283782e-17,0.0000000000000293427591182653304519478931942475526249445385,8.63427132271324576760631047129358497511377966e-15,149.3411299069221443070979406026237458653186696633585293248013531283605793064012946196742500176163001,FINITE,0.2942556045228401821851490946440818485671600148670520227796921144305232129864609258304462202874759298,FINITE,TRUE,FALSE
holdout,HOLDOUT_NONSYMMETRIC_D02_C03_E3eM16,decimal-source,NONSYMMETRIC,2,3,3e-16,7596269131424702122,0.000000000000134837656312193943262174716892879797228766546,2.12453537335852847079329445678497580410914104e-16,0.000000000000212133731428297644773405856444212647693026827,0.000000000000136206601625219173212663812253199977515823693,634.6689163336385440303094445033655117655188417505694986790087393318965697877445140267498116628785632,FINITE,0.6420789409969802257664272975818659425363301430019206136764217173825747912106549043220253856406762121,FINITE,TRUE,FALSE
holdout,HOLDOUT_NONSYMMETRIC_D02_C03_E3eM16,binary64-operand,NONSYMMETRIC,2,3,3e-16,7596269131424702122,0.0000000000000992299410871553950811348763572081236529177763,1.19717802446704937495492132088146171780687428e-16,0.000000000000212209789721543666893704487194211479798818062,0.000000000000100237377484955993780035041459450519241406812,828.8653738973351686004730864773173328794167156350375723265504340310341413099239642462948477196626161,FINITE,0.4723503925831364897917968499427204709157043621886254584524687729874849275434225297811496354497161840,FINITE,TRUE,FALSE
holdout,HOLDOUT_NONSYMMETRIC_D02_C03_E3eM15,decimal-source,NONSYMMETRIC,2,3,3e-15,4287761328927596802,0.000000000000102241649591811001111681709067581153580723314,1.02206314335280718111136813730124137145183662e-16,0.00000000000187408145306529219618319620788204710941576026,0.000000000000159674630384497888212596854576819451900068076,1000.345724789706907391094660416535019351257992406218977875941520537452240537134845075200303188316121,FINITE,0.08520154240005431204227471672807739486109869391811147586110186668924913086022338803055852264097622114,FINITE,TRUE,FALSE
holdout,HOLDOUT_NONSYMMETRIC_D02_C03_E3eM15,binary64-operand,NONSYMMETRIC,2,3,3e-15,4287761328927596802,0.0000000000000473823461642480624605527143686189355226400532,4.76792636041363253813611950481756639942115553e-17,0.0000000000018740736120898517526352675346154361341563584,0.0000000000000739987924757878414020005106676691924023495091,993.7726085211076036129327796151666577086137642264081856480257936809797192573048528164693206479463163,FINITE,0.03948553141051323719349770605195669967788549166062955767336299706210602589612101442528015202170816166,FINITE,TRUE,FALSE
holdout,HOLDOUT_NONSYMMETRIC_D02_C03_E3eM13,decimal-source,NONSYMMETRIC,2,3,3e-13,16085033468221682581,0.0000000000000355914945738526021971502728250258466271494389,4.71400796571575496453984582382279852236717958e-17,0.000000000179992330241220445990713003401859236290191896,0.0000000000000711829891477052043943005456500516932542988779,755.0155797933307204696292271878188555403760251000206312130581643110036978967112905331765083735208864,FINITE,0.0003954779020434251197476805196523092184553658112662881159152451833539693869611706894201014336318500441,FINITE,TRUE,FALSE
holdout,HOLDOUT_NONSYMMETRIC_D02_C03_E3eM13,binary64-operand,NONSYMMETRIC,2,3,3e-13,16085033468221682581,0.0000000000000426868161263276533023087832396262835494755093,6.10484153376217909311010734297805480516179709e-17,0.00000000017999235565080087083641527540950952411543298,0.0000000000000853736322526553077165363232284207959757842945,699.2288971016322175125615526122107885057849808476597503753746695970420085751647289107825868559035495,FINITE,0.0004743181005880426132563451052632472346981152391420738205898634697162150800922494483363116027458697232,FINITE,TRUE,FALSE
holdout,HOLDOUT_NONSYMMETRIC_D02_C03_E3eM9,decimal-source,NONSYMMETRIC,2,3,3e-9,9339740242843272796,0.0000000000000976967775689236766623891040521879273052907973,1.23347593863436981384245756345226977204324999e-16,0.0000023681685253041694882797738321258251348125903,0.000000000000085685742227279600713376350866842566207958963,792.0444534742011920126414250333618219335529992691428294359928193581869676767489859429706108832595494,FINITE,3.618228234676586388933882304872344701122416346655250749837002000232840314150053000390703671961695438E-8,FINITE,TRUE,FALSE
holdout,HOLDOUT_NONSYMMETRIC_D02_C03_E3eM9,binary64-operand,NONSYMMETRIC,2,3,3e-9,9339740242843272796,0.000000000000116021265666243466223155601931516957330815466,1.17531087551393793393328884096531017655123902e-16,0.00000236816852525570656474382873802475382564010543,0.000000000000101757381462730125596357919883554008404569196,987.1538508099815307775349754525984317974015443718971636949004630805749021267912873171285176443649511,FINITE,4.296880917786149489101661675529338401845291520730593348775786831429940652395366669700223622112748241E-8,FINITE,TRUE,FALSE
holdout,HOLDOUT_NONSYMMETRIC_D02_C05_E3eM17,decimal-source,NONSYMMETRIC,2,5,3e-17,15807776390927214587,0.00000000000073749670435695884249173584857871763162008897,6.68322530459875526625254610754499473196364991e-18,0.00000000000268335115218133414038951777420615084570877148,0.00000000000329818552824845059755217597144442049316764051,110350.4177615386208329220347081968774817158589677965725293793431263688288499907078976987213811000536,FINITE,1.229129301831148296977367261822591286300812857313694023382221020265982812430128580275443745672658183,FINITE,TRUE,FALSE
holdout,HOLDOUT_NONSYMMETRIC_D02_C05_E3eM17,binary64-operand,NONSYMMETRIC,2,5,3e-17,15807776390927214587,0.000000000000655098268552992756543184620214798571177818687,6.69032244731199242921909426974948110334560701e-18,0.00000000000268337038514405133638900410522052908846814282,0.000000000002929688520853809404915212998998776738050172,97917.29377949416825684433656304268818392781745981324774499830711423613955202869008984599168632543657,FINITE,1.091794311017759471676957021471610730362960220732315322359989410226616241889327435434127550738356534,FINITE,TRUE,FALSE
holdout,HOLDOUT_NONSYMMETRIC_D02_C05_E3eM16,decimal-source,NONSYMMETRIC,2,5,3e-16,11009809267714983462,0.00000000000330149030879956075099793279393398145201943002,4.11621687872537008364489615754742180271529318e-17,0.0000000000234256770115419558405723450765412534283628052,0.00000000000515606161364003111299664766817829399040872838,80206.90857819673492809777421000080862647499228016630303988597103913709119642218122715539878811946984,FINITE,0.2201029925879884748760201258042868525743440990634219249061311671555698625972275707609637774150311223,FINITE,TRUE,FALSE
holdout,HOLDOUT_NONSYMMETRIC_D02_C05_E3eM16,binary64-operand,NONSYMMETRIC,2,5,3e-16,11009809267714983462,0.0000000000042577772342971393394904621031542640451631636,4.60977380989713463716865052214803704392127245e-17,0.0000000000234257111882660690566353979170037178094943866,0.00000000000664953087963849140510710519896128524375495156,92364.12478971826237134628958474900620190055795903246672002887285842553955826021109503686764640337583,FINITE,0.2838560941095030323451275786124957054249396708940865587880266686561891225790377583323191021004874364,FINITE,TRUE,FALSE
holdout,HOLDOUT_NONSYMMETRIC_D02_C05_E3eM15,decimal-source,NONSYMMETRIC,2,5,3e-15,1715721915310980142,0.000000000000620186868014085575269093097022126709734171629,1.28766382166953409233041592415538658370046883e-16,0.000000000298181814163428532279997497484515124859398101,0.00000000000068488182286374903417070697947122654301136522,4816.372546756619739860737953894186730124237166504939820328880039766827710276234763521619495143475863,FINITE,0.002296859802752345613384612984733220164750121460776231076705571582695595686676414429683340196599836383,FINITE,TRUE,FALSE
holdout,HOLDOUT_NONSYMMETRIC_D02_C05_E3eM15,binary64-operand,NONSYMMETRIC,2,5,3e-15,1715721915310980142,0.000000000000563115843042630730236989805032997253763870294,6.29424260111427634362444522997165513442338771e-17,0.000000000298181741446945947765811956036620668950516526,0.000000000000621857419041214742349264064826528655052250119,8946.522699060594585667326869274980025587965116996440934310613697978563928128261487412813578238482505,FINITE,0.002085497978593900126644335200935872226191498248343089543153990640346385747679839573014969315269501445,FINITE,TRUE,FALSE
holdout,HOLDOUT_NONSYMMETRIC_D02_C05_E3eM13,decimal-source,NONSYMMETRIC,2,5,3e-13,4824154231604905281,0.00000000000295418440754917468984185456083600873562727206,1.86726327855741699537747086715581770873646984e-16,0.0000000292884235518624060672218147823571755923336685,0.00000000000320426288005189006953340053391831479155023411,15820.93131415016822347192177584450178329307498533768006284322573298297137347489585629372461978641420,FINITE,0.0001094037333343650000853242117522001901348961839709343585167716440455697915600129271041384883170542290,FINITE,TRUE,FALSE
holdout,HOLDOUT_NONSYMMETRIC_D02_C05_E3eM13,binary64-operand,NONSYMMETRIC,2,5,3e-13,4824154231604905281,0.00000000000330899338414447770726583094683477951214729576,2.03547638467308920926911593406126399514416452e-16,0.0000000292884235340030991892880509425411516627007438,0.00000000000358910724870682980715726280804531682316054694,16256.60414957810300992308403972139424202346336374188470068928159465849183563689443174479808575496016,FINITE,0.0001225435450474133402879495547685971148445934501643865719966767924810639316172210965078342887379487432,FINITE,TRUE,FALSE
holdout,HOLDOUT_NONSYMMETRIC_D02_C05_E3eM9,decimal-source,NONSYMMETRIC,2,5,3e-9,16348265856143334481,0.000000000000588332624166822664522247820864311045502033923,5.88767380736424378042262824768316050725443988e-18,0.000212063325812730811390808249331761501945943221,0.00000000000416013988141636775870742705948957518015698771,99926.15817658615456392904670684999958286682851899632990160070376984702854243555456581153652012006606,FINITE,1.961744146694233261629608715204040214776804411604876635200651799905285426952686446711398404503298247E-8,FINITE,TRUE,FALSE
holdout,HOLDOUT_NONSYMMETRIC_D02_C05_E3eM9,binary64-operand,NONSYMMETRIC,2,5,3e-9,16348265856143334481,0.00000000000071125931175576736521814634613866311675859622,2.65586297499026654292819567177698545026492727e-18,0.000212063325812716771969472828273955358487306203,0.00000000000502936282524579786154060820247763428385717947,267807.2319444018211872530532336457413359469148651711824212891610638917705970103517129440277213091241,FINITE,2.371632532863069320203304545572340258365504112843284956734355525512662397006367213128241779038347838E-8,FINITE,TRUE,FALSE
holdout,HOLDOUT_NONSYMMETRIC_D02_C07_E3eM17,decimal-source,NONSYMMETRIC,2,7,3e-17,18275856661751124858,0.000000000402260407737835794472429506257922352722170404,3.14087407130067463597900932840112352085101634e-17,0.000000000280889905297435827697199584208694956719407836,0.000000000470810195932195373044521704343366936062584722,12807275.89219311824822124263928586807758102704170969236344995259516452926697490389147812711040004058,FINITE,1.676137828568997275532259430896645287654954734203038522313716973028515787715066518740369158019696308,FINITE,TRUE,FALSE
holdout,HOLDOUT_NONSYMMETRIC_D02_C07_E3eM17,binary64-operand,NONSYMMETRIC,2,7,3e-17,18275856661751124858,0.000000000276437015154154596437434607465271774535239802,3.19127858915367273838660821192011229176520798e-17,0.000000000280889916219287668069819747111429902979205426,0.000000000323545053811163844518119084903363348963832636,8662265.215380826668236963041780874721676775129379869844985270947505118973945383247728301656115398238,FINITE,1.151857133805315316824563930879739976505790413759419555660856302555816078441937307701635369042814911,FINITE,TRUE,FALSE
holdout,HOLDOUT_NONSYMMETRIC_D02_C07_E3eM16,decimal-source,NONSYMMETRIC,2,7,3e-16,971677534055817870,0.000000000251575556516060637923935256565373807276572061,5.15922705596264329521199552000529883383099617e-17,0.00000000145720343809722145554559997246632637788675514,0.000000000244351781358710608642032610735616247067608454,4876225.717286636806045211192105277645736620512692379218360182825307604164231755886696578428366650711,FINITE,0.1676854274223912360233133560624501354824848787567442483608737828339088024742725903539178060983915984,FINITE,TRUE,FALSE
holdout,HOLDOUT_NONSYMMETRIC_D02_C07_E3eM16,binary64-operand,NONSYMMETRIC,2,7,3e-16,971677534055817870,0.000000000953306373487225821991113623950095492178425889,1.08266720763920339314402343436405273842723287e-16,0.00000000145720343195700136515613886184675854327952698,0.000000000925933003063216309880182838719855587301692872,8805165.306206569789445800332301768444817072684649312854243633028578713327308604323259024994566127447,FINITE,0.6354178028662084622093557337185911803934161323092631295016937688024785299571875442063782216490716040,FINITE,TRUE,FALSE
holdout,HOLDOUT_NONSYMMETRIC_D02_C07_E3eM15,decimal-source,NONSYMMETRIC,2,7,3e-15,12050921724285383220,0.000000000409788745181450012061970625422512112786907625,4.42043166296113038371865409106389476943480631e-17,0.0000000134161861070378052374471870116356649808981221,0.000000000916315490640061618944169385660270060234529932,9270333.225939825031402041857087660001225812055405467722773637970568739832385866478874548713322300746,FINITE,0.06829925310587222532057234834815977044195423469751941848057813079082484079011949867845023517923333236,FINITE,TRUE,FALSE
holdout,HOLDOUT_NONSYMMETRIC_D02_C07_E3eM15,binary64-operand,NONSYMMETRIC,2,7,3e-15,12050921724285383220,0.000000000238666352647536047851322709062784124388187252,2.12495095464489916762799759485766703278826451e-17,0.0000000134161860969063259058990436675935453557917688,0.00000000053367418846182748835893442905136951561292326,11231616.99924597145840857643755103292297232749548446267272929967316616065916981119689305055835423316,FINITE,0.03977838296271761176866209034403632168462617595634820298067390255124332617909771602927576120093666932,FINITE,TRUE,FALSE
holdout,HOLDOUT_NONSYMMETRIC_D02_C07_E3eM13,decimal-source,NONSYMMETRIC,2,7,3e-13,6401066702502105598,0.000000000437679649267308992539490814582649784475799478,1.08923528985528107788372331105777770442722895e-17,0.00000134165487540907240869390624451045334889892985,0.00000000195736289625993786042693858062601848859855571,40182286.90749272042348940508210068290734289369973584170280642058384665237749457845183800812286781029,FINITE,0.001458916843769628335351135225521892497304084852600215814080440211225157696797831455126096435887122461,FINITE,TRUE,FALSE
holdout,HOLDOUT_NONSYMMETRIC_D02_C07_E3eM13,binary64-operand,NONSYMMETRIC,2,7,3e-13,6401066702502105598,0.000000000245906011644318803032957359852149235557492607,1.4058818692496545195299222070666949269060905e-17,0.00000134165487542233643818057379271171116892609572,0.00000000109972511622510340068289039517783809121614709,17491228.60340772773016247461971665995636322784356108320297155965894758186407604793694162520185211002,FINITE,0.0008196780978259580150166765952018697322956740887093928368567202875837890610365832135833819967060341266,FINITE,TRUE,FALSE
holdout,HOLDOUT_NONSYMMETRIC_D02_C07_E3eM9,decimal-source,NONSYMMETRIC,2,7,3e-9,5395780443077237353,0.0000000000190485183272119740555295345780275705129982908,4.37491789099357523260476004825523868061925803e-18,0.0108164799603991044210882074304358949444851306,0.000000000035372210525433977799033711811568999508610657,4354028.761642865694083325744631987261464369783651597933773674660729950857348870036662295819883959102,FINITE,3.270214585053307924792919310561757948490508242570209992689848127557103352403867290373527216070862580E-9,FINITE,TRUE,FALSE
holdout,HOLDOUT_NONSYMMETRIC_D02_C07_E3eM9,binary64-operand,NONSYMMETRIC,2,7,3e-9,5395780443077237353,0.000000000113372763419516623584700549252080475935002138,1.18023061403097400319138049155563341440911195e-17,0.0108164799603991061787324036739053289367013208,0.000000000210527936432540338810086009715308442927726906,9605983.955313776143737461317663394244179317860008457246504172943515745408501916534394206665432927178,FINITE,1.946362746506417831224208959024977876506124520594957541127109912284067735495950307738052939820750094E-8,FINITE,TRUE,FALSE
holdout,HOLDOUT_NONSYMMETRIC_D02_C09_E3eM17,decimal-source,NONSYMMETRIC,2,9,3e-17,10147364285349988672,0.0000000476616022087403845306166192654479016542691562,4.32155314749220448819026019968088680403700452e-17,0.0000000274150584263668606377531074163628503744277148,0.0000000483930250267685766115949580620987478482587819,1102881315.630663773384127317208231135442652965947762354271055776508806511432293115493675718513202564,FINITE,1.765198682933530754059645487240084655503975736655401497249074599137319041725973375911244656393928765,FINITE,TRUE,FALSE
holdout,HOLDOUT_NONSYMMETRIC_D02_C09_E3eM17,binary64-operand,NONSYMMETRIC,2,9,3e-17,10147364285349988672,0.0000000387838739609577282397988590356382762033558029,2.46346651121955586054062066968966937857413057e-17,0.0000000274150583593447290105976494953694118280837455,0.0000000393790576952840564293533589049647502031066217,1574361729.064362539553491944563241998509662289766331780656448197357677724291881672988931885129778917,FINITE,1.436402475570921575112806080710051890798749788145291086559896051522575069415008686502705354261201692,FINITE,TRUE,FALSE
holdout,HOLDOUT_NONSYMMETRIC_D02_C09_E3eM16,decimal-source,NONSYMMETRIC,2,9,3e-16,5289305710161675629,0.0000000334034692602841495772570387189940530664802125,4.83238971788865441184054532450415757517683957e-17,0.000000234266663476274345595458278390453286903641735,0.0000000521674545450898896240320484922289186573982014,691241212.1197592567697026202328286258481362725595296954300833312256305947590116073805589638589816178,FINITE,0.2226840719502252822946752584102646599317459446885908853237475149857870541428678385045824325434956728,FINITE,TRUE,FALSE
holdout,HOLDOUT_NONSYMMETRIC_D02_C09_E3eM16,binary64-operand,NONSYMMETRIC,2,9,3e-16,5289305710161675629,0.0000000421895596679453435042999854819473643948473826,4.21896542021695011217185100908101709302891619e-17,0.000000234266663550269990627576423398072541758970286,0.0000000658890224576683411865232916412308641209670569,999997759.3031764466032468102413110329999498575578215213823191057832995627171281958275170005416546817,FINITE,0.2812565025647773373382551743387781329335517693410001890103296032947070066778959488672782243094543139,FINITE,TRUE,FALSE
holdout,HOLDOUT_NONSYMMETRIC_D02_C09_E3eM15,decimal-source,NONSYMMETRIC,2,9,3e-15,11976491393203619352,0.000000172851001055254259918737315144243770187943133,1.73504254639341726215243014666537725594961494e-16,0.00000118177325767668592716916345107458770982389056,0.000000226964483647975762693500445916220963382509931,996234941.9877606712302277297212695414250618657233536777663887004475553883081814083739203712054709319,FINITE,0.1920541712833965473055969882948234403378159088664068556209212999678054347807930650712378110818625156,FINITE,TRUE,FALSE
holdout,HOLDOUT_NONSYMMETRIC_D02_C09_E3eM15,binary64-operand,NONSYMMETRIC,2,9,3e-15,11976491393203619352,0.0000000968128108746104291883258416253589893244678745,9.71915110747909829732182071519337625791493952e-17,0.00000118177325764549383285130117538848686431364442,0.000000127121448510680519911717974198621584666844372,996103567.1120584210372648754495550874242778863461156110660157738046032707162992115289448911586144117,FINITE,0.1075683915575742179377899439722576977433797891663138702684148593167547054774212541860429516152420460,FINITE,TRUE,FALSE
holdout,HOLDOUT_NONSYMMETRIC_D02_C09_E3eM13,decimal-source,NONSYMMETRIC,2,9,3e-13,9033068886623022563,0.000000011396020977462689687471409929188246388961311,6.05930261800510879639559412044439863422502255e-17,0.000295822333628985294060377893787488791919021413,0.0000000187349430800547408474868388494422895306616233,188074795.0036299264616666724893084754741906893578864281131908901104438469143328732265655941586699159,FINITE,0.00006333173986637448303904738273428541268803969294105984067887090437422733999264349221778748087106074727,FINITE,TRUE,FALSE
holdout,HOLDOUT_NONSYMMETRIC_D02_C09_E3eM13,binary64-operand,NONSYMMETRIC,2,9,3e-13,9033068886623022563,0.00000000129744107384528241015323997299417794517424925,5.42940413386426890634499779916772121780285722e-18,0.000295822333629075990724553265833960349802760773,0.00000000213297998628539728534531455251310885681321665,238965647.4000315186006785259906439734564109114488797559361016610088729774911034489144586914807949453,FINITE,0.000007210341288700284490333023453540200498867557708443862712522817321943306517300070802454619571905146199,FINITE,TRUE,FALSE
holdout,HOLDOUT_NONSYMMETRIC_D02_C09_E3eM9,decimal-source,NONSYMMETRIC,2,9,3e-9,18427466692249642420,0.0000000131469835947911528174044731711679515641984362,1.14777361709284958777461980650246554703675345e-16,0.711544843562235103923683105520258358896086017,0.0000000138581375068027450785385237103222792433304305,114543350.7009041359408961514811479051365782029669682177298604374999718813438289435740039255968447766,FINITE,1.947612667309090872641239864239681834341764957110472850929906800054617130905061557939355032082191883E-8,FINITE,TRUE,FALSE
holdout,HOLDOUT_NONSYMMETRIC_D02_C09_E3eM9,binary64-operand,NONSYMMETRIC,2,9,3e-9,18427466692249642420,0.0000000150822744577640203908568484097074827148754485,5.31235066252486142285399145171864680707804097e-17,0.711544843562235096717912398037015336138123669,0.0000000158981131941051076981835195711359652733941252,283909617.7170596637034982171569250563386965197345447368872171781347119411070685028556222761880625441,FINITE,2.234309381614481911927221540216374031040896615093874124431051227582709002791578705372892810847143133E-8,FINITE,TRUE,FALSE
holdout,HOLDOUT_NONSYMMETRIC_D04_C01_E3eM17,decimal-source,NONSYMMETRIC,4,1,3e-17,15937372145222761029,1.14150402735117131374709683270134260833683605e-15,5.38279116110097346132984480471120998907659903e-17,2.80817657378296670575474676017019931013328419e-16,9.32034135447460839311202722454755263818359351e-16,21.20654495385796988156117135859555067623864654110970868357673831074923647004324871842120906262254500,FINITE,3.319001177308069856517174788604767183659306638025797412405053906116380287625367115190414562240055933,FINITE,TRUE,FALSE
holdout,HOLDOUT_NONSYMMETRIC_D04_C01_E3eM17,binary64-operand,NONSYMMETRIC,4,1,3e-17,15937372145222761029,6.45106911936934020789872816500600176046691495e-16,4.08916650709132101710055000724187116843779885e-17,2.59618660731822108807747067476212945343209615e-16,5.26727587929350324574360585098827177506877533e-16,15.77600009239553367611776504872978593902172532274081467593538598785802224228524688108212170306076436,FINITE,2.028851032682289799123190521214428441176353885991310381076461088169870083002066730358003794899558158,FINITE,TRUE,FALSE
holdout,HOLDOUT_NONSYMMETRIC_D04_C01_E3eM16,decimal-source,NONSYMMETRIC,4,1,3e-16,8244092279763360130,1.92039952647484071157472164876799470674323162e-15,9.14523189961368255981090476886492398553384025e-17,2.31902593370255444968881592817390217124891199e-15,1.36822801059510983667274761883207633060207737e-15,20.99891558305878700268566591919300822725387767762322800262565897569943071248187017652113988258832750,FINITE,0.5900011684692971005439128129229438668635569654919105605291034521665976707362354449557987379028201429,FINITE,TRUE,FALSE
holdout,HOLDOUT_NONSYMMETRIC_D04_C01_E3eM16,binary64-operand,NONSYMMETRIC,4,1,3e-16,8244092279763360130,1.64220959566428234571200997203615619400792214e-15,7.67921363578724444943379116596631526945573809e-17,2.35647069309603142049035571705244637891595891e-15,1.17002589152918013473104200288909675365449774e-15,21.38512709180448682331022587095655076661665627648849140954149728295950845520950542082421878203111181,FINITE,0.4965162074610613364551918605611433990957287972038042962845664292645785788298107037030131783072502956,FINITE,TRUE,FALSE
holdout,HOLDOUT_NONSYMMETRIC_D04_C01_E3eM15,decimal-source,NONSYMMETRIC,4,1,3e-15,6023707069682590076,1.42358010916818985290207022341179879993570629e-15,1.14668476472000040067619223087217061757295628e-16,0.0000000000000226647227975124711415967206412481444983331736,1.03825250260194908275307128984409862365173417e-15,12.41474686825373726652611974546693019546371750822481372319012886921922816898731311513700214211737080,FINITE,0.04580918601465978462990517644116031566548299552522661650109113128156621670146843231017913666587659355,FINITE,TRUE,FALSE
holdout,HOLDOUT_NONSYMMETRIC_D04_C01_E3eM15,binary64-operand,NONSYMMETRIC,4,1,3e-15,6023707069682590076,1.63274854754962294367289391741519891449406955e-15,7.16613555950272745382639843946326562116637257e-17,0.0000000000000226532637625437164339070204450820061670059118,1.1908042650326272341624620854076618574965272e-15,22.78422636569440846926344699955707310995242364706183775957098849235339325308935061400222741575068869,FINITE,0.05256656513228682764259750594812430974918713449279789777189441203752310922933023701010338298514035857,FINITE,TRUE,FALSE
holdout,HOLDOUT_NONSYMMETRIC_D04_C01_E3eM13,decimal-source,NONSYMMETRIC,4,1,3e-13,7410568722107643379,1.05504915264558218737999169213531872469402327e-15,4.43049175393489381382172359668660928252059815e-17,0.00000000000264777478387805291579757825422726531273371423,2.24937235134417903964754599395960903815843363e-15,23.81336454827055210987083551176745894572310678436120618237573589084038326385935254148653048280186612,FINITE,0.0008495331117436070897932114341687536739856781866303597385477554508279916522818215999466004985665434182,FINITE,TRUE,FALSE
holdout,HOLDOUT_NONSYMMETRIC_D04_C01_E3eM13,binary64-operand,NONSYMMETRIC,4,1,3e-13,7410568722107643379,7.40976109782734914255143010920913531150495598e-16,4.03331431810232932936976013286732105687608136e-17,0.00000000000264774050388639271440512846437371054371910029,1.57976637408072539058733287790781575634739919e-15,18.37139511932121102875257666238087563464670722892151776498584518688302573209065586225068399586998681,FINITE,0.0005966469794762443360590022623425211913347243497965533759634913471630011767194807112713590490899634609,FINITE,TRUE,FALSE
holdout,HOLDOUT_NONSYMMETRIC_D04_C01_E3eM9,decimal-source,NONSYMMETRIC,4,1,3e-9,9533876964358848578,1.89728120124908508463876067500298513106020023e-15,1.90140372304680675996411813387408105051531654e-16,0.0000000223321710745995445954176101144900138388544058,1.37282449632253832613648105270121912372045131e-15,9.978318535155091881487333919244322376076237961528577799282818959797904996092912355831255212926032491,FINITE,6.147295270740511745268363204546280141025735776594557913752071494757339836126980084318393136178714150E-8,FINITE,TRUE,FALSE
holdout,HOLDOUT_NONSYMMETRIC_D04_C01_E3eM9,binary64-operand,NONSYMMETRIC,4,1,3e-9,9533876964358848578,1.43521933543404137837121291767788919625714489e-15,1.64632882414762721465701424722796823105223828e-16,0.0000000223321710643930022952167829838443306976771246,1.03848826414473823154646766609487689237981195e-15,8.717695483325538058659869762802731414863434561562999304171776972359396597220163512529124154797319695,FINITE,4.650189456055757536410386969261738270929496597443676549859032360735345138174765387293114384675002804E-8,FINITE,TRUE,FALSE
holdout,HOLDOUT_NONSYMMETRIC_D04_C03_E3eM17,decimal-source,NONSYMMETRIC,4,3,3e-17,5852967433457573689,0.0000000000000803953302774183858329684803993221028275965808,1.15810197143921465175338637111610433060094557e-16,0.0000000000000104512010377532700064858756645368368992454946,0.000000000000068437049941158956234924629008703112607112772,694.1990624323714745460211665765385892601837873252408308144655587252028881923371010622864613393310762,FINITE,6.548247392231878840214391258971939692024293444779041108374497152576540038891809208094994008380092703,FINITE,TRUE,FALSE
holdout,HOLDOUT_NONSYMMETRIC_D04_C03_E3eM17,binary64-operand,NONSYMMETRIC,4,3,3e-17,5852967433457573689,0.0000000000000509362850723675663537529108160122687398207862,1.06632713148269267398394717000976770949037551e-16,0.0000000000000104174745019581825880632921540590592570491422,0.0000000000000433598453204422477373184310007925283773759493,477.6797248096120700330013722452754837842267285524266919096440648963968223124087135951130011646551217,FINITE,4.162222361311453786783990815780280250207830371830951293954024029961107406145222515067531753651185950,FINITE,TRUE,FALSE
holdout,HOLDOUT_NONSYMMETRIC_D04_C03_E3eM16,decimal-source,NONSYMMETRIC,4,3,3e-16,14086885811626603650,0.000000000000109953161016533989952831943328574761363620565,1.30203376915329453541499863829217291827352725e-16,0.000000000000153205303538926885938025460238104765763197111,0.0000000000000795593150831926638587163008035592793853002382,844.4724216948376950842589642839617341350183587094448678464214000389129155403181151751136600487463149,FINITE,0.5192987007984223115681586341573446050708940610043405571429272163112967549439498960193882013723336675,FINITE,TRUE,FALSE
holdout,HOLDOUT_NONSYMMETRIC_D04_C03_E3eM16,binary64-operand,NONSYMMETRIC,4,3,3e-16,14086885811626603650,0.0000000000000635690941664349738951798541376891303681199269,1.04349292820964023579303032782882043360240719e-16,0.000000000000153259530914519314539371742877296896762243706,0.0000000000000459969822202749731044375246286148119491899835,609.1952561240912423451982901165878109289993850467295374795676006692605653846615221849824182765768896,FINITE,0.3001247749213707602200157479443616160260693628844013590004814229936351142393358648134060586096344797,FINITE,TRUE,FALSE
holdout,HOLDOUT_NONSYMMETRIC_D04_C03_E3eM15,decimal-source,NONSYMMETRIC,4,3,3e-15,4282845511055267801,0.0000000000000721444567174430590102041320782210686487757698,2.14253626228444005561852671651672325704787292e-16,0.0000000000020410466384683889552816499643133642936576318,0.0000000000000545360831274907380013988146639027577801556327,336.7245539196631992672470913328566802255902721830376806156665871635557285033385384752445540695347992,FINITE,0.02671966534209863648707958824345470969744861810831399163792687187048644069175657644137260027053586909,FINITE,TRUE,FALSE
holdout,HOLDOUT_NONSYMMETRIC_D04_C03_E3eM15,binary64-operand,NONSYMMETRIC,4,3,3e-15,4282845511055267801,0.0000000000000627747115014966652378824750255819327990694182,2.20318934194638860448891104912218359704175345e-16,0.0000000000020410380949510801359331429688339668747026415,0.0000000000000474532215019389263648269335405962144491607407,284.9265394777141046002619873573838896186897915100728339063536644936825009440262489840022552225799687,FINITE,0.02324955208789294611014203952886056311520188050012586365872011642851856121905668615164917491953011943,FINITE,TRUE,FALSE
holdout,HOLDOUT_NONSYMMETRIC_D04_C03_E3eM13,decimal-source,NONSYMMETRIC,4,3,3e-13,16135753246911481779,0.0000000000000463753335465551379872161419400603243354685178,7.88262581661555484280679362286848070959430557e-17,0.000000000225841045332979084794891493324883581007296054,0.0000000000000387810021397205340229602683044429050124256482,588.3234169101613068761101448697869171796063863600408699000014302706973970024392852702678007056084156,FINITE,0.0001717181306991472166632450145471270622897509625802399436936577100279058709274482744681843812799713560,FINITE,TRUE,FALSE
holdout,HOLDOUT_NONSYMMETRIC_D04_C03_E3eM13,binary64-operand,NONSYMMETRIC,4,3,3e-13,16135753246911481779,0.0000000000000237029833624478485009264102031544808092897024,8.35330405361576125150650915178939772280455834e-17,0.000000000225841076628465178093758157541182281186232083,0.0000000000000198214304501780199187132646532779009956131478,283.7557834637650575347473268994626697918116168928698673160920451041471312165738563962526706327430284,FINITE,0.00008776716240503306213016079380549762327129151896914724884931808444827673279338487827652422199560258407,FINITE,TRUE,FALSE
holdout,HOLDOUT_NONSYMMETRIC_D04_C03_E3eM9,decimal-source,NONSYMMETRIC,4,3,3e-9,1525863460071940398,0.0000000000000152369392369861676974925209578343660925322109,1.64015113320253284198679678363845301978715577e-16,0.00000199771883922698556760376661181993401155181957,0.0000000000000168263845265009038620373399872450105688936562,92.89960497259032528460030181932292622989997670235902853960828536524551362496090170204738956740193842,FINITE,8.422799142752164844457984815093856562113762939457248891569996765450301536831903839277365809358138507E-9,FINITE,TRUE,FALSE
holdout,HOLDOUT_NONSYMMETRIC_D04_C03_E3eM9,binary64-operand,NONSYMMETRIC,4,3,3e-9,1525863460071940398,5.62455167362692735235471101491350047743944661e-15,1.91980152126473394437757132608152238741566393e-16,0.00000199771883918759528616464417417025366423796633,6.21127824805453840499679597645104998157884047e-15,29.29756858366048384421623472763688929843333064106315400709224593448238608868412811344511304021657529,FINITE,3.109185399973729676656360801706955270801421761845921678171277730323789850686240564260186872170704024E-9,FINITE,TRUE,FALSE
holdout,HOLDOUT_NONSYMMETRIC_D04_C05_E3eM17,decimal-source,NONSYMMETRIC,4,5,3e-17,6846208206169229043,0.0000000000132650587115520753917760870051248434338636686,1.33401928277877733474602193952538925601395189e-16,0.0000000000018073938844746035512598006035798171486553049,0.000000000011416744772512178436390093639556949184951653,99436.78388157034179267232298145015212646341466750660287420338597499053062321121359245222225336838039,FINITE,6.316688836108873035541203536591123532590342050289801839161017506905868040731679453135286620934631109,FINITE,TRUE,FALSE
holdout,HOLDOUT_NONSYMMETRIC_D04_C05_E3eM17,binary64-operand,NONSYMMETRIC,4,5,3e-17,6846208206169229043,0.000000000010564894560765880469991677847367140503602074,1.0804849541809140253933199959558537967026141e-16,0.00000000000180740678365784200321300213097618665605857173,0.00000000000909281348628523972963148869208202048772963384,97779.19183312308993585563674269187801554822088716159588197200930439576023718601750966693211311945694,FINITE,5.030861656877895881717209802717852874680494138491563890547692512746275949121493946262770529448954346,FINITE,TRUE,FALSE
holdout,HOLDOUT_NONSYMMETRIC_D04_C05_E3eM16,decimal-source,NONSYMMETRIC,4,5,3e-16,13216148986494247635,0.000000000000876802128284366882456227103305722151976908995,5.33540556029269185460274368965931490726385902e-17,0.0000000000116201715236982533311715176527960581582138743,0.00000000000113194668025485735142473373403669035810772113,16433.65473113663197600768259179275826153610996630743927353606542322807883454915593425931004376381220,FINITE,0.09741221787874283392314912916395610233031793361172802621606478295634697495401343950702656490191936029,FINITE,TRUE,FALSE
holdout,HOLDOUT_NONSYMMETRIC_D04_C05_E3eM16,binary64-operand,NONSYMMETRIC,4,5,3e-16,13216148986494247635,0.00000000000162832191427719519948133023850636980005082943,4.47476960794856086346892563370141436608536417e-17,0.0000000000116201883843652794945441060550108639903250738,0.00000000000210215455208671941863938816444451056389365953,36388.95534162914078462076054292881991491415707001524038210804155106823333808488694147208261859309059,FINITE,0.1809053762773006687799756467227168023105001441440349379196150182439688633446795103582343861011989483,FINITE,TRUE,FALSE
holdout,HOLDOUT_NONSYMMETRIC_D04_C05_E3eM15,decimal-source,NONSYMMETRIC,4,5,3e-15,8989806273599363111,0.00000000000130562751876722680049135051708661004115724151,1.40247628539860248455191124872956698092227604e-16,0.0000000000500223491611547220607628375442680977853260754,0.00000000000217604586461204466748558419514435006859540252,9309.444532933047266669600454265412911326863293741836149905701605528602588853076468167396372371505598,FINITE,0.04350147286369092540823415326826814515251026151027458324279761341430133935737089285103080856651519315,FINITE,TRUE,FALSE
holdout,HOLDOUT_NONSYMMETRIC_D04_C05_E3eM15,binary64-operand,NONSYMMETRIC,4,5,3e-15,8989806273599363111,0.000000000000644466331897887953311783264988644547718358795,1.08560946142153420182691919861177886792475196e-16,0.0000000000500223358232577312708687383431169093689535634,0.00000000000107411055316314667168446309014935700168229105,5936.447265796685953202677359977014899965558123047435191969680782923455932198993419005893489350527203,FINITE,0.02147261889085439852329310742101530123847949079589454724860949649346331469300624161660479013618816049,FINITE,TRUE,FALSE
holdout,HOLDOUT_NONSYMMETRIC_D04_C05_E3eM13,decimal-source,NONSYMMETRIC,4,5,3e-13,7023545470867028245,0.00000000000217615795173472242439906461255962782551891014,9.93617014548622300333079958773279228503514451e-17,0.00000000289037143016566292459011376320349045927124998,0.00000000000209400896538864437276248691628276381034449174,21901.37567967575194736748190338209283839252057892678997371292751044945038246291800816966391179974851,FINITE,0.0007244774645688444675715541581833282707054424693779635881173984551572412901723593805423368972874643088,FINITE,TRUE,FALSE
holdout,HOLDOUT_NONSYMMETRIC_D04_C05_E3eM13,binary64-operand,NONSYMMETRIC,4,5,3e-13,7023545470867028245,0.00000000000148938588954001672822697462232527124520762066,1.15123213405312737456283476315680993807722115e-16,0.00000000289037142985417562295575374261820094956490445,0.0000000000014331622404219314965555213842547913265148605,12937.32033257581169908658323334525296427465124699984651411656427757189140297690787093232981467363518,FINITE,0.0004958401628313344764184575273849847259872391244227974344004198941877701415254551142833809850804297039,FINITE,TRUE,FALSE
holdout,HOLDOUT_NONSYMMETRIC_D04_C05_E3eM9,decimal-source,NONSYMMETRIC,4,5,3e-9,11900272673231922118,0.0000000000036877739007761986300063083825394622313726519,2.49130763991394116780467189723996084917152821e-16,0.00021475960698544099086215991108730763551535183,0.00000000000293383538915565074856315975211679624420757814,14802.56328722047254270801932024193044327275645591704316643952700787264249163084222059804619286951926,FINITE,1.366102047930522461122582101057857632946031973115258656406295714549207692471540436855861564430773284E-8,FINITE,TRUE,FALSE
holdout,HOLDOUT_NONSYMMETRIC_D04_C05_E3eM9,binary64-operand,NONSYMMETRIC,4,5,3e-9,11900272673231922118,0.00000000000493494416245043733134629380033430401099790561,2.24770621025982897407853912681636940247244063e-16,0.000214759606985427141763873237657757851222551025,0.00000000000392603077543794302175220751526470454573045112,21955.46793404094683919871175323269761386471206883345937789168091993689532339362475079227994927929956,FINITE,1.828104842687829163742543550026147594328712148776347994160572346860780474124939790017390789734950448E-8,FINITE,TRUE,FALSE
holdout,HOLDOUT_NONSYMMETRIC_D04_C07_E3eM17,decimal-source,NONSYMMETRIC,4,7,3e-17,8058831405299939955,0.0000000000728582059620416330359699975502572073440216533,5.94347468270230480462673230464817097240092746e-17,0.000000000089727017142904532926521359850983312864065915,0.0000000000544567799309782347468099831930231764443982509,1225852.045337818690214241045281367984262335545921179254856053762002341789840074123502018205812733202,FINITE,0.6069161960911634811047069275945433288451227070024097234638709462008432038834898958183919861620365122,FINITE,TRUE,FALSE
holdout,HOLDOUT_NONSYMMETRIC_D04_C07_E3eM17,binary64-operand,NONSYMMETRIC,4,7,3e-17,8058831405299939955,0.0000000000751467564069737971738540557674208751673985967,1.07564125935005745466025425017303336119813357e-16,0.0000000000897270216134820972070799884994823358325587908,0.0000000000561673228450535921982280083950775256473025574,698622.8517524538676017711323134704978289385091156401243158608183210146222654150108513816284513285272,FINITE,0.6259800206787881245101603325136371958605209390534813830723730986946680335145977720459287342360823278,FINITE,TRUE,FALSE
holdout,HOLDOUT_NONSYMMETRIC_D04_C07_E3eM16,decimal-source,NONSYMMETRIC,4,7,3e-16,13711081505442848347,0.000000000180410035145765725757219193131029821491660176,7.78353532621278825808548386045272572513960131e-17,0.0000000020281742713115669350190190546923221263811137,0.000000000152474308799165114563894375208724026052339441,2317841.797906341648050702604578594988314377473402333931067179225925551749234401222950354472553787657,FINITE,0.07517811016336578958592475423169395850019631546062704940862708309461173028899640595446509040835119249,FINITE,TRUE,FALSE
holdout,HOLDOUT_NONSYMMETRIC_D04_C07_E3eM16,binary64-operand,NONSYMMETRIC,4,7,3e-16,13711081505442848347,0.00000000022591084118752435490424535879989794366129109,9.36424585095065477752082264780008840029101116e-17,0.0000000020281742607142930764889391289500562195188238,0.000000000190929508618934421565923027234512476336693942,2412483.020878717850080614470781827946864063068608330256472767664615110033980677419296187182399006930,FINITE,0.09413861141877023091655490400920226737179314329977521769377559934687754456247318553092179300154275514,FINITE,TRUE,FALSE
holdout,HOLDOUT_NONSYMMETRIC_D04_C07_E3eM15,decimal-source,NONSYMMETRIC,4,7,3e-15,12140736270651565481,0.00000000052319082798516873053514598902868560847011703,1.90037577381760652425370381004918497757422478e-16,0.0000000167073290450624357856994874847825205189165892,0.000000000416228274217532375447407010154622320044921671,2753091.442194859942758228234644422955731186600263475157552351341452870878752379115379151824180241861,FINITE,0.02491291534959871367060215773317328537848152631778177036228332359340217005663230960799326327317140340,FINITE,TRUE,FALSE
holdout,HOLDOUT_NONSYMMETRIC_D04_C07_E3eM15,binary64-operand,NONSYMMETRIC,4,7,3e-15,12140736270651565481,0.000000000954223300340364840870857174753905293706300523,2.25383621186212210870284168994627674589062764e-16,0.0000000167073290319379809293283562920094600072204933,0.000000000759139297315982618902920826972644637544328547,4233773.933164311156627269166181629905969398209533432935759738824121519278868414316683180493218179107,FINITE,0.04543750206061067838041730602601587542315733362584618405700205936877488245095266970226633819728288669,FINITE,TRUE,FALSE
holdout,HOLDOUT_NONSYMMETRIC_D04_C07_E3eM13,decimal-source,NONSYMMETRIC,4,7,3e-13,11985725028610799365,0.00000000153406371919934411370969565921411957337275189,2.19743773133203398734171908051529755990911141e-16,0.00000117479103254855101483783628346410420452182309,0.00000000120157143901027770427553742961495223362882105,6981147.621732296020192448016017318569709803324928471319211789428858870136734859663452986929816008607,FINITE,0.001022795889413311405977687175636964276986550376796254625990893632419003025248650072568116367301014292,FINITE,TRUE,FALSE
holdout,HOLDOUT_NONSYMMETRIC_D04_C07_E3eM13,binary64-operand,NONSYMMETRIC,4,7,3e-13,11985725028610799365,0.000000000746769492279014005779077230906475784081615291,2.05970544197148862750929224370719140064683669e-16,0.00000117479103256007445237584201930175726092206629,0.000000000584915008559738961290425302167040650258127088,3625613.046709380526010511592593099141219404398988631339658886930115816124604508716356275941563910736,FINITE,0.0004978885540904301881102781661005565234916603601741345869394134656002674760216045509061120326427643857,FINITE,TRUE,FALSE
holdout,HOLDOUT_NONSYMMETRIC_D04_C07_E3eM9,decimal-source,NONSYMMETRIC,4,7,3e-9,13260722325962552373,0.000000000895109243234304221188962626314470456712322742,1.66489307837867624450315276632876467530991643e-16,0.0134434045514023047292123806621837393920474107,0.00000000059021755654478017346856218602037746935943415,5376376.746703691957096234608147542885674941953059792373905207149165188611081620099314662262361994518,FINITE,4.390387526374139812339926697347787972710040255957795459656390507238104849911989348749612212546816305E-8,FINITE,TRUE,FALSE
holdout,HOLDOUT_NONSYMMETRIC_D04_C07_E3eM9,binary64-operand,NONSYMMETRIC,4,7,3e-9,13260722325962552373,0.000000000701021381267305431760610203716973598683007079,1.73914827441308526786310154234519387623987999e-16,0.0134434045514023063803381698868470807652435652,0.000000000462239810240604341560941735086147641591679218,4030831.594872960882763094524604287519572806457770487902613285566834056366105653981758928182537754486,FINITE,3.438413301282280108535929025095031625709163752046233932784057047402596386854153597390645412365418814E-8,FINITE,TRUE,FALSE
holdout,HOLDOUT_NONSYMMETRIC_D04_C09_E3eM17,decimal-source,NONSYMMETRIC,4,9,3e-17,15705772212670942108,0.0000000146949867810909886750352449065315260652487856,1.63454469988845396472906897756212099631098239e-16,0.00000000480381618652515514285081220693067933161188847,0.0000000235308110344626012564015995045501586843989685,89902630.26819527708064394345887525895008015546616111663354783127524626017466147937155547794521964555,FINITE,4.898357913957493669671990531774882852393063717958160196811422627318537780356339959720554381233028632,FINITE,TRUE,FALSE
holdout,HOLDOUT_NONSYMMETRIC_D04_C09_E3eM17,binary64-operand,NONSYMMETRIC,4,9,3e-17,15705772212670942108,0.0000000160305156362065033059120237751123365640984237,1.17244407876419635226137761208719724041893253e-16,0.00000000480381617407267702795709987196868645437118024,0.0000000256693687336932942627537788431688238897630187,136727336.7366341041560290143007011824327759479805540729463713149602127361451211081830680467489000871,FINITE,5.343536847275068499720359070717611380469035364184404160119585072005507316165075982074586531220590323,FINITE,TRUE,FALSE
holdout,HOLDOUT_NONSYMMETRIC_D04_C09_E3eM16,decimal-source,NONSYMMETRIC,4,9,3e-16,7770565547411637064,0.000000182415969716650107556374023880927698613793637,1.87609437184656245992695998386109474145757941e-16,0.000000105550708987016284951138102675194431595745078,0.000000128347428412230288724527147415392159584145707,972317664.0474944647959065091877740252376706807583005280783176922478210608514586486958322530496568515,FINITE,1.215978837508502301544785307723234576497728207639891221763706430120360367292857446678479319887037844,FINITE,TRUE,FALSE
holdout,HOLDOUT_NONSYMMETRIC_D04_C09_E3eM16,binary64-operand,NONSYMMETRIC,4,9,3e-16,7770565547411637064,0.000000100084578856193892646845451814583643865582325,1.33320806928244173030580279373631961210337107e-16,0.000000105550709021151505180290671971054278731694958,0.0000000704192639485833060291188216408044577845730148,750704868.6711095388757326016867889617587073358582934478013210993114485724522043659634987846944529277,FINITE,0.6671605013517422912686652129174494227217963692790217549862003176814000326676132213214605385255198844,FINITE,TRUE,FALSE
holdout,HOLDOUT_NONSYMMETRIC_D04_C09_E3eM15,decimal-source,NONSYMMETRIC,4,9,3e-15,11416654873682081293,0.000000132991443320414985643361301384052196843023086,1.34245699270862266754177382145620624044487018e-16,0.000000240179573211671540393259279272784795491108192,0.000000106478371453859693626132330482232120479350957,990657012.0513386561696497456314399815563568056035946537697331354061200421422831942479174078673502559,FINITE,0.4433281732914885991815513465464415615776360260083479185441316285522635620410030281616580096398320351,FINITE,TRUE,FALSE
holdout,HOLDOUT_NONSYMMETRIC_D04_C09_E3eM15,binary64-operand,NONSYMMETRIC,4,9,3e-15,11416654873682081293,0.0000000291992165373051075397592209814587961343667722,1.78862551808299242036969554623539590349814566e-16,0.000000240179573205801354291485626959345682834971044,0.000000023378083183368180439857073740345961532090132,163249468.6120779178514488915573856601618919315166843352688873729859793254989819192536458577610005371,FINITE,0.09733585113558483366543113887648540980827958196918955050629512242685215761324513049076904263524391630,FINITE,TRUE,FALSE
holdout,HOLDOUT_NONSYMMETRIC_D04_C09_E3eM13,decimal-source,NONSYMMETRIC,4,9,3e-13,6197863861325247365,0.0000000249266527060148179800227780243601159061762042,1.51031779337382690386603879657820618368284783e-16,0.000143377400673075986625259306194904781540417552,0.0000000297930484491714909582536763124654335628168536,165042435.5415449158488605346488759042337396221129357262544936133310562013893089539268846182622106391,FINITE,0.0002077945918206770457070531079010613265056697203920423198355101806100802927549391244752881097760390236,FINITE,TRUE,FALSE
holdout,HOLDOUT_NONSYMMETRIC_D04_C09_E3eM13,binary64-operand,NONSYMMETRIC,4,9,3e-13,6197863861325247365,0.000000013171316787325753882679760677632125782785757,1.07325652642074073514899728278521804951007463e-16,0.000143377400673120099070447546623162544262129798,0.0000000157427346468181150029941719770399610009820161,122722913.5167849051347102736401639399478487560474076605810261056769529560651151744330513608319395263,FINITE,0.0001097992750106363773507630774180010820908718498274411439858402166786027670272059078224142483715615833,FINITE,TRUE,FALSE
holdout,HOLDOUT_NONSYMMETRIC_D04_C09_E3eM9,decimal-source,NONSYMMETRIC,4,9,3e-9,12013983570348812163,0.000000103426448020012686527269546091690479580501172,1.84490724138018572069340125621353124110401761e-16,0.292881414075951440831365048793148466637875963,0.0000000807624873303087678443716347591554752250701967,560605138.8396023952396298022106685267503988199427566628293082274486211322833663496469516593352558417,FINITE,2.757514934333287690515917031296384003671027308500956669451701015112672478312340411589182482074999803E-7,FINITE,TRUE,FALSE
holdout,HOLDOUT_NONSYMMETRIC_D04_C09_E3eM9,binary64-operand,NONSYMMETRIC,4,9,3e-9,12013983570348812163,0.000000100356964257581700055516909568891598895602444,1.81926394055378571409356619479102197051509058e-16,0.292881414075951433614324083260976347264484494,0.0000000783656231991345678493306372564148503095410138,551634988.3075951170868870711418097257352560473830466980345649254056411163250747808895305096479112784,FINITE,2.675677575730784100649193547301914027257017523118940648515269996922832213218190370113115890039946918E-7,FINITE,TRUE,FALSE
holdout,HOLDOUT_NONSYMMETRIC_D08_C01_E3eM17,decimal-source,NONSYMMETRIC,8,1,3e-17,13042336960861056020,3.2883204806589914718680888602347410728494006e-15,6.76782884846625508270618551577103570304093267e-17,2.60188020002655606022429686288976387112432427e-16,2.21196372528018096460116686147952807339150714e-15,48.58752421619231926901992847592731858320111367956181902665897039789456609431699241509485010984944007,FINITE,8.501404965753629173145627085090803024417901182955704608889924963705196320156748499640396080992425483,FINITE,TRUE,FALSE
holdout,HOLDOUT_NONSYMMETRIC_D08_C01_E3eM17,binary64-operand,NONSYMMETRIC,8,1,3e-17,13042336960861056020,2.77317813752586398095002057080503740709983954e-15,6.84608966092221586822019363741247139465624368e-17,2.40347352161929407108549921305127818451140216e-16,1.86544148601901309626088975505583053412774116e-15,40.50747616344097964903450236844721674524715611810035372143432644213402534623477471009334408629631649,FINITE,7.761439721466986513148652405061392092913208021397832834804219585969669216701697127042874514257124158,FINITE,TRUE,FALSE
holdout,HOLDOUT_NONSYMMETRIC_D08_C01_E3eM16,decimal-source,NONSYMMETRIC,8,1,3e-16,2730149538831758550,3.20374697123373250978897175959826307097882226e-15,2.38147193447671692741242083002426265466464049e-16,2.05592390207473015608572998255602944980453545e-15,2.4149151424590512082667983389052790755674494e-15,13.45280170995462455936362423628409995068726275463647363066941634156197450147090802663328270929386283,FINITE,1.174613097314567914471446199102252381754009075875143840971984658266778661711521329392400074497996374,FINITE,TRUE,FALSE
holdout,HOLDOUT_NONSYMMETRIC_D08_C01_E3eM16,binary64-operand,NONSYMMETRIC,8,1,3e-16,2730149538831758550,3.21605015157494612468445130357595014942194528e-15,1.89055014206693623384655224776489281257192125e-16,2.08735805454663344794237341406902918063636952e-15,2.4241890135772063050302428253017495857659219e-15,17.01118674408097051833462529074144505165284416527757015591280491795002486954184329455839954438978956,FINITE,1.161367120651339960068822231533050423897958174938725641755296655782781345394204675230046119734806548,FINITE,TRUE,FALSE
holdout,HOLDOUT_NONSYMMETRIC_D08_C01_E3eM15,decimal-source,NONSYMMETRIC,8,1,3e-15,15571977078090341563,7.05534464901342434843815399462331451671747286e-15,2.20560720279025191165250503652940021585770857e-16,0.0000000000000195433753175170161221257149768828558650678596,3.85474656488739246947468657094874605315159838e-15,31.98821911756501971032581683126834496954979400882950192078678969257067990913577310863610864156300378,FINITE,0.1972405739674009205232012839414446213001799233685693188970481754299916501822435735659281851028741514,FINITE,TRUE,FALSE
holdout,HOLDOUT_NONSYMMETRIC_D08_C01_E3eM15,binary64-operand,NONSYMMETRIC,8,1,3e-15,15571977078090341563,5.66084058291420867913177281831599300912076996e-15,1.76939532073495476277433280087350002145611479e-16,0.0000000000000195383077699079097489090438886734856050103877,3.09284760375455494269058469745912350719044152e-15,31.99307987636624943732907056286258370415451671264106155632739651833566667684469350003883110823718684,FINITE,0.1582965955996470883684006855067755151887920995096408994036559496496616708310876939849752181892219122,FINITE,TRUE,FALSE
holdout,HOLDOUT_NONSYMMETRIC_D08_C01_E3eM13,decimal-source,NONSYMMETRIC,8,1,3e-13,7611394082562096532,4.86111719533215419771929767434428226134956279e-15,4.00106346766809570405304894023612684977150231e-16,0.00000000000176075538268763320434428631199956268414169894,2.96939993352305061035148548872594593512381457e-15,12.14956282151983950271412472670385282686870546242375962676754984887266102469127995617073192517823394,FINITE,0.001686435244054475784963505954837670586829727018475659569169433659324283271629611763845283186086730886,FINITE,TRUE,FALSE
holdout,HOLDOUT_NONSYMMETRIC_D08_C01_E3eM13,binary64-operand,NONSYMMETRIC,8,1,3e-13,7611394082562096532,4.31286933115710076381579842817862603100699418e-15,3.62468213841857157164573115562146688445228374e-16,0.0000000000017607312763483193048453063457508329448095226,2.63450424884406382224203542176236795660501287e-15,11.89861391001524175950711907476968361089735542160108120277265800340600260642693563297751465736925833,FINITE,0.001496255722967511522154150987128382045538351682059794520109245996937087080795218182350920522920602408,FINITE,TRUE,FALSE
holdout,HOLDOUT_NONSYMMETRIC_D08_C01_E3eM9,decimal-source,NONSYMMETRIC,8,1,3e-9,17785285258210634761,5.04832423118013822175186171297197395378078495e-15,1.88125792639062317822714597385863520148701675e-16,0.000000022431279435749679217919004965666656092237595,3.06099618198834985451324540508296182180720876e-15,26.83483301444922361922833817819788946933861265223159784525057741103215973030639222050871712329463316,FINITE,1.364610605808739876428978130001707117369167335054757575683311489660202078620626972659077761804100164E-7,FINITE,TRUE,FALSE
holdout,HOLDOUT_NONSYMMETRIC_D08_C01_E3eM9,binary64-operand,NONSYMMETRIC,8,1,3e-9,17785285258210634761,3.6394546838499313508783058019548433849922413e-15,1.8007867943506280694603076072053499607061765e-16,0.0000000224312794256315544224677116444949201998356384,2.20674354134738192975898754205892762842432798e-15,20.21035857919168775127107643822462521882685700683021098297443025670748459837728858008335572944294975,FINITE,9.837796139375812234425864892851343406281748115920586606911586514434725471257200063632869462470833730E-8,FINITE,TRUE,FALSE
holdout,HOLDOUT_NONSYMMETRIC_D08_C03_E3eM17,decimal-source,NONSYMMETRIC,8,3,3e-17,5918983622015397569,0.000000000000169990078194361059514129575967521074817904703,2.78037541696571836204727793209559009614799639e-16,0.0000000000000168348703677822710384529589090093679267279641,0.0000000000000868608723464402699240571688615257358251118367,611.3925377022458880292280077062629227504940559559449538638738315740256236170693388983187311049251966,FINITE,5.159580706523897129738015311102247332161823754496501658699656430661193812209546530219402552747219605,FINITE,TRUE,FALSE
holdout,HOLDOUT_NONSYMMETRIC_D08_C03_E3eM17,binary64-operand,NONSYMMETRIC,8,3,3e-17,5918983622015397569,0.000000000000128511922155491947287458541822067267581802948,2.65597384960000782988227893065338300092752638e-16,0.0000000000000167896647761071681007451203471996883804161812,0.0000000000000656665246814042884762184373451370323679106097,483.8598925770521578514065215705904321161947235305252721074587819621541865215333684772753721411093916,FINITE,3.911127801363384429848540599648619341103353955296294871401893787821856321519013771159664359533398275,FINITE,TRUE,FALSE
holdout,HOLDOUT_NONSYMMETRIC_D08_C03_E3eM16,decimal-source,NONSYMMETRIC,8,3,3e-16,8582690224535623610,0.000000000000337389866507773986158814537878712521104056509,2.15108659301412579622723856770879833804078207e-16,0.000000000000186830076979594433699236983881604174282945214,0.000000000000201990029583006707697649812225309148250463147,1568.462504501130550191429766322736660112713726187754408706299476933497225341884967855633604464586820,FINITE,1.081142998217937055329649295123911717652917044201975346746530198610431247497851560550117087012759559,FINITE,TRUE,FALSE
holdout,HOLDOUT_NONSYMMETRIC_D08_C03_E3eM16,binary64-operand,NONSYMMETRIC,8,3,3e-16,8582690224535623610,0.00000000000020805259400546518356179989145243974011858066,1.56376452531172617652944574099955943820188702e-16,0.000000000000186897116918957561190818789130344524802506413,0.000000000000124557829946018509999958376851268455329546252,1330.459865522216440299972805159888443129244004412040200346421123960148526345007580452966990710232344,FINITE,0.6664513182406625896630359928591726433022110275773642456605622215703420546458385417907114015094977279,FINITE,TRUE,FALSE
holdout,HOLDOUT_NONSYMMETRIC_D08_C03_E3eM15,decimal-source,NONSYMMETRIC,8,3,3e-15,630283016772985182,0.000000000000205013614719569591939851702071460838987076796,2.64556603067613540511534303451334616909414243e-16,0.00000000000150208064068781926060913695590773388811234453,0.000000000000104484612948304090060821391333123636230371678,774.9328965611704469326451933124462309013328073420005806819235676948447053909150677458772541453620469,FINITE,0.06955992249554553582549761652158160352993546819642902618287824646948367160923303789042770848917009718,FINITE,TRUE,FALSE
holdout,HOLDOUT_NONSYMMETRIC_D08_C03_E3eM15,binary64-operand,NONSYMMETRIC,8,3,3e-15,630283016772985182,0.000000000000270753414221652862781004939948979327995010233,2.94824089908152301065960051253314102978008826e-16,0.00000000000150207371595838469821274183176427635275873111,0.000000000000137988717130213444247057322891375332809953387,918.3558043238655640754167913234727624649949973561305277710402528193483593293664564098576068325902830,FINITE,0.09186547615086319356173706096585435302349871874170773565954824861409347328871896516801839306312637825,FINITE,TRUE,FALSE
holdout,HOLDOUT_NONSYMMETRIC_D08_C03_E3eM13,decimal-source,NONSYMMETRIC,8,3,3e-13,10649067356692681686,0.0000000000000710559213465686062279764845310580628603263566,3.09319461299075285621050346182128984329672193e-16,0.000000000129056055850299827303188909678685060404186134,0.0000000000000496276081622637971234737132679097786760421177,229.7169439263504523280170090617635007909764805996072435911530746351162046537505815030719326854248913,FINITE,0.0003845430408924782015222485114670076004004956346253061199744985208711253618865674867496166531201801049,FINITE,TRUE,FALSE
holdout,HOLDOUT_NONSYMMETRIC_D08_C03_E3eM13,binary64-operand,NONSYMMETRIC,8,3,3e-13,10649067356692681686,0.0000000000000570541299315485346791059002250178771283110195,3.06075743612938907898603678109359899655285988e-16,0.000000000129056068911954192865680871537140241320370097,0.0000000000000398483328429673880823368147108637266180590004,186.4052644553851347091942834351285401165218015337637607187851491370605869632823471540091526803844159,FINITE,0.0003087676013915554855756844379022046563716894122353647256039087595963784027279739308076414382189282680,FINITE,TRUE,FALSE
holdout,HOLDOUT_NONSYMMETRIC_D08_C03_E3eM9,decimal-source,NONSYMMETRIC,8,3,3e-9,1458450819335463793,0.0000000000000590847844662483745822334438789127863571985059,3.82849995753909233603434163881127598659198061e-16,0.00000156484054142921529370122372175910043863371992,0.0000000000000420961659239166510667308296772596961483443586,154.3288105564647043881496162515607646767409855224491984355155590844357717256786629468238612027629062,FINITE,2.690124955828980106711049084335668621811176610813101607929590395249226930237984362474210158907836092E-8,FINITE,TRUE,FALSE
holdout,HOLDOUT_NONSYMMETRIC_D08_C03_E3eM9,binary64-operand,NONSYMMETRIC,8,3,3e-9,1458450819335463793,0.0000000000000581291551476729305985174288505291083560443933,3.80427166373062498177373804795478965064282501e-16,0.00000156484054139871612954772584201541034573275182,0.0000000000000414153082256120868810389993162575288765790822,152.7996954104720652571507511110069399364052956743316479146083286416666456625416654896543690116197839,FINITE,2.646615238418698729150297962000480187737358239211331357422217473561604248063087611472736272505474416E-8,FINITE,TRUE,FALSE
holdout,HOLDOUT_NONSYMMETRIC_D08_C05_E3eM17,decimal-source,NONSYMMETRIC,8,5,3e-17,312994884674438304,0.00000000000379339594276332420108676512153786091224341892,2.89531009060471632703500462825260356620750644e-16,0.000000000000793141794870503358589370993703377450939778803,0.00000000000245889337500685981289308885366869112729691563,13101.86413218016687654481676475084501339880151015197331814941605841409348218744843428335504665057668,FINITE,3.100193926116734920074206593682084395842636503167832373284965685525851847102876421082089605024700974,FINITE,TRUE,FALSE
holdout,HOLDOUT_NONSYMMETRIC_D08_C05_E3eM17,binary64-operand,NONSYMMETRIC,8,5,3e-17,312994884674438304,0.00000000000269035783365173040989995788960924095599757468,3.20732821130560559265174740993897321205984652e-16,0.000000000000793151747797109685872082300013058705441416782,0.00000000000174389996546078618309163542208860606822317625,8388.158792631227805429154602248826269010039289291816300534498146004320161199977100582146405375666393,FINITE,2.198696491944036420397716427990993089195540195125033465834056756009776075476103477101669554405135328,FINITE,TRUE,FALSE
holdout,HOLDOUT_NONSYMMETRIC_D08_C05_E3eM16,decimal-source,NONSYMMETRIC,8,5,3e-16,18074010749587183947,0.00000000000443958520754503669463552323267100190917992161,2.87398337238738324711988664930642048017278199e-16,0.00000000000577454003164604200233079584457407868071593715,0.00000000000267717061058890757377858722684661027353558465,15447.49788812148529527996860678664343418616958129631940677479475831038981690180262186470088409256675,FINITE,0.4636162527088370965637989974162111732340219781228236423423573863048806047605442343592718452460619154,FINITE,TRUE,FALSE
holdout,HOLDOUT_NONSYMMETRIC_D08_C05_E3eM16,binary64-operand,NONSYMMETRIC,8,5,3e-16,18074010749587183947,0.00000000000219183458827595557715782541356607959103775799,3.60713642971933620950504131151959448977713811e-16,0.0000000000057745460002856430529972975414974978354184751,0.00000000000132172598760626463311349703989454850840231062,6076.383943277958222833659202962613807130787931555123704880732746356165770134938872744912716811177174,FINITE,0.2288882948617751563107877108200290233430621341777102706337320423084813410095038053239267078165838795,FINITE,TRUE,FALSE
holdout,HOLDOUT_NONSYMMETRIC_D08_C05_E3eM15,decimal-source,NONSYMMETRIC,8,5,3e-15,3804815478922820705,0.00000000000794849221101582623865033393629331459190905005,9.35486706181206195070583492517343236207770548e-17,0.000000000155672231468352109018377898257681516692390351,0.00000000000582811725757584294941146657901466562582803934,84966.38336489821518430173516825218761175198704025181091247616115567705951785083718239041008364660030,FINITE,0.03743838706879902946526843418413502608659921839327164311457760768015777606401419225128821568466498092,FINITE,TRUE,FALSE
holdout,HOLDOUT_NONSYMMETRIC_D08_C05_E3eM15,binary64-operand,NONSYMMETRIC,8,5,3e-15,3804815478922820705,0.00000000000897760256425081622699769540993589925284228336,1.58754922362725938264048246966861919919319742e-16,0.000000000155672195172151607928282599870300897662631174,0.0000000000065826975792784287909746966869174070531969559,56550.07372772125877904369719708562252047329476216399192712710749977691302554441109983519448407992680,FINITE,0.04228563470823346959092026576441639431838779850781108874472725094414287847007609437014428598623009783,FINITE,TRUE,FALSE
holdout,HOLDOUT_NONSYMMETRIC_D08_C05_E3eM13,decimal-source,NONSYMMETRIC,8,5,3e-13,16005010587651590302,0.00000000000369696829450697258480982696423251390920175148,3.72377064757573466628652387325845646270685282e-16,0.0000000144145013856165123668906872605608631161999576,0.00000000000221331702372778570408995679035387558554365235,9928.023620127595490517700993567239712642131372331818514647041993310648783094716459866778751687144860,FINITE,0.0001535479420700837165234443067469844827244739361645081761279268326262649262910231731687849201084895068,FINITE,TRUE,FALSE
holdout,HOLDOUT_NONSYMMETRIC_D08_C05_E3eM13,binary64-operand,NONSYMMETRIC,8,5,3e-13,16005010587651590302,0.00000000000571250128031078063010701584635288157297063287,3.37984916351228282843135171298072588569776109e-16,0.0000000144145013776673317804651282934772132099785698,0.0000000000034199850592618535932592374999708327210349455,16901.64561774243399242154393529703171209772633396241210688618689556143411554055682970572496625791566,FINITE,0.0002372600320785638254144540881042745333928756276755523647589707263501813615079505485890203488104436067,FINITE,TRUE,FALSE
holdout,HOLDOUT_NONSYMMETRIC_D08_C05_E3eM9,decimal-source,NONSYMMETRIC,8,5,3e-9,8400664482566431,0.00000000000607147724633340267475143728860482891998362173,2.11914517213561920104330389218913540820465463e-16,0.000165806065997168955684785517933772388557853834,0.00000000000478499439907927411743705862477011737685108285,28650.59612794118466897963577568861151785400635643920028626227907687697067283901265778857884971844135,FINITE,2.885898275374904062017207877910094503395052688902472285220372494878260245999803061668741785721413179E-8,FINITE,TRUE,FALSE
holdout,HOLDOUT_NONSYMMETRIC_D08_C05_E3eM9,binary64-operand,NONSYMMETRIC,8,5,3e-9,8400664482566431,0.00000000000307857668492070049767260902807657283048097028,1.92753546696350625015829062812256104289674133e-16,0.000165806065997159722068677736837288106952630735,0.00000000000242625832179107714145150929650453435572477667,15971.56959072954243178635464105105211486817097179409233579535316419702211823916014410314213625672362,FINITE,1.463310951381380244236791970793768778659889289160180052042814652042025700447978787201569065066488127E-8,FINITE,TRUE,FALSE
holdout,HOLDOUT_NONSYMMETRIC_D08_C07_E3eM17,decimal-source,NONSYMMETRIC,8,7,3e-17,13410687934907539676,0.00000000116640327540985018966981584916936496959371088,2.82472577305459529303278861816335355076462355e-16,0.000000000134598584539663316849784360566097806596481223,0.000000000745187717998523970970230352267121218071837331,4129261.985486569081051594423431603987130425085723538123666000671326757013474377901459221945840202806,FINITE,5.536371133077800892630976217275860878657894234849002219813158432048108291520130704954560343472668882,FINITE,TRUE,FALSE
holdout,HOLDOUT_NONSYMMETRIC_D08_C07_E3eM17,binary64-operand,NONSYMMETRIC,8,7,3e-17,13410687934907539676,0.00000000092530731682404409031873429588060070621879816,2.89658076914771483301126497634063234958245544e-16,0.00000000013459858963841143900645155600364242170075666,0.000000000591157160141856417036486518496054081077169498,3194481.323219945961040903348749382277301248514145273512789844238804878311844563320865493701002335715,FINITE,4.392001147485674194936551544759344313289536310097838013451087271270023794263403120079493234258291408,FINITE,TRUE,FALSE
holdout,HOLDOUT_NONSYMMETRIC_D08_C07_E3eM16,decimal-source,NONSYMMETRIC,8,7,3e-16,16655403093307803736,0.00000000035235001911941632434494578403577262983098037,1.82913888391077942272764315118864495530614489e-16,0.000000000411191480909223577333192594948083389047032785,0.000000000219789903194142839288611435511571180996863887,1926316.378809226769888083077040512361583199825138582569487654554701758135304801354146683738729216286,FINITE,0.5345195934218895352668236019252352163179619297851625828467078406100161628567123376767071079048335603,FINITE,TRUE,FALSE
holdout,HOLDOUT_NONSYMMETRIC_D08_C07_E3eM16,binary64-operand,NONSYMMETRIC,8,7,3e-16,16655403093307803736,0.000000000326230403550779555086878864917483145455499459,1.37421754609454070222842619167436661304858958e-16,0.000000000411191481846325209814705056435321539078440784,0.000000000203496934652105514765599968200819416053605818,2373935.658716558118119548259547115528430603979902937558165754102430590166154669929367977264494933850,FINITE,0.4948957934108141908970573248071276877446036098200861676781450174455423487443672905682136577463215135,FINITE,TRUE,FALSE
holdout,HOLDOUT_NONSYMMETRIC_D08_C07_E3eM15,decimal-source,NONSYMMETRIC,8,7,3e-15,870801424070414996,0.00000000140369027401089076348261480659239764849202479,2.68178835841613015007012250071768192716756648e-16,0.00000000923300839423398815594375195405540113880256833,0.000000000719132312057260722577372782391537796893686309,5234157.533743315949922875950813118448351093021358274432089163345155034130625474399847818122461090750,FINITE,0.07788710692674759221666849529566529342329677287484231448586309887407506027046591727416490259649506330,FINITE,TRUE,FALSE
holdout,HOLDOUT_NONSYMMETRIC_D08_C07_E3eM15,binary64-operand,NONSYMMETRIC,8,7,3e-15,870801424070414996,0.00000000116593144815594863793207355069402421187755838,2.81356706545735295008596387411623654385914057e-16,0.00000000923300838558978615229508229421199523175674211,0.000000000597324775654997712287897810120579120112287937,4143961.814418037772436415119448341848884313563592121449527115924093803605238958330331708743527442531,FINITE,0.06469449075636703188264356050745511767861724693187955237439300077644908422593976498033832437235810130,FINITE,TRUE,FALSE
holdout,HOLDOUT_NONSYMMETRIC_D08_C07_E3eM13,decimal-source,NONSYMMETRIC,8,7,3e-13,10825405568123537927,0.000000000269794569260095067713496167915920582482155258,1.91276734475130426193929235619781733260520172e-16,0.000000658659888092957994637286921965663398125844402,0.000000000294370008505331348640985790303317763934309021,1410493.388024529648847319783404028071793853926903792844699995587060146296877891204996841602557282294,FINITE,0.0004469226285475369912509104724044986936802028333364457582441782966602713712305421702443798341690284749,FINITE,TRUE,FALSE
holdout,HOLDOUT_NONSYMMETRIC_D08_C07_E3eM13,binary64-operand,NONSYMMETRIC,8,7,3e-13,10825405568123537927,0.000000000177975921111410398605031437053613884280956348,1.66913101194184312449490680369537801156171409e-16,0.000000658659888099973309601245775958843018040973461,0.000000000194187650088696985104578583229400025268799842,1066278.919018799847448641175491904011274807389129010463908721787362287762908273171311100147067300939,FINITE,0.0002948223409335997396232208098773786047093537464331454655340198182720117449769064027095312609304771496,FINITE,TRUE,FALSE
holdout,HOLDOUT_NONSYMMETRIC_D08_C07_E3eM9,decimal-source,NONSYMMETRIC,8,7,3e-9,3768929033834759241,0.000000000775783216848956616313862763659464431152109605,2.2854669147148276991755830844773280791823432e-16,0.0127937399727613343850778999794347390077495326,0.000000000422596046198337534442153156849307023114313779,3394418.934066066067085557629484165661196909397726687319413296035721319786555676503779632594467196709,FINITE,3.303147063314329647057565613394566083408558601685710957047491824665151187547894886668282464033505495E-8,FINITE,TRUE,FALSE
holdout,HOLDOUT_NONSYMMETRIC_D08_C07_E3eM9,binary64-operand,NONSYMMETRIC,8,7,3e-9,3768929033834759241,0.000000000386898972858515882990361898401550658732775644,2.27982919302402815174206853925385861615848602e-16,0.0127937399727613385630325986561659867488648435,0.000000000210757300051310879352883719253595890955986013,1697052.454817119185825349386448611678295975665915252690041431681954038651279515105340315051908898501,FINITE,1.647347065830837341593326117824205490602579886839460454712148138211446447411317196191151698248087362E-8,FINITE,TRUE,FALSE
holdout,HOLDOUT_NONSYMMETRIC_D08_C09_E3eM17,decimal-source,NONSYMMETRIC,8,9,3e-17,15722866644054120214,0.000000180488198546018889605827244202991733667430861,2.77880380367487110044981031088823387703717762e-16,0.0000000101252938919219214965171941986445153307725302,0.000000121409500799311707875295529032164752899238245,649517602.8884426557823543667982117194227895409856896707254764389709682764262931529713947255011569551,FINITE,11.99071376053327547812462585941913695744317458739735008805382416968886497714778012340127268101292551,FINITE,TRUE,FALSE
holdout,HOLDOUT_NONSYMMETRIC_D08_C09_E3eM17,binary64-operand,NONSYMMETRIC,8,9,3e-17,15722866644054120214,0.000000159049507297309385480380711717799024913095741,2.41586637844046993485729130799322632141702185e-16,0.0000000101252938663854856412720562090651071058895454,0.000000106988276457417996750567898670022554880479135,658353908.6295892609821687834651225907420455572583230933478112607672116837096283953799937366525716328,FINITE,10.56643667524590413036908471477135553199815946617149675764746164565841935736019081623204362074751835,FINITE,TRUE,FALSE
holdout,HOLDOUT_NONSYMMETRIC_D08_C09_E3eM16,decimal-source,NONSYMMETRIC,8,9,3e-16,477948299726056228,0.000000373824707594116307250301971517939004419311836,4.26387227667900815476323709036045379995710405e-16,0.0000000396934095583996532889508414052730380586275451,0.000000224609498280074781791524510625014299498417005,876725857.0073216391304636237568004325087714805432673725076849321933938259722076356355380247556187399,FINITE,5.658609345453530715707887417690662163959385701659099163253629013898887428188882570348421495201329063,FINITE,TRUE,FALSE
holdout,HOLDOUT_NONSYMMETRIC_D08_C09_E3eM16,binary64-operand,NONSYMMETRIC,8,9,3e-16,477948299726056228,0.000000318979093405671452373212275587263306196227588,3.65574624668281731404741250227776653828860846e-16,0.0000000396934095699048746779830955299532552933859858,0.000000191655962477127131044497392144076813084725443,872541669.6935939257851592045536908888477921377629415256940650727158777242159966318356385791636189571,FINITE,4.828407651391042618291378250416544309169228092239143465312302671230201534130267882977616306528106471,FINITE,TRUE,FALSE
holdout,HOLDOUT_NONSYMMETRIC_D08_C09_E3eM15,decimal-source,NONSYMMETRIC,8,9,3e-15,13303630426415610004,0.0000000714743022016777868881013583306802490600439827,3.60237363930913596098197603531804559817789165e-16,0.00000147499318678021262614841835198834421229490713,0.0000000501651257349989825472500676692883658816003347,198408908.5644795715385669286635901497550393472135138342815704067612465168916603043139258578284111918,FINITE,0.03401041183417618162048798995986764363254948943666730457496075257957405401227433671073364175351517933,FINITE,TRUE,FALSE
holdout,HOLDOUT_NONSYMMETRIC_D08_C09_E3eM15,binary64-operand,NONSYMMETRIC,8,9,3e-15,13303630426415610004,0.0000000200491230784567617451453431173356270720045583,2.60265697365108439569552054446053621873532433e-16,0.00000147499318674090735441202129530847674457160069,0.0000000140717257689245961313108949827288672375788962,77033290.52361155856494436702071050179744398009169744765622960471070188266492860214704057611757134957,FINITE,0.009540197131362336960751268928451930205193559467587395680985579262644154351196948364497875345423076160,FINITE,TRUE,FALSE
holdout,HOLDOUT_NONSYMMETRIC_D08_C09_E3eM13,decimal-source,NONSYMMETRIC,8,9,3e-13,13975903415551910020,0.0000000751161873370629456682684403246022644523604285,2.56862337076871459902259706920724109799198988e-16,0.0000421759017282102344799786269001334459219455741,0.0000000527212279997473844917678820952506688407840954,292437529.7363382854654383648731904205598915344637589720509292718012406005040374415089356688921881308,FINITE,0.001250032028704289394114755933359977456127400139492690852205229719948872061335982454116374108855580030,FINITE,TRUE,FALSE
holdout,HOLDOUT_NONSYMMETRIC_D08_C09_E3eM13,binary64-operand,NONSYMMETRIC,8,9,3e-13,13975903415551910020,0.000000104508094679715814493018985233201548963805026,2.38494351077353078777220885441300889984216773e-16,0.000042175901728222575115281904596494360024159385,0.000000073350302814289747717134805884174018037629054,438199455.0714525625168440619417703756769326309200524839144075204950151380108874967350964029793634158,FINITE,0.001739151975622287654569430788222387064499593580230904011221949564526095362742036354227492897637042013,FINITE,TRUE,FALSE
holdout,HOLDOUT_NONSYMMETRIC_D08_C09_E3eM9,decimal-source,NONSYMMETRIC,8,9,3e-9,13741621773691021644,0.0000000482708851399869869102877074837948438383755168,2.38025848747359059240045775224503216069614843e-16,0.318611891886735777532597922370785575883157601,0.0000000247299236010094229379780039632411952261197945,202796819.7320525731241917242934298301080891671365185907628661936702019195946519441897868682019656216,FINITE,7.761770426886869577892645591168065437536323713698822065036690931305768298013357456117297276549321720E-8,FINITE,TRUE,FALSE
holdout,HOLDOUT_NONSYMMETRIC_D08_C09_E3eM9,binary64-operand,NONSYMMETRIC,8,9,3e-9,13741621773691021644,0.0000000601398928233141715319167415875876460484532752,1.94690619728626195945203054736470506569023677e-16,0.318611891886735780019398926441370910664784067,0.0000000308106004391751103446353206147526998479250475,308899796.5445971890786361545242091455409905971272759364875814773237756218546763212437200213182884537,FINITE,9.670260659990699798256341311224156515543887535660083095612383834811123310692661060126256302195857856E-8,FINITE,TRUE,FALSE
holdout,HOLDOUT_NONSYMMETRIC_D16_C01_E3eM17,decimal-source,NONSYMMETRIC,16,1,3e-17,13526161125060410218,0.0000000000000144501845586706447823778202450666574029324826,1.51513432843373863428129446374860461612876487e-16,2.32361723890504259423455293482702205419683574e-16,6.86548987267428160930596005129693036314625978e-15,95.37229991751582616725510252826321531565038359061156882677570604315815560990670062339342150840643435,FINITE,29.54656110190292872267099395012698648530078030625053591660067589506177276516947068813944646180343490,FINITE,TRUE,FALSE
holdout,HOLDOUT_NONSYMMETRIC_D16_C01_E3eM17,binary64-operand,NONSYMMETRIC,16,1,3e-17,13526161125060410218,0.0000000000000129598537052459678623156590926562117023330336,1.2838048029185816617515721779070986852953855e-16,2.14100945278076284609712032694473725806231274e-16,6.15741231563147924148573018104248079853090233e-15,100.9487865739654512526419168011662236684383996022752136804973360642046292867303540854336921681919780,FINITE,28.75938874363294039645601791095082538966660256321710246734015398101239636762792797203381166917261777,FINITE,TRUE,FALSE
holdout,HOLDOUT_NONSYMMETRIC_D16_C01_E3eM16,decimal-source,NONSYMMETRIC,16,1,3e-16,12047151378696826952,0.0000000000000224070682231599850869959827396173656254375302,2.57851342289718607917893140947094746532813743e-16,2.21539109375626060486284642464336907196877465e-15,8.33904730900317358367634524071095746296845232e-15,86.89917230674594610823633532184693498270972994454200668400898512062883932367462010548109466052364101,FINITE,3.764142291853342328685400909222675181873826675775767184580620268927818452081179838181828373585995234,FINITE,TRUE,FALSE
holdout,HOLDOUT_NONSYMMETRIC_D16_C01_E3eM16,binary64-operand,NONSYMMETRIC,16,1,3e-16,12047151378696826952,0.0000000000000217474129270437195990563670235434000912207516,1.61121591932309795509255409933066063448233858e-16,2.25023998154682514886464380407133427740329457e-15,8.09354902840873633289673809178770442494309285e-15,134.9751617162534981456792385368125437854999498547779974091197269359714822678392469852966950627569418,FINITE,3.596749277757119085539170927197823652014131482881262045921729609854788575183281532645110508036809457,FINITE,TRUE,FALSE
holdout,HOLDOUT_NONSYMMETRIC_D16_C01_E3eM15,decimal-source,NONSYMMETRIC,16,1,3e-15,17850770909894030549,0.0000000000000166741669440879250441208513917290421743090026,5.64786216087963560033125939647593323207937698e-16,0.0000000000000231458142434006540474876314857122728849777079,7.31914694481999794158533365734395039152855625e-15,29.52297076154383242451789695936993864044638060517925122605032571000093114964144203682274096190190775,FINITE,0.3162190307004142972393160525559230218177156842596052304067575035959827962521924365384251041266002533,FINITE,TRUE,FALSE
holdout,HOLDOUT_NONSYMMETRIC_D16_C01_E3eM15,binary64-operand,NONSYMMETRIC,16,1,3e-15,17850770909894030549,0.0000000000000120656894977784891440709838489156576761213485,4.7824536372319540757673328567060700532986119e-16,0.0000000000000231323543944779189254149575149616612077710906,5.29624986489199049494490130373545778608742703e-15,25.22907781864460216048384280168155794436005148151897282327244197035555951835831538637806234503814301,FINITE,0.2289542073657791699052513993806845484404413774284517653399308601659133576052265544864291824145225000,FINITE,TRUE,FALSE
holdout,HOLDOUT_NONSYMMETRIC_D16_C01_E3eM13,decimal-source,NONSYMMETRIC,16,1,3e-13,14394980158275325510,0.0000000000000177431943052452016095027751700841284951898902,5.13972898712424416592252630800149519536979341e-16,0.00000000000207488630779878237286244778938720552901147388,7.55885490700847661823970018629120516355024787e-15,34.52165347568799779844781436271045646379725791789199248384488564960121414755889939113494071684023727,FINITE,0.003643021248247360216048867745472910967001497715820921149607400818129832378225088092845307310078160503,FINITE,TRUE,FALSE
holdout,HOLDOUT_NONSYMMETRIC_D16_C01_E3eM13,binary64-operand,NONSYMMETRIC,16,1,3e-13,14394980158275325510,0.0000000000000200995651970210709924100527737554888942031998,5.07877101372504742468130577164217624462007992e-16,0.00000000000207485854156580336164073359938982160795770308,8.5627026568336922279936083566146348541756829e-15,39.57564761770772289370524713793526952326316585578003083835833100874766720506588734993824071506749533,FINITE,0.004126885031097976333941095373368358445193986501291143646549173971572850757277246668435672897581523212,FINITE,TRUE,FALSE
holdout,HOLDOUT_NONSYMMETRIC_D16_C01_E3eM9,decimal-source,NONSYMMETRIC,16,1,3e-9,3810964702871085292,0.0000000000000139389962943431235022099698118240029518785853,7.77139826472837248202650473981643290048182182e-16,0.0000000214749485790505680240617629534298678786279838,6.60030604151347753319191725099784419809166693e-15,17.93627841415269711562229077396537885894599282634708765918385238460625496223896829880979678669978512,FINITE,3.073490964235540252507633196021049738270185170979241419127749341961912712420684549011589193940090926E-7,FINITE,TRUE,FALSE
holdout,HOLDOUT_NONSYMMETRIC_D16_C01_E3eM9,binary64-operand,NONSYMMETRIC,16,1,3e-9,3810964702871085292,0.0000000000000150116785430355858888981794922781797838540882,7.79133346409884420963150220539842740176376281e-16,0.0000000214749485696283343583095250549911164598827542,7.10823580755713600741636359868862205572953224e-15,19.26714934254435252604224578320145443220108251639654700807402875154796946257437353287354842926049759,FINITE,3.310012959756372453322027973310828179526553521434852181720389947668722221846406503889589965896138781E-7,FINITE,TRUE,FALSE
holdout,HOLDOUT_NONSYMMETRIC_D16_C03_E3eM17,decimal-source,NONSYMMETRIC,16,3,3e-17,12898682117818146536,0.000000000000312687703663000728907576409032827961713789274,3.0260161916568861131222978522813023799063476e-16,0.0000000000000114440174588533261582399090752273415404792274,0.000000000000161042360624962977009486100527842326345520091,1033.331231092288082577437880348070631197377348105991610621025777440498490338772066837704068359854925,FINITE,14.07218760404610449024833770170571544012858216621192589150004419982746305491846178432142008436107055,FINITE,TRUE,FALSE
holdout,HOLDOUT_NONSYMMETRIC_D16_C03_E3eM17,binary64-operand,NONSYMMETRIC,16,3,3e-17,12898682117818146536,0.000000000000177527113905253375009905504377120324471894858,2.88223954902682946187604766500863016770361478e-16,0.0000000000000114127680786906629107930891458181869495696373,0.0000000000000914311153375283144665129979161652712880609045,615.9346261319407617111670086342684109990809201808645988790846497382475447710341820032787439248186172,FINITE,8.011300563291373518107502822385723618539859733099099169174315207634366647519965857543050257414613281,FINITE,TRUE,FALSE
holdout,HOLDOUT_NONSYMMETRIC_D16_C03_E3eM16,decimal-source,NONSYMMETRIC,16,3,3e-16,3160734309477723905,0.000000000000688355144937922308613445607976247787590154022,3.61301057854933188002950703351825544733969255e-16,0.000000000000161444710356704203020027259326960004239510642,0.000000000000340786577727818151047457531281331479652794075,1905.212093827595028086626805882836770648260708293903401407253535880813170187497585852139000914622028,FINITE,2.110856261409041216845762002874158124593496144600391374202251657377811368075618711893773566992382500,FINITE,TRUE,FALSE
holdout,HOLDOUT_NONSYMMETRIC_D16_C03_E3eM16,binary64-operand,NONSYMMETRIC,16,3,3e-16,3160734309477723905,0.000000000000687777240939565603798735521166561176361747897,3.74150558142478739637576019621175626766074341e-16,0.000000000000161503217402472917109388605929479519861522706,0.000000000000340500472615793515725016832816419699599294531,1838.236576083513346738516481197397484437579313253114678931896275737867531845243979929730191075398192,FINITE,2.108320057595210576792648252894739543034536716165568863283639821225093145843746097365538043988349547,FINITE,TRUE,FALSE
holdout,HOLDOUT_NONSYMMETRIC_D16_C03_E3eM15,decimal-source,NONSYMMETRIC,16,3,3e-15,899897724952578861,0.000000000000385811732247134215650086248706061483993101954,4.30931631150734165033662086518393535672050839e-16,0.00000000000220732447148080330684884879459556854892465365,0.000000000000206816797114817826948803425274691472501788076,895.2968507252195474106496390762313194922505345767621642129989229770909545466466253739854353748392587,FINITE,0.09369569349089530738088066260899778194165178245320857325689318113175016654445523690238691590926646567,FINITE,TRUE,FALSE
holdout,HOLDOUT_NONSYMMETRIC_D16_C03_E3eM15,binary64-operand,NONSYMMETRIC,16,3,3e-15,899897724952578861,0.000000000000345803112611760145962383325420249292110837506,4.03070799454312431526513681910550826308968512e-16,0.00000000000220731330541732561477780138046111439956563763,0.000000000000185369925808496802989590665071126651177569243,857.9215191969183917912911008824396949396415794777391495022635878251943337564198489833923256629980190,FINITE,0.08397988874236856207923339803921871828008401299466654977044532532982498119852619940543732571715651413,FINITE,TRUE,FALSE
holdout,HOLDOUT_NONSYMMETRIC_D16_C03_E3eM13,decimal-source,NONSYMMETRIC,16,3,3e-13,3861021153038637452,0.000000000000496575282142600784309689935761853562507965895,1.02870137569158715446375173454482987325287568e-15,0.000000000112772324671316017008690676749872388373187021,0.000000000000183790757602599472515771442551215134697489004,482.7205386099123864894717625117302352387206062240540387416776477674841230136677977142728945692673629,FINITE,0.001629750545076306380609863523592269105019553480166389326395009856024542140797234307070027460849073933,FINITE,TRUE,FALSE
holdout,HOLDOUT_NONSYMMETRIC_D16_C03_E3eM13,binary64-operand,NONSYMMETRIC,16,3,3e-13,3861021153038637452,0.000000000000502573482136569746826876951313293094950354281,1.01521618706327547394483861856060725106616773e-15,0.000000000112772336258798749413927364671653202062317553,0.000000000000186010791021070927067399735322585158608763506,495.0408479895975127396982281070566523773242809012871215295041653452435610488800420012467272551485825,FINITE,0.001649436352849859044437873372304382092525350336703922354179227635534082176051602838546336476874356730,FINITE,TRUE,FALSE
holdout,HOLDOUT_NONSYMMETRIC_D16_C03_E3eM9,decimal-source,NONSYMMETRIC,16,3,3e-9,14184269363380422165,0.000000000000521285979087517012034875620286252784077754266,5.98430025648650358291153027818243050780861141e-16,0.00000144095006860490719555548730794974417064055779,0.00000000000023893103677570321448680154444796277776868478,871.0892781866762778747710410563314420432618295979971289923475821149597195600994018361274811384291722,FINITE,1.658149313994137438444235266545351101086164562963090404158136406439358899096446322966922428919425218E-7,FINITE,TRUE,FALSE
holdout,HOLDOUT_NONSYMMETRIC_D16_C03_E3eM9,binary64-operand,NONSYMMETRIC,16,3,3e-9,14184269363380422165,0.000000000000511981803523661128446607661557141329234779264,6.32024264898357204940296788784244781118861877e-16,0.00000144095006857716551720081009879781836727624966,0.000000000000234666474897966573232985761650283892561432937,810.0666888256237612706260746063352302451406330720031521810966004186138113462515485044346560565993258,FINITE,1.628553827195989014913545152382858385561857705189493337662699669796652937927777390782217943988337009E-7,FINITE,TRUE,FALSE
holdout,HOLDOUT_NONSYMMETRIC_D16_C05_E3eM17,decimal-source,NONSYMMETRIC,16,5,3e-17,10408693265909305982,0.0000000000135908314368962916223204957088367530867049583,4.77221343904381683633971342651107394884292284e-16,0.00000000000125246948772922384309416588452143243606300972,0.00000000000667147676334755662578553806262720581593724429,28479.09384291791992273178841704862481497235497865937840617192328988994050462447309739313491918202800,FINITE,5.326658117191505299097489892235485488650037539794525009981734202113573932388146004210474459644312399,FINITE,TRUE,FALSE
holdout,HOLDOUT_NONSYMMETRIC_D16_C05_E3eM17,binary64-operand,NONSYMMETRIC,16,5,3e-17,10408693265909305982,0.0000000000100598473064879043223585166308604490307866198,4.80611909147991318760353463183506538783171933e-16,0.00000000000125248045285404472263876602255561524766103222,0.00000000000493818482406145175446167746415682989283841161,20931.33173566502060061731023694256068595802436427449999636920454642704478413297302184683579256293527,FINITE,3.942724066318752472474748672196114404235545363412932273420851662665468488947720003509820642458907303,FINITE,TRUE,FALSE
holdout,HOLDOUT_NONSYMMETRIC_D16_C05_E3eM16,decimal-source,NONSYMMETRIC,16,5,3e-16,17363271167939601356,0.0000000000405784060248960855571115352747047725231584374,2.40499190250348817283162653899183252815262085e-16,0.0000000000083818251360897077745236012686117453466894393,0.0000000000313069199288169977314771014273656674018683901,168725.7490665801985989121104026237163001426606072861480073520530200283974923470544715332930261742466,FINITE,3.735095807954580382803283481036926121109957912728094326665434535326154383515939781547761437449172242,FINITE,TRUE,FALSE
holdout,HOLDOUT_NONSYMMETRIC_D16_C05_E3eM16,binary64-operand,NONSYMMETRIC,16,5,3e-16,17363271167939601356,0.0000000000333815412717262132042698209550665473785420358,2.54186561086616608812308223235028861767634761e-16,0.00000000000838183695236206759771333960013279992074396009,0.0000000000257544182256259224455759273632916474100920518,131326.9321911598610917419794291976665300402559531230759994537419995319069615448841646535997054839635,FINITE,3.072646052649368795627915098263693504396376227375731310031177057149305167119022860794432267034583321,FINITE,TRUE,FALSE
holdout,HOLDOUT_NONSYMMETRIC_D16_C05_E3eM15,decimal-source,NONSYMMETRIC,16,5,3e-15,17020628363156825948,0.0000000000210201265142429854699350579522212364983810887,6.62490839792598481874062766674680331122920757e-16,0.000000000117376482283125787683832539736635968662411724,0.00000000000916521070137117470505744901189224308901235187,31728.93155899878410965707268288738975165277817582493880574457525253005372616526168904726705505559786,FINITE,0.07808387611466848848549691282586653275350594716663537628145421951195891700379134683445838447814408568,FINITE,TRUE,FALSE
holdout,HOLDOUT_NONSYMMETRIC_D16_C05_E3eM15,binary64-operand,NONSYMMETRIC,16,5,3e-15,17020628363156825948,0.0000000000214524731607892337873379160502017134215171701,6.52621065726546223749128003187136229101470634e-16,0.000000000117376454877859431448342428395776336100927114,0.0000000000093537227975730053964075578289972356861768916,32871.25452640231271309620492316916736928459034898291671557067581762205200496647371465383450955166386,FINITE,0.07968994128597920369059763898186377953795209510607583274425072172004850095672192644388558081938120471,FINITE,TRUE,FALSE
holdout,HOLDOUT_NONSYMMETRIC_D16_C05_E3eM13,decimal-source,NONSYMMETRIC,16,5,3e-13,10761958988233480039,0.000000000035134741189834756811171377571996226199647323,5.55947203588936797199521336523689222042164749e-16,0.0000000109305838823485744170146420630239463824493888,0.0000000000158884791798845865562352561249232834169842348,63197.98168427000771971396746308916038909435040945169709596185602479002737888283365954119453530405929,FINITE,0.001453580096992105560545584957632836492001209979296376448799459046936614490252404573383847646338025015,FINITE,TRUE,FALSE
holdout,HOLDOUT_NONSYMMETRIC_D16_C05_E3eM13,binary64-operand,NONSYMMETRIC,16,5,3e-13,10761958988233480039,0.0000000000334071072120329238294619787813393590168340193,5.9616954854469250911152165257952735828526536e-16,0.0000000109305838763077902895012050526853708126318587,0.0000000000151072160893596071113667378816139566894250549,56036.25226008759002348220133390178948022209509794383505920457356577800378543886969679458918501806792,FINITE,0.001382105133661224793309115246576420232927065878375799888578512374700071767825249966537714062315835451,FINITE,TRUE,FALSE
holdout,HOLDOUT_NONSYMMETRIC_D16_C05_E3eM9,decimal-source,NONSYMMETRIC,16,5,3e-9,827224249347479297,0.00000000005082840727281327584501781481817450771384578,7.6721730485082836887949786323485404738398544e-16,0.000108834448279898325945987179638242471887319595,0.0000000000199365415791474089773090284186420461887816069,66250.33996423731229546612467435609088919433508448218531026984982637582057173627855272824499868581766,FINITE,1.831822726557587494538564790907763771145867166498251303542876073896428165922058252461702208555041611E-7,FINITE,TRUE,FALSE
holdout,HOLDOUT_NONSYMMETRIC_D16_C05_E3eM9,binary64-operand,NONSYMMETRIC,16,5,3e-9,827224249347479297,0.0000000000596087308658548278085445266526933106481053895,7.90531468236166436597121159422065804868134343e-16,0.000108834448279895096997069279091318367242144573,0.0000000000233804678358072551686349206994345874341556311,75403.36249846424124870033394311164702629311033755676898023690541852645980787538541575883514580765250,FINITE,2.148259875924442097042339680056542107615002347944746933575121876855767197423671518877259758603836016E-7,FINITE,TRUE,FALSE
holdout,HOLDOUT_NONSYMMETRIC_D16_C07_E3eM17,decimal-source,NONSYMMETRIC,16,7,3e-17,18301642343248188255,0.00000000717172820026802704656109658367955751899759714,6.38669235378340471479873113810660238871763272e-16,0.0000000000727049496362623551008591966910095427565326932,0.00000000336215803861117310890634425777169073469986169,11229174.35661289669941667445076990351770842881838394472988685708209398468655082260671383479774683310,FINITE,46.24386723918809475169371897180892565258137623967480456933269255818702040852274311269472971829023777,FINITE,TRUE,FALSE
holdout,HOLDOUT_NONSYMMETRIC_D16_C07_E3eM17,binary64-operand,NONSYMMETRIC,16,7,3e-17,18301642343248188255,0.00000000691179769865481179335507463719614330805933608,6.12039511915762159807946677227256187341614154e-16,0.0000000000727049518837158274064059513227432829045077981,0.0000000032403007399134276333576635593068799138491717,11293057.98741652909392336673047021209788842486741053677648983012947270690325604782462601745092956339,FINITE,44.56781355272690306764907446894384099600100611283330432162925278476653537125109877161928392722606537,FINITE,TRUE,FALSE
holdout,HOLDOUT_NONSYMMETRIC_D16_C07_E3eM16,decimal-source,NONSYMMETRIC,16,7,3e-16,11914546224959828307,0.000000000926618455732738363560777768697085039857774605,5.50697491972240725313679785341826478404498083e-16,0.000000000216372398844387587975726197678610322327058918,0.000000000406740358425808852018108562704636012906790415,1682626.976226444968063264846183177466645325751982981392661096000391914059593122908046200896029626404,FINITE,1.879816282474788283400758455866130267130896683903380967523554509385861141334108154217991769356362513,FINITE,TRUE,FALSE
holdout,HOLDOUT_NONSYMMETRIC_D16_C07_E3eM16,binary64-operand,NONSYMMETRIC,16,7,3e-16,11914546224959828307,0.000000000980964732279895990470704215699155817841361816,5.73224220358516084363671302999904630929583323e-16,0.000000000216372401972151606205111467999490677821403827,0.000000000430595726150401912845488717351853029565472868,1711310.683394298281971515407445865775790200563116018173671130053965041359843031969093137800832208998,FINITE,1.990067689898003265463829471230077258154173768592534937917364550504755099864378172298546533776182249,FINITE,TRUE,FALSE
holdout,HOLDOUT_NONSYMMETRIC_D16_C07_E3eM15,decimal-source,NONSYMMETRIC,16,7,3e-15,3825746162925177187,0.00000000249143707447500258614901246088408625506025432,7.35487501378853408257283514915851383988937053e-16,0.0000000081411017236959333741348339193684325824304359,0.0000000010444647552541504522463181975373636292823209,3387463.512030030391052489048166703561748380179254170299847491613833554908622131801520129390839234032,FINITE,0.1282952591310921149232905121223687323478560904586825143356410764402373540055051623521279920467900283,FINITE,TRUE,FALSE
holdout,HOLDOUT_NONSYMMETRIC_D16_C07_E3eM15,binary64-operand,NONSYMMETRIC,16,7,3e-15,3825746162925177187,0.00000000218550265062604841842288719938545312714239824,6.92148674640504139873819209310809048895844804e-16,0.00000000814110170838581114078718808970213664291672459,0.000000000916210372912765949766735651786270460032591531,3157562.429432056689111884024631994172445228138779999551507978026685182622726039953289564003712822612,FINITE,0.1125413249620767731105485366545826947782069330941869976830840685744562145933502784646693565076134216,FINITE,TRUE,FALSE
holdout,HOLDOUT_NONSYMMETRIC_D16_C07_E3eM13,decimal-source,NONSYMMETRIC,16,7,3e-13,9409820054574989148,0.00000000170680308594227996611621277420093806636062387,3.91703737865607560687964543562868748272215123e-16,0.00000122210846235344512409266724409252583067872386,0.000000000907155605252942982745292371734270481047213341,4357382.687340806674875224456450149291943210993597312132388754815294179881074583366405607294460360861,FINITE,0.0007422873118037416483516718515765806638296024799826640817124713905426193726877912634026819024088239593,FINITE,TRUE,FALSE
holdout,HOLDOUT_NONSYMMETRIC_D16_C07_E3eM13,binary64-operand,NONSYMMETRIC,16,7,3e-13,9409820054574989148,0.00000000196059486906547425873320250665048479770619982,3.78412289972443324057646448467742395106838579e-16,0.00000122210846236648260502341496409737069612702922,0.00000000104204441610849751018850328746218260044009444,5181107.804950648847944727875670120107120602229503818051001530957205680093896044573018723522191209609,FINITE,0.0008526611574971747703901082775411794545273093283515253251505230931093292197445217908067604409379842701,FINITE,TRUE,FALSE
holdout,HOLDOUT_NONSYMMETRIC_D16_C07_E3eM9,decimal-source,NONSYMMETRIC,16,7,3e-9,10978533622545954293,0.00000000199069922263190522380358204449586466376629991,5.42444564461599624621307143637173283949260966e-16,0.00567018522990295174627241006466018759818751509,0.000000000855868444270398438757972827050672457889519134,3669866.661135710359175225059436963028628317042714094805426963519019411858711081358873120383384732230,FINITE,1.509418845361154251157601672342917369768868121463129202691717648153196747776517733478674700652577429E-7,FINITE,TRUE,FALSE
holdout,HOLDOUT_NONSYMMETRIC_D16_C07_E3eM9,binary64-operand,NONSYMMETRIC,16,7,3e-9,10978533622545954293,0.00000000227286009605542438112452554614710950623099693,5.21967209543707392722190578501072098709840824e-16,0.00567018522990295322641516218435073841835398745,0.000000000977178878828004087570447477804993169745285445,4354411.645977359811985876848609589619664783023293703975192855058385062854484348999536614470967406138,FINITE,1.723363239836750045261809623370373326862263229042142506782651760264293057841806824133411760650908771E-7,FINITE,TRUE,FALSE
holdout,HOLDOUT_NONSYMMETRIC_D16_C09_E3eM17,decimal-source,NONSYMMETRIC,16,9,3e-17,12919228291352448273,0.0000000831175210698939497418322489677581886607119111,5.23541550558278111559206192413122829086691103e-16,0.00000000612420669134988868424603323929742087450126105,0.0000000333807997468997637974674401558663918479159487,158760123.2056207343384520231756217312791898140502873570701780897157375508842607041726624443332389603,FINITE,5.450632454003935116341303773333098242641611544623117031135640461232483607703543684475883746467604547,FINITE,TRUE,FALSE
holdout,HOLDOUT_NONSYMMETRIC_D16_C09_E3eM17,binary64-operand,NONSYMMETRIC,16,9,3e-17,12919228291352448273,0.0000000713089688337965609872879650526222888712707183,5.14198020273658694612366427297875596294521887e-16,0.00000000612420667392026861019448710517449405938182041,0.000000028638371045705640973765012577118155385890493,138679975.4612932580597557403857668479089334864468510677094268600384896158703500312695914040094064672,FINITE,4.676258096850518786217597065023405343003387056207313326462115781470626129796519233207221129349964716,FINITE,TRUE,FALSE
holdout,HOLDOUT_NONSYMMETRIC_D16_C09_E3eM16,decimal-source,NONSYMMETRIC,16,9,3e-16,8810259627382573723,0.000000100327439701150848627142931722261459327305352,6.14111084851027885763664566369853228579601975e-16,0.0000000158881690591068253988071758789604047423880271,0.0000000475064195732531341208049348641054390411617142,163370182.0013368591824995265576759154752316008770957822869287776588616264600542208541096469049149407,FINITE,2.990049979737801884832402325055261540491800604966413522236097370694326413175413352459035301218780475,FINITE,TRUE,FALSE
holdout,HOLDOUT_NONSYMMETRIC_D16_C09_E3eM16,binary64-operand,NONSYMMETRIC,16,9,3e-16,8810259627382573723,0.0000000683268641278173524563705899078556149817501701,6.12050147645323723138193892690587880899774013e-16,0.0000000158881690638040493274356928451533375286239951,0.0000000323537078694485573878661476355847759117363858,111636055.2982204538460174086207860678389423583509957656039269863520493961306883391283123708985529329,FINITE,2.036339602097752419942812854192546733467532821954757477429982788075793521886784883532720364759852243,FINITE,TRUE,FALSE
holdout,HOLDOUT_NONSYMMETRIC_D16_C09_E3eM15,decimal-source,NONSYMMETRIC,16,9,3e-15,16561695821156450500,0.000000457102639121033620898129379887468521263587069,7.43925195079591678103613222911926040008712675e-16,0.000000453602334185181763071275403369602860962902519,0.000000221727348569954475946295284104583355974195169,614447046.7519637499860873732179718546455854600379985875595352124359239459162843082689306630290299855,FINITE,0.4888143906231200416973489456469711781721113518216082271412912391788239071996115408368132697088252609,FINITE,TRUE,FALSE
holdout,HOLDOUT_NONSYMMETRIC_D16_C09_E3eM15,binary64-operand,NONSYMMETRIC,16,9,3e-15,16561695821156450500,0.000000406873281256929167671366252486783115558911931,7.39134310891788516096755463432768213237884836e-16,0.000000453602334166303976833896085099733557442616916,0.000000197362531160466035191832400296966492576125246,550472729.0578946463371387315768687300386791133143972846088649278129663765096744257209266226926201403,FINITE,0.4351003429539388521682525374873155423845263737042782552896451755218290374711586409122417573763534961,FINITE,TRUE,FALSE
holdout,HOLDOUT_NONSYMMETRIC_D16_C09_E3eM13,decimal-source,NONSYMMETRIC,16,9,3e-13,135927604616181819,0.0000000256301485609032018557689035013479948678109954,6.72685310241768091883409084699710279480734139e-16,0.0000276903895436038386738807376195519865177303731,0.0000000113270324063958039255552073094696640132031099,38101246.11118910309649329692171018331658510393967794178573089940040525608505760638720536836431856117,FINITE,0.0004090600599373734004037029703559110804916688627992657548401689207700413408966841384985143190494276728,FINITE,TRUE,FALSE
holdout,HOLDOUT_NONSYMMETRIC_D16_C09_E3eM13,binary64-operand,NONSYMMETRIC,16,9,3e-13,135927604616181819,0.0000000243212605070070006451709683274091413659406426,6.3289349576463373074886333267831791102386782e-16,0.0000276903895436106256985881057814636360003693127,0.000000010748580144693262078517629158281378530949395,38428678.23696487358760554981242707589731864199693278205993254951414344875167352026171264775009744821,FINITE,0.0003881700590656163549165026236421517479107220367695687758990630380768366597902387150421020523828408158,FINITE,TRUE,FALSE
holdout,HOLDOUT_NONSYMMETRIC_D16_C09_E3eM9,decimal-source,NONSYMMETRIC,16,9,3e-9,7239452909420803094,0.0000000212974229119511225957774844136403890471109379,8.90147322598510746483594062413094586164721494e-16,0.0785019938115293683343295840755720755496689549,0.0000000108401028460326395167135400633952360963870402,23925728.21516764293714732966472058925420900409396658241410492825069785170945051947592784889366981649,FINITE,1.380869748615300000362748847562099472251436672180164561499440872194648675057446622283540027899965465E-7,FINITE,TRUE,FALSE
holdout,HOLDOUT_NONSYMMETRIC_D16_C09_E3eM9,binary64-operand,NONSYMMETRIC,16,9,3e-9,7239452909420803094,0.0000000182432910706102748775347169157740727241313513,8.59422681274271191174398611218641420236348894e-16,0.078501993811529365609293187593078101490501133,0.00000000928559066855694809990125188065328300622966162,21227379.10938170402288237054721256900883399185429741389022396863443056317373628791061875159087906541,FINITE,1.182847749173117139843473982982265621806799872534655320963591221297103322099001734378082732396241369E-7,FINITE,TRUE,FALSE
holdout,HOLDOUT_SADDLE_POINT_LIKE_D02_C01_E3eM17,decimal-source,SADDLE_POINT_LIKE,2,1,3e-17,7315062665318522046,5.83548092886560118325326145045193428893664946e-16,2.90690557122174176295550375663741267585105784e-17,4.11098528335969618639033919566288660659607367e-17,8.25261627257127951057644494398793659596822827e-16,20.07454589043637242946963629525426942871501805612813750622656988695148706464710340010049936597043871,FINITE,20.07454589043637242946963629525426942871501808697269113155832181573275992693436085254426858329695281,FINITE,TRUE,FALSE
holdout,HOLDOUT_SADDLE_POINT_LIKE_D02_C01_E3eM17,binary64-operand,SADDLE_POINT_LIKE,2,1,3e-17,7315062665318522046,5.66998084709872027335991099873657845880265631e-16,3.12187443693688663461809928949607001544620206e-17,4.4149971687420144704847334699335963035437115e-17,8.0185638123626999053948383269386807455762132e-16,18.16210408725463875694053876720494009373946779244389878449926318702001652838190576035128315838809626,FINITE,18.16210408725463875694053876720494009373946778307160430434539877842626118880587038362975241875189628,FINITE,TRUE,FALSE
holdout,HOLDOUT_SADDLE_POINT_LIKE_D02_C01_E3eM16,decimal-source,SADDLE_POINT_LIKE,2,1,3e-16,7664921965737023765,3.68474195480532093320986257423752874529560323e-16,1.05025753388503750555784526334096389541427037e-16,3.70208208508480994284787498764925737089965918e-16,3.9966637959976417980090009267395644716881606e-16,3.508417541338634534667154820884075840744081077943398001887442382132823928647644390472359586132767279,FINITE,1.079571901471245569841289151930608841877783226789603651266459131303931571289293516997121526364112191,FINITE,TRUE,FALSE
holdout,HOLDOUT_SADDLE_POINT_LIKE_D02_C01_E3eM16,binary64-operand,SADDLE_POINT_LIKE,2,1,3e-16,7664921965737023765,3.4606797245367643226293060756869396668250104e-16,6.21070079914694004288552098904409020647112914e-17,2.95597067548750574689734355532526007075565844e-16,3.75363418503750591903888812795140149340499793e-16,5.572124364793261236793139960569792560774288823632193615717539513333625658058525713719623913901198833,FINITE,1.269848248551534632589847555022535306437316752795991232251869501473036718998599119203369415317007187,FINITE,TRUE,FALSE
holdout,HOLDOUT_SADDLE_POINT_LIKE_D02_C01_E3eM15,decimal-source,SADDLE_POINT_LIKE,2,1,3e-15,17204222736537421039,5.82099713639237880388595341874209827135453157e-16,2.14653253217310213654493732181463091122965668e-16,3.4065321866175915022980854752906613262467185e-15,7.22005834856971160788884557688226296430573891e-16,2.711814076490762448566871454489789182267288059184208200572919164186111395000995256282457630877211790,FINITE,0.2119474572098096161309597117685446275853163679027602067625535216992143434306745885594335069801660182,FINITE,TRUE,FALSE
holdout,HOLDOUT_SADDLE_POINT_LIKE_D02_C01_E3eM15,binary64-operand,SADDLE_POINT_LIKE,2,1,3e-15,17204222736537421039,3.65072982937388854164041887450911468601255088e-16,1.29484813926430688862421746535686225069346856e-16,3.51369260433404103331113863828551874820130463e-15,4.52817305443296507294630240201971615806714871e-16,2.819427019023343986548608259997300382497252712734098215801646777359733754576898717666953970577511891,FINITE,0.1288722026749747809037421360855019971754606137319093550539827826358924048870565081732790688040748250,FINITE,TRUE,FALSE
holdout,HOLDOUT_SADDLE_POINT_LIKE_D02_C01_E3eM13,decimal-source,SADDLE_POINT_LIKE,2,1,3e-13,1562312065294574283,6.7222249420549515459714972409023338525295155e-16,2.48147962798977053584607144638801484598772267e-16,0.000000000000389674071953825443213548286713464770184748531,7.29127667119985048183220787428505267959323504e-16,2.708958343333481010644473751238810222844200327944332853586000396444419619583257224073775544482962836,FINITE,0.001871121841553736400276623726482139530542444064804842281438736542719378267640062530988952903841540478,FINITE,TRUE,FALSE
holdout,HOLDOUT_SADDLE_POINT_LIKE_D02_C01_E3eM13,binary64-operand,SADDLE_POINT_LIKE,2,1,3e-13,1562312065294574283,4.93466245540882042978833546220227516258187886e-16,2.50866677884206025614078741944083642512101e-16,0.000000000000389676610485953024872791663557921926093114124,5.35239292816184661948835872561966689944034841e-16,1.967045801789004812217920442236197276976152065769794254271558290392288613404765054628031653421397674,FINITE,0.001373547393949832275159586456098155625490110858504346569356698972888566499427529656554935573042837768,FINITE,TRUE,FALSE
holdout,HOLDOUT_SADDLE_POINT_LIKE_D02_C01_E3eM9,decimal-source,SADDLE_POINT_LIKE,2,1,3e-9,17954252792149400101,7.28600324201498567001772502239311179397509847e-16,1.66129237694933341536068085926686170555646347e-16,0.00000000184835061395078397422951430201569626571715305,7.28600324201498567001772502239311179397509847e-16,4.385744100863466698920823664541890661350660932188389360840330878665045396991663358976399336309612958,FINITE,3.941894566443436718324017475298531368915183461826965997429206585286142634897549484149260235007653483E-7,FINITE,TRUE,FALSE
holdout,HOLDOUT_SADDLE_POINT_LIKE_D02_C01_E3eM9,binary64-operand,SADDLE_POINT_LIKE,2,1,3e-9,17954252792149400101,5.44447163883442644068376397330193146549981331e-16,1.47526288350191657293347120360392996476373539e-16,0.00000000184835061870924605763783657132468996811401246,5.4444716388344266969738614362538335333345723e-16,3.690509467648620138369630043924601884214679098419660719700302705645742760094849780789124855816875986,FINITE,2.945583799807663439490568402533040291030861451621201605906436826544810287743566740199268039072469105E-7,FINITE,TRUE,FALSE
holdout,HOLDOUT_SADDLE_POINT_LIKE_D02_C03_E3eM17,decimal-source,SADDLE_POINT_LIKE,2,3,3e-17,9651035202248406392,0.0000000000000151927788850434312735909999061430603411411963,2.71557752982388878762106017253367838866967907e-16,7.40797197487194338370815432263864352794049848e-17,0.0000000000000167776175759305168856176589308717098996610652,55.94676903232704464853840541215222502136107943983992270574605998703201062871516966656747482117289528,FINITE,226.4805756938698495469068098070314881436896156596042889306662459572786359181641948100435573442368987,FINITE,TRUE,FALSE
holdout,HOLDOUT_SADDLE_POINT_LIKE_D02_C03_E3eM17,binary64-operand,SADDLE_POINT_LIKE,2,3,3e-17,9651035202248406392,0.0000000000000102984459520529129327767608469912817891356483,8.17403733279259217389564774662282069700062987e-17,3.65926821952684199615147706647773059104504874e-16,0.0000000000000113727310268452918686417661049465120254086458,125.9897102590615908548634538303139275827719363275296894169082683594546184237882988951007886216528114,FINITE,31.07924957825537980869164731727815004165203439872764077298882118927406985549467299629038314464608538,FINITE,TRUE,FALSE
holdout,HOLDOUT_SADDLE_POINT_LIKE_D02_C03_E3eM16,decimal-source,SADDLE_POINT_LIKE,2,3,3e-16,18203766705353133019,0.0000000000000146020350234976161233344280920029041285162156,1.06605377999597948734795831274604939980235011e-15,0.0000000000000158010257196525079870230643763693909443953359,0.0000000000000191734113142820701634521392437627142378886407,13.69727803371485273751152717820878558991093967366367011513606790134644878862036371438001513937670238,FINITE,1.213428270699867375182068756892389680419077832137504496368594287384793534657683709033031050822660092,FINITE,TRUE,FALSE
holdout,HOLDOUT_SADDLE_POINT_LIKE_D02_C03_E3eM16,binary64-operand,SADDLE_POINT_LIKE,2,3,3e-16,18203766705353133019,8.52293695245526176462868262589538924709804852e-15,1.60463852095285372079065424243991930537799447e-15,0.000000000000015086604515313557142791145304031063001019884,0.0000000000000111911644871521459298638759323525830628988066,5.311437336923856804456110058438231785638354355262890048624419671766012142056514780621231482639399513,FINITE,0.7417947806474696919505396717790844363339066284303543771618319662656191957426135060402380388179726201,FINITE,TRUE,FALSE
holdout,HOLDOUT_SADDLE_POINT_LIKE_D02_C03_E3eM15,decimal-source,SADDLE_POINT_LIKE,2,3,3e-15,322707682124990677,0.000000000000025061822455934139900161793273065356589000631,1.11228313931684339543701596051442198638816066e-15,0.0000000000000764852927039171891015372787473022089105060301,0.0000000000000264174804251689193204671097907846861017818678,22.53187301870541503134255723010848730107597403495974685545697601260812181384822113183681928742688822,FINITE,0.3453929440714024991134372303599181046448129156441829262537591357448650701162662387766959632448010264,FINITE,TRUE,FALSE
holdout,HOLDOUT_SADDLE_POINT_LIKE_D02_C03_E3eM15,binary64-operand,SADDLE_POINT_LIKE,2,3,3e-15,322707682124990677,8.31569758941355479622906678352566934727707787e-16,1.348316866631817626757993818641594040043202e-16,0.0000000000000754628564227998019873866460167177873323705465,8.76551490523950939840646068277772088823456153e-16,6.167465374950550726045512009121777943360882512086302488961698113652998155248343248118380054121445800,FINITE,0.01161566805280797730690474068196310962831581823714086850204538638085992010984451025316490692553057773,FINITE,TRUE,FALSE
holdout,HOLDOUT_SADDLE_POINT_LIKE_D02_C03_E3eM13,decimal-source,SADDLE_POINT_LIKE,2,3,3e-13,1357622194097425225,0.0000000000000193042195349678239344927326311778546576883253,5.75729297621720319592794903168442994730060057e-16,0.000000000021319005606037069570568125900304358729479564,0.000000000000019500206483842241836617967969713619231084415,33.53002811340608942447217649396562244502415823965287412877057598694714688502989440763102284076282061,FINITE,0.0009146864935539120942758224625289055193876946899975882003916560289417173778032439471257654797840914222,FINITE,TRUE,FALSE
holdout,HOLDOUT_SADDLE_POINT_LIKE_D02_C03_E3eM13,binary64-operand,SADDLE_POINT_LIKE,2,3,3e-13,1357622194097425225,6.54690317644838199123242721611609631941247987e-15,6.99873878404885195992391613755947995532399308e-16,0.0000000000213191304154240121143535048838464144450634964,6.61337090262629016084330782769931837524119041e-15,9.354404241189470707244154376379305233644981373488372368528430862293490617624500503991446637963158360,FINITE,0.0003102082858802549376710703158691744775870510363354530710799067914988998475698050811221471614502896170,FINITE,TRUE,FALSE
holdout,HOLDOUT_SADDLE_POINT_LIKE_D02_C03_E3eM9,decimal-source,SADDLE_POINT_LIKE,2,3,3e-9,1819823115334824705,0.0000000000000323683804394579129590487878184586065038804675,9.96483730580390084906057559718487069278876589e-16,0.000000133154090412596359358451487032776809685399807,0.0000000000000341192687865096356456354840732698141694438813,32.48259800549411393266874822873106947064685797824933285740061342800677473536378248607222530434701229,FINITE,2.562389835774955459186479573357288702195990329916825419093873443231433643415513072964519498689191467E-7,FINITE,TRUE,FALSE
holdout,HOLDOUT_SADDLE_POINT_LIKE_D02_C03_E3eM9,binary64-operand,SADDLE_POINT_LIKE,2,3,3e-9,1819823115334824705,4.62695520992157849462396721740136862375942479e-15,7.61730091421862167210857388207500190846666654e-16,0.000000133154090660297588218070114635745312724527056,4.87723903164490059609725800314530242220932297e-15,6.074271270135596169297081449156189780816398645518072562202719314087378557337648354454753972925463254,FINITE,3.662853320884975037813918549753027591245779601691308843906952902670619882606989933809068298048619034E-8,FINITE,TRUE,FALSE
holdout,HOLDOUT_SADDLE_POINT_LIKE_D02_C05_E3eM17,decimal-source,SADDLE_POINT_LIKE,2,5,3e-17,11097173319021740169,0.000000000000351816832375018177071942981337870607562031558,5.76602849464000506121856690673586545026927409e-16,0.000000000000272923911628334068636829162148326460448634805,0.000000000000975764329768805622962344635850019145078110512,610.1545157157317010886068476360448250708817244901347795520078932885901492624153562877350909819817411,FINITE,3.575224772161388584157431329240117436898744715485447066459979649141162581233205974110312046878955093,FINITE,TRUE,FALSE
holdout,HOLDOUT_SADDLE_POINT_LIKE_D02_C05_E3eM17,binary64-operand,SADDLE_POINT_LIKE,2,5,3e-17,11097173319021740169,0.00000000000019557635324384140965832002006151416945738316,2.84898516969718727488006540553226644368175132e-17,0.000000000000274587943037541282705138702240583894215790486,0.000000000000542431207606869539181848080946248548599793593,6864.772597767815500243803253178735897721743562972300256442234372142677730599555006084961026145461549,FINITE,1.975437091688723917701458191630698057108158235986436591928979376181878165655856084726316023173300441,FINITE,TRUE,FALSE
holdout,HOLDOUT_SADDLE_POINT_LIKE_D02_C05_E3eM16,decimal-source,SADDLE_POINT_LIKE,2,5,3e-16,4152631087416229831,0.000000000000893513576080681922332104675405891250068530037,4.93175444567186813550536726254895463079072574e-15,0.000000000000771297607933491949838638756582766390622806644,0.00000000000108354436826588622778770647868710822284522032,181.1756010814435042364423777687693821784457429343491769398359846058175966453591511028604918935977864,FINITE,1.404833046441029458642823115226545389362902330039071059649670247135400556833079240684629111323334414,FINITE,TRUE,FALSE
holdout,HOLDOUT_SADDLE_POINT_LIKE_D02_C05_E3eM16,binary64-operand,SADDLE_POINT_LIKE,2,5,3e-16,4152631087416229831,0.000000000000152930946729335698461693013855298294500521302,1.30468830578373192462056797162433904252147734e-15,0.000000000000778860058868749648886410858657658793710677653,0.000000000000185456013761988231381173429538577704855037963,117.2164616264184382292038252005030151316424647530260953755126821123249692356375020823839510842814458,FINITE,0.2381121122469068987372201468036719907863845072722198728860947088639831141651441991406350452816163268,FINITE,TRUE,FALSE
holdout,HOLDOUT_SADDLE_POINT_LIKE_D02_C05_E3eM15,decimal-source,SADDLE_POINT_LIKE,2,5,3e-15,7785696781388125301,0.000000000000698386370078910471762104954044402870994805606,0.0000000000000116224903220095428744068996827746495912099697,0.0000000000119778675211532266620761368049883854464241906,0.00000000000129687093170046974744248927980273641246994704,60.08921932646175000091894078810238068105694070691414326054611604968973000983671302457568579652798140,FINITE,0.1082722721227432039978831704013381713809034335039502142832974987027312067649044349006595146632101990,FINITE,TRUE,FALSE
holdout,HOLDOUT_SADDLE_POINT_LIKE_D02_C05_E3eM15,binary64-operand,SADDLE_POINT_LIKE,2,5,3e-15,7785696781388125301,0.000000000000101109814637013337107047300730092958932262485,6.19135366754230278259213226297967370918489785e-15,0.0000000000119677824291111102982425565606633307309811056,0.000000000000187756212220392177622471338863903139233700283,16.33080907121713838702366144852668890281878467139167659996919313780112563456928271625851835622624970,FINITE,0.01568847138829022798970108151015006758186587114200879079158492602277448270792535196973920357596919796,FINITE,TRUE,FALSE
holdout,HOLDOUT_SADDLE_POINT_LIKE_D02_C05_E3eM13,decimal-source,SADDLE_POINT_LIKE,2,5,3e-13,9950482302265948187,0.000000000000994588313445061456266704736669687838317571092,1.02595810333318206037279435175766907775447174e-15,0.00000000217047704879141011462985102769166537748966744,0.00000000000107878249088361143750972569710494802943010248,969.4239074810122157566661555680961741405137498292121230604262604949177438900918498341574396833960610,FINITE,0.0004970255232527390500092096795649609092303946737680623872601381722430908714313091699836896218964573550,FINITE,TRUE,FALSE
holdout,HOLDOUT_SADDLE_POINT_LIKE_D02_C05_E3eM13,binary64-operand,SADDLE_POINT_LIKE,2,5,3e-13,9950482302265948187,0.000000000000305610651859918178750657384052624101951809886,2.26710927326078130875325370110603376270945645e-15,0.00000000217047570201988115393696607930309118751639935,0.000000000000331481293111148823484521572472989277385510026,134.8019063149782111095462275585118401317684217678557820819436488522860373509813673815443828223965580,FINITE,0.0001527228767420279171880437014356566617015745220035882538014354009371051196917186858732894161006712230,FINITE,TRUE,FALSE
holdout,HOLDOUT_SADDLE_POINT_LIKE_D02_C05_E3eM9,decimal-source,SADDLE_POINT_LIKE,2,5,3e-9,1681750408231347668,0.0000000000019915130530957699002244854496226924616438083,0.0000000000000129356249055678711820931244051025070861323477,0.00000745209134832997444610755273818691557708389066,0.00000000000216009919179947540879032168976691590538489267,153.9556896272219869818428944689814702187843031952188576067123929780767253158790692962250800681482565,FINITE,2.898648299961536410927904467960996386817242453705036178029968740644553341583841096285902427491054382E-7,FINITE,TRUE,FALSE
holdout,HOLDOUT_SADDLE_POINT_LIKE_D02_C05_E3eM9,binary64-operand,SADDLE_POINT_LIKE,2,5,3e-9,1681750408231347668,0.000000000000536498753988122953244612100758541622639252222,0.0000000000000105798469485401639383325285926165934145950201,0.0000074520913508852626917632159567572008801324915,0.000000000000581914601608910625159001945957133031431775971,50.70950048688091000451618558180730257928398085623440594343559862320112133770209670115931734475605535,FINITE,7.808742193421753261581616838500621347895154173846262716221378286573771770635093430923190332842691393E-8,FINITE,TRUE,FALSE
holdout,HOLDOUT_SADDLE_POINT_LIKE_D02_C07_E3eM17,decimal-source,SADDLE_POINT_LIKE,2,7,3e-17,2536530660398800331,0.00000000000842935653521555785609099923408463708058640658,2.94784112013522832563623487528014644220633546e-15,0.0000000000320219918008109919162031208600076556976133986,0.0000000000204441925592260342212609854648264969199861055,2859.501646014379579706255364431385611081046084425347050498515626531468821712718629216629348344087176,FINITE,0.6384422520122018991934341214816884696754893280044460154888127208524783292494625904162119148285620032,FINITE,TRUE,FALSE
holdout,HOLDOUT_SADDLE_POINT_LIKE_D02_C07_E3eM17,binary64-operand,SADDLE_POINT_LIKE,2,7,3e-17,2536530660398800331,0.0000000000162243528888211856223067007608748693500062529,5.23378211558467637198104889176659213091531739e-17,0.0000000000320147157350656595414085631225871844701439191,0.0000000000393498356870019853129177611460014606444520657,309992.8986441715942375462870022467102818874097786934365175165760261300878014241412104185171217161398,FINITE,1.229117135152388134908618405111890353854018931438378026685282556386714320330717160787092165485159840,FINITE,TRUE,FALSE
holdout,HOLDOUT_SADDLE_POINT_LIKE_D02_C07_E3eM16,decimal-source,SADDLE_POINT_LIKE,2,7,3e-16,13185354655308039320,0.00000000000118679527499232412872356867179892308947353254,0.0000000000000149900141130920181969179178630622081981531184,0.000000000320219918103215313441190094133324127156937095,0.00000000000287840133810430004061210605223730873754372185,79.17239210307332069931890835970062138211321911233304881853370508374047529885889146758939301059489845,FINITE,0.008988826663732127615642158369151629171311943060023733211205721260989440779130796140866154279262400277,FINITE,TRUE,FALSE
holdout,HOLDOUT_SADDLE_POINT_LIKE_D02_C07_E3eM16,binary64-operand,SADDLE_POINT_LIKE,2,7,3e-16,13185354655308039320,0.00000000000738866436644807258529646352918492828148310535,7.19448038645625349838337361988652719252792312e-15,0.0000000003202010111505497116966606396995036349458867,0.0000000000179201433030012701749104416291019712743944502,1026.990688633660622895220426493338870609385397054986479570406655496119443697110517098700791432943588,FINITE,0.05596529267228238544843037424203505446962657134014497624863244050783702303276411359298114590470243639,FINITE,TRUE,FALSE
holdout,HOLDOUT_SADDLE_POINT_LIKE_D02_C07_E3eM15,decimal-source,SADDLE_POINT_LIKE,2,7,3e-15,10643593125601273079,0.000000000385968012510990225230643603176121392235352798,0.000000000000225666680265848520321393222030425192309265447,0.00000000233133203037914554869765890014253782431361297,0.000000000454867664946025670861907886454886228258318657,1710.345594911474656272760574376137580575807791824705242065862853246451728637907965044593664318732088,FINITE,0.1951106316126280576955789644183537266654790643194828288925092334509071700689392796564130266311971783,FINITE,TRUE,FALSE
holdout,HOLDOUT_SADDLE_POINT_LIKE_D02_C07_E3eM15,binary64-operand,SADDLE_POINT_LIKE,2,7,3e-15,10643593125601273079,0.000000000120021313893806408035965265272533550405674587,0.000000000000160492008818969902682316855973765272417408514,0.00000000233125522131206028786847923686004218505641332,0.000000000141446474902051487531948952111663713897059566,747.8335823510489810518059750487422112247058011567184072658105018032546398302423301614405406164100474,FINITE,0.06067395521904444266772742388685102149973587572956327965054721688731288255332501379005278866758555269,FINITE,TRUE,FALSE
holdout,HOLDOUT_SADDLE_POINT_LIKE_D02_C07_E3eM13,decimal-source,SADDLE_POINT_LIKE,2,7,3e-13,2945370156869825963,0.000000000131623722129093474594003414837540150906449701,0.0000000000000342564598041110174499016474017086244493089158,0.000000147312268065515597422302368432374090317242973,0.000000000147159795066098179351229586922709062773007228,3842.303696346862352965610970801797076899933744880362759375026232373663513309127805377484902252494361,FINITE,0.0009989649674027854401636480651585257778370976696410303131352458136936219756454790790119688879636343054,FINITE,TRUE,FALSE
holdout,HOLDOUT_SADDLE_POINT_LIKE_D02_C07_E3eM13,binary64-operand,SADDLE_POINT_LIKE,2,7,3e-13,2945370156869825963,0.0000000000962527522104214190687196661128549255919385095,0.0000000000000200655115368633235269081324149115629102691921,0.000000147312283931491529428483973706397056261877142,0.000000000107613848481979953524066388291415592816109798,4796.924914353208689279176868087374671597417856200853018879417408156396343996597697971812350627426079,FINITE,0.0007305151044432005823686865905319722807969978669713568141594347689988962083536084556037425151655077398,FINITE,TRUE,FALSE
holdout,HOLDOUT_SADDLE_POINT_LIKE_D02_C07_E3eM9,decimal-source,SADDLE_POINT_LIKE,2,7,3e-9,9616665698793487464,0.0000000000902751909568826664771274288670016928761675409,0.0000000000000164082389708795037703646640486916292623021895,0.00314006973300228322857113197093263304295172427,0.0000000000951584065434615185970811426585114780034948392,5501.820830199902574498874966103726186685854428126760106175960340375040229644484831922426417272693094,FINITE,3.030455201148627688074759145833623942042453204749613363400258490652008779591849026077524008986341609E-8,FINITE,TRUE,FALSE
holdout,HOLDOUT_SADDLE_POINT_LIKE_D02_C07_E3eM9,binary64-operand,SADDLE_POINT_LIKE,2,7,3e-9,9616665698793487464,0.000000000081611428610988028091748211325775083961993833,8.65059566748045926201604562110147399296008267e-15,0.00314006973299399109186850553349384851683952796,0.0000000000860259991703148390809474389916262341129301444,9434.197568357494761446188544988606101946547618391124696993063809569153349598166096675722207031165559,FINITE,2.739620660853631442891576551238661482393372158408186052203876287159366841715429462598521963194143749E-8,FINITE,TRUE,FALSE
holdout,HOLDOUT_SADDLE_POINT_LIKE_D02_C09_E3eM17,decimal-source,SADDLE_POINT_LIKE,2,9,3e-17,2974376392053923860,0.0000000123604099664937922431218074851153876016599126,0.0000000000000899969201076537607426637586634358564043180817,0.00000000183026104605994142870528156692376472415766344,0.0000000342816091691919213729155192713058777686800726,137342.5885208998938931991484643506273770338411774799437132565537958181514622837912409317812071704560,FINITE,18.73044790140236179479701326587054700483823845525816569931788482048049897276032241088911676115172644,FINITE,TRUE,FALSE
holdout,HOLDOUT_SADDLE_POINT_LIKE_D02_C09_E3eM17,binary64-operand,SADDLE_POINT_LIKE,2,9,3e-17,2974376392053923860,0.00000000309564649643010745936299179246522150173668102,8.15774190703781704513321210693983591427370223e-18,0.00000000183051066114555364818575082784198779752996596,0.00000000858577859507379081262205040761038877048461988,379473453.7702697750517232222134183963985419938530518671486879913269930539754385803694223922166682684,FINITE,4.690373444588799281736925137740759758766325499495498737398808666894133195458703664212868499601269196,FINITE,TRUE,FALSE
holdout,HOLDOUT_SADDLE_POINT_LIKE_D02_C09_E3eM16,decimal-source,SADDLE_POINT_LIKE,2,9,3e-16,17966534396917013097,0.00000000060715415563103163317920651860792969475115065,0.0000000000000725424976441105667934130258298700123787116996,0.000000031305601314823581110079569804530504255866713,0.00000000191999002263040674750142490609011816968510539,8369.634012461163634323460221803791625088700017183471874400285626695408984490417176922344018398352151,FINITE,0.06133055881348837833704777001654294267187447288497750777140897113299671207488559304842795892693569833,FINITE,TRUE,FALSE
holdout,HOLDOUT_SADDLE_POINT_LIKE_D02_C09_E3eM16,binary64-operand,SADDLE_POINT_LIKE,2,9,3e-16,17966534396917013097,0.000000000498584477494239021744708943538381365068949908,0.000000000000150497891572472165558804849657353189242215424,0.0000000313058478314340054444306466157375671037449505,0.00000000157666255488722006856986325492264384381870293,3312.900083082864841623041750100693191358559937999759361154862641289610695516177436329250187665148977,FINITE,0.05036319614714612797298347892619169775977835879924391976903557612874963687671451760072837589654139227,FINITE,TRUE,FALSE
holdout,HOLDOUT_SADDLE_POINT_LIKE_D02_C09_E3eM15,decimal-source,SADDLE_POINT_LIKE,2,9,3e-15,1979059294115292890,0.0000000145367996226097335836745352760419221769300707,0.00000000000106214145857834076766305090528276061188094263,0.00000018302616440064274405348525857383364292580516,0.0000000403178280157422793316449943276500715396912535,13686.31221877640074999426127112784758702676123331664596728881368127910936476717468429134013105735629,FINITE,0.2202845049382496526601580811277136407292412581570327643385552791471191594076207217407332591413320753,FINITE,TRUE,FALSE
holdout,HOLDOUT_SADDLE_POINT_LIKE_D02_C09_E3eM15,binary64-operand,SADDLE_POINT_LIKE,2,9,3e-15,1979059294115292890,0.00000000148411886004869058534408443682332594054030519,0.000000000000736267816273967244518178361332580853726735014,0.000000183025260589886465655985454605332524872507677,0.00000000411620511445533996080042911173650436059207261,2015.732356140969695796138948151917341536747085800033347923052879585772664783057355538032561093721277,FINITE,0.02248981971772038293661792886559952788514412940266781893270371969358417871597587296530855808128745536,FINITE,TRUE,FALSE
holdout,HOLDOUT_SADDLE_POINT_LIKE_D02_C09_E3eM13,decimal-source,SADDLE_POINT_LIKE,2,9,3e-13,7543421424872898024,0.0000000206060772618383696791348899127561367214063552,0.000000000000495337045117008974208299711164035923495467292,0.00000647498790292066694737995661930257684401278218,0.000000040411842329505548943547563174285974669340142,41600.11342775863468883886392301031309978242427375165377144925339102271387100008068941422099477857945,FINITE,0.006241222830899346655166209219866564788210531220944135772915394069038734411754427409341533618568812394,FINITE,TRUE,FALSE
holdout,HOLDOUT_SADDLE_POINT_LIKE_D02_C09_E3eM13,binary64-operand,SADDLE_POINT_LIKE,2,9,3e-13,7543421424872898024,0.00000000716895920864932417279570376320860401341851453,0.000000000000584012082349258953776583087496303240645125276,0.00000647498772901297655537204739979478913656175648,0.0000000140594857296324546187513395215782499725992473,12275.36111891953014624810850268582017207002898807596759864425401488048862242646770844068530277212133,FINITE,0.002171353262437090548022727974302883961133202417430540220535438270570926502137369578313405325178879667,FINITE,TRUE,FALSE
holdout,HOLDOUT_SADDLE_POINT_LIKE_D02_C09_E3eM9,decimal-source,SADDLE_POINT_LIKE,2,9,3e-9,10143594923449405124,0.0000000176036471111707987214114141578527840225611887,0.00000000000190183860101750135825415893942260298385477841,0.37834898330546087003836950200706488228910526,0.0000000225391605155404661622042487500846269026800179,9256.120420393551598698711216881732856399966818626317065670191497083751166380826132203650808399447574,FINITE,5.957240936298070125354679299176959629138730174979284035041248764369111804644598939016444798909535763E-8,FINITE,TRUE,FALSE
holdout,HOLDOUT_SADDLE_POINT_LIKE_D02_C09_E3eM9,binary64-operand,SADDLE_POINT_LIKE,2,9,3e-9,10143594923449405124,0.00000000312472214159935806932944889342398353213782898,0.00000000000145520066013691843107045998522914531178955043,0.378348983305078877337719786402851726779022366,0.00000000400079673667819354143654344846052750032567711,2147.279222169508889007652084231179795596653129668683413927750146161007565331101987995052403214095554,FINITE,1.057435572240504996699176513838649959088352398833235184695859676088421581577724809678144171614979923E-8,FINITE,TRUE,FALSE
holdout,HOLDOUT_SADDLE_POINT_LIKE_D04_C01_E3eM17,decimal-source,SADDLE_POINT_LIKE,4,1,3e-17,7043591012584084351,1.2938089598357183618363248540489911940144402e-15,3.61188448658495704144806085301571285380036568e-17,3.78628373927814138534256626294961828591457891e-17,1.35628031421074096921907068710570100466006211e-15,35.82088421269022769420972540680606927693162086769710857463464951779888179782378895250759423074267747,FINITE,35.82088421269022769420972540680606927693162070507440263243572253075683785494536276325830923045987118,FINITE,TRUE,FALSE
holdout,HOLDOUT_SADDLE_POINT_LIKE_D04_C01_E3eM17,binary64-operand,SADDLE_POINT_LIKE,4,1,3e-17,7043591012584084351,1.04103155432040915991395030635542929051895793e-15,2.255953644895533358432183926466880271871392e-17,2.36488199829153050504282118088555206667516163e-17,1.09129759294313487348147937755240836488474993e-15,46.14596388874897731365502149420106966949042983464522971516030826894072856117084462080579153476916323,FINITE,46.14596388874897731365502149420106966949042978924269627383781757321614242380754548807402027705057686,FINITE,TRUE,FALSE
holdout,HOLDOUT_SADDLE_POINT_LIKE_D04_C01_E3eM16,decimal-source,SADDLE_POINT_LIKE,4,1,3e-16,6412251453806823360,9.15638478473572029222580637661499826728939478e-16,1.8427380695424923089577980557358783164096325e-16,4.12444417593169830390641044975360233638166321e-16,8.61360224595094435864830407761532419264491177e-16,4.968901948722984352193449104413437856532654914152973057488787356419261242256674458862705352477807778,FINITE,2.088427404646629769914966150121978467239949167907860387862937491327790334106864847136294731691181178,FINITE,TRUE,FALSE
holdout,HOLDOUT_SADDLE_POINT_LIKE_D04_C01_E3eM16,binary64-operand,SADDLE_POINT_LIKE,4,1,3e-16,6412251453806823360,7.32090515844418818695644538487983449695494632e-16,1.76258204881130670650124706052000516501491787e-16,3.85755419106723189100927862266472276739694267e-16,6.88692825800557380950493866229834751220522695e-16,4.153511698012265407362024862839802701030407336849407690973649516047682204556143956086761317860571477,FINITE,1.785309529533850707684716053090629801110932350515797344485269357123775104386839328863183031067423249,FINITE,TRUE,FALSE
holdout,HOLDOUT_SADDLE_POINT_LIKE_D04_C01_E3eM15,decimal-source,SADDLE_POINT_LIKE,4,1,3e-15,1731962497995091256,1.30263641527197743739074252496650331037229089e-15,2.62179642016396696271250521941376313230746749e-16,1.93550204187449029177724493108283751537198021e-15,1.64116762073633941990966782619330002674153458e-15,4.968488038405783802609897490196172427596738422906471412523765170953873289312409717529298789448277301,FINITE,0.8479286434370823032906790112582810450785474526787486230650404093612248294258377669806917115933340892,FINITE,TRUE,FALSE
holdout,HOLDOUT_SADDLE_POINT_LIKE_D04_C01_E3eM15,binary64-operand,SADDLE_POINT_LIKE,4,1,3e-15,1731962497995091256,6.67461494828048158268094624179164808138773654e-16,2.17469839331749737148677376724618589171568083e-16,1.94511256980207269046634642974058031391192873e-15,8.40922440488780978054510743664548747556301969e-16,3.069214089084956700414639883872949615439336876425997964546514911030652093695152197151528077982656965,FINITE,0.4323258476368542875228704907942165884737503356589262467799699880276518719494425687500470364239894687,FINITE,TRUE,FALSE
holdout,HOLDOUT_SADDLE_POINT_LIKE_D04_C01_E3eM13,decimal-source,SADDLE_POINT_LIKE,4,1,3e-13,8828648361863019679,1.27925021927248452540538960945642253742381641e-15,1.45144155119110584777724284928946676286509665e-16,0.000000000000229480951229532876549465918978553242287024335,1.31944585543886072568002922791989011961332369e-15,8.813653007402779406898584708997558344337659576002142636359275696030555704427138025771308540349949488,FINITE,0.005749696645274562747490726059446170359306437756357336138930234744244791649635323349628092535814021143,FINITE,TRUE,FALSE
holdout,HOLDOUT_SADDLE_POINT_LIKE_D04_C01_E3eM13,binary64-operand,SADDLE_POINT_LIKE,4,1,3e-13,8828648361863019679,9.74709368894359465022435785678833959600062627e-16,1.34221962525723408515411999240707782337822531e-16,0.000000000000229464298332392362826885293003729008483451014,1.00533595200514224639828542729750082052910395e-15,7.261921600256426656644550908354103718315018421509293589761006340484480558449522356537367638991779746,FINITE,0.004381230367038861673415253008613862639987911720587000944299224959675840738403739268816958160526642450,FINITE,TRUE,FALSE
holdout,HOLDOUT_SADDLE_POINT_LIKE_D04_C01_E3eM9,decimal-source,SADDLE_POINT_LIKE,4,1,3e-9,15204075395178932965,7.51508584707038772839820657043430477532159185e-16,8.36563228887570587612630183485489041981215683e-17,0.00000000303939415759563551728834902194218796396685995,8.67767367357847023205521946346991116563600497e-16,8.983284930014982973137713290924080339526824690341815293215139093403177336121268874006194038179995036,FINITE,2.855066905979411270750602647138693245383762435300794084707893479080785566657789261063002570803424954E-7,FINITE,TRUE,FALSE
holdout,HOLDOUT_SADDLE_POINT_LIKE_D04_C01_E3eM9,binary64-operand,SADDLE_POINT_LIKE,4,1,3e-9,15204075395178932965,6.60413818692730481330658585777067506071470681e-16,8.51236320248200700429425280970407408844317297e-17,0.00000000303939417803336954011832296724567817706411012,7.62580191997593321198099297948636236784821895e-16,7.758289948203445799901866296031423635033099670056046322008502311109419458619609536193974156253218162,FINITE,2.508987473585997457229055484240822380796023561508372101384188247646335586076420636054169142247777985E-7,FINITE,TRUE,FALSE
holdout,HOLDOUT_SADDLE_POINT_LIKE_D04_C03_E3eM17,decimal-source,SADDLE_POINT_LIKE,4,3,3e-17,18236063070339371129,0.000000000000011110578451196420441929706305647789836881134,3.91353757291934918572036594473979941469505782e-17,3.564127885107462814111890102150252016712678e-16,0.0000000000000132796812311241787610414823586761241124804371,283.9011570523482754062657344589142490980793448231895131373111120046982556461910698758550080292388541,FINITE,37.25927256037217119365942767515951123985523673922265364530141636056994144108862349637175061109200362,FINITE,TRUE,FALSE
holdout,HOLDOUT_SADDLE_POINT_LIKE_D04_C03_E3eM17,binary64-operand,SADDLE_POINT_LIKE,4,3,3e-17,18236063070339371129,0.0000000000000100504870701143051776038120018482766217188832,1.37214020597914242437415484994802748558590638e-17,3.9603187607903318291239708070320142433805594e-16,0.0000000000000120126296839460246188525813832765857985145864,732.4679377747991032674585967318338577790844139840381589989457859939625010128123466390559139023654980,FINITE,30.33248182666173072002685081267710625503767955778785512308081625910704385801688340783633367523634526,FINITE,TRUE,FALSE
holdout,HOLDOUT_SADDLE_POINT_LIKE_D04_C03_E3eM16,decimal-source,SADDLE_POINT_LIKE,4,3,3e-16,22068033728376044,0.000000000000046390661767762637091347031929036844820275977,6.09843915183486626414860027578047129506570454e-16,0.0000000000000194105767793224653443430239690433335718785929,0.000000000000032479959879138823640020951715009981568217479,76.06972966813132672193871921465202605555992918129723121626779841284417223003029969590725243035843129,FINITE,1.673312454771503746004145879094080537280995147737339810112916262768316080291999371632857839660801583,FINITE,TRUE,FALSE
holdout,HOLDOUT_SADDLE_POINT_LIKE_D04_C03_E3eM16,binary64-operand,SADDLE_POINT_LIKE,4,3,3e-16,22068033728376044,0.0000000000000422552681436484281720520670325146549266521404,1.10686700391906574749045153597461738041365508e-15,0.0000000000000197963061217698200004314088205967118148952176,0.0000000000000295846052134070516190552807046953401124630006,38.17556038262582323373063525534103038697021749199329760315089597434375352533841195589210422522439061,FINITE,1.494450784476055714328848160385550357785651957754919370526551592916141770398656050155920726181556061,FINITE,TRUE,FALSE
holdout,HOLDOUT_SADDLE_POINT_LIKE_D04_C03_E3eM15,decimal-source,SADDLE_POINT_LIKE,4,3,3e-15,16996072709003966708,0.0000000000000453586378510459273654885396160952241726167902,3.65833047824846071605605391512415119913264643e-16,0.000000000000213749026970135028971430311360341945180062408,0.0000000000000472896489696894716122699056853357137878940387,123.9872617324686951978007855251214886899553841076709023809578174896837297994922985115688100179303186,FINITE,0.2212391309565903747888144191347411759165596611632660147860551294596908612268084468983063049774375725,FINITE,TRUE,FALSE
holdout,HOLDOUT_SADDLE_POINT_LIKE_D04_C03_E3eM15,binary64-operand,SADDLE_POINT_LIKE,4,3,3e-15,16996072709003966708,0.0000000000000467890195949085900954098315267741495793676,3.36695109682288868651843281062439008398087508e-16,0.000000000000213974440498158572686509105947580966128820902,0.0000000000000487809250256867794273808980617347554849792146,138.9655455318596423474957608026829226756588325951304740167327806548785285935072969888068433199929548,FINITE,0.2279754764733528054093219168380011223002482972892369658648908942186342237628927763023406572650527688,FINITE,TRUE,FALSE
holdout,HOLDOUT_SADDLE_POINT_LIKE_D04_C03_E3eM13,decimal-source,SADDLE_POINT_LIKE,4,3,3e-13,1547229470834473659,0.0000000000000208698701423627975981360442021045188859967114,1.3697793001413100178166400241059228746827628e-16,0.0000000000222064428422167733624908125792435335439055513,0.0000000000000191313785926779186518819596784727328370326737,152.3593628565551192820396072549226881277097009755169920115710598567323879632220560191351710400712536,FINITE,0.0008615237806708584797248159085201887066676119374145830248895648862206200272174729725783717477769291227,FINITE,TRUE,FALSE
holdout,HOLDOUT_SADDLE_POINT_LIKE_D04_C03_E3eM13,binary64-operand,SADDLE_POINT_LIKE,4,3,3e-13,1547229470834473659,0.0000000000000201596761702525758741462854786867990029129809,1.47833110235908639506200493872409888076131094e-16,0.0000000000222063921137779439027944783732244542706659688,0.0000000000000184803448458459856897708436458284426610055191,136.3678010838183235677753893267069525628659521511424020816783447766774196240806664780782707632514892,FINITE,0.0008322083457393272717514971847998131238105110883783540446026860789948077033352068483427187485091303229,FINITE,TRUE,FALSE
holdout,HOLDOUT_SADDLE_POINT_LIKE_D04_C03_E3eM9,decimal-source,SADDLE_POINT_LIKE,4,3,3e-9,17174892027016861592,0.0000000000000340998002582553034746425401866421430861039865,1.10635361951743978070963431487114146889837205e-15,0.0000000939384378357575866699097654215274480549908894,0.0000000000000351712584795456103912981993504231962747262218,30.82179120372803931968461130624662082289463687370657530608003760737450612859137145280232468324941171,FINITE,3.744075299723336541205035934363333567577098180497050940008196937297371193833366551254997929790591842E-7,FINITE,TRUE,FALSE
holdout,HOLDOUT_SADDLE_POINT_LIKE_D04_C03_E3eM9,binary64-operand,SADDLE_POINT_LIKE,4,3,3e-9,17174892027016861592,0.000000000000032114418021993359523480666712873514050478543,9.00293026615031382243301868542251831184268331e-16,0.0000000939384380507121655729756218671955249858568154,0.0000000000000331234930591202520834516202659006972960298302,35.67107272033286900324495476433833213325764508934498531644119914486662181287208569861740001750929206,FINITE,3.526085141126011775215218941888254392810773075583162738821054574189958737153982725167237068575330591E-7,FINITE,TRUE,FALSE
holdout,HOLDOUT_SADDLE_POINT_LIKE_D04_C05_E3eM17,decimal-source,SADDLE_POINT_LIKE,4,5,3e-17,2069077415158757825,0.00000000000236878731096753239691820287162122398307582857,2.81261924794862172747069343533480187032858163e-15,0.00000000000011899325188205376271988339214172366052910578,0.00000000000173687912626288942554548255388729889902335582,842.1997796876355468655728114156748504446418073197574786868668886754128047661800615774139880775190192,FINITE,14.59645062885150709944047654878594799618878149089469319285410579200427415125217290076402122309861583,FINITE,TRUE,FALSE
holdout,HOLDOUT_SADDLE_POINT_LIKE_D04_C05_E3eM17,binary64-operand,SADDLE_POINT_LIKE,4,5,3e-17,2069077415158757825,0.0000000000039536179565163377131031699624138760918762325,1.1605738046707723636744872558376680142291747e-16,0.000000000000120981503479237781006064336365781496418967081,0.00000000000289893333609870357203310124544735169259612697,34066.06232714244856656436772831824513265677305138908315456721404884758022491781218465949142151636607,FINITE,23.96178963502634512987463361728262769529026455711127383907792431461238921779286772785412085327928214,FINITE,TRUE,FALSE
holdout,HOLDOUT_SADDLE_POINT_LIKE_D04_C05_E3eM16,decimal-source,SADDLE_POINT_LIKE,4,5,3e-16,9253050878907957825,0.00000000000253132833514105404851727257401088525085134276,4.23811524052223502132029888550883898078534606e-15,0.000000000000326935447379691835082327411686610239795636663,0.00000000000234021387368870871137182484217776743273948017,597.2769005755339332422415612991669109418931170579956691778646648499735823844703665845003951307049342,FINITE,7.158030407669019169734980632838733772235304485258602186863175335568881727406715111067163940531363583,FINITE,TRUE,FALSE
holdout,HOLDOUT_SADDLE_POINT_LIKE_D04_C05_E3eM16,binary64-operand,SADDLE_POINT_LIKE,4,5,3e-16,9253050878907957825,0.00000000000235568100750615376406952522893667454837267907,2.00890181119532127734013893763896881114892034e-15,0.000000000000321170077676719575389401347402819743885178717,0.00000000000217782786184618050347850294263048882421223351,1172.621277146688718068465575563425763521819961774996136552429290352946864205970262402740093474135066,FINITE,6.780917691959829627045136071214129894297152778232372424655654395971912273694907181160498339802972277,FINITE,TRUE,FALSE
holdout,HOLDOUT_SADDLE_POINT_LIKE_D04_C05_E3eM15,decimal-source,SADDLE_POINT_LIKE,4,5,3e-15,6845721141658956080,0.00000000000114747102238671255063095807239474197726974307,8.962706710599418611172453240391839109343502e-15,0.0000000000042047345657099897847869898328986599086046445,0.00000000000154724961094735476517374854894457521111066804,128.0272867826521361419761720160194873485511152612965855177634325187391652684577241001334821490313615,FINITE,0.3679779512279615630802727443190282082551549734100029292031149808300494635060351206969717614055696066,FINITE,TRUE,FALSE
holdout,HOLDOUT_SADDLE_POINT_LIKE_D04_C05_E3eM15,binary64-operand,SADDLE_POINT_LIKE,4,5,3e-15,6845721141658956080,0.0000000000008545368322416449431402621766417094873162674,2.41310529313553943734915431430440140181698287e-15,0.00000000000419590290075594325534562990350409890305080421,0.00000000000115225722953418353942596316782854583771526328,354.1233093609758490705258251774745541281339151837255213012780362929317404406505231934847777349584169,FINITE,0.2746148461458891955445871689988446744901102783823054995117425088037985197843015522333488973471635506,FINITE,TRUE,FALSE
holdout,HOLDOUT_SADDLE_POINT_LIKE_D04_C05_E3eM13,decimal-source,SADDLE_POINT_LIKE,4,5,3e-13,2157799220346051034,0.00000000000418041977475268315939489358765764412097365912,7.19975013954548817106310201213893588595148839e-16,0.000000000308701291958796875928360192654398616300270374,0.00000000000418041977475268315939489358765764412097365912,5806.340072541167635540922106869318174440182320323841273015846413352329366111660844927450036346226652,FINITE,0.01354195749627978270426863726644359561419301734160849448428835106568331215972773807799585946506067972,FINITE,TRUE,FALSE
holdout,HOLDOUT_SADDLE_POINT_LIKE_D04_C05_E3eM13,binary64-operand,SADDLE_POINT_LIKE,4,5,3e-13,2157799220346051034,0.00000000000353978217081402728304259687842840916519506394,5.44216900754054724460173034183857575928788997e-16,0.000000000308702530312908471646050100589193448328264486,0.00000000000353978217081402895664667030094000031011716257,6504.359136787895683434291130831090911397686316575364108266964540935342089931787623606710264176619673,FINITE,0.01146664449826834510162561173684972563934307728615385992620500873829732932557291639315793003998892985,FINITE,TRUE,FALSE
holdout,HOLDOUT_SADDLE_POINT_LIKE_D04_C05_E3eM9,decimal-source,SADDLE_POINT_LIKE,4,5,3e-9,16813234362542309852,0.00000000000252117125989674428857623634059195180517692874,0.0000000000000103213298872035395297973489583295014482251569,0.0000137001337435303855579905637824851074523111347,0.00000000000207942700796361893550016806785036467664776485,244.2680630741694344871016441899815835332714563803351103220202671590691633832940858097919217216338407,FINITE,1.517815115451399731497240029798242247009921126252353037766176575867352061603255986566399674809628133E-7,FINITE,TRUE,FALSE
holdout,HOLDOUT_SADDLE_POINT_LIKE_D04_C05_E3eM9,binary64-operand,SADDLE_POINT_LIKE,4,5,3e-9,16813234362542309852,0.00000000000167418585751202850153793583543557584664562369,9.5541918388797921832940794888998292124619388e-15,0.0000137001337441631081176774015325498152424649963,0.00000000000138084522215433402382899965661377668177726885,175.2305046565113855385473495177705507816491669718716164856498680062990732461231816253930486764360629,FINITE,1.007906381018096324190679594624401723588849835998370787120753503067087550873940350929279313953758319E-7,FINITE,TRUE,FALSE
holdout,HOLDOUT_SADDLE_POINT_LIKE_D04_C07_E3eM17,decimal-source,SADDLE_POINT_LIKE,4,7,3e-17,2569508942976749440,0.00000000046995266105431318239175317667713731246779227,2.19527663082680968330263172789237225803158974e-15,0.000000000019540047785516348296734058954345351082753405,0.00000000039718249101104121536949403157638698569265447,214074.4608014682619990855335025072452877728526454613749407877709866275081501032408254379357330146610,FINITE,20.32658749716284875180095043075209093114922165784885428463510636498610475170875286244989876681443157,FINITE,TRUE,FALSE
holdout,HOLDOUT_SADDLE_POINT_LIKE_D04_C07_E3eM17,binary64-operand,SADDLE_POINT_LIKE,4,7,3e-17,2569508942976749440,0.00000000053393821359325651530977143686565906184489918,9.86171193104785303469958931648275359769042711e-16,0.0000000000195427359128252787210795801556825122326011098,0.000000000451260152980484518078831799623908529900973093,541425.4820324315454513933469213215018661042243704628519137465007780272848705187837128214843398599357,FINITE,23.09094054145902722365211612136141052843258277232720492825222983085449471845462286053316281170070871,FINITE,TRUE,FALSE
holdout,HOLDOUT_SADDLE_POINT_LIKE_D04_C07_E3eM16,decimal-source,SADDLE_POINT_LIKE,4,7,3e-16,4449030627337389358,0.000000000269762131790039197082248055806750366702036319,0.0000000000000258234163620626378925284928728934455066052901,0.0000000000912173462294986181144225429241417093722074915,0.000000000248336171396052484634339274434599089451231456,10446.41530027563034044694954486180601065114235100144379476925565727410470578768680501388505719475640,FINITE,2.722466522663904076097500884717764329168925291239112109466333964172814077714733177000173092155726905,FINITE,TRUE,FALSE
holdout,HOLDOUT_SADDLE_POINT_LIKE_D04_C07_E3eM16,binary64-operand,SADDLE_POINT_LIKE,4,7,3e-16,4449030627337389358,0.000000000130401628056751892443964345982973858527920464,2.44009404078710329683860557397632184699847132e-15,0.0000000000911958171105780253106763503947822997297845632,0.00000000012004442892166316119657906772434731019540906,53441.23049236582854663723768822181967750535583126144563749853609856054674177246734107581682441378760,FINITE,1.316337006730311044299047045869506911014846644040289557018181199074735794906549091544502438924514784,FINITE,TRUE,FALSE
holdout,HOLDOUT_SADDLE_POINT_LIKE_D04_C07_E3eM15,decimal-source,SADDLE_POINT_LIKE,4,7,3e-15,13190633184489614288,0.000000000584065473180843888617782770395720815340140367,0.0000000000000193628463893792925856504000040293433554446928,0.00000000165312141398814824989900931927821855930018345,0.000000000418257972757681784523321032702637832752992544,30164.23626131793393385360995341969561431624358610303709492244619312270094889538449570220615977049575,FINITE,0.2530110427573714849808802172094751390731862464476233124199886660494235282249668999749338759351266667,FINITE,TRUE,FALSE
holdout,HOLDOUT_SADDLE_POINT_LIKE_D04_C07_E3eM15,binary64-operand,SADDLE_POINT_LIKE,4,7,3e-15,13190633184489614288,0.00000000032137929138855477347758035175562293359563813,0.000000000000068525047378632648100956553489087093473475794,0.0000000016530584775518620167125204013748342253528171,0.00000000023014449077160591972674234022734567638330795,4689.953581685033056213889704929416325683288961424909703891663140648888315380592506097257812621604054,FINITE,0.1392234418182495974407473239964404080573616167629277858597586757101988738517857234361152084425531508,FINITE,TRUE,FALSE
holdout,HOLDOUT_SADDLE_POINT_LIKE_D04_C07_E3eM13,decimal-source,SADDLE_POINT_LIKE,4,7,3e-13,6721477348580037956,0.000000000352750319391167360712626416482621850436347342,0.000000000000021703062191913387457744625713906350319459763,0.000000231570221940033644639869584228164665436383153,0.000000000309382496435139185038987159302033763611430667,16253.48147979795071971345894350311508634212222823236351837895529138217558745428541881385374341558770,FINITE,0.001336020209520960979566003952262025886529807287714985031218434126674517422465488858466997706116801325,FINITE,TRUE,FALSE
holdout,HOLDOUT_SADDLE_POINT_LIKE_D04_C07_E3eM13,binary64-operand,SADDLE_POINT_LIKE,4,7,3e-13,6721477348580037956,0.000000000241105879527620402167988004645633205879295868,0.0000000000000199292085645518475097941915553404720781216975,0.000000231570220384244522544017638665344440005838153,0.000000000211463845141772243952804855786260719200410277,12098.11612672247644957985979453920600713447498856691705970481568424257439871579423618159320405378319,FINITE,0.0009131737439766228779278026120684847794098810731564139762563859177218115264477644267606449119244984934,FINITE,TRUE,FALSE
holdout,HOLDOUT_SADDLE_POINT_LIKE_D04_C07_E3eM9,decimal-source,SADDLE_POINT_LIKE,4,7,3e-9,916690866066968243,0.000000000356684842369293967299100490809592250474932674,0.0000000000000226672119172639759256359814436523049297960217,0.000963566667690067714523301491124518149583755573,0.000000000344820252207897203648162317547990587479160682,15735.71746146833876254985514804923328606466025411457836683024659185920967980702162888878755765299037,FINITE,3.578582196440288442387865408623391725647388993618245076635093059959382659251893119694053183203253876E-7,FINITE,TRUE,FALSE
holdout,HOLDOUT_SADDLE_POINT_LIKE_D04_C07_E3eM9,binary64-operand,SADDLE_POINT_LIKE,4,7,3e-9,916690866066968243,0.000000000190373284679352418973072428027185480993092832,1.42651352485518099588339536304425750531410383e-15,0.000963566667710600928492330760517077186859508017,0.00000000018404080083900664472143142625324254774912015,133453.5434556633651490641259166934927022223894377437623660741020902388727503407650322405015623576222,FINITE,1.909995509457387513362074798013290801190578424942504360042669433263716246200544860509181598854475118E-7,FINITE,TRUE,FALSE
holdout,HOLDOUT_SADDLE_POINT_LIKE_D04_C09_E3eM17,decimal-source,SADDLE_POINT_LIKE,4,9,3e-17,6604271791152918546,0.000000008977161825362963287327816571893488924920006,0.0000000000000642780092725224113240657284712897745818663281,0.00000000211322888190639943602621637117297792741354186,0.00000000637979110669207716074894540276672664758256306,139661.4787384295044429000721044804557739326356226355615461951870243971609504882376038256325352176147,FINITE,3.018977812255102041805409331362810662459420455550007604637321011521076648576532692929219862064034328,FINITE,TRUE,FALSE
holdout,HOLDOUT_SADDLE_POINT_LIKE_D04_C09_E3eM17,binary64-operand,SADDLE_POINT_LIKE,4,9,3e-17,6604271791152918546,0.0000000132386661892302900206481736512735754613465736,9.05595258484965648787457907084312341531665543e-15,0.00000000211318963727682572587777401188972914630499941,0.00000000940831038378902525302680656912930470130775436,1461874.503558928844347502640026023159432686282881328272335877331090458223387695433981328236843545972,FINITE,4.452184611274688934256228175342906557572683092260228541353755934833312814033934231407422973855103947,FINITE,TRUE,FALSE
holdout,HOLDOUT_SADDLE_POINT_LIKE_D04_C09_E3eM16,decimal-source,SADDLE_POINT_LIKE,4,9,3e-16,17192910941998164456,0.0000000176849268093571394343285394835804538404248934,0.0000000000000988214477913917921006837899453433307614981093,0.000000014698929656219110655104477648929682394340353,0.0000000157549850073303931988257835163921343674409783,178958.3861055074567249038933936248608094928587478363613688974412047230359456489339455838514706689605,FINITE,1.071845731343061839227313823473099683342664789992341611793332575641941895437916859682378007761775007,FINITE,TRUE,FALSE
holdout,HOLDOUT_SADDLE_POINT_LIKE_D04_C09_E3eM16,binary64-operand,SADDLE_POINT_LIKE,4,9,3e-16,17192910941998164456,0.00000000611014803924069157620090866044997552392563081,0.000000000000170533212854048073341302442196224156260597139,0.0000000146989935421625576422692469488648235299510084,0.00000000544335251078749409723952264186500866979353252,35829.66588725505537729589521580837420169231593645545432451790614789747735295771580489333855666835351,FINITE,0.3703214437895897346503741644825926315612848977599269733082948002008381216094232840154490494163086262,FINITE,TRUE,FALSE
holdout,HOLDOUT_SADDLE_POINT_LIKE_D04_C09_E3eM15,decimal-source,SADDLE_POINT_LIKE,4,9,3e-15,3185173977392039257,0.000000027251407894697995507429790423487380810990739,0.00000000000221714546491121938843731694031082209838366214,0.0000000326252062184280532692673814868049063861341589,0.000000026982914569590365063016867812362929056764673,12291.21333082636368371434647862292660526229832264552985667836092246483235093808329152944512282366736,FINITE,0.8270572878202777245996068278574448821399352653976743822766057180582328511043072756056195438537794231,FINITE,TRUE,FALSE
holdout,HOLDOUT_SADDLE_POINT_LIKE_D04_C09_E3eM15,binary64-operand,SADDLE_POINT_LIKE,4,9,3e-15,3185173977392039257,0.000000035614492683336092887329600225428653720923403,0.00000000000133546708537949671210117439759902522772745275,0.0000000326243332267429953736733133008072537299371894,0.0000000352636024247668245508710205593760739846989918,26668.19203051762349804781612129573610918519906475928813349038481117647276404416133718480538415476219,FINITE,1.080898793537958137206505120591374647553886653274563149764004799870814459872656092941198628431420017,FINITE,TRUE,FALSE
holdout,HOLDOUT_SADDLE_POINT_LIKE_D04_C09_E3eM13,decimal-source,SADDLE_POINT_LIKE,4,9,3e-13,8414620693083994052,0.0000000508463471040267570028537955109776142067432792,0.0000000000000688060580468285743630884385389952195697301983,0.0000165150063745613124837578971415743967105881289,0.0000000508463471040267570028537955109776142067432792,738980.6733212553114050542846277150795820252652364711988149006086651962545064663750190572804348446482,FINITE,0.003078796698640534837795047342034923716072350016797091688530220752787870887837681949887309351663085485,FINITE,TRUE,FALSE
holdout,HOLDOUT_SADDLE_POINT_LIKE_D04_C09_E3eM13,binary64-operand,SADDLE_POINT_LIKE,4,9,3e-13,8414620693083994052,0.000000030274836320731144736178501257229679196666157,0.000000000000193351085313297645837784814162808995804831282,0.0000165150064991151304177048179495221622112012571,0.0000000302748363207471058707375977423479508229116258,156579.6037383246310655468205896100656051710684858649897795398768788268855814079453325481703283705936,FINITE,0.001833171323448720617457412034544766171672131588021534673494413574282982365094891356904120177016688133,FINITE,TRUE,FALSE
holdout,HOLDOUT_SADDLE_POINT_LIKE_D04_C09_E3eM9,decimal-source,SADDLE_POINT_LIKE,4,9,3e-9,3738353882269521071,0.00000000872242182534926167010148732907817152766985944,0.000000000000556489428413269215719195910503483705694872709,0.394011764426496504549079839110872825976479539,0.0000000174448436506985233402029746581563430553397189,15674.01172421136298327517503470616170085000019643163318684427018197296931189435858283029504524157548,FINITE,4.427493091758402438131619894578116251215394503953007649896660295021770188335340081474038238323051631E-8,FINITE,TRUE,FALSE
holdout,HOLDOUT_SADDLE_POINT_LIKE_D04_C09_E3eM9,binary64-operand,SADDLE_POINT_LIKE,4,9,3e-9,3738353882269521071,0.00000000809388771385398956450381735438763514884599348,0.000000000000415931836166091054364494410185527614410224033,0.394011764426295285333984822013547908788265297,0.0000000161877754277112616147935019888914169055717043,19459.64941866560047352140426424079415080385627179838137452674701037523197435902888633598111590064887,FINITE,4.108449769585340083078391160180571485146315606382169845295697559674373666739391755526719125733753105E-8,FINITE,TRUE,FALSE
holdout,HOLDOUT_SADDLE_POINT_LIKE_D08_C01_E3eM17,decimal-source,SADDLE_POINT_LIKE,8,1,3e-17,14003420763472323999,1.631565215642091874399683930352132589932116e-15,7.76567966128352525783391839837582317051849089e-17,4.16284125319849412510315374236396668136339959e-17,8.74610759547608231800544192142565523165959643e-16,21.00994744576450752380976119613782093270400319672606711753992671096936506055935543417583997150857057,FINITE,21.00994744576450752380976119613782093270400325599331382529298022502305077512339842022033608109075051,FINITE,TRUE,FALSE
holdout,HOLDOUT_SADDLE_POINT_LIKE_D08_C01_E3eM17,binary64-operand,SADDLE_POINT_LIKE,8,1,3e-17,14003420763472323999,1.52005935732760743182950022393506714516323054e-15,5.503688223330025302250036106748521908743674e-17,2.95028656603563645572458793695569865823571015e-17,8.14837345344205275098238026067858356271975116e-16,27.61892199641880043016051077181258983271277647423561926593062763301398196641415073224800114910271364,FINITE,27.61892199641880043016051077181258983271277645151004100356661147579200028159956155252725614548974513,FINITE,TRUE,FALSE
holdout,HOLDOUT_SADDLE_POINT_LIKE_D08_C01_E3eM16,decimal-source,SADDLE_POINT_LIKE,8,1,3e-16,11111807414320049097,2.25190758827557577026291996706435459866269161e-15,1.07338629784967794482788897863225214464128937e-16,4.14372563265561355173542838489807748463546218e-16,1.49136223289565329100993398035809281666514235e-15,20.97947023161034871368088890759008235165382626665324703809217287734996580070728159084110417346507068,FINITE,3.599085376557316370934753026865009710512681016825712848724091323902602271484989512008226491492932651,FINITE,TRUE,FALSE
holdout,HOLDOUT_SADDLE_POINT_LIKE_D08_C01_E3eM16,binary64-operand,SADDLE_POINT_LIKE,8,1,3e-16,11111807414320049097,2.10362990783360359589107742595721186277526594e-15,7.58271697514855029858969641993388625132495151e-17,3.78936443915906123897859808312980362911832783e-16,1.39316294010768182057814187014016587950048383e-15,27.74242945804253935107632492728848051652600630863508772724380404938563893244602603974837212116564585,FINITE,3.676508191481454987531066960606192524150532378021164937597155533374662796145320201875584956967663864,FINITE,TRUE,FALSE
holdout,HOLDOUT_SADDLE_POINT_LIKE_D08_C01_E3eM15,decimal-source,SADDLE_POINT_LIKE,8,1,3e-15,1891800510428293100,2.32394184276386083273748532013847905738725207e-15,2.72667767702256102787824460710016419988581165e-16,3.24922940275997865183418138124466483748139798e-15,1.96408933615350625787379165155292118080343311e-15,8.522979677236826971415808060957990859192739575347113984502453980298100535054181678709479542054235398,FINITE,0.6044785063452763553315799003871059707883982348637632180434061112597653294372382833297529555357179959,FINITE,TRUE,FALSE
holdout,HOLDOUT_SADDLE_POINT_LIKE_D08_C01_E3eM15,binary64-operand,SADDLE_POINT_LIKE,8,1,3e-15,1891800510428293100,2.0716571406860142756545556783169784881727013e-15,2.42641249967450424591041850567912115855174021e-16,3.33428951535855209726080084178865523108211551e-15,1.7508698467894980044720464704451860936959008e-15,8.537942913514996697203760328490173854389911099918749181371249429653736206095625487064370727916594034,FINITE,0.5251103237210097505910731830840901703760675930354611017098897335747565911521815432056577987191180085,FINITE,TRUE,FALSE
holdout,HOLDOUT_SADDLE_POINT_LIKE_D08_C01_E3eM13,decimal-source,SADDLE_POINT_LIKE,8,1,3e-13,3547531796882750342,1.86013057876445440374808988033483055612001544e-15,4.16246153404976939010173673309926650818856467e-16,0.000000000000400677808674262470212247191650184871741777818,1.64413868267100383148300621711112637687584411e-15,4.468823467912468502107860481235484794777521544310692332520939820188281769915800666095727194136408520,FINITE,0.004103393417546697893274125693874657858183020055737710061510503791872447620432938995981336013177134354,FINITE,TRUE,FALSE
holdout,HOLDOUT_SADDLE_POINT_LIKE_D08_C01_E3eM13,binary64-operand,SADDLE_POINT_LIKE,8,1,3e-13,3547531796882750342,1.88451848598945658452647759300105192552596417e-15,4.08418495616279849074299345708837724534580999e-16,0.000000000000400666551622596165646760663414156832741275328,1.6656947508931880470792749357467841869742983e-15,4.614184975011543893293724674643384387893247131433082696832513943889210321458490452608083093152068487,FINITE,0.004157309224210391510016457442173335330551691333190684372036861451403300239637095446755286715644098738,FINITE,TRUE,FALSE
holdout,HOLDOUT_SADDLE_POINT_LIKE_D08_C01_E3eM9,decimal-source,SADDLE_POINT_LIKE,8,1,3e-9,7547840890627550081,2.38629911191161089599172521803172961537395067e-15,3.90374952865844456246063597859927094457223109e-16,0.00000000439130198823153201611798598263637673255866705,1.68316561671412129940924856812984536354267606e-15,6.112838680845597420028793806795515991255079339901081838561337414725912598626410043898416952461206406,FINITE,3.832953463972462636038713550174869232105450783472959796994677903520286777558527942481213939441476428E-7,FINITE,TRUE,FALSE
holdout,HOLDOUT_SADDLE_POINT_LIKE_D08_C01_E3eM9,binary64-operand,SADDLE_POINT_LIKE,8,1,3e-9,7547840890627550081,2.30635183622934656305712901628932960171172417e-15,3.79102931677168099872291290731600560627712106e-16,0.00000000439130200238586872431515219285881994457213739,1.62677515631179745103035032959928507690037055e-15,6.083708785964656770984127052687547853836996855992640301320476924026320283893150038456536580613257340,FINITE,3.704539463302553472026907163833051887098085716229931588478759984259957046769648242918898921058167813E-7,FINITE,TRUE,FALSE
holdout,HOLDOUT_SADDLE_POINT_LIKE_D08_C03_E3eM17,decimal-source,SADDLE_POINT_LIKE,8,3,3e-17,9433527183245335118,0.000000000000068185381456965708968386410708583859906996858,2.34634037762113537968798840591871228445910213e-16,1.77911137562932691341514812838090034320366704e-15,0.0000000000000358870428720872152465191635308336104773667674,290.6031115830528179297550116493520337950360044090128101400071117016058158341811526372312015697568349,FINITE,20.17133011663918697880092195451169162031044190862265084473806597147625236492712737504783760103554345,FINITE,TRUE,FALSE
holdout,HOLDOUT_SADDLE_POINT_LIKE_D08_C03_E3eM17,binary64-operand,SADDLE_POINT_LIKE,8,3,3e-17,9433527183245335118,0.0000000000000303349227829233351036564392053348544569899936,8.45280238647736284070250730895252196980383346e-17,1.77795708100996951415116289439672815349172427e-15,0.000000000000015965748833117548477599382901085318485119875,358.8741507958660476233484408175780055445997262150708580752292499135979645421277408935086437798153304,FINITE,8.979828030521521883111243316391297305428178601754429435872849368733267314713318264062440751170441819,FINITE,TRUE,FALSE
holdout,HOLDOUT_SADDLE_POINT_LIKE_D08_C03_E3eM16,decimal-source,SADDLE_POINT_LIKE,8,3,3e-16,2288230382124934479,0.000000000000125098660686995530220279830954390644858954007,1.12590911335017220526075116144090164300168668e-15,0.0000000000000103577669685330010746571445875124290430971962,0.0000000000000788047489345339954990904255044041708032831616,111.1090222147338094127147391116602384859807622412030324239441776353725224263794692134913721212208615,FINITE,7.608275912553700567229370368584320130692188479695694862577594096038447028113907632901237103410189003,FINITE,TRUE,FALSE
holdout,HOLDOUT_SADDLE_POINT_LIKE_D08_C03_E3eM16,binary64-operand,SADDLE_POINT_LIKE,8,3,3e-16,2288230382124934479,0.000000000000093995209817736160255665750393744441756837431,8.0776221453933294577357436676237539079084302e-16,0.0000000000000100684487487717873968726857442521804136678915,0.0000000000000592114165735873251239368923099960370359672772,116.3649501373887104271911386702094212595952718399411572079061302668540471771683663814275042393536521,FINITE,5.880887716770699710345278461904840423754019230411176856944233340661303629815123079349921102404940711,FINITE,TRUE,FALSE
holdout,HOLDOUT_SADDLE_POINT_LIKE_D08_C03_E3eM15,decimal-source,SADDLE_POINT_LIKE,8,3,3e-15,13478521951666710762,0.0000000000000488862358997830767837332287635749350990188468,1.87567640237621813591708347606303405513622059e-16,0.000000000000229494509140615142868256879161958433112886282,0.0000000000000401842383754756990073789061758596824145385089,260.6325688047847331409328964209387160193104478528747328863891195272225138636303848210672550926578104,FINITE,0.1750989098865722350577133608333336728391778504643142796280517531773808696089556859237563153065039488,FINITE,TRUE,FALSE
holdout,HOLDOUT_SADDLE_POINT_LIKE_D08_C03_E3eM15,binary64-operand,SADDLE_POINT_LIKE,8,3,3e-15,13478521951666710762,0.0000000000000404889456669408396606208410326526845887789978,6.64125597017437972719143413671424357268304663e-16,0.000000000000229663419231231827706887178156800401902610074,0.0000000000000332817083235335451863035869855495248061195522,60.96579600120083878223268992008503046554527042867742839246918094970973329182480579016671424411222744,FINITE,0.1449151477189519272846704005182393483458316410065839919066347298271286991207880800652896009655435111,FINITE,TRUE,FALSE
holdout,HOLDOUT_SADDLE_POINT_LIKE_D08_C03_E3eM13,decimal-source,SADDLE_POINT_LIKE,8,3,3e-13,8551966113551742042,0.0000000000000792505756534668279990203612763363920968236789,2.2803950708103112635914970424028163536033048e-15,0.0000000000201673537186696413694776506993349585539348332,0.000000000000045603581759985605017654334706279503965634904,34.75300252482394579529229674148461407064905585829155086305788793208592380435522833630246180379232673,FINITE,0.002261257594632692770289157477848422101164770721369384077139394754775947981800855111596477300928761388,FINITE,TRUE,FALSE
holdout,HOLDOUT_SADDLE_POINT_LIKE_D08_C03_E3eM13,binary64-operand,SADDLE_POINT_LIKE,8,3,3e-13,8551966113551742042,0.0000000000000805099800973138151434608428174949218512400693,2.16081468631197364689762255512976950292811072e-15,0.000000000020167358236801802811091617116345922675135642,0.000000000000046328287581366635921860675023355469070786871,37.25908593981573958200346757954870297055507574268133652833146787662699595001411818244094415571358194,FINITE,0.002297191681596940180119879204409583979295877154372892488098320015604663181674107418082108111352874991,FINITE,TRUE,FALSE
holdout,HOLDOUT_SADDLE_POINT_LIKE_D08_C03_E3eM9,decimal-source,SADDLE_POINT_LIKE,8,3,3e-9,15269053941530465457,0.0000000000000635827090441782166104701685238896727405570708,1.08187114811725086303226067228614843005223298e-15,0.000000199517550138601825794281593552589039660359692,0.0000000000000422013262072994541159262917958916763312219241,58.77105527292170625332491460451072777642690697211589117409524093954323537513533563692658641990048717,FINITE,2.115168624413382722235658029091110844053357749341323899814190366501883097919818064498007225606015264E-7,FINITE,TRUE,FALSE
holdout,HOLDOUT_SADDLE_POINT_LIKE_D08_C03_E3eM9,binary64-operand,SADDLE_POINT_LIKE,8,3,3e-9,15269053941530465457,0.0000000000000555947184351758126706988016221243932546763771,9.89257738007550501702443130077845988864645246e-16,0.00000019951755018739873207260628147226271530957552,0.0000000000000368995106272629104360960500013737606945299296,56.19841654930930288145861696064205031548451266464593375763174212131340055582503745761281404210933590,FINITE,1.849436833632164121351316001768965396802758281611114334718963480805761894596946994330221147321879098E-7,FINITE,TRUE,FALSE
holdout,HOLDOUT_SADDLE_POINT_LIKE_D08_C05_E3eM17,decimal-source,SADDLE_POINT_LIKE,8,5,3e-17,4488722616996775095,0.00000000000224213053217784246001874727660903895117721172,1.41479956542661134684381435493749862182368007e-15,0.000000000000147201426705969689923047369851674414154919631,0.00000000000125930596820365394664070044638436414090810479,1584.769028043744140201685025931094886710167333272062754398265069444668104789468902715697896907383974,FINITE,8.554984801329940778898562764794661823683619297227761135128411457081590311352965535107293568278716887,FINITE,TRUE,FALSE
holdout,HOLDOUT_SADDLE_POINT_LIKE_D08_C05_E3eM17,binary64-operand,SADDLE_POINT_LIKE,8,5,3e-17,4488722616996775095,0.00000000000349797515049857132988273186522743395995112139,1.44388112392942260157587347326874974370247051e-16,0.000000000000148031360302158725705063649064551910657068806,0.00000000000196465857827296654823959194963120159917064714,24226.19904455204679377528994361937184913599319660660979414010974193967637038892716557091237327917949,FINITE,13.27190788669876283998005224150487224160595928571838292134945369443583411708758477175226074577162699,FINITE,TRUE,FALSE
holdout,HOLDOUT_SADDLE_POINT_LIKE_D08_C05_E3eM16,decimal-source,SADDLE_POINT_LIKE,8,5,3e-16,11430542914715790234,0.00000000000298123815582766975070209168725470924723738599,1.88818377342059716721573443709032741115023677e-15,0.00000000000142560970461355895532591818360412749031453744,0.0000000000021571482218857131371166503140733515870784788,1578.891947803849848102713889737158176847829455413645079140300297821714309794047990948349663772702315,FINITE,1.513140809090137929525689228327368667934273369336215503042137679333499635966914763773189626460618847,FINITE,TRUE,FALSE
holdout,HOLDOUT_SADDLE_POINT_LIKE_D08_C05_E3eM16,binary64-operand,SADDLE_POINT_LIKE,8,5,3e-16,11430542914715790234,0.00000000000269756861593952074233361143247075159539972099,5.2812157394550283055735579141845405672910038e-16,0.0000000000014267420438350823445488850085193685643347059,0.00000000000195189214652766375806662473172322737918179212,5107.855367063426198455181079631076159244064634511680521840493062971591157901692518345677523801141380,FINITE,1.368076419253040329978383097806765529810081371416654132558727756168412775580072142508376703845765676,FINITE,TRUE,FALSE
holdout,HOLDOUT_SADDLE_POINT_LIKE_D08_C05_E3eM15,decimal-source,SADDLE_POINT_LIKE,8,5,3e-15,13586161394110213915,0.0000000000058715900143163529152560980841554639250319004,0.0000000000000190889699906762111772433322956657445628109601,0.00000000000738227991048178326271892291233618087606126541,0.00000000000259237032046067107847293687265791341240352037,307.5907195194011949253821511138344450073879840961207120621755975372759594035459134588870826980056966,FINITE,0.3511612065508211658477426447629972696434394891950159675745185268288966497730117013372355181972707992,FINITE,TRUE,FALSE
holdout,HOLDOUT_SADDLE_POINT_LIKE_D08_C05_E3eM15,binary64-operand,SADDLE_POINT_LIKE,8,5,3e-15,13586161394110213915,0.00000000000377720511621425626490554649062374681080826225,0.0000000000000124524604088241695969283089586110312791687892,0.000000000007385142116566072990341350979314213895304488,0.00000000000166767679856580233962772984395893864677801065,303.3300241241980330403835454699054989490881802827398375393100128994773824342131757580530009728236719,FINITE,0.2258151261334473818422399511563055708827481390480401035370336437262214386952554080467417674399231913,FINITE,TRUE,FALSE
holdout,HOLDOUT_SADDLE_POINT_LIKE_D08_C05_E3eM13,decimal-source,SADDLE_POINT_LIKE,8,5,3e-13,11073728390100552984,0.00000000000361534065795073264858855794329827734267406649,9.83217446701263484254220429245226731146087519e-16,0.000000000424843887412113452708967257368920108586135279,0.00000000000233856946519188977424699699073154203825957334,3677.050961697592863306630081625909593310907061917559128641435580943120723862973633461098575623625360,FINITE,0.005504538336274556011008381170179995124968030081933480932846985012736940964906627721150605914939771293,FINITE,TRUE,FALSE
holdout,HOLDOUT_SADDLE_POINT_LIKE_D08_C05_E3eM13,binary64-operand,SADDLE_POINT_LIKE,8,5,3e-13,11073728390100552984,0.00000000000299939067849856499812800428001256075957694523,1.04505265237964861589434949652703911431620228e-15,0.000000000424844214956243959100877809739845817514113456,0.00000000000194014454474500522884062147147209534792965479,2870.085704934358592251595634775152933912492570523382489813288287046144565255286071549787311582949693,FINITE,0.004566719932728345643101011745646255398241700886854161170735084801741991042372862626296406558189066566,FINITE,TRUE,FALSE
holdout,HOLDOUT_SADDLE_POINT_LIKE_D08_C05_E3eM9,decimal-source,SADDLE_POINT_LIKE,8,5,3e-9,11839887452128031056,0.00000000000441576406556522896982285815285047211315008736,3.72843921035624210580191907660407288448603778e-15,0.0000163824964516031241063715389686299641225217027,0.00000000000276525872155786308472801858579957398783792794,1184.346536561424818198660300227228171326993814946932046152594737509630746325559987415784952248453982,FINITE,1.687934882041293636165835272147776571144574804530954243173531485598661663849183848580764483482737419E-7,FINITE,TRUE,FALSE
holdout,HOLDOUT_SADDLE_POINT_LIKE_D08_C05_E3eM9,binary64-operand,SADDLE_POINT_LIKE,8,5,3e-9,11839887452128031056,0.00000000000361683791934259659677106360146961549477757067,1.76723067110956397466193695484694231388076421e-15,0.0000163824964502982638633300678093144023813959026,0.00000000000226495176201021524721775501881956200218491087,2046.613369986244145125019361842975116714270111382672104605305962347034924798704466800565624513364465,FINITE,1.382543722125438924810124712480426766452761579145680762666284101546088869283027179030790193455933684E-7,FINITE,TRUE,FALSE
holdout,HOLDOUT_SADDLE_POINT_LIKE_D08_C07_E3eM17,decimal-source,SADDLE_POINT_LIKE,8,7,3e-17,3243211534124562552,0.000000000197506418718068449716733162112675398605824566,8.34116783819496370656083237068103660264590736e-15,0.00000000000274829638733418464144123942050960050338694861,0.000000000164020153166356841213001457548465928811613583,23678.50911879133438593915209943809072373084862704074000046760312771780932552975022975679918879164681,FINITE,59.68066396414197226289537529839647500851172687324967601813110278737054237272495299452780837629517717,FINITE,TRUE,FALSE
holdout,HOLDOUT_SADDLE_POINT_LIKE_D08_C07_E3eM17,binary64-operand,SADDLE_POINT_LIKE,8,7,3e-17,3243211534124562552,0.000000000221532370695192988795069293929963524686029427,9.70335305822194124841109529163869752681150871e-16,0.00000000000274057392675363530942696540954902856437486398,0.000000000183972620275189021939342504510650634745312745,228304.9677425495567690449227259045620067763827808882832818866220181817199262323692126034861092132427,FINITE,67.12923102684370468714475473556770294302413694508460856425201477962975907093319716480809825611140013,FINITE,TRUE,FALSE
holdout,HOLDOUT_SADDLE_POINT_LIKE_D08_C07_E3eM16,decimal-source,SADDLE_POINT_LIKE,8,7,3e-16,12347061632920589424,0.000000000704915781182220568443177217687074325606596635,0.0000000000000620839601449566503950406743197988041507939453,0.0000000000199702838336233353942354873447416065721128253,0.000000000416098629154889779930297599671762264373759519,11354.23351758407340529002625366143414177008777235405204281606338134353644903051854997782006083628277,FINITE,20.83588959583627328381947625714790846966838680689024966757354464122048923205625827988401923291892265,FINITE,TRUE,FALSE
holdout,HOLDOUT_SADDLE_POINT_LIKE_D08_C07_E3eM16,binary64-operand,SADDLE_POINT_LIKE,8,7,3e-16,12347061632920589424,0.000000000711231414676325625769345543934584409240837298,0.0000000000000153762378512146746612839481980294052556545637,0.00000000001994315489530782427581023887275307730498677,0.000000000419826629732112584950256033841205905173680117,46255.22976155968933753921010769306383457993487857562482630890285614013709698792353431129897501736337,FINITE,21.05116426844221858280665131039987531687149943551438564000368228286714229360913312529624492207752348,FINITE,TRUE,FALSE
holdout,HOLDOUT_SADDLE_POINT_LIKE_D08_C07_E3eM15,decimal-source,SADDLE_POINT_LIKE,8,7,3e-15,17699903597690974051,0.000000000299700927334699699717870312175315060763667805,0.0000000000000459329083892940230779684395889338209405348731,0.00000000163670920874355949907384357367941953185703803,0.000000000185866624890495634690261503566545946196625461,6524.753991074372407218304100915408402293890678940057797775370760396401412461681722802363008755805329,FINITE,0.1135611774514169791792666657458321376723229445953863166249021353477926359310616430874642287828274635,FINITE,TRUE,FALSE
holdout,HOLDOUT_SADDLE_POINT_LIKE_D08_C07_E3eM15,binary64-operand,SADDLE_POINT_LIKE,8,7,3e-15,17699903597690974051,0.000000000179687095095811394326269613783306463849033221,0.0000000000000155666463928089053217745595830555771975213144,0.00000000163672902103173719248053057782605215152741861,0.000000000111437205746572686304545086523832829927478659,11543.08324102606960938776458038601384204910784253000744581279683454961983270360010878798052788155234,FINITE,0.06808531181070311678582490279283596836505521137669706479890659712108506692782276149840466688478340392,FINITE,TRUE,FALSE
holdout,HOLDOUT_SADDLE_POINT_LIKE_D08_C07_E3eM13,decimal-source,SADDLE_POINT_LIKE,8,7,3e-13,10119401295589818798,0.000000000503992795688996982441565989073676873773712206,0.0000000000000233846679514634532361635119808871477609195232,0.000000153328822623329711726746568385062067499047082,0.000000000390001334333976438331772275334079665122172185,21552.27505197294177401693933668531957973132834004456516649895964654250593215493651938600011641103290,FINITE,0.002543561788719010714178600193199931388307878095550448310307579077407904812575403043448683628739321411,FINITE,TRUE,FALSE
holdout,HOLDOUT_SADDLE_POINT_LIKE_D08_C07_E3eM13,binary64-operand,SADDLE_POINT_LIKE,8,7,3e-13,10119401295589818798,0.000000000400052074487373527069135388316039024889332285,0.0000000000000196851322037727947439772060589833023903292399,0.000000153328819861117362175077287413302662923774483,0.000000000309569589461804809313182381565450976644656041,20322.54954379735986563912139789893986158200096629313422929166428789437288549013025572228069463059479,FINITE,0.002018991535591336837538426045068469449199598988898262163755178852983596105020276245397903282196070683,FINITE,TRUE,FALSE
holdout,HOLDOUT_SADDLE_POINT_LIKE_D08_C07_E3eM9,decimal-source,SADDLE_POINT_LIKE,8,7,3e-9,5145448913922400012,0.000000000453247720556061836583835480147784169136909359,0.00000000000039243662868279495430608888740774662805096137,0.00135799179028275206221300334258585414905980801,0.000000000265698519299267718077262266355396022896616739,1154.957736940555205677807574703351993177420023856524471388472571949232907327833644617250413263901407,FINITE,1.956554680230767308324352892031776744950355416313181384190379215176699396180187444826903850472332084E-7,FINITE,TRUE,FALSE
holdout,HOLDOUT_SADDLE_POINT_LIKE_D08_C07_E3eM9,binary64-operand,SADDLE_POINT_LIKE,8,7,3e-9,5145448913922400012,0.000000000369568220852214009477246830090882985840022297,0.000000000000374062904054553327659607530983638088656245273,0.00135799179029359279248364157337041444774175814,0.000000000216644727832344285941471077690721839283470653,987.9841514525487037884853422383289872072318774524644093725522227426376695866913213422430567120027137,FINITE,1.595331646191369821515534815782887321214493005241601073049015910287250955989100547797906657103475514E-7,FINITE,TRUE,FALSE
holdout,HOLDOUT_SADDLE_POINT_LIKE_D08_C09_E3eM17,decimal-source,SADDLE_POINT_LIKE,8,9,3e-17,13312967376473306825,0.0000000533607651389090508444632454924832334887988011,0.0000000000000921239347529749759075973176173005913731510505,0.000000000257773503542418827949910720746691098265864944,0.0000000416677571449890673538086564966210237956266476,579228.0288721152503048467448641996914908450108499831791770836947924561104371698347083938827184329673,FINITE,161.6448415852495973451102979627616384719704847266039883299522721175131073144408230811466110322910858,FINITE,TRUE,FALSE
holdout,HOLDOUT_SADDLE_POINT_LIKE_D08_C09_E3eM17,binary64-operand,SADDLE_POINT_LIKE,8,9,3e-17,13312967376473306825,0.000000045726989446044818238004871550595546547196395,3.82088908628963886170518347559643340479088105e-15,0.000000000257704554688191673394304049552249095487999717,0.0000000357067798081466084733816652085684300992710005,11967630.67792921726049323480114442656629516181236613935981663015180616253957471755808470367554098381,FINITE,138.5570381220069884664874663901050256012409820441649997950699207767208899262448658683046660388631097,FINITE,TRUE,FALSE
holdout,HOLDOUT_SADDLE_POINT_LIKE_D08_C09_E3eM16,decimal-source,SADDLE_POINT_LIKE,8,9,3e-16,11344773040843552599,0.0000000359973028176103799972459060803653723308522268,0.000000000000938832948817961345933800101505167742705679068,0.00000000683366147495532599477641048284887966333201158,0.000000018638696882721960572740948246031837144610594,38342.60702389367948489495762883804334600539111731919126548075422685352756295524525469064999005523291,FINITE,2.727483202238051771735588297384720709965773139152072299470584014534930105984758595323910134263572677,FINITE,TRUE,FALSE
holdout,HOLDOUT_SADDLE_POINT_LIKE_D08_C09_E3eM16,binary64-operand,SADDLE_POINT_LIKE,8,9,3e-16,11344773040843552599,0.0000000545625707673685271977870098815519021140247505,0.000000000000342357804362203024117381680436595589421447305,0.00000000683397013440564741970426904280165977483640691,0.0000000282514282480501265731185319407660350423400765,159372.9427871992231781490189587983965429358957994459567428542618015593271983967367008116941718151009,FINITE,4.133970107041909449770270312594540551422267663863649357931279210771627706001724677424133330188026512,FINITE,TRUE,FALSE
holdout,HOLDOUT_SADDLE_POINT_LIKE_D08_C09_E3eM15,decimal-source,SADDLE_POINT_LIKE,8,9,3e-15,14729915059880325320,0.000000032522900960764486234832027153447327753242732,0.000000000000181283265231100116871263191400435680092753637,0.0000000444136862603757561944414270530792166496348804,0.0000000220779837674712963389314001116929435575295737,179403.7685679605028717421936579911858111861293400872485187999121758739608185564336585636578139038927,FINITE,0.4970986564375417470589049689725330335710598643308226378513973241294565429438734491915653501587460974,FINITE,TRUE,FALSE
holdout,HOLDOUT_SADDLE_POINT_LIKE_D08_C09_E3eM15,binary64-operand,SADDLE_POINT_LIKE,8,9,3e-15,14729915059880325320,0.0000000311484670773290353812898444447950640063314254,0.000000000000717521943695956692433306215856249413662623019,0.00000004441428944615592118048984593837990362793381,0.0000000211449572516454749146831264414858932116282042,43411.17000113366720081045851834883002758032061917019239495844389704898462171709861484754283862179977,FINITE,0.4760845555635829601461968401709637150316909972119320070753128983509356757728747644709400391762476046,FINITE,TRUE,FALSE
holdout,HOLDOUT_SADDLE_POINT_LIKE_D08_C09_E3eM13,decimal-source,SADDLE_POINT_LIKE,8,9,3e-13,6410590786329050910,0.0000000329538300195855169998086994166036669219828984,0.000000000000180626297196893585733791657508058403774818828,0.00000971645503758484224365838351161767289191765184,0.000000024098227162695710328417735472539202070530107,182442.0393430523003246290362388486655345430793407616539780759355702885643793913444775499009567497268,FINITE,0.002480146006900645751749757322073599432323327049206470107365754014978880475786137028631671009976827909,FINITE,TRUE,FALSE
holdout,HOLDOUT_SADDLE_POINT_LIKE_D08_C09_E3eM13,binary64-operand,SADDLE_POINT_LIKE,8,9,3e-13,6410590786329050910,0.0000000270768722489851734638244407115696116998945821,0.000000000000179436225596599611292993034506010810618979001,0.00000971645502177756057169820222707738987608363662,0.0000000198005700072961374221303913735567089813865667,150899.6979788137668714001352725427220613303715899075577918155327601570262494384467122248106753555514,FINITE,0.002037838899363705935536621982545591566132389029986318554474925488418037856388197841315792377375890613,FINITE,TRUE,FALSE
holdout,HOLDOUT_SADDLE_POINT_LIKE_D08_C09_E3eM9,decimal-source,SADDLE_POINT_LIKE,8,9,3e-9,10142255900902605375,0.0000000477195884338260847811110610728050515698841778,0.000000000000157912775764655639676277722863410083541164036,0.0367447115122967363251579786639258885022135684,0.0000000352753348114820522114675476536816719960326987,302189.5359812095749816423038337208866255638907639306737110372074665402481755809445600898246468449160,FINITE,9.600112059575443269601040311034318532030258030371402503470414148752287681804783864538276746901805779E-7,FINITE,TRUE,FALSE
holdout,HOLDOUT_SADDLE_POINT_LIKE_D08_C09_E3eM9,binary64-operand,SADDLE_POINT_LIKE,8,9,3e-9,10142255900902605375,0.0000000404511627462796907250624877530312181484690537,0.0000000000000651250537352259947296784234770319812831822653,0.0367447115121330528615705957389897065025586698,0.0000000299023599368957506408315917892899934620855209,621130.5853310912202709998554144082131494393445586971076808324221266940634121624609838015903635164418,FINITE,8.137867656689053823411894117171129295202236022972525552738984566009205487643001445815944851037947835E-7,FINITE,TRUE,FALSE
holdout,HOLDOUT_SADDLE_POINT_LIKE_D16_C01_E3eM17,decimal-source,SADDLE_POINT_LIKE,16,1,3e-17,4359946375755090587,4.10370920395491380511508321794022751528012855e-15,7.58533659592015100759567172107364200488377952e-17,3.34912703533490951434658501163186865022425224e-17,2.07268614723869168766152621777541307615244377e-15,54.10055509154511029744724737630189970271827895225155038162042773300694122791706663675212296289761311,FINITE,61.88735528305885974376269572489328879461148574855440328228499571854067507210291427889964597571976121,FINITE,TRUE,FALSE
holdout,HOLDOUT_SADDLE_POINT_LIKE_D16_C01_E3eM17,binary64-operand,SADDLE_POINT_LIKE,16,1,3e-17,4359946375755090587,4.2051174622162785670251295423397316921037237e-15,4.84824600983437852078860096322802010284540846e-17,2.20690605600228774602576508504092502385433296e-17,2.12390505229935432514104897862240846045680609e-15,86.73482025636586991849183953266058636090212878001595057809109423438958094170068324608441967287028701,FINITE,96.23903321678830086473772240126735464960247269330858689340249896323566314463604107101142491370524651,FINITE,TRUE,FALSE
holdout,HOLDOUT_SADDLE_POINT_LIKE_D16_C01_E3eM16,decimal-source,SADDLE_POINT_LIKE,16,1,3e-16,1121387192104403508,5.32109695221079109071286800744952221873373155e-15,5.38998348415569368407158619065937641082074218e-16,3.81846253286073378088678765254497720008840226e-16,2.45443899968091984776587595019767697543992713e-15,9.872195281956985019549396729392277966613858774461664666324007003905574562789184224181452198741776798,FINITE,6.427820041596929470773491333693464731425997678650145894719663805164879295877232022440873611230185134,FINITE,TRUE,FALSE
holdout,HOLDOUT_SADDLE_POINT_LIKE_D16_C01_E3eM16,binary64-operand,SADDLE_POINT_LIKE,16,1,3e-16,1121387192104403508,4.76002267542372935984070701020915426818964606e-15,4.99150619580748508068682789396033027158334673e-16,3.57709671689804967698765162115961061034118686e-16,2.19563473450176934933168908304747965954630115e-15,9.536245150655756706614772652260701163982920106429336892335972944257058675729682256589993680497567647,FINITE,6.138035698419017115838312124932391933535715776861013570069772542062532691945489008995755281349512677,FINITE,TRUE,FALSE
holdout,HOLDOUT_SADDLE_POINT_LIKE_D16_C01_E3eM15,decimal-source,SADDLE_POINT_LIKE,16,1,3e-15,10833708825178741830,4.64351439259466101088920082963881528095447116e-15,6.65810085401450303005102909313203659296679611e-16,3.86376427801828183308277642002464707187510062e-15,2.22129417377816382428145195400433699297343986e-15,6.974232584348513175006095441654365727779501823040677464912743703774880722050892761409748960895937567,FINITE,0.5749041644221271829639534688902946551293647286049276956485611045679710429928408566810002314407792235,FINITE,TRUE,FALSE
holdout,HOLDOUT_SADDLE_POINT_LIKE_D16_C01_E3eM15,binary64-operand,SADDLE_POINT_LIKE,16,1,3e-15,10833708825178741830,4.99046479864752236318152798743709600745545989e-15,6.07762581796068406208786791109783968162872227e-16,3.90117457305738044770077561170642243957187968e-15,2.38726306078845176740121520174593440199193536e-15,8.211207711898997820862541469762311407186067088976422088008275152769517185874030294146197282936368746,FINITE,0.6119344356634456859306832199664125694566967769507639750023416747010178450001912012322089378086418278,FINITE,TRUE,FALSE
holdout,HOLDOUT_SADDLE_POINT_LIKE_D16_C01_E3eM13,decimal-source,SADDLE_POINT_LIKE,16,1,3e-13,17798971932381134614,4.94746386695744740091330527101881811500578536e-15,6.72726945694557937373079319338768997046090942e-16,0.000000000000384113221337666937405501668438874408192509817,2.19077382312463850152862150695133320317496853e-15,7.354341755776455423952878447816415601931746774146455806095413739678236485850651370156432420022492995,FINITE,0.005703458515422381496227167723547706315269922047684436505719639377412182116921261423929505726840512831,FINITE,TRUE,FALSE
holdout,HOLDOUT_SADDLE_POINT_LIKE_D16_C01_E3eM13,binary64-operand,SADDLE_POINT_LIKE,16,1,3e-13,17798971932381134614,5.13998043556113130720418351858880738424115588e-15,6.75146369684653996017513485256775886947882347e-16,0.00000000000038410763025682808620583530820570498395829167,2.27602159255890022114495777853205571900978971e-15,7.613134967995018616690108256447879600923308223442894020696944165968526170908655034550399997076262207,FINITE,0.005925478728545618475319535520481498623593992804303112738944183722317029966230504606381947390722903177,FINITE,TRUE,FALSE
holdout,HOLDOUT_SADDLE_POINT_LIKE_D16_C01_E3eM9,decimal-source,SADDLE_POINT_LIKE,16,1,3e-9,13407786966269132318,5.65858852084690063473312261373738945909175685e-15,7.84563799712204137577635056129354977254016354e-16,0.00000000365701333552372320011150112823559113605475326,2.80831032979592573855134117175939832237178499e-15,7.212400728815935329438342924065949915453565946898067970589957602329928462303907187749213641972103924,FINITE,7.679245526715438773159429043669036880580605650305643448619048408117576700732314577369607126810825085E-7,FINITE,TRUE,FALSE
holdout,HOLDOUT_SADDLE_POINT_LIKE_D16_C01_E3eM9,binary64-operand,SADDLE_POINT_LIKE,16,1,3e-9,13407786966269132318,5.43187438297806234240011722270059661063479167e-15,7.6500685775794560221948988563947012739476505e-16,0.00000000365701334775758089131208716576908779247368518,2.69579399238382744365311875012841693376055452e-15,7.100425738532074203347510662892975923700210749122640838246009696454467734533692892871820200904340502,FINITE,7.371572745384817920302402374026913030310620821885212739334380585591937995224782427927253763220616480E-7,FINITE,TRUE,FALSE
holdout,HOLDOUT_SADDLE_POINT_LIKE_D16_C03_E3eM17,decimal-source,SADDLE_POINT_LIKE,16,3,3e-17,2279110587639727874,0.000000000000126266685151280626898640211605306192392711911,4.91039086236987587366235642942910002574208115e-16,1.76766091336232126702128715143083526522332823e-15,0.0000000000000630545735585969734804789450811836377044770097,257.1418216804460388060279979307145958998920707375126622901537021723608046397674398257653134230000987,FINITE,35.67119297708459407726962331847684222799943032300334872266836689295212705477245609510928244119830362,FINITE,TRUE,FALSE
holdout,HOLDOUT_SADDLE_POINT_LIKE_D16_C03_E3eM17,binary64-operand,SADDLE_POINT_LIKE,16,3,3e-17,2279110587639727874,0.000000000000105217246104977936663230386344146222372309476,2.1713720766960580946350785691146253137232552e-16,1.71895022613463641477648266209141902088702835e-15,0.0000000000000525429853188162586022517899448949576038738361,484.5657141592961513746104154762203375903279499396452770150778983932256607623893430030139120721800101,FINITE,30.56690328780982418787127514270444385734205303244106303743658044337359097319409010776042289423778115,FINITE,TRUE,FALSE
holdout,HOLDOUT_SADDLE_POINT_LIKE_D16_C03_E3eM16,decimal-source,SADDLE_POINT_LIKE,16,3,3e-16,1077516742670791266,0.000000000000164752563595265990045208355200773884102169594,1.39668882871786154990384008346078800505858773e-15,0.0000000000000117845729551805276955226810614001692952316998,0.0000000000000804868942491510534387740932935912500454106992,117.9593909593350587217749751822926579966854656473498292759979864636501289016100914598660973762913744,FINITE,6.829852431247312509730314234648827735571576786628036530790848391571386228921262287423655585447872237,FINITE,TRUE,FALSE
holdout,HOLDOUT_SADDLE_POINT_LIKE_D16_C03_E3eM16,binary64-operand,SADDLE_POINT_LIKE,16,3,3e-16,1077516742670791266,0.000000000000142109785118425514261508130715871058074358592,9.06697663125564242153726822780203006119798114e-16,0.0000000000000118749337412755758964845180425536825482321592,0.0000000000000694251731019799099874494353874106747568773477,156.7333753001472187226201099186557372693054339856651617207605316011410161213179313820457758826319127,FINITE,5.846362987329176480837619907447590386154437548882149914600690028304767891698976181140221124419108348,FINITE,TRUE,FALSE
holdout,HOLDOUT_SADDLE_POINT_LIKE_D16_C03_E3eM15,decimal-source,SADDLE_POINT_LIKE,16,3,3e-15,6339206448228004771,0.000000000000167568585144335505187558777213648953797854417,3.35700997565706175843980995619928558908701603e-15,0.000000000000139301282673830645413061165292570830758237471,0.0000000000000828573327239699678288181182659631320706953766,49.91602240071913868370954598077478482097644278522454438043595960196382055988176816733046880660221922,FINITE,0.5948066746662891612328147477816471588116149197600955856685368291852150824428144276664769478929146533,FINITE,TRUE,FALSE
holdout,HOLDOUT_SADDLE_POINT_LIKE_D16_C03_E3eM15,binary64-operand,SADDLE_POINT_LIKE,16,3,3e-15,6339206448228004771,0.000000000000162556581246821930042291975235159560842429486,2.6237372394108565838018533447525439442303271e-15,0.00000000000013956375413425150615433504428972511312396032,0.0000000000000803790562964855989168833494294909573543498908,61.95612075976135883221396652624637711414651023441851582967152947369227000656316335304107883929309232,FINITE,0.5759307407220217760434424990726220996288900840236101187965706919710294972197737274728925269791991729,FINITE,TRUE,FALSE
holdout,HOLDOUT_SADDLE_POINT_LIKE_D16_C03_E3eM13,decimal-source,SADDLE_POINT_LIKE,16,3,3e-13,4371530004298901452,0.000000000000127036499255046098472011262066148672092334355,1.2264307543385234979399295392526528436713246e-15,0.0000000000195660171083650428445646667519577306040958533,0.0000000000000621355828508486090154603748057636507842562555,103.5822844507542911918312399279567928018638015045005557241230270504300677082908601233425190247503872,FINITE,0.003175688874578558735829960130962932701824383974182585798736150275982184685066330005324127907044984587,FINITE,TRUE,FALSE
holdout,HOLDOUT_SADDLE_POINT_LIKE_D16_C03_E3eM13,binary64-operand,SADDLE_POINT_LIKE,16,3,3e-13,4371530004298901452,0.000000000000147567517192357067719006971065956729750684937,1.26215381788060379076115649929504099137915117e-15,0.0000000000195660398679781853859239827786096396990078464,0.0000000000000721776319748161838320364368878621532913934072,116.9172212624218680868255747678092370707105741529369662215266916126265524406147210877157815739848952,FINITE,0.003688923893738058915169237526186579317608066238560778576897254303503813411950555778808765502145542259,FINITE,TRUE,FALSE
holdout,HOLDOUT_SADDLE_POINT_LIKE_D16_C03_E3eM9,decimal-source,SADDLE_POINT_LIKE,16,3,3e-9,14230455360788489457,0.000000000000135102605658179472053081229714281289876794864,2.23224981722530853205283618997203217918029309e-15,0.000000173469318316200287226974331881237155938793126,0.0000000000000803101630003400192480658587294823952070932229,60.52306718345364685974217982201377687441360083352546363546659312780687494784543727725422729048905487,FINITE,4.629646543831483937475181377590080502687502511351655726727240291650356842225084998819143994174707067E-7,FINITE,TRUE,FALSE
holdout,HOLDOUT_SADDLE_POINT_LIKE_D16_C03_E3eM9,binary64-operand,SADDLE_POINT_LIKE,16,3,3e-9,14230455360788489457,0.000000000000152096450871277906816154712552577621744254923,2.4079129383372700587441462067089000597616e-15,0.000000173469318405722734604515627307824208120366648,0.0000000000000904119554300099973337382487971732936214672099,63.16526168770232974932999011553434628011251613929008360504034133772637272646141304199900345929027723,FINITE,5.211985396665242008293128794171464311722544541919954533697554753143177584150543330519629755761692388E-7,FINITE,TRUE,FALSE
holdout,HOLDOUT_SADDLE_POINT_LIKE_D16_C05_E3eM17,decimal-source,SADDLE_POINT_LIKE,16,5,3e-17,3132591901679570447,0.0000000000136792272544950533996196410865968307115952979,1.15813935921380497275226082910665334788747174e-15,0.0000000000000911136353767759355450713050372748254397566188,0.00000000000654366181154846077619294250348630337357091393,11811.38275430091917951111581054621366224126012838944085648398118849769845924751628447116269020116533,FINITE,71.81868865717965448051630660085278895014134776197802987643059084226130829237044016667018126623109636,FINITE,TRUE,FALSE
holdout,HOLDOUT_SADDLE_POINT_LIKE_D16_C05_E3eM17,binary64-operand,SADDLE_POINT_LIKE,16,5,3e-17,3132591901679570447,0.0000000000117408329689236878836644138771611472118748671,3.08093021499554180206053388255878446200833327e-16,0.0000000000000915495399114987059709231347156302174147216224,0.00000000000561640207485178262584494982472557437499728179,38108.07824136541573452575187669562965530729543995306937288186069188105322333309207135352966112694046,FINITE,61.34822829564386906150113883065048666751042280599096962757920117968371454894221397247074392190175592,FINITE,TRUE,FALSE
holdout,HOLDOUT_SADDLE_POINT_LIKE_D16_C05_E3eM16,decimal-source,SADDLE_POINT_LIKE,16,5,3e-16,11363996137886090798,0.00000000000736003746152999240879517704673672612975738413,3.37225022906801157281395982229484118664604892e-15,0.00000000000160995919779991331617649978636925560190697077,0.0000000000040092678773686296080190849740443180318395783,2182.530050139276039877607283145120195744130374509306968575677905653552866671325397986540448354832839,FINITE,2.490291606673937457980204944709329408489592738808362377304644781077729144179006313725134887488852784,FINITE,TRUE,FALSE
holdout,HOLDOUT_SADDLE_POINT_LIKE_D16_C05_E3eM16,binary64-operand,SADDLE_POINT_LIKE,16,5,3e-16,11363996137886090798,0.00000000000951006721447568208477893805510453241193308371,9.65655614098191398222053053766789476486442265e-16,0.00000000000160935573017174547806324250343788841474231551,0.00000000000518046371284200650180667255726001563393696754,9848.301066790736467378958293538588113382586397259492365331980929631997425122100204402984999867950274,FINITE,3.218967451210530935897250437565423828322168873755467655061901743079489470266498144340923826080120166,FINITE,TRUE,FALSE
holdout,HOLDOUT_SADDLE_POINT_LIKE_D16_C05_E3eM15,decimal-source,SADDLE_POINT_LIKE,16,5,3e-15,9429380661400091501,0.0000000000128350211421262474604320721237729706548072817,0.0000000000000133581343453267159567526579867827374165137183,0.00000000000848207594548514936263009527342506891061179068,0.00000000000643361476343809253492797868439193606941962332,960.8393515383772637457036829501300385665952898799439647611942379374246649134747377806016030821743549,FINITE,0.7584953028936961519001326198579913448610820154947308321722802541399209606824718379787523599246165627,FINITE,TRUE,FALSE
holdout,HOLDOUT_SADDLE_POINT_LIKE_D16_C05_E3eM15,binary64-operand,SADDLE_POINT_LIKE,16,5,3e-15,9429380661400091501,0.0000000000114571421197275411366031552036344732824172406,4.27486557926942449345476079006585581311339808e-15,0.00000000000848170637887665113816311909435266983708182666,0.00000000000574294641762285051960587664683287641520318805,2680.117516510441797056116962404022342735123729819552196759518715649774534779899386051883123898204619,FINITE,0.6770979990447945435933466105213229426276395912749065816183619751250895406504696860567327323228248628,FINITE,TRUE,FALSE
holdout,HOLDOUT_SADDLE_POINT_LIKE_D16_C05_E3eM13,decimal-source,SADDLE_POINT_LIKE,16,5,3e-13,6081342816991998535,0.00000000000872446169456201107956704282159336454697592347,0.0000000000000190578220220170761301924586606575661591899611,0.00000000140663072070215462170209753773847602131953933,0.00000000000470391449615895670189232349113811304120797154,457.7890214570602738644866020884731785732362583228873927357815902836083928073901745284640376566866512,FINITE,0.003344100499817664355083227586496511911072231773204584428317366781608392790287316111101948627341246257,FINITE,TRUE,FALSE
holdout,HOLDOUT_SADDLE_POINT_LIKE_D16_C05_E3eM13,binary64-operand,SADDLE_POINT_LIKE,16,5,3e-13,6081342816991998535,0.00000000000946514288614339179235135366464818843412180133,0.0000000000000181950196229925614143583302327529486129071637,0.00000000140663122329341511932217389798119649097147058,0.00000000000510326303089819396578366977951278756337142987,520.2051485661792288411757726395245660672067969272101619241271386441091123577832242505580874633037883,FINITE,0.003628003521029251943286065378226731972483676876066482733950381602029728053861895951710180707838245680,FINITE,TRUE,FALSE
holdout,HOLDOUT_SADDLE_POINT_LIKE_D16_C05_E3eM9,decimal-source,SADDLE_POINT_LIKE,16,5,3e-9,6734177654324636357,0.0000000000117149128086075873688559081713845800452962532,5.28825735713711103258387453287335042819723387e-15,0.00000364360786243284991318077076588181173040636581,0.00000000000577854034291661485908865934517415281401885475,2215.269041851181136280807968697831446528119455326895761736778839230470071456696798822918371204620410,FINITE,0.000001585939146332356123697680530974259889827040520013882514465566689822856039561591350049225263696754633,FINITE,TRUE,FALSE
holdout,HOLDOUT_SADDLE_POINT_LIKE_D16_C05_E3eM9,binary64-operand,SADDLE_POINT_LIKE,16,5,3e-9,6734177654324636357,0.0000000000104076165410395778878951495297190857418619557,4.48353105525154567413907650628318560355426862e-15,0.00000364360786212501923688520232052841424478320425,0.0000000000051336986487696847558439462502393854691563778,2321.299086096252130098080828804922798733353469442889609433471035640334773914008683727279158622853967,FINITE,0.000001408960251220782336876717687587377802669216454875216001441071096585174769014438116859790880667197983,FINITE,TRUE,FALSE
holdout,HOLDOUT_SADDLE_POINT_LIKE_D16_C07_E3eM17,decimal-source,SADDLE_POINT_LIKE,16,7,3e-17,16002094181566041616,0.0000000019026694078753243602511403669493734387598895,0.0000000000000358264883106828503746284179357907509150791074,0.0000000000147656283533032348025544761970057016634966615,0.000000000826466777935485839192245452933841851325721578,53107.89579418479192029843408652835295729695076674140615542093163759957864523412434489626137428520121,FINITE,55.97234050324692454158178018132716055928737539238633225345714318034960942788042368219517127834278267,FINITE,TRUE,FALSE
holdout,HOLDOUT_SADDLE_POINT_LIKE_D16_C07_E3eM17,binary64-operand,SADDLE_POINT_LIKE,16,7,3e-17,16002094181566041616,0.00000000193424063809091538653046676571895060486451456,1.30780644502022443005073865838122652360669206e-15,0.0000000000147645457644796567851276534783439758225146074,0.000000000840180444011038928501032910534149277738956937,1478996.104856329510795831099730859705948605169560825692746372125389014165708439266732243823641876244,FINITE,56.90526870337816985738629212156280258847439861060694921834420375286773940477429801035317971010033842,FINITE,TRUE,FALSE
holdout,HOLDOUT_SADDLE_POINT_LIKE_D16_C07_E3eM16,decimal-source,SADDLE_POINT_LIKE,16,7,3e-16,13083071829744138665,0.00000000122728763607446172543347790968742338394639751,0.00000000000011988835442795370131014658777209922077245345,0.0000000000291954000886661982117202114557476210925956197,0.000000000481011948790088552450464775642504504349593,10236.92119164079449660743082188414398744314653147129615461526267193003386257464798616113538919387540,FINITE,16.47560736723110777619329024939432434612036378221637502184819981338062969614775495052900823428160372,FINITE,TRUE,FALSE
holdout,HOLDOUT_SADDLE_POINT_LIKE_D16_C07_E3eM16,binary64-operand,SADDLE_POINT_LIKE,16,7,3e-16,13083071829744138665,0.00000000116986081769137312302213395219174829461334818,0.000000000000125193456067365520859392006892194017577153725,0.0000000000291912132748657135863359134964877071259594596,0.000000000458504604129126894057111305237666218492070238,9344.424656364475543472463041458621731739163746438533387815170691123415697193330843107798676559241990,FINITE,15.70693892754055535416355726932272628858318872087162329482463592150904893960606424240086556705729943,FINITE,TRUE,FALSE
holdout,HOLDOUT_SADDLE_POINT_LIKE_D16_C07_E3eM15,decimal-source,SADDLE_POINT_LIKE,16,7,3e-15,7734837509261316490,0.00000000109760458859157401575519422917682205803218801,0.0000000000000375733076127851434686932748898413804612159908,0.000000000999525068674247226542584775199339053528750727,0.000000000413969410998996530709572261528260882879280086,29212.34935989744853155582170916579427173304315318427840089303309532086330337285262042629579911509152,FINITE,0.4141661114593938115518568924641267971151144483564835660192551290138925257045764774365027018719367549,FINITE,TRUE,FALSE
holdout,HOLDOUT_SADDLE_POINT_LIKE_D16_C07_E3eM15,binary64-operand,SADDLE_POINT_LIKE,16,7,3e-15,7734837509261316490,0.00000000112479306857761115692924062984896880167286454,0.0000000000000401804898826035046876862181887944254895142003,0.000000000999529662084294284381055442385433585989434253,0.000000000424223740438544595673584608449586976584400843,27993.51306726103844191909369965940076056424732975326797706391835233614518995132153620892589571347788,FINITE,0.4244233628383988188521820376181063595881824841711583679852038353410253280300308186181802870374324908,FINITE,TRUE,FALSE
holdout,HOLDOUT_SADDLE_POINT_LIKE_D16_C07_E3eM13,decimal-source,SADDLE_POINT_LIKE,16,7,3e-13,9332287510079386260,0.00000000121313846034515018305270120878203958720751859,0.000000000000375980867800760905172688125014901179737388042,0.0000000190004906692474885382895110257500441331732437,0.000000000504599077546037218489879982020715024789171208,3226.596255924421932172028937734292802234640477812039424543789988378398687693356525445401994538385848,FINITE,0.02655716035600788966615983337767431463735876742099021315661179120155360330253067259187363570895659991,FINITE,TRUE,FALSE
holdout,HOLDOUT_SADDLE_POINT_LIKE_D16_C07_E3eM13,binary64-operand,SADDLE_POINT_LIKE,16,7,3e-13,9332287510079386260,0.00000000125300520284961553951826503699422149295719839,0.000000000000390341415700408804312087986659245141161935456,0.0000000190004890580913274934770494027483351788029649,0.000000000521181456351170632784588132832507511289135595,3210.023718854651036149563620815316417054560230905479521873485089970857149707388460041635885908945827,FINITE,0.02742989692305979638286167590682529333712247883760838198437331532472641373465037013302308411335871996,FINITE,TRUE,FALSE
holdout,HOLDOUT_SADDLE_POINT_LIKE_D16_C07_E3eM9,decimal-source,SADDLE_POINT_LIKE,16,7,3e-9,2159876913664688654,0.000000000925478949553045715902058616311358347107762455,0.0000000000000751584274429403395279272222196343866457430627,0.00154217557858515492585836308880377367603458726,0.000000000499711662069928734436581920724291997305324189,12313.70826984986785323371480579328261876074367904605604799390327672049593356433611181816339688786683,FINITE,3.240303302743138048507307652747896555211645223001731774253307430118499511813127406566472955725876870E-7,FINITE,TRUE,FALSE
holdout,HOLDOUT_SADDLE_POINT_LIKE_D16_C07_E3eM9,binary64-operand,SADDLE_POINT_LIKE,16,7,3e-9,2159876913664688654,0.000000000991815786526012591625917129442643571239064749,0.0000000000000857230392903257727783010595521196167896572335,0.00154217557858491169918456026262105103177945806,0.000000000535530187252189130313222745969303665729348093,11570.00258899993791549511178826774506706237192114975371052019133376182287304018554402537100150119040,FINITE,3.472563012206349808463350282113896829059064581247506496314452845021970982644130893583531442284343654E-7,FINITE,TRUE,FALSE
holdout,HOLDOUT_SADDLE_POINT_LIKE_D16_C09_E3eM17,decimal-source,SADDLE_POINT_LIKE,16,9,3e-17,2747520655976034421,0.0000000681624228414853392057328752359943443479869331,0.000000000000302008797639043240985915534196791473494107136,0.000000000646493049004031473859585659494491898497867176,0.0000000265724789859009249108801218218166123171159984,225696.8120609258840434695280330880050587401674996919124218049132609325562424956618489835119336574860,FINITE,41.10249758576324811544792743551651148729963965818074283121421501478364446023550384804431929572478677,FINITE,TRUE,FALSE
holdout,HOLDOUT_SADDLE_POINT_LIKE_D16_C09_E3eM17,binary64-operand,SADDLE_POINT_LIKE,16,9,3e-17,2747520655976034421,0.0000000653260596739684327569792467242984651283728515,0.0000000000000244081484051416672212059042650841957367178332,0.000000000646601150024315126075741990592745012335445804,0.0000000254667495014838538651030769815272471008098068,2676403.739834982950904904363471403300061412753217713599378386414225962542210351905273407315249116138,FINITE,39.38556171841975376374722393040320458259694414392812068785628581684332267189954395322949023354766438,FINITE,TRUE,FALSE
holdout,HOLDOUT_SADDLE_POINT_LIKE_D16_C09_E3eM16,decimal-source,SADDLE_POINT_LIKE,16,9,3e-16,11180923893071675857,0.000000105432920695732221122417907106995970339499724,0.000000000000308385712050182019321265225543942716055718541,0.0000000119733015485827295171867991811400881238220841,0.000000042445695626501337455714115083413867083153169,341886.5290314606557286961596448351471789765850049104671628852014249398073767655733426603178242780359,FINITE,3.545028533214015791372841215988572102968239372652989582207941481428940615696691220643135966140180273,FINITE,TRUE,FALSE
holdout,HOLDOUT_SADDLE_POINT_LIKE_D16_C09_E3eM16,binary64-operand,SADDLE_POINT_LIKE,16,9,3e-16,11180923893071675857,0.0000000860647429064860653625376441561660939355717491,0.000000000000209494013804246709624233428668069371907366876,0.0000000119735004857788859399899824807174108586071334,0.0000000346483608485459269109084207104270167601084679,410821.9673852152035085803440339387754413797411382085620624742847542052475372477964490363759851202087,FINITE,2.893753659566667890077542752217120337810100402760047093985223241347467661342324977724759511792697406,FINITE,TRUE,FALSE
holdout,HOLDOUT_SADDLE_POINT_LIKE_D16_C09_E3eM15,decimal-source,SADDLE_POINT_LIKE,16,9,3e-15,2229111019817793367,0.000000098936237741321682666032273280253810035879304,0.00000000000098992129199717133420848686265678839799944439,0.0000000413050454966598473449965656976371662713547236,0.0000000414035268817762593694042997085422361977068056,99943.53949263714749685153578662533798918796010956493292165645729619734908899067775467268193545947787,FINITE,1.002384245893746219687856571486236077239484757496023137086977601780441437320215346511706738493595954,FINITE,TRUE,FALSE
holdout,HOLDOUT_SADDLE_POINT_LIKE_D16_C09_E3eM15,binary64-operand,SADDLE_POINT_LIKE,16,9,3e-15,2229111019817793367,0.0000000811507827034696254417354999448092780354853499,0.00000000000028269841170893408345237181816779128098486941,0.0000000413053540934447041215856349349776701873037362,0.00000003396054559831766112675659887082811376041899,287057.7949586160591291407877504903928471346051086859823135298956724268229812880630165695367596283373,FINITE,0.8221826526771576976059614547412207128598648305597943283427101285113831418338139613465060493368333830,FINITE,TRUE,FALSE
holdout,HOLDOUT_SADDLE_POINT_LIKE_D16_C09_E3eM13,decimal-source,SADDLE_POINT_LIKE,16,9,3e-13,13186070920763665916,0.0000000688339725075833616315970047600666184550131336,0.00000000000232827660096168427097658347189165269719102897,0.0000112151583129558390509366956561240939946638805,0.0000000292447525953575447982741797192097616433571843,29564.34492325860086261778371131695602019497631894639200381302452769867255972284840090045894428457081,FINITE,0.002607609431743266315991627508312001245828660733494143329087049639111690807372689430527723082659112251,FINITE,TRUE,FALSE
holdout,HOLDOUT_SADDLE_POINT_LIKE_D16_C09_E3eM13,binary64-operand,SADDLE_POINT_LIKE,16,9,3e-13,13186070920763665916,0.0000000620520251838464284225205476044735606533027205,0.00000000000246677484919472572297617572572026046856662044,0.0000112151583718430905398545821748694184133119417,0.0000000263633792796505929700340761878732069750685167,25155.12317798407992246107196839490328919387056633709170145827805296791986015367895723735771791262143,FINITE,0.002350691662619656382484480989134367404184293050207140487157230072240563042610429947783792078363083584,FINITE,TRUE,FALSE
holdout,HOLDOUT_SADDLE_POINT_LIKE_D16_C09_E3eM9,decimal-source,SADDLE_POINT_LIKE,16,9,3e-9,10999653395068435078,0.000000120930420448943573043999422549549764750136766,0.00000000000422602429376642603739589170655066330019385679,0.186981322439468683859449375501936182420624063,0.0000000505635489336135828909836997718330455877701985,28615.64724730080862238242874847952574581386272157280627834520632903922642943772093915315145053783286,FINITE,2.704203193876890069309921279811500143147581818863251715175025493630491016205757327247036202374267198E-7,FINITE,TRUE,FALSE
holdout,HOLDOUT_SADDLE_POINT_LIKE_D16_C09_E3eM9,binary64-operand,SADDLE_POINT_LIKE,16,9,3e-9,10999653395068435078,0.0000000960158537382247072656338139085126434193033162,0.00000000000362867884307508772706151633352265884094621573,0.186981322439693735703132216832976772374702138,0.0000000401462452612944827620444503524527140701330201,26460.27876549610237185672212998592656398798575275052584698850266828049839753689392587091894908290064,FINITE,2.147072484966656219705454022651322783765857924571219752998700689226124070472715009724784082973437456E-7,FINITE,TRUE,FALSE
