system_id,family,dimension,condition_exponent,epsilon,seed,condition2_j,condition2_guarded,backward_error_j,backward_error_guarded,forward_bound_j,forward_bound_guarded,U_direct,relative_uncertainty,eta_stable_binary64,wp27_style_label,z_binary64_hex,zg_binary64_hex,delta_direct_hex,delta_stable_hex,finite
SPD_D02_C02_E1eM16,SPD,2,2,1e-16,3342380807748623415,100.00020202030198,100.00020202030097,4.378224641319112e-19,0.0,4.3782334862217547e-17,0.0,4.850917086975636e-15,4.484674433362837e-15,5.556031505704077e-15,TRANSITION,"[""-0x1.ccccccccccccdp-1"", ""0x1.3333333333333p-1""]","[""-0x1.ccccccccccccdp-1"", ""0x1.33333333332fdp-1""]","[""0x0.0p+0"", ""-0x1.b000000000000p-48""]","[""0x1.bac36bc0fc000p-54"", ""-0x1.b0fe7c321071ap-48""]",True
SPD_D02_C02_E1eM15,SPD,2,2,1e-15,9477031891702027615,100.00020202030198,100.00020202029211,0.0,0.0,0.0,0.0,5.652332851261448e-15,4.440892098500514e-15,7.064283466852107e-14,OBSERVABLE,"[""-0x1.ccccccccccccdp-1"", ""0x1.ccccccccccccep-1""]","[""-0x1.cccccccccccc5p-1"", ""0x1.cccccccccc9a4p-1""]","[""0x1.0000000000000p-50"", ""-0x1.9500000000000p-44""]","[""0x1.d2fc2ee9b1685p-51"", ""-0x1.94eb2c2798a5cp-44""]",True
SPD_D02_C02_E1eM14,SPD,2,2,1e-14,17708006654096734107,100.00020202030198,100.00020202020298,0.0,1.911853708985171e-18,0.0,1.911857571315915e-16,3.734500558227383e-15,4.632077855629843e-15,9.921538730216663e-13,OBSERVABLE,"[""0x1.999999999999ap-4"", ""0x1.999999999999ap-1""]","[""0x1.999999999998bp-4"", ""0x1.9999999997d73p-1""]","[""-0x1.e000000000000p-53"", ""-0x1.c270000000000p-41""]","[""-0x1.cd6631102ff07p-53"", ""-0x1.c24dbd2b498ccp-41""]",True
SPD_D02_C02_E1eM12,SPD,2,2,1e-12,345687911206730511,100.00020202030198,100.00020201040196,5.423564301932403e-19,5.423564302147602e-19,5.423575258633384e-17,5.42357525831165e-17,4.5493636035234594e-15,4.5493636035234594e-15,8.006288828365898e-11,OBSERVABLE,"[""0x1.3333333333333p-1"", ""0x1.999999999999ap-1""]","[""0x1.3333333331b45p-1"", ""0x1.99999998e98bdp-1""]","[""-0x1.7ee0000000000p-41"", ""-0x1.601ba00000000p-34""]","[""-0x1.7ed6f98c993f5p-41"", ""-0x1.601b8be992f1fp-34""]",True
SPD_D02_C02_E1eM8,SPD,2,2,1e-8,5092521022903664587,100.00020202030198,100.00010302009898,8.470539236433758e-19,0.0,8.470556348642705e-17,0.0,3.731901710627856e-15,4.525595569806436e-15,9.703900068534916e-07,OBSERVABLE,"[""-0x1.9999999999999p-3"", ""0x1.999999999999ap-1""]","[""-0x1.9999993962c9ap-3"", ""0x1.99997ebff0f36p-1""]","[""0x1.80db3fc000000p-29"", ""-0x1.ad9a8a6400000p-21""]","[""0x1.80db3fe4b119ep-29"", ""-0x1.ad9a8a64109c4p-21""]",True
SPD_D02_C04_E1eM16,SPD,2,4,1e-16,13700126623469525899,10000.000200020002,10000.000200010001,0.0,0.0,0.0,0.0,3.4684476073040704e-15,4.440892098499315e-15,7.681572612632409e-13,OBSERVABLE,"[""-0x1.fffffffffffffp-2"", ""-0x1.3333333333334p-1""]","[""-0x1.0000000000000p-1"", ""-0x1.3333333331e17p-1""]","[""-0x1.0000000000000p-54"", ""0x1.51d0000000000p-41""]","[""-0x1.70c01b224aa3cp-57"", ""0x1.51bde836ca24ap-41""]",True
SPD_D02_C04_E1eM15,SPD,2,4,1e-15,6900698370647266413,10000.000800080026,10000.000799980038,0.0,9.814093544166214e-21,0.0,9.814094329274108e-17,3.5450981343521976e-15,4.5390330417838584e-15,6.4033807669340336e-12,OBSERVABLE,"[""0x1.3333333333333p-1"", ""0x1.0000000000000p-1""]","[""0x1.3333333333324p-1"", ""0x1.ffffffffea012p-2""]","[""-0x1.e000000000000p-50"", ""-0x1.5fee000000000p-38""]","[""-0x1.cd3cdef645a71p-50"", ""-0x1.5fed9c1d790e5p-38""]",True
SPD_D02_C04_E1eM14,SPD,2,4,1e-14,6447548273440557093,10000.000200020002,10000.000199020102,0.0,0.0,0.0,0.0,3.3820826608376064e-15,4.440892098313049e-15,9.191056394967735e-11,OBSERVABLE,"[""-0x1.3333333333333p-2"", ""0x1.6666666666667p-1""]","[""-0x1.333333333337bp-2"", ""0x1.66666665cc799p-1""]","[""-0x1.2000000000000p-48"", ""-0x1.33d9c00000000p-34""]","[""-0x1.20357137ddcabp-48"", ""-0x1.33d99da3317c6p-34""]",True
SPD_D02_C04_E1eM12,SPD,2,4,1e-12,15899163008075185731,10000.0,9999.999900010002,0.0,3.764590879508469e-21,0.0,3.7645908418663255e-17,2.2392689993943564e-15,4.478537998788713e-15,5.999999993333334e-09,OBSERVABLE,"[""-0x1.999999999999ap-2"", ""0x1.3333333333333p-2""]","[""-0x1.9999999997d74p-2"", ""0x1.333332ffa90f8p-2""]","[""0x1.c260000000000p-42"", ""-0x1.9c511d8000000p-29""]","[""0x1.c25c26849578ep-42"", ""-0x1.9c511d7e773e2p-29""]",True
SPD_D02_C04_E1eM8,SPD,2,4,1e-8,2620329747813844624,10000.000200020002,9999.000399970004,0.0,0.0,0.0,0.0,1.4042702025735021e-15,4.4406922904383104e-15,9.485568216989438e-05,OBSERVABLE,"[""0x1.9999999999999p-4"", ""0x1.3333333333334p-2""]","[""0x1.99999a2302ef8p-4"", ""0x1.332b5633d64b5p-2""]","[""0x1.12d2abe000000p-29"", ""-0x1.f73fd739fc000p-16""]","[""0x1.12d2abcf56013p-29"", ""-0x1.f73fd739fc66ep-16""]",True
SPD_D02_C06_E1eM16,SPD,2,6,1e-16,7794877774274524974,1000000.0,999999.9998999999,0.0,0.0,0.0,0.0,3.580361673005382e-15,4.440892098445969e-15,4.961389383079797e-11,OBSERVABLE,"[""-0x1.6666666666666p-1"", ""-0x1.999999999999ap-2""]","[""-0x1.6666666666666p-1"", ""-0x1.99999998e9ad9p-2""]","[""0x0.0p+0"", ""0x1.5fd8200000000p-35""]","[""0x1.42d169d7dfa03p-54"", ""0x1.5fd7fe16ff2bcp-35""]",True
SPD_D02_C06_E1eM15,SPD,2,6,1e-15,17628145585040437798,1000000.0001999999,999999.9992000011,0.0,6.411504107712e-22,0.0,6.411504102582809e-16,3.664712969248665e-15,5.0820425078784426e-15,5.546918751876317e-10,OBSERVABLE,"[""0x1.3333333333333p-1"", ""-0x1.9999999999992p-2""]","[""0x1.3333333333351p-1"", ""-0x1.99999992ba69dp-2""]","[""0x1.e000000000000p-49"", ""0x1.b7cbd40000000p-32""]","[""0x1.e9fba55c9c1efp-49"", ""0x1.b7cc4d3da40a8p-32""]",True
SPD_D02_C06_E1eM14,SPD,2,6,1e-14,8214231739146521320,1000000.0001999999,999999.99020001,0.0,0.0,0.0,0.0,4.803559234356574e-15,4.4408920831285055e-15,8.320447390516743e-09,OBSERVABLE,"[""-0x1.3333333333333p-1"", ""-0x1.cccccccccccccp-1""]","[""-0x1.3333333333628p-1"", ""-0x1.cccccc7f7db91p-1""]","[""-0x1.7a80000000000p-44"", ""0x1.353c4ec000000p-27""]","[""-0x1.7a4cb6ae41c30p-44"", ""0x1.353c4f03345d8p-27""]",True
SPD_D02_C06_E1eM12,SPD,2,6,1e-12,16830576898471770375,1000000.0001999999,999999.0002019999,0.0,4.795794228644418e-22,0.0,4.795789433818941e-16,2.869101836908249e-15,4.920469056595383e-15,8.574869233059501e-07,OBSERVABLE,"[""0x1.3333333333334p-2"", ""-0x1.ffffffffffff6p-2""]","[""0x1.3333333347deep-2"", ""-0x1.ffffde722022bp-2""]","[""0x1.4aba000000000p-38"", ""0x1.0c6efee580000p-21""]","[""0x1.4abb0ae0b36c6p-38"", ""0x1.0c6efee634624p-21""]",True
SPD_D02_C06_E1eM8,SPD,2,6,1e-8,4700767032875647822,1000000.0001999999,990099.0199990199,0.0,6.588650111883168e-17,0.0,6.523416019317507e-11,6.426400213346453e-11,6.49164452782279e-11,0.00700112725045987,OBSERVABLE,"[""0x1.6666666666666p-1"", ""-0x1.6666666666667p-1""]","[""0x1.666663d6ec299p-1"", ""-0x1.62d9f89aea5e3p-1""]","[""-0x1.47bd1e6800000p-24"", ""0x1.c636e5be04200p-8""]","[""-0x1.47bd1e6813ceap-24"", ""0x1.c636e5be04733p-8""]",True
SPD_D02_C08_E1eM16,SPD,2,8,1e-16,7930080439161776160,100000000.0008,99999999.00080004,0.0,1.3234876618867986e-22,0.0,1.323487648662528e-14,1.7675768486212243e-14,1.767576848621199e-14,7.999987920016063e-09,OBSERVABLE,"[""0x1.3333333333333p-1"", ""-0x1.9999999999a39p-1""]","[""0x1.33333333333c4p-1"", ""-0x1.99999954e1740p-1""]","[""0x1.2200000000000p-46"", ""0x1.12e0be4000000p-27""]","[""0x1.1f2629e940a5ap-46"", ""0x1.12e0a34ec81bap-27""]",True
SPD_D02_C08_E1eM15,SPD,2,8,1e-15,13666721563256398758,100000000.0008,99999990.0008011,0.0,1.752564461303989e-22,0.0,1.7525642860616133e-14,1.3361721544518584e-14,2.1966534905750252e-14,1.643969980781312e-08,OBSERVABLE,"[""0x1.3333333333333p-1"", ""0x1.9999999999bb7p-4""]","[""0x1.33333333333e1p-1"", ""0x1.999996ea6a1fep-4""]","[""0x1.5c00000000000p-46"", ""-0x1.5797cdc800000p-27""]","[""0x1.5d7997bd206a9p-46"", ""-0x1.5797ddab4a65bp-27""]",True
SPD_D02_C08_E1eM14,SPD,2,8,1e-14,17696088028531801888,100000000.00020003,99999900.00030103,0.0,6.956791931276282e-23,0.0,6.9567849745053425e-15,1.0508134170930926e-14,1.1397671782599557e-14,7.592564939005621e-07,OBSERVABLE,"[""-0x1.3333333333333p-1"", ""0x1.6666666666663p-1""]","[""-0x1.3333333331a5cp-1"", ""0x1.66664ee9725b1p-1""]","[""0x1.8d70000000000p-41"", ""-0x1.77cf40b200000p-21""]","[""0x1.8d714ef156ea8p-41"", ""-0x1.77cf40f19983bp-21""]",True
SPD_D02_C08_E1eM12,SPD,2,8,1e-12,17204118294971870143,100000000.00020003,99990001.0002,0.0,5.617316947305282e-23,0.0,5.616755271794988e-15,9.90550657612019e-15,1.0057518115769486e-14,4.060969425478368e-05,OBSERVABLE,"[""-0x1.ccccccccccccdp-1"", ""-0x1.999999999997bp-2""]","[""-0x1.cccccccd22c5dp-1"", ""-0x1.998f1d851770ep-2""]","[""-0x1.57e4000000000p-35"", ""0x1.4f829044da000p-15""]","[""-0x1.57e429ed22dc3p-35"", ""0x1.4f829047710cbp-15""]",True
SPD_D02_C08_E1eM8,SPD,2,8,1e-8,13436459373671532285,100000000.00020003,50000000.500075005,0.0,0.0,0.0,0.0,2.2479699275649545e-15,4.408631741009029e-15,0.09805855785943236,OBSERVABLE,"[""0x1.0000000000000p-1"", ""-0x1.99999999998bcp-4""]","[""0x1.fffffc4f1a585p-2"", ""-0x1.99991361dda93p-5""]","[""-0x1.d872d3d800000p-25"", ""0x1.999a1fd1556e5p-5""]","[""-0x1.d872d3ddb3817p-25"", ""0x1.999a1fd15599cp-5""]",True
SPD_D02_C10_E1eM16,SPD,2,10,1e-16,15728502274935074776,10000000000.000196,9999990000.010197,0.0,0.0,0.0,0.0,3.1401841323221337e-15,4.440890988278878e-15,7.07106144791064e-07,OBSERVABLE,"[""-0x1.0000000000000p-1"", ""-0x1.ffffffffffdfcp-2""]","[""-0x1.ffffffffffc7cp-2"", ""-0x1.ffffde7212d14p-2""]","[""0x1.c200000000000p-45"", ""0x1.0c6f687400000p-21""]","[""0x1.c2cf56bec33d4p-45"", ""0x1.0c6f6a362276dp-21""]",True
SPD_D02_C10_E1eM15,SPD,2,10,1e-15,266195556703456573,10000000000.0008,9999900001.000801,0.0,1.37052184066093e-23,0.0,1.370508135579873e-13,2.0009850431808452e-14,1.4149100930861665e-13,7.070998516093347e-06,OBSERVABLE,"[""-0x1.999999999999ap-4"", ""-0x1.9999999999443p-4""]","[""-0x1.9999999996146p-4"", ""-0x1.99988d2acba66p-4""]","[""0x1.c2a0000000000p-43"", ""0x1.0c6ecd9dd0000p-20""]","[""0x1.c294aaabcf6f7p-43"", ""0x1.0c6ecda488de5p-20""]",True
SPD_D02_C10_E1eM14,SPD,2,10,1e-14,7993264266710751955,10000000000.000196,9999000099.990297,0.0,9.137052716526363e-24,0.0,9.136139102617207e-14,4.064348150754193e-14,9.579760461670832e-14,7.070361482824119e-05,OBSERVABLE,"[""-0x1.3333333333333p-2"", ""-0x1.33333333333dbp-2""]","[""-0x1.3333333325fe7p-2"", ""-0x1.332b56229ba1fp-2""]","[""0x1.a698000000000p-39"", ""0x1.f74425e6f0000p-16""]","[""0x1.a697ae422b46dp-39"", ""0x1.f74425ed2a134p-16""]",True
SPD_D02_C10_E1eM12,SPD,2,10,1e-12,5414176322249737425,10000000000.000196,9900990099.019997,0.0,2.9721082878475068e-24,0.0,2.94268147311943e-14,3.094925769057215e-14,3.356918319981709e-14,0.009665218632445575,OBSERVABLE,"[""0x1.999999999999ap-3"", ""-0x1.ccccccccccc9ep-1""]","[""0x1.9999997af9bcep-3"", ""-0x1.c83cd4e77cab9p-1""]","[""-0x1.e9fdcc0000000p-31"", ""0x1.23fdf95407940p-7""]","[""-0x1.e9fdcb1a83c24p-31"", ""0x1.23fdf95405dd1p-7""]",True
SPD_D02_C10_E1eM8,SPD,2,10,1e-8,15894068073190789212,10000000000.0008,99009901.980202,0.0,1.470507567848702e-23,0.0,1.4559481015384544e-15,6.135082640586423e-15,4.820176153665135e-15,0.700105863968193,OBSERVABLE,"[""-0x1.ccccccccccccdp-1"", ""0x1.ccccccccccb74p-1""]","[""-0x1.ccccc6849c61cp-1"", ""0x1.23fc7a2ee600fp-7""]","[""0x1.920c1ac400000p-23"", ""-0x1.c83cdae4111f4p-1""]","[""0x1.920c1ac410856p-23"", ""-0x1.c83cdae41120ep-1""]",True
SPD_D04_C02_E1eM16,SPD,4,2,1e-16,15704206836761994310,104.08173352187539,104.08173352187434,5.094061078814476e-17,5.09406107881448e-17,5.301987077493282e-15,5.3019870774932325e-15,1.6685563841834613e-14,1.5044866253487132e-14,3.742600875787781e-15,RESOLUTION_LIMITED,"[""0x1.0000000000000p-1"", ""0x1.ccccccccccccdp-1"", ""0x1.999999999999ap-2"", ""-0x1.999999999999cp-4""]","[""0x1.0000000000000p-1"", ""0x1.ccccccccccccdp-1"", ""0x1.9999999999951p-2"", ""-0x1.999999999994ep-4""]","[""0x0.0p+0"", ""0x0.0p+0"", ""-0x1.2400000000000p-48"", ""0x1.3800000000000p-50""]","[""-0x1.7d8829c11992cp-55"", ""-0x1.8d05c8a6c4957p-54"", ""-0x1.2071c57011f11p-48"", ""0x1.3b2fae907769fp-50""]",True
SPD_D04_C02_E1eM15,SPD,4,2,1e-15,17471857900932525417,102.02064029384523,102.02064029383506,2.6624807504087278e-17,5.324971657365821e-17,2.7162799092673668e-15,5.43257018030988e-15,1.3264116453127066e-14,1.2589742188077832e-14,2.1113011096177182e-14,TRANSITION,"[""0x1.ccccccccccccdp-1"", ""-0x1.0000000000000p-1"", ""0x1.9999999999998p-4"", ""0x1.999999999999ap-3""]","[""0x1.cccccccccccc4p-1"", ""-0x1.ffffffffffff6p-2"", ""0x1.99999999996dep-4"", ""0x1.99999999996cap-3""]","[""-0x1.2000000000000p-50"", ""0x1.4000000000000p-51"", ""-0x1.5d00000000000p-47"", ""-0x1.6800000000000p-46""]","[""-0x1.0a949e768b75ep-50"", ""0x1.1a3cb641f56eep-51"", ""-0x1.5d6aef64c0541p-47"", ""-0x1.68204c5725049p-46""]",True
SPD_D04_C02_E1eM14,SPD,4,2,1e-14,14385026615111123768,102.02084217779634,102.02084217769428,5.3074116401657e-17,5.4707540839602526e-17,5.414666053139471e-15,5.5813093899268845e-15,1.7936019271826203e-14,1.5436867541564034e-14,6.102960153611667e-13,OBSERVABLE,"[""0x1.999999999999ap-3"", ""0x1.ccccccccccccdp-1"", ""0x1.9999999999998p-4"", ""0x1.6666666666666p-1""]","[""0x1.9999999999946p-3"", ""0x1.ccccccccccc7dp-1"", ""0x1.9999999997b9dp-4"", ""0x1.6666666664dbcp-1""]","[""-0x1.5000000000000p-49"", ""-0x1.4000000000000p-47"", ""-0x1.dfb0000000000p-44"", ""-0x1.8aa0000000000p-41""]","[""-0x1.4bc65fbe22d0dp-49"", ""-0x1.4124740d35516p-47"", ""-0x1.dfab4e44b4d2dp-44"", ""-0x1.8aa005fc6ac89p-41""]",True
SPD_D04_C02_E1eM12,SPD,4,2,1e-12,7755346036421930937,103.04612997212827,103.04612996182111,4.7008220216493876e-17,4.700965477308965e-17,4.844015170187279e-15,4.8441629952081635e-15,1.9424260194581343e-14,1.4129070263521692e-14,7.21358489766669e-11,OBSERVABLE,"[""0x1.999999999999ap-1"", ""-0x1.fffffffffffffp-2"", ""-0x1.999999999999ap-1"", ""0x1.3333333333334p-1""]","[""0x1.9999999997eb2p-1"", ""-0x1.fffffffffca66p-2"", ""-0x1.99999998eaf26p-1"", ""0x1.33333332b0a12p-1""]","[""-0x1.ae80000000000p-41"", ""0x1.acc8000000000p-41"", ""0x1.5d4e800000000p-34"", ""-0x1.0524400000000p-34""]","[""-0x1.ae7fffb795e3dp-41"", ""0x1.acbe07e7506cbp-41"", ""0x1.5d4e62ded41d8p-34"", ""-0x1.052424f96b472p-34""]",True
SPD_D04_C02_E1eM8,SPD,4,2,1e-8,488136483731022202,104.08111214939827,104.08100698599821,2.0307746609190513e-19,5.1994585909265024e-17,2.11365285233272e-17,5.411648859256326e-15,1.1930406054246988e-14,9.873674303912148e-15,6.348959335118196e-07,OBSERVABLE,"[""0x1.6666666666666p-1"", ""-0x1.3333333333333p-1"", ""-0x1.0000000000000p-1"", ""-0x1.3333333333333p-1""]","[""0x1.66666624d344dp-1"", ""-0x1.333332f52e0eap-1"", ""-0x1.ffffdf266c755p-2"", ""-0x1.33331f621858ap-1""]","[""-0x1.064c864000000p-27"", ""0x1.f029248000000p-28"", ""0x1.06cc9c5580000p-21"", ""0x1.3d11ada900000p-21""]","[""-0x1.064c86683048ep-27"", ""0x1.f0292560ee371p-28"", ""0x1.06cc9c553732ap-21"", ""0x1.3d11ada806346p-21""]",True
SPD_D04_C04_E1eM16,SPD,4,4,1e-16,8350515755889220298,10000.06141426427,10000.06141425427,4.759187370811442e-17,1.8590573451072315e-19,4.759216599012797e-13,1.859068762369285e-15,4.176161738341247e-13,4.82221620762147e-13,8.078853579283083e-13,TRANSITION,"[""0x1.3333333333334p-2"", ""-0x1.999999999999ap-4"", ""0x1.999999999999ap-2"", ""0x1.6666666666664p-1""]","[""0x1.3333333333336p-2"", ""-0x1.999999999991ep-4"", ""0x1.999999999995ep-2"", ""0x1.6666666664dc7p-1""]","[""0x1.0000000000000p-53"", ""0x1.f000000000000p-50"", ""-0x1.e000000000000p-49"", ""-0x1.89d0000000000p-41""]","[""0x1.054976a7429bbp-53"", ""0x1.e82887bf1a615p-50"", ""-0x1.dba1d08ec25fbp-49"", ""-0x1.89dca9e94daeap-41""]",True
SPD_D04_C04_E1eM15,SPD,4,4,1e-15,5666598914125702123,10000.070909200871,10000.07090910088,6.88993625024374e-17,6.890987490870614e-17,6.889985106235842e-13,6.891036354248078e-13,1.5333144036249076e-12,1.3825430381467824e-12,9.019450047327436e-13,RESOLUTION_LIMITED,"[""-0x1.fffffffffffffp-2"", ""0x1.999999999999bp-2"", ""-0x1.cccccccccccccp-1"", ""-0x1.99999999999a1p-4""]","[""-0x1.ffffffffffffap-2"", ""0x1.99999999996b8p-2"", ""-0x1.cccccccccc9abp-1"", ""-0x1.9999999988162p-4""]","[""0x1.4000000000000p-52"", ""-0x1.7180000000000p-45"", ""0x1.9080000000000p-44"", ""0x1.183f000000000p-40""]","[""0x1.b70724a730ca8p-52"", ""-0x1.70cde80df492ep-45"", ""0x1.9063e775d4d0fp-44"", ""0x1.1835b1f57b6dap-40""]",True
SPD_D04_C04_E1eM14,SPD,4,4,1e-14,5675159585946543178,10000.071325614797,10000.071324614892,4.940506592081175e-19,1.2351266480587225e-19,4.940541830548208e-15,1.2351354575519755e-15,1.2426375874959259e-14,1.0616569386438259e-14,6.838975873758889e-11,OBSERVABLE,"[""-0x1.3333333333333p-1"", ""-0x1.3333333333333p-1"", ""-0x1.999999999999ap-4"", ""0x1.9999999999999p-1""]","[""-0x1.3333333333339p-1"", ""-0x1.3333333331b3cp-1"", ""-0x1.9999999999731p-4"", ""0x1.99999998e9942p-1""]","[""-0x1.8000000000000p-51"", ""0x1.7f70000000000p-41"", ""0x1.3480000000000p-47"", ""-0x1.600ae00000000p-34""]","[""-0x1.6d6330a3d08b0p-51"", ""0x1.7f693370afd17p-41"", ""0x1.335a2aad5719cp-47"", ""-0x1.600af416a1dc5p-34""]",True
SPD_D04_C04_E1eM12,SPD,4,4,1e-12,3195685084840055028,10000.050493170844,10000.050393179843,8.323090625849759e-19,0.0,8.32313265177352e-15,0.0,2.0222018259047107e-14,1.2764024744452117e-14,5.056487240689804e-09,OBSERVABLE,"[""0x1.0000000000000p-1"", ""-0x1.cccccccccccccp-1"", ""0x1.ccccccccccccep-1"", ""-0x1.9999999999999p-1""]","[""0x1.fffffffff6c16p-2"", ""-0x1.cccccccbdff9ap-1"", ""0x1.cccccccc148b1p-1"", ""-0x1.99999954cbd1ep-1""]","[""-0x1.27d4000000000p-39"", ""0x1.d9a6400000000p-34"", ""-0x1.7083a00000000p-34"", ""0x1.13371ec000000p-27""]","[""-0x1.27d33bd511842p-39"", ""0x1.d9a64a2b772e8p-34"", ""-0x1.70835b1ead26ap-34"", ""0x1.13371f00d73e0p-27""]",True
SPD_D04_C04_E1eM8,SPD,4,4,1e-8,2464244442272107736,10000.131902954068,9999.132084646315,1.161174944868971e-18,1.2982739335017307e-18,1.1611902611095264e-14,1.29816125431373e-14,4.054362794360057e-14,2.903389501793315e-14,5.747031936587179e-05,OBSERVABLE,"[""0x1.9999999999999p-4"", ""0x1.ccccccccccccep-1"", ""-0x1.6666666666666p-1"", ""0x1.999999999999ap-1""]","[""0x1.99999a7cef3d5p-4"", ""0x1.cccca8f1ca9c8p-1"", ""-0x1.66664be922960p-1"", ""0x1.998f15209ee5cp-1""]","[""0x1.c6ab478000000p-29"", ""-0x1.1ed8118300000p-20"", ""0x1.a7d43d0600000p-21"", ""-0x1.508f1f567c000p-14""]","[""0x1.c6ab476c06212p-29"", ""-0x1.1ed81181cebcbp-20"", ""0x1.a7d43d068cf69p-21"", ""-0x1.508f1f567c426p-14""]",True
SPD_D04_C06_E1eM16,SPD,4,6,1e-16,13392536289890968477,1000002.0706132241,1000002.0705132236,5.575828329648441e-17,1.3612860508723732e-20,5.575839875343216e-11,1.3612888694331612e-14,6.084492634715005e-11,5.5776452534224654e-11,4.5851903397325876e-11,RESOLUTION_LIMITED,"[""-0x1.ccccccccccccep-1"", ""-0x1.3333333333333p-2"", ""0x1.999999999999ap-3"", ""0x1.0000000000000p-1""]","[""-0x1.cccccccccccc8p-1"", ""-0x1.333333333335bp-2"", ""0x1.9999999997674p-3"", ""0x1.ffffffff2405ep-2""]","[""0x1.8000000000000p-51"", ""-0x1.4000000000000p-49"", ""-0x1.1930000000000p-42"", ""-0x1.b7f4400000000p-35""]","[""0x1.72545f7301e11p-51"", ""-0x1.45ccaf4103ab1p-49"", ""-0x1.195c6c9dd98e9p-42"", ""-0x1.b7f64a950e8ccp-35""]",True
SPD_D04_C06_E1eM15,SPD,4,6,1e-15,5103369645803992699,1000004.0812078727,1000004.0802078688,1.0186515840118024e-21,1.01865158422065e-21,1.0186557413406676e-15,1.0186557405308604e-15,6.8864248652891486e-15,6.478203579333203e-15,5.651009244845123e-10,OBSERVABLE,"[""0x1.3333333333333p-1"", ""-0x1.0000000000000p-1"", ""0x1.9999999999999p-2"", ""-0x1.3333333333339p-1""]","[""0x1.3333333333399p-1"", ""-0x1.0000000000278p-1"", ""0x1.9999999982b95p-2"", ""-0x1.3333332e0a46ep-1""]","[""0x1.9800000000000p-47"", ""-0x1.3c00000000000p-44"", ""-0x1.6e04000000000p-38"", ""0x1.4a3b2c0000000p-31""]","[""0x1.9b395ace2e2aap-47"", ""-0x1.3bdf25adc8e02p-44"", ""-0x1.6e03a8f852255p-38"", ""0x1.4a3b520088a4bp-31""]",True
SPD_D04_C06_E1eM14,SPD,4,6,1e-14,10607137628927150247,1000001.0207101644,1000001.0107101538,4.6779840924366215e-21,4.714389188559429e-21,4.677988867302556e-15,4.714393953440473e-15,1.1737922998285722e-14,1.3833274915222278e-14,2.3617019495363033e-09,OBSERVABLE,"[""-0x1.3333333333334p-1"", ""0x1.999999999999ap-2"", ""-0x1.999999999999bp-2"", ""0x1.999999999997ep-3""]","[""-0x1.33333333333b2p-1"", ""0x1.9999999999174p-2"", ""-0x1.99999998e137fp-2"", ""0x1.99999954c2576p-3""]","[""-0x1.f800000000000p-47"", ""-0x1.04c0000000000p-43"", ""0x1.70c3800000000p-35"", ""-0x1.135d020000000p-29""]","[""-0x1.f9acf9e62b05ap-47"", ""-0x1.04c2010d9c90fp-43"", ""0x1.70c366c82f31ap-35"", ""-0x1.135d03c1bc94bp-29""]",True
SPD_D04_C06_E1eM12,SPD,4,6,1e-12,3551787230731065486,1000005.0997096811,1000004.099702502,5.857658252509095e-17,0.0,5.857688125208719e-11,0.0,5.828767958253792e-11,5.858132214416289e-11,1.0077255136215251e-07,OBSERVABLE,"[""0x1.ccccccccccccdp-1"", ""-0x1.9999999999998p-2"", ""-0x1.9999999999996p-4"", ""-0x1.99999999999f6p-4""]","[""0x1.cccccccccf182p-1"", ""-0x1.999999989c61bp-2"", ""-0x1.999999479667ap-4"", ""-0x1.99997eafc3b78p-4""]","[""0x1.25a8000000000p-40"", ""0x1.fa6fa00000000p-35"", ""0x1.480cc70000000p-30"", ""0x1.ae9d5e7e00000p-24""]","[""0x1.25b396810492ep-40"", ""0x1.fa6fc994123dcp-35"", ""0x1.480cc671386b3p-30"", ""0x1.ae9d5e8bffa80p-24""]",True
SPD_D04_C06_E1eM8,SPD,4,6,1e-8,10109430479675230262,1000008.1592491964,990107.058281848,2.5705906347811623e-19,4.7101129354570746e-23,2.5706116088713945e-13,4.663516062700684e-17,2.853058558699298e-13,2.615394492693121e-13,0.006344905339425075,OBSERVABLE,"[""0x1.3333333333334p-1"", ""0x1.3333333333333p-2"", ""-0x1.ffffffffffffep-2"", ""-0x1.6666666666666p-1""]","[""0x1.3333331fa7941p-1"", ""0x1.3332bd3b16722p-2"", ""-0x1.fff68288c7719p-2"", ""-0x1.62db336fb2bccp-1""]","[""-0x1.38b9f30000000p-29"", ""-0x1.d7e0730440000p-20"", ""0x1.2faee711ca000p-15"", ""0x1.c5997b59d4d00p-8""]","[""-0x1.38b9f2d1720e8p-29"", ""-0x1.d7e073042b869p-20"", ""0x1.2faee711c89f2p-15"", ""0x1.c5997b59d4d11p-8""]",True
SPD_D04_C08_E1eM16,SPD,4,8,1e-16,7859999646374053765,100000808.10280338,100000807.10279125,4.2362868126435876e-17,3.309599078444658e-19,4.236321064142496e-09,3.309625790420735e-11,4.3119046177905235e-09,4.269421762855081e-09,4.9673665560770976e-09,TRANSITION,"[""0x1.3333333333332p-2"", ""0x1.999999999999ap-3"", ""0x1.9999999999999p-1"", ""0x1.fffffffffff64p-2""]","[""0x1.333333333328dp-2"", ""0x1.9999999999f1cp-3"", ""0x1.99999998d39cep-1"", ""0x1.ffffffa9d3724p-2""]","[""-0x1.4a00000000000p-47"", ""0x1.6080000000000p-45"", ""-0x1.8bf9600000000p-34"", ""-0x1.58b2100000000p-28""]","[""-0x1.4ce7991f17360p-47"", ""0x1.60be91cb6a2acp-45"", ""-0x1.8bf8e59daa3bcp-34"", ""-0x1.58b22a4028cf6p-28""]",True
SPD_D04_C08_E1eM15,SPD,4,8,1e-15,1042522876978159422,100000505.07129797,100000495.07120813,0.0,8.895698868877727e-19,0.0,8.895742909712931e-11,3.445478383843682e-11,8.89618693356282e-11,2.5988509347563977e-08,OBSERVABLE,"[""0x1.999999999999ap-4"", ""-0x1.999999999999ap-3"", ""0x1.3333333333334p-2"", ""-0x1.9999999999961p-4""]","[""0x1.9999999999308p-4"", ""-0x1.9999999998d23p-3"", ""0x1.3333332db360fp-2"", ""-0x1.999996e644672p-4""]","[""-0x1.a480000000000p-46"", ""0x1.8ee0000000000p-44"", ""-0x1.5ff4940000000p-32"", ""0x1.59aa977800000p-27""]","[""-0x1.a453d60db3611p-46"", ""0x1.8ef019cb5b036p-44"", ""-0x1.5ff48b9af08f2p-32"", ""0x1.59aa967a866adp-27""]",True
SPD_D04_C08_E1eM14,SPD,4,8,1e-14,5790930347405176283,100000505.0611039,100000405.0602958,3.7000637490685656e-19,4.736221484954748e-17,3.7000824367882877e-11,4.736240691939481e-09,4.161218840998618e-09,4.773245371018535e-09,3.4259654307175567e-07,OBSERVABLE,"[""-0x1.3333333333333p-2"", ""-0x1.3333333333333p-2"", ""0x1.666666666666cp-1"", ""-0x1.33333333332ffp-2""]","[""-0x1.3333333331968p-2"", ""-0x1.3333333337836p-2"", ""0x1.6666662f67bf8p-1"", ""-0x1.33331f294a025p-2""]","[""0x1.9cb0000000000p-42"", ""-0x1.140c000000000p-40"", ""-0x1.b7f53a0000000p-28"", ""0x1.409e92da00000p-22""]","[""0x1.9cc22b0073804p-42"", ""-0x1.140e339709eacp-40"", ""-0x1.b7f53a0488506p-28"", ""0x1.409e931fdc166p-22""]",True
SPD_D04_C08_E1eM12,SPD,4,8,1e-12,17851839345312994769,100000404.08038789,99990405.03997995,4.928631988119768e-23,4.037553904116033e-19,4.928651903755048e-15,4.0371665025961325e-11,3.9358364724554737e-11,4.0380830180865117e-11,2.053767033507834e-05,OBSERVABLE,"[""-0x1.999999999999ap-4"", ""-0x1.3333333333332p-2"", ""-0x1.cccccccccccccp-1"", ""-0x1.99999999999dap-3""]","[""-0x1.999999999e85ep-4"", ""-0x1.333333367675bp-2"", ""-0x1.ccccae9959d1dp-1"", ""-0x1.998f1d982c3d5p-3""]","[""-0x1.3b10000000000p-42"", ""-0x1.a1a1480000000p-33"", ""0x1.e3372faf00000p-21"", ""0x1.4f802dac0a000p-16""]","[""-0x1.3b102e1e778d7p-42"", ""-0x1.a1a14c7121095p-33"", ""0x1.e3372fae7f9c0p-21"", ""0x1.4f802dabdefdcp-16""]",True
SPD_D04_C08_E1eM8,SPD,4,8,1e-8,18178684608654090320,100000202.07031414,50000076.27269201,7.484860412642566e-22,0.0,7.484875537324075e-14,0.0,1.077133705134804e-13,7.897927517514029e-14,0.29346095923168536,OBSERVABLE,"[""-0x1.ccccccccccccdp-1"", ""-0x1.0000000000000p-1"", ""-0x1.99999999999b0p-2"", ""-0x1.999999999994cp-1""]","[""-0x1.ccccafec50a03p-1"", ""-0x1.fffdffb3fc42ep-2"", ""-0x1.9523c533be425p-2"", ""-0x1.9964347fef56fp-2""]","[""0x1.ce07c2ca00000p-21"", ""0x1.002601de90000p-17"", ""0x1.1d751976d62c0p-8"", ""0x1.99cefeb343d29p-2""]","[""0x1.ce07c2cb6579dp-21"", ""0x1.002601de9705ap-17"", ""0x1.1d751976d62d5p-8"", ""0x1.99cefeb343e41p-2""]",True
SPD_D04_C10_E1eM16,SPD,4,10,1e-16,17175772012787490183,10000000101.010805,9999990101.020704,5.812393374918697e-21,1.9376750498769604e-21,5.81239343396799e-11,1.937673131813986e-11,8.128803487610448e-11,7.750510020764945e-11,5.720730342102787e-07,OBSERVABLE,"[""0x1.6666666666666p-1"", ""0x1.999999999999bp-2"", ""0x1.3333333333333p-2"", ""-0x1.3333333333926p-1""]","[""0x1.6666666666aa4p-1"", ""0x1.99999999b25c6p-2"", ""0x1.33333332af6f3p-2"", ""-0x1.33331f1147bc2p-1""]","[""0x1.0f80000000000p-43"", ""0x1.8c2b000000000p-38"", ""-0x1.0788000000000p-35"", ""0x1.421ebd6400000p-21""]","[""0x1.0f52ee06973f6p-43"", ""0x1.8c2a3a5709944p-38"", ""-0x1.0787e81a20777p-35"", ""0x1.421eb87475955p-21""]",True
SPD_D04_C10_E1eM15,SPD,4,10,1e-15,13107492549044360932,10000000801.081837,9999900802.069826,3.241999163676877e-17,3.00908294641097e-21,3.242000474443908e-07,3.009053097021513e-11,3.931081559674775e-07,3.2423014238351066e-07,3.298289184686806e-06,OBSERVABLE,"[""-0x1.0000000000000p-1"", ""-0x1.ccccccccccccdp-1"", ""-0x1.0000000000004p-1"", ""-0x1.9999999999d16p-2""]","[""-0x1.0000000000e17p-1"", ""-0x1.ccccccccb7ae2p-1"", ""-0x1.0000000297328p-1"", ""-0x1.99988d3bf03e1p-2""]","[""-0x1.c2e0000000000p-42"", ""0x1.51eb000000000p-37"", ""-0x1.4b99200000000p-32"", ""0x1.0c5da99350000p-18""]","[""-0x1.c2e9c5fb21989p-42"", ""0x1.51eab942028a3p-37"", ""-0x1.4b996cb08f9d4p-32"", ""0x1.0c5da9b69f6e7p-18""]",True
SPD_D04_C10_E1eM14,SPD,4,10,1e-14,3017150107056477270,10000000403.882431,9999000503.791746,0.0,1.2655096295004423e-23,0.0,1.2653831422929828e-13,1.560787658455407e-13,1.3097839072352683e-13,2.516520885511335e-05,OBSERVABLE,"[""-0x1.ccccccccccccdp-1"", ""0x1.3333333333333p-1"", ""0x1.999999999999bp-2"", ""-0x1.3333333333fa9p-2""]","[""-0x1.ccccccccd9f81p-1"", ""0x1.33333337cd4c5p-1"", ""0x1.999999bc1fbebp-2"", ""-0x1.332b56c097e5ap-2""]","[""-0x1.a568000000000p-38"", ""0x1.2686480000000p-31"", ""0x1.1431280000000p-29"", ""0x1.f71ca7053c000p-16""]","[""-0x1.a5685514c2fd2p-38"", ""0x1.2686486710318p-31"", ""0x1.14312828938cfp-29"", ""0x1.f71ca6baa4b05p-16""]",True
SPD_D04_C10_E1eM12,SPD,4,10,1e-12,3770731004481436651,10000000005.000195,9900990103.960703,5.592931036838945e-24,7.169997772228597e-22,5.592931039635833e-14,7.0990076988759584e-12,6.310303260465476e-12,7.1450114603127944e-12,0.00448434362610969,OBSERVABLE,"[""0x1.3333333333334p-2"", ""-0x1.6666666666667p-1"", ""-0x1.9999999999973p-3"", ""0x1.9999999999a29p-2""]","[""0x1.3333333a114d9p-2"", ""-0x1.666664d611b0ep-1"", ""-0x1.99997ec1dd864p-3"", ""0x1.958b634a24765p-2""]","[""0x1.b786940000000p-32"", ""0x1.9054b59000000p-25"", ""0x1.ad7bc10f00000p-23"", ""-0x1.038d93dd4b100p-8""]","[""0x1.b7869a6fc59d1p-32"", ""0x1.9054b59021f6ep-25"", ""0x1.ad7bc119796d8p-23"", ""-0x1.038d93dd537f1p-8""]",True
SPD_D04_C10_E1eM8,SPD,4,10,1e-8,2623794382600541620,10000000402.04082,99009905.9509932,3.8830440962497715e-17,1.2983680455556778e-20,3.883045760167847e-07,1.2855129808040777e-12,3.9978486165365395e-07,3.883053841086283e-07,0.7693512527495012,OBSERVABLE,"[""0x1.9999999999998p-2"", ""-0x1.99999999999a1p-4"", ""-0x1.0000000000000p-1"", ""0x1.9999999999c11p-1""]","[""0x1.9999a0f255cb5p-2"", ""-0x1.9981a09e4354cp-4"", ""-0x1.faedfcddfcd07p-2"", ""0x1.0384c9885f854p-7""]","[""0x1.d62f0c7400000p-24"", ""0x1.7f8fb56455000p-16"", ""0x1.4480c880cbe40p-8"", ""-0x1.958b867378430p-1""]","[""0x1.d62f0c697a1a3p-24"", ""0x1.7f8fb5644eeb6p-16"", ""0x1.4480c880cbf0bp-8"", ""-0x1.958b867378420p-1""]",True
SPD_D08_C02_E1eM16,SPD,8,2,1e-16,1342461325665898416,106.93092082330782,106.93092082330624,3.697300935552692e-17,5.228813013976705e-17,3.9535579359952836e-15,5.591217903974194e-15,2.525178090855349e-14,1.3985667938470056e-14,7.674083277694362e-15,RESOLUTION_LIMITED,"[""0x1.999999999999ap-3"", ""0x1.0000000000000p-1"", ""-0x1.9999999999999p-1"", ""0x1.3333333333334p-1"", ""-0x1.999999999999cp-2"", ""0x1.cccccccccccccp-1"", ""-0x1.3333333333333p-1"", ""0x1.999999999999bp-1""]","[""0x1.9999999999998p-3"", ""0x1.ffffffffffffep-2"", ""-0x1.9999999999999p-1"", ""0x1.3333333333334p-1"", ""-0x1.9999999999954p-2"", ""0x1.ccccccccccc7ap-1"", ""-0x1.33333333332fep-1"", ""0x1.9999999999953p-1""]","[""-0x1.0000000000000p-54"", ""-0x1.0000000000000p-53"", ""0x0.0p+0"", ""0x0.0p+0"", ""0x1.2000000000000p-48"", ""-0x1.4800000000000p-47"", ""0x1.a800000000000p-48"", ""-0x1.2000000000000p-47""]","[""-0x1.33db7c48b2cb5p-55"", ""-0x1.de6f1e37ccdc8p-55"", ""0x1.3371f7cfe2371p-54"", ""-0x1.30f92f47fa46cp-54"", ""0x1.1b6974bf4e6bbp-48"", ""-0x1.3e85bea320702p-47"", ""0x1.ab88c80feece0p-48"", ""-0x1.1e4a9a4c91e6dp-47""]",True
SPD_D08_C02_E1eM15,SPD,8,2,1e-15,11984414969320672532,107.809500260927,107.80950026091614,5.048864716951658e-17,7.841276256334856e-17,5.443155820195879e-15,8.453640746032552e-15,2.47388945292106e-14,1.8337688664728414e-14,7.775652097276498e-14,TRANSITION,"[""-0x1.3333333333333p-1"", ""0x1.3333333333333p-2"", ""-0x1.9999999999999p-3"", ""0x1.ffffffffffffep-2"", ""0x1.3333333333332p-2"", ""-0x1.6666666666666p-1"", ""-0x1.9999999999998p-4"", ""-0x1.6666666666666p-1""]","[""-0x1.333333333332ep-1"", ""0x1.333333333332cp-2"", ""-0x1.9999999999995p-3"", ""0x1.ffffffffffff0p-2"", ""0x1.3333333333109p-2"", ""-0x1.66666666663ecp-1"", ""-0x1.9999999999784p-4"", ""-0x1.66666666663e5p-1""]","[""0x1.4000000000000p-51"", ""-0x1.c000000000000p-52"", ""0x1.0000000000000p-53"", ""-0x1.c000000000000p-51"", ""-0x1.1480000000000p-45"", ""0x1.3d00000000000p-44"", ""0x1.0a00000000000p-47"", ""0x1.4080000000000p-44""]","[""0x1.22844e4114a55p-51"", ""-0x1.7f8f2cd38b928p-52"", ""0x1.087c3f3226d25p-53"", ""-0x1.9a7aea0b04596p-51"", ""-0x1.1551135ea6f5dp-45"", ""0x1.3cc2220c30e84p-44"", ""0x1.0ad6f6a5e178fp-47"", ""0x1.4024e9a0062b3p-44""]",True
SPD_D08_C02_E1eM14,SPD,8,2,1e-14,17951608882493264060,106.99183523140333,106.9918352312938,5.6060633674407694e-18,4.4489063438398283e-17,5.998030081060292e-16,4.759966544995709e-15,1.5214718361833952e-14,9.800661651597734e-15,8.130952218524192e-13,OBSERVABLE,"[""0x1.999999999999ap-4"", ""-0x1.999999999999ap-4"", ""-0x1.9999999999999p-2"", ""0x1.9999999999999p-1"", ""0x1.6666666666667p-1"", ""0x1.ccccccccccccep-1"", ""0x1.9999999999998p-3"", ""-0x1.0000000000001p-1""]","[""0x1.9999999999982p-4"", ""-0x1.999999999998fp-4"", ""-0x1.999999999995fp-2"", ""0x1.999999999995ap-1"", ""0x1.6666666664d4dp-1"", ""0x1.cccccccccacfdp-1"", ""0x1.9999999998008p-3"", ""-0x1.fffffffffddf6p-2""]","[""-0x1.8000000000000p-52"", ""0x1.6000000000000p-53"", ""0x1.d000000000000p-49"", ""-0x1.f800000000000p-48"", ""-0x1.91a0000000000p-41"", ""-0x1.fd10000000000p-41"", ""-0x1.9900000000000p-43"", ""0x1.1060000000000p-41""]","[""-0x1.7fdb486ddf547p-52"", ""0x1.3a5dd75d66c0ap-53"", ""0x1.d9cfabf5ccf27p-49"", ""-0x1.f18406b083b80p-48"", ""-0x1.91948d2e1b508p-41"", ""-0x1.fcfa9d9770753p-41"", ""-0x1.990c6c918fc38p-43"", ""0x1.10480bc42112ap-41""]",True
SPD_D08_C02_E1eM12,SPD,8,2,1e-12,17607056763644691582,107.3996383265486,107.39963831539639,3.9089546636660036e-17,5.484875708914731e-17,4.198203171126059e-15,5.890736673423489e-15,2.2742784347943826e-14,1.452983194274875e-14,6.042586870239996e-11,OBSERVABLE,"[""-0x1.ccccccccccccdp-1"", ""0x1.999999999999bp-4"", ""0x1.6666666666667p-1"", ""-0x1.0000000000000p-1"", ""-0x1.999999999999ap-2"", ""0x1.3333333333334p-1"", ""0x1.999999999999ap-4"", ""-0x1.3333333333333p-1""]","[""-0x1.ccccccccca716p-1"", ""0x1.99999999950e2p-4"", ""0x1.6666666664baap-1"", ""-0x1.fffffffffd259p-2"", ""-0x1.99999998f0309p-2"", ""0x1.33333332ad272p-1"", ""0x1.99999998f402cp-4"", ""-0x1.33333332ae3fdp-1""]","[""0x1.2db8000000000p-40"", ""-0x1.22e4000000000p-42"", ""-0x1.abd0000000000p-41"", ""0x1.6d38000000000p-41"", ""0x1.52d2200000000p-35"", ""-0x1.0c18400000000p-34"", ""-0x1.4b2dc00000000p-37"", ""0x1.09e6c00000000p-34""]","[""0x1.2db187c912227p-40"", ""-0x1.22dbadffd5735p-42"", ""-0x1.abb0986c2c6a4p-41"", ""0x1.6d2e3d6cf3858p-41"", ""0x1.52d2345b3e528p-35"", ""-0x1.0c17f54143543p-34"", ""-0x1.4b2d9ad4416cfp-37"", ""0x1.09e6abe27d799p-34""]",True
SPD_D08_C02_E1eM8,SPD,8,2,1e-8,827968943530373870,106.3569157994622,106.35680696103981,4.416207131333909e-17,1.5612992852945133e-17,4.696941700202673e-15,1.6605480669447824e-15,1.6623894598395806e-14,1.0798379930422935e-14,6.959912210842691e-07,OBSERVABLE,"[""-0x1.999999999999ap-1"", ""0x1.999999999999ap-3"", ""0x1.6666666666667p-1"", ""-0x1.9999999999999p-4"", ""-0x1.cccccccccccccp-1"", ""-0x1.3333333333333p-2"", ""0x1.0000000000000p-1"", ""0x1.999999999999ap-3""]","[""-0x1.9999994603758p-1"", ""0x1.99999976bfcf9p-3"", ""0x1.66666625fbda0p-1"", ""-0x1.999999c40ec24p-4"", ""-0x1.ccccaf0514b19p-1"", ""-0x1.333320289da5cp-2"", ""0x1.ffffdebeb689ap-2"", ""0x1.999980cdc4c57p-3""]","[""0x1.4e58908000000p-27"", ""-0x1.16ce508000000p-30"", ""-0x1.01aa31c000000p-27"", ""-0x1.53a9458000000p-31"", ""0x1.dc7b81b300000p-21"", ""0x1.30a958d700000p-22"", ""-0x1.0a0a4bb300000p-21"", ""-0x1.8cbd4d4300000p-23""]","[""0x1.4e5890657cef2p-27"", ""-0x1.16ce5146acc99p-30"", ""-0x1.01aa31c5950b2p-27"", ""-0x1.53a943c7280c3p-31"", ""0x1.dc7b81b4254ccp-21"", ""0x1.30a958d662958p-22"", ""-0x1.0a0a4bb369380p-21"", ""-0x1.8cbd4d4451dd8p-23""]",True
SPD_D08_C04_E1eM16,SPD,8,4,1e-16,12403419548012470609,10408.249890485036,10408.24989047445,8.226256462153256e-18,8.230564530772494e-18,8.562093292131578e-14,8.566577237596305e-14,1.8597260848002332e-13,1.757275973957584e-13,4.868582177732875e-13,TRANSITION,"[""0x1.3333333333333p-1"", ""0x1.999999999999bp-4"", ""0x1.9999999999998p-2"", ""0x1.999999999999ap-2"", ""-0x1.9999999999998p-4"", ""0x1.9999999999998p-2"", ""-0x1.0000000000001p-1"", ""0x1.999999999998bp-4""]","[""0x1.3333333333334p-1"", ""0x1.9999999999992p-4"", ""0x1.9999999999940p-2"", ""0x1.9999999999953p-2"", ""-0x1.9999999999921p-4"", ""0x1.999999999994bp-2"", ""-0x1.fffffffffdc92p-2"", ""0x1.9999999997abep-4""]","[""0x1.0000000000000p-53"", ""-0x1.2000000000000p-53"", ""-0x1.6000000000000p-48"", ""-0x1.1c00000000000p-48"", ""0x1.dc00000000000p-50"", ""-0x1.3400000000000p-48"", ""0x1.1b80000000000p-41"", ""-0x1.ecd0000000000p-44""]","[""0x1.233306d891e70p-57"", ""-0x1.242038df35f8fp-53"", ""-0x1.691bf337470b2p-48"", ""-0x1.1c3fcab384df0p-48"", ""0x1.e754d23d61430p-50"", ""-0x1.3321667a64ac4p-48"", ""0x1.1b62c4eb7a7ecp-41"", ""-0x1.ed7d611fd3a1cp-44""]",True
SPD_D08_C04_E1eM15,SPD,8,4,1e-15,6344531904647166480,10202.132668127006,10202.132668023978,5.32076879205209e-17,3.762728325302348e-17,5.428318911297476e-13,3.838785356848098e-13,1.815148081866658e-12,9.31151318912041e-13,5.103514243911555e-12,TRANSITION,"[""-0x1.6666666666666p-1"", ""-0x1.6666666666666p-1"", ""0x1.999999999999ap-1"", ""0x1.999999999999ap-3"", ""0x1.3333333333332p-1"", ""0x1.cccccccccccccp-1"", ""0x1.999999999999ep-2"", ""-0x1.ccccccccccccep-1""]","[""-0x1.6666666666653p-1"", ""-0x1.6666666666661p-1"", ""0x1.99999999996cap-1"", ""0x1.99999999998b3p-3"", ""0x1.33333333330e0p-1"", ""0x1.cccccccccc8adp-1"", ""0x1.99999999877b1p-2"", ""-0x1.ccccccccb8e3cp-1""]","[""0x1.3000000000000p-49"", ""0x1.4000000000000p-51"", ""-0x1.6800000000000p-44"", ""-0x1.ce00000000000p-48"", ""-0x1.2900000000000p-44"", ""-0x1.07c0000000000p-43"", ""-0x1.21ed000000000p-38"", ""0x1.3e92000000000p-37""]","[""0x1.37c82007c6b1cp-49"", ""0x1.24e9c65bc3949p-51"", ""-0x1.683aea029dd50p-44"", ""-0x1.ca2232147e4b0p-48"", ""-0x1.296460cc09d50p-44"", ""-0x1.085b882155479p-43"", ""-0x1.21e5b8bb84a70p-38"", ""0x1.3e90a23809a1ep-37""]",True
SPD_D08_C04_E1eM14,SPD,8,4,1e-14,6151836399657006807,10408.179565961214,10408.179564899474,1.137157895364915e-16,8.476155302617135e-17,1.1835743569822579e-12,8.82213464096918e-13,3.5497027986628485e-12,2.0702287131555687e-12,4.9272559597408824e-11,OBSERVABLE,"[""-0x1.ccccccccccccdp-1"", ""-0x1.9999999999998p-1"", ""-0x1.999999999999bp-2"", ""-0x1.6666666666665p-1"", ""-0x1.9999999999999p-4"", ""-0x1.3333333333333p-2"", ""-0x1.6666666666667p-1"", ""-0x1.fffffffffffffp-2""]","[""-0x1.ccccccccccbf9p-1"", ""-0x1.9999999999a1cp-1"", ""-0x1.9999999997e21p-2"", ""-0x1.6666666664809p-1"", ""-0x1.999999999aa9ap-4"", ""-0x1.3333333332623p-2"", ""-0x1.66666665ce92ap-1"", ""-0x1.ffffffff29e68p-2""]","[""0x1.a800000000000p-46"", ""-0x1.0800000000000p-46"", ""0x1.b7a0000000000p-42"", ""0x1.e5c0000000000p-41"", ""-0x1.1010000000000p-44"", ""0x1.a200000000000p-43"", ""0x1.2fa7a00000000p-34"", ""0x1.ac32e00000000p-35""]","[""0x1.a479b5ebf4f81p-46"", ""-0x1.0299bce0ffba8p-46"", ""0x1.b7988da74c933p-42"", ""0x1.e5b8269a814c7p-41"", ""-0x1.1002af7710325p-44"", ""0x1.a1e5e38e1aa2fp-43"", ""0x1.2fa7a263c7959p-34"", ""0x1.ac32f91a31910p-35""]",True
SPD_D08_C04_E1eM12,SPD,8,4,1e-12,6126448581146939217,10100.71209613858,10100.711994125984,5.070646883788127e-17,5.110135191103853e-17,5.121714431435237e-13,5.161600381641461e-13,1.4273198165613828e-12,1.0327723728944542e-12,3.0379471904294188e-09,OBSERVABLE,"[""0x1.9999999999999p-4"", ""0x1.9999999999998p-1"", ""-0x1.ccccccccccccep-1"", ""-0x1.ffffffffffffep-2"", ""0x1.999999999999ap-4"", ""0x1.9999999999996p-4"", ""0x1.3333333333334p-2"", ""0x1.3333333333336p-2""]","[""0x1.9999999988c78p-4"", ""0x1.9999999996393p-1"", ""-0x1.cccccccc02ae3p-1"", ""-0x1.ffffffff53a14p-2"", ""0x1.999999993f934p-4"", ""0x1.999999993f011p-4"", ""0x1.333333002e11ep-2"", ""0x1.333333003ddf7p-2""]","[""-0x1.0d21000000000p-40"", ""-0x1.b028000000000p-40"", ""0x1.943d600000000p-34"", ""0x1.58bd400000000p-35"", ""-0x1.6819800000000p-38"", ""-0x1.6a61400000000p-38"", ""-0x1.98290b0000000p-29"", ""-0x1.97aa9f8000000p-29""]","[""-0x1.0d218d32acfe0p-40"", ""-0x1.b0268aadfd2c4p-40"", ""0x1.943d1b07bf069p-34"", ""0x1.58bd63b81b9fap-35"", ""-0x1.681a663bc311ep-38"", ""-0x1.6a62fd87d678cp-38"", ""-0x1.982909d5f3065p-29"", ""-0x1.97aa9cc469d4fp-29""]",True
SPD_D08_C04_E1eM8,SPD,8,4,1e-8,6882152155808678137,10408.284943157896,10407.223289475058,3.999516198256329e-17,1.5626364660168437e-19,4.162810422624479e-13,1.6262706622113522e-15,7.923952054258048e-13,4.2234806358383173e-13,5.97121975658679e-05,OBSERVABLE,"[""-0x1.3333333333334p-1"", ""-0x1.3333333333333p-1"", ""-0x1.6666666666666p-1"", ""0x1.3333333333333p-1"", ""-0x1.6666666666666p-1"", ""0x1.999999999999bp-2"", ""0x1.cccccccccccc9p-1"", ""-0x1.6666666666669p-1""]","[""-0x1.3333331505953p-1"", ""-0x1.33333218f3222p-1"", ""-0x1.66664c407e04fp-1"", ""0x1.33331e7f1a5c4p-1"", ""-0x1.66664a976dbc5p-1"", ""0x1.9999799e5aba4p-2"", ""0x1.ccc1282df7cacp-1"", ""-0x1.665d744972be7p-1""]","[""0x1.e2d9e10000000p-29"", ""0x1.1a40111000000p-25"", ""0x1.a25e861700000p-21"", ""-0x1.4b418d6f00000p-21"", ""0x1.bcef8aa100000p-21"", ""-0x1.ffb3edf700000p-22"", ""-0x1.7493daa03a000p-14"", ""0x1.1e439e7504000p-14""]","[""0x1.e2d9e0bd6a4b3p-29"", ""0x1.1a40111acb2f3p-25"", ""0x1.a25e8617ed22cp-21"", ""-0x1.4b418d6e20371p-21"", ""0x1.bcef8aa1d5a09p-21"", ""-0x1.ffb3edf61794cp-22"", ""-0x1.7493daa04209fp-14"", ""0x1.1e439e750257fp-14""]",True
SPD_D08_C06_E1eM16,SPD,8,6,1e-16,9749276856650741310,1010068.479656907,1010068.4795558995,1.9824600356967862e-19,9.97678205789466e-21,2.0024203942372315e-13,1.007723308407834e-14,3.535398502252472e-13,2.1476016460596928e-13,5.1864974410579774e-11,OBSERVABLE,"[""0x1.6666666666667p-1"", ""0x1.999999999999ap-1"", ""0x1.3333333333333p-1"", ""-0x1.999999999999ap-3"", ""-0x1.3333333333330p-2"", ""0x1.3333333333331p-1"", ""-0x1.33333333333a1p-2"", ""0x1.99999999999a4p-1""]","[""0x1.666666666665ep-1"", ""0x1.9999999999996p-1"", ""0x1.3333333333259p-1"", ""-0x1.9999999999925p-3"", ""-0x1.3333333332e7ep-2"", ""0x1.3333333331e53p-1"", ""-0x1.33333332af89ep-2"", ""0x1.99999998e9c7ep-1""]","[""-0x1.2000000000000p-50"", ""-0x1.0000000000000p-51"", ""-0x1.b400000000000p-46"", ""0x1.d400000000000p-49"", ""0x1.2c80000000000p-44"", ""-0x1.4de0000000000p-41"", ""0x1.0760600000000p-35"", ""-0x1.5fa4c00000000p-34""]","[""-0x1.3e99faa45b87fp-50"", ""-0x1.288acefaacbd3p-51"", ""-0x1.b3e4a6157cab7p-46"", ""0x1.d247e3f7328bdp-49"", ""0x1.2c00b58ae9b0dp-44"", ""-0x1.4de0521533198p-41"", ""0x1.076572ecdebcdp-35"", ""-0x1.5fa5429476131p-34""]",True
SPD_D08_C06_E1eM15,SPD,8,6,1e-15,3433843133086229036,1030460.4989644638,1030460.4979131862,2.148302203025429e-17,1.681549094125352e-19,2.213740560105047e-11,1.7327699167981777e-13,3.625778403892297e-11,2.2315123484788397e-11,4.711888622167496e-10,OBSERVABLE,"[""-0x1.ccccccccccccdp-1"", ""0x1.3333333333334p-2"", ""-0x1.9999999999998p-3"", ""-0x1.3333333333334p-2"", ""-0x1.9999999999999p-1"", ""-0x1.3333333333334p-1"", ""0x1.ffffffffffff1p-2"", ""-0x1.3333333333347p-1""]","[""-0x1.cccccccccccc2p-1"", ""0x1.33333333331a8p-2"", ""-0x1.999999999b608p-3"", ""-0x1.3333333333450p-2"", ""-0x1.999999998a8b2p-1"", ""-0x1.3333333323972p-1"", ""0x1.fffffff7a0e07p-2"", ""-0x1.3333332e20e02p-1""]","[""0x1.6000000000000p-50"", ""-0x1.8c00000000000p-46"", ""-0x1.c700000000000p-43"", ""-0x1.1c00000000000p-46"", ""0x1.e1ce000000000p-38"", ""0x1.f384000000000p-38"", ""-0x1.0be3d40000000p-31"", ""0x1.4495140000000p-31""]","[""0x1.3df29a32e6878p-50"", ""-0x1.8ac17545a9866p-46"", ""-0x1.c6dce1ce5b204p-43"", ""-0x1.1b68e3d3e0931p-46"", ""0x1.e1cbc931b08a8p-38"", ""0x1.f3867d995e101p-38"", ""-0x1.0be402b01fe20p-31"", ""0x1.449473df3a320p-31""]",True
SPD_D08_C06_E1eM14,SPD,8,6,1e-14,15659197735276519911,1020211.1454198685,1020211.1351151813,2.1129578078615898e-19,1.3525826420006086e-17,2.1556631053827918e-13,1.3799198725515736e-11,1.8439386381132535e-11,1.4019205862427414e-11,6.903754744188859e-09,OBSERVABLE,"[""-0x1.6666666666667p-1"", ""-0x1.999999999999ap-3"", ""0x1.3333333333333p-2"", ""0x1.999999999999bp-2"", ""-0x1.9999999999993p-3"", ""0x1.333333333332fp-2"", ""0x1.cccccccccccc7p-1"", ""-0x1.9999999999999p-4""]","[""-0x1.66666666665a4p-1"", ""-0x1.999999999b61ep-3"", ""0x1.3333333339885p-2"", ""0x1.9999999992fa8p-2"", ""-0x1.9999999845b5dp-3"", ""0x1.33333332b662ep-2"", ""0x1.cccccc7f5d4d3p-1"", ""-0x1.9999994eb1a4cp-4""]","[""0x1.8600000000000p-46"", ""-0x1.c840000000000p-43"", ""0x1.9548000000000p-40"", ""-0x1.a7cc000000000p-40"", ""0x1.53e3600000000p-35"", ""-0x1.f340400000000p-36"", ""-0x1.35bdfd0000000p-27"", ""0x1.2b9fd34000000p-30""]","[""0x1.86a74dc93f79dp-46"", ""-0x1.c83345a722769p-43"", ""0x1.954ab17d88e5bp-40"", ""-0x1.a7c596a18492cp-40"", ""0x1.53e39455d951ep-35"", ""-0x1.f3410675f1dc2p-36"", ""-0x1.35bdfc9a61632p-27"", ""0x1.2b9fdcfdeb410p-30""]",True
SPD_D08_C06_E1eM12,SPD,8,6,1e-12,514128684200752286,1020209.0009892927,1020207.980776856,4.60176278873266e-17,2.3020581342932578e-17,4.6947598177030564e-11,2.348578080873419e-11,1.1181656043781125e-10,7.043781223263626e-11,5.702090312107127e-07,OBSERVABLE,"[""-0x1.9999999999999p-2"", ""0x1.6666666666667p-1"", ""-0x1.999999999999ap-2"", ""-0x1.ccccccccccccdp-1"", ""0x1.9999999999999p-3"", ""0x1.99999999999a5p-3"", ""0x1.9999999999a67p-4"", ""0x1.cccccccccccbep-1""]","[""-0x1.9999999946523p-2"", ""0x1.6666666686ad3p-1"", ""-0x1.9999999894665p-2"", ""-0x1.cccccccda21e3p-1"", ""0x1.9999997751e47p-3"", ""0x1.9999994d78047p-3"", ""0x1.99997eb37124cp-4"", ""0x1.ccccae9d31a58p-1""]","[""0x1.4d1d800000000p-36"", ""0x1.0236000000000p-36"", ""0x1.0533500000000p-34"", ""-0x1.aaa2c00000000p-34"", ""-0x1.123da90000000p-30"", ""-0x1.3086578000000p-29"", ""-0x1.ae62881b00000p-24"", ""-0x1.e2f9b26600000p-21""]","[""0x1.4d1d521f74c74p-36"", ""0x1.0236ee3c8067ap-36"", ""0x1.0533451847594p-34"", ""-0x1.aaa2f0154d4f0p-34"", ""-0x1.123da7dd4fea2p-30"", ""-0x1.3086527294808p-29"", ""-0x1.ae628794479cap-24"", ""-0x1.e2f9b27553365p-21""]",True
SPD_D08_C06_E1eM8,SPD,8,6,1e-8,15792116345988448117,1010058.1552176061,999958.0774588209,7.760809516313028e-20,3.202460236804169e-19,7.838868943042993e-14,3.202325981534043e-13,6.895885707503096e-13,4.028619445734226e-13,0.0024033581497957864,OBSERVABLE,"[""-0x1.3333333333333p-1"", ""-0x1.ccccccccccccdp-1"", ""-0x1.999999999999ap-3"", ""-0x1.0000000000000p-1"", ""0x1.6666666666666p-1"", ""0x1.ccccccccccccep-1"", ""0x1.9999999999992p-4"", ""-0x1.999999999999fp-2""]","[""-0x1.3333342bcd3b4p-1"", ""-0x1.cccccedab495dp-1"", ""-0x1.99994093e67bfp-3"", ""-0x1.ffffdbdfe707fp-2"", ""0x1.665d588c45159p-1"", ""0x1.ccc0ae4ad5edep-1"", ""0x1.955baeeafeb05p-4"", ""-0x1.9586567196569p-2""]","[""-0x1.f134102000000p-26"", ""-0x1.06f3e48000000p-24"", ""0x1.6416cc76c0000p-21"", ""0x1.2100c7c080000p-21"", ""-0x1.21bb442a1a000p-14"", ""-0x1.83d03edbe0000p-14"", ""-0x1.0f7aaba6ba340p-10"", ""0x1.04d0ca00d0d80p-8""]","[""-0x1.f134101272481p-26"", ""-0x1.06f3e48196172p-24"", ""0x1.6416cc7686caep-21"", ""0x1.2100c7c077952p-21"", ""-0x1.21bb442a1bbcep-14"", ""-0x1.83d03edbe0837p-14"", ""-0x1.0f7aaba6b993dp-10"", ""0x1.04d0ca00d00f4p-8""]",True
SPD_D08_C08_E1eM16,SPD,8,8,1e-16,3035520794218911308,100000210.9054531,100000209.90544878,7.840036950896654e-19,9.192814869787336e-20,7.840053486576772e-11,9.192834166091153e-12,9.47515185820575e-11,8.759780991684289e-11,2.772869787747642e-09,OBSERVABLE,"[""-0x1.9999999999999p-4"", ""-0x1.9999999999998p-4"", ""0x1.3333333333334p-1"", ""-0x1.9999999999999p-1"", ""0x1.999999999999cp-4"", ""0x1.9999999999997p-4"", ""-0x1.9999999999996p-3"", ""0x1.3333333333335p-2""]","[""-0x1.99999999997f9p-4"", ""-0x1.999999999aa9dp-4"", ""0x1.33333333334fdp-1"", ""-0x1.9999999999231p-1"", ""0x1.999999999d662p-4"", ""0x1.99999999196acp-4"", ""-0x1.99999998ccc43p-3"", ""0x1.333332ffac7f6p-2""]","[""0x1.a000000000000p-48"", ""-0x1.1050000000000p-44"", ""0x1.c900000000000p-45"", ""0x1.da00000000000p-43"", ""0x1.e630000000000p-43"", ""-0x1.005d600000000p-37"", ""0x1.99aa600000000p-36"", ""-0x1.9c359f8000000p-29""]","[""0x1.a1122aea6a1d3p-48"", ""-0x1.1043b080ab83ap-44"", ""0x1.c9497684d103bp-45"", ""0x1.da56937ffd88ep-43"", ""0x1.e6387a4e47673p-43"", ""-0x1.005d83d01734bp-37"", ""0x1.99a90e8644dfdp-36"", ""-0x1.9c359a152728bp-29""]",True
SPD_D08_C08_E1eM15,SPD,8,8,1e-15,16427906249856084432,100001031.63824624,100001021.63809246,5.952584160412317e-17,1.859912802054595e-18,5.952645604981145e-09,1.8599318039782018e-10,8.371993165832483e-09,6.138643223739089e-09,3.665391848908033e-08,TRANSITION,"[""-0x1.ffffffffffffep-2"", ""-0x1.cccccccccccccp-1"", ""0x1.999999999999ap-2"", ""0x1.9999999999995p-3"", ""-0x1.9999999999996p-4"", ""-0x1.0000000000001p-1"", ""0x1.3333333333327p-2"", ""0x1.0000000000033p-1""]","[""-0x1.fffffffffff93p-2"", ""-0x1.ccccccccceb0dp-1"", ""0x1.9999999995036p-2"", ""0x1.99999999e4b5cp-3"", ""-0x1.99999999f39fap-4"", ""-0x1.fffffff69fcafp-2"", ""0x1.3333332fee421p-2"", ""0x1.fffffca53f853p-2""]","[""0x1.ac00000000000p-48"", ""-0x1.e410000000000p-41"", ""-0x1.2590000000000p-40"", ""0x1.2c71c00000000p-37"", ""-0x1.6819000000000p-38"", ""0x1.2c06a60000000p-31"", ""-0x1.a278300000000p-33"", ""-0x1.ad60409800000p-25""]","[""0x1.afdfb0e66a00dp-48"", ""-0x1.e3ee5c54901a5p-41"", ""-0x1.258ec7fef63d0p-40"", ""0x1.2c70cd9df4074p-37"", ""-0x1.68183614f67a1p-38"", ""0x1.2c06a606b56cbp-31"", ""-0x1.a2788df5c5c0bp-33"", ""-0x1.ad603d4af492ep-25""]",True
SPD_D08_C08_E1eM14,SPD,8,8,1e-14,14115385846266976547,100001023.51795907,100000923.51651926,4.6626081261633456e-21,7.549194953606793e-19,4.662655848797052e-13,7.549264672239174e-11,1.0049006971199057e-10,7.596335248270603e-11,7.625011263802867e-08,OBSERVABLE,"[""0x1.3333333333333p-2"", ""0x1.6666666666666p-1"", ""-0x1.0000000000000p-1"", ""-0x1.9999999999997p-4"", ""0x1.0000000000001p-1"", ""0x1.99999999999bep-4"", ""-0x1.999999999999ep-1"", ""0x1.9999999999931p-4""]","[""0x1.33333333326fbp-2"", ""0x1.666666665ef74p-1"", ""-0x1.fffffffffc4d0p-2"", ""-0x1.99999996fa865p-4"", ""0x1.ffffffff9fc77p-2"", ""0x1.99999968590e3p-4"", ""-0x1.9999995423925p-1"", ""0x1.99997e9c64676p-4""]","[""-0x1.8700000000000p-43"", ""-0x1.dbc8000000000p-39"", ""0x1.d980000000000p-41"", ""0x1.4f89900000000p-35"", ""-0x1.80e2c00000000p-36"", ""-0x1.8a046d8000000p-31"", ""0x1.15d81e4000000p-27"", ""-0x1.afd352bb00000p-24""]","[""-0x1.8704540f7989fp-43"", ""-0x1.dbc695d0a7b1cp-39"", ""0x1.d98592d9a7b19p-41"", ""0x1.4f899bd7e698ap-35"", ""-0x1.80e281e575ae1p-36"", ""-0x1.8a0474162f06dp-31"", ""0x1.15d81f6627863p-27"", ""-0x1.afd352e8ca64dp-24""]",True
SPD_D08_C08_E1eM12,SPD,8,8,1e-12,12621670447657791305,100001027.33187051,99991028.17772241,5.02221245645647e-17,4.62682269765836e-19,5.022264076468776e-09,4.6264075875628636e-11,8.675928085837466e-09,5.068531306771345e-09,5.246252164427561e-05,OBSERVABLE,"[""-0x1.0000000000001p-1"", ""-0x1.3333333333332p-1"", ""-0x1.999999999999ap-3"", ""-0x1.9999999999999p-1"", ""-0x1.99999999999a4p-4"", ""-0x1.ccccccccccccep-1"", ""0x1.9999999999987p-4"", ""-0x1.ccccccccccce6p-1""]","[""-0x1.fffffffffeb5ap-2"", ""-0x1.3333333965703p-1"", ""-0x1.9999995902ff1p-3"", ""-0x1.9999995fe4ce1p-1"", ""-0x1.99999bc519933p-4"", ""-0x1.ccccb4a8bd572p-1"", ""0x1.999991f63ff1dp-4"", ""-0x1.ccc107a9b08b7p-1""]","[""0x1.4a80000000000p-42"", ""-0x1.8c8f440000000p-31"", ""0x1.025a6a4000000p-29"", ""0x1.cda65c0000000p-28"", ""-0x1.15bffc7800000p-27"", ""0x1.8240f75c00000p-21"", ""-0x1.e8d669a800000p-26"", ""0x1.78a463885e000p-14""]","[""0x1.4a4b2b14df98dp-42"", ""-0x1.8c8f3ed41b6b8p-31"", ""0x1.025a69f27e203p-29"", ""0x1.cda65bf3dfb7dp-28"", ""-0x1.15bffcdc2361ep-27"", ""0x1.8240f7583dc90p-21"", ""-0x1.e8d668b5951b6p-26"", ""0x1.78a46388362f9p-14""]",True
SPD_D08_C08_E1eM8,SPD,8,8,1e-8,15998051934926311635,100001018.28890415,50000381.34704792,4.054830134131452e-19,4.474013262003395e-19,4.054871424181209e-11,2.2370236925692385e-11,9.852764072696625e-11,6.018533560675574e-11,0.2749937001226734,OBSERVABLE,"[""-0x1.0000000000000p-1"", ""0x1.6666666666666p-1"", ""0x1.3333333333333p-1"", ""-0x1.999999999999bp-4"", ""-0x1.3333333333333p-1"", ""-0x1.333333333332dp-1"", ""-0x1.99999999999e2p-3"", ""0x1.cccccccccccb1p-1""]","[""-0x1.ffffe304c3335p-2"", ""0x1.6667795439751p-1"", ""0x1.3333e30f504dep-1"", ""-0x1.99f2ee24cf6cfp-4"", ""-0x1.331e8e6a480bbp-1"", ""-0x1.2feda7363c17dp-1"", ""-0x1.975a5ed1efdecp-3"", ""0x1.cca8ca76fa447p-2""]","[""0x1.cfb3cccb00000p-22"", ""0x1.12edd30eb0000p-17"", ""0x1.5fb83a3560000p-18"", ""-0x1.65522cd74d000p-14"", ""0x1.4a4c8eb278000p-13"", ""0x1.a2c5fe7b8d800p-8"", ""0x1.1f9d63d4dfb00p-10"", ""-0x1.ccf0cf229f51bp-2""]","[""0x1.cfb3cccc1501dp-22"", ""0x1.12edd30ea1a9cp-17"", ""0x1.5fb83a3572304p-18"", ""-0x1.65522cd74d4cep-14"", ""0x1.4a4c8eb277edbp-13"", ""0x1.a2c5fe7b8dc05p-8"", ""0x1.1f9d63d4df061p-10"", ""-0x1.ccf0cf229f519p-2""]",True
SPD_D08_C10_E1eM16,SPD,8,10,1e-16,7140153183033905374,10000041222.603123,10000031222.55129,2.6977339080646178e-17,8.495768602618581e-19,2.6977457566090607e-07,8.495795200754211e-09,4.337805827568844e-07,2.782703735821291e-07,4.4880587675104164e-07,TRANSITION,"[""-0x1.fffffffffffffp-2"", ""-0x1.ccccccccccccep-1"", ""0x1.999999999999ap-3"", ""-0x1.3333333333334p-2"", ""0x1.666666666666ap-1"", ""0x1.9999999999a4ap-4"", ""-0x1.fffffffffff86p-2"", ""0x1.6666666666860p-1""]","[""-0x1.0000000000290p-1"", ""-0x1.cccccccccb305p-1"", ""0x1.99999999a5f07p-3"", ""-0x1.3333333315b42p-2"", ""0x1.66666665c30cdp-1"", ""0x1.9999992ab4100p-4"", ""-0x1.ffffffb659838p-2"", ""0x1.66664eecd8b0cp-1""]","[""-0x1.4840000000000p-44"", ""0x1.9c90000000000p-41"", ""0x1.8ada000000000p-40"", ""0x1.d7f2000000000p-38"", ""-0x1.46b3a00000000p-34"", ""-0x1.bb96528000000p-30"", ""0x1.2699d38000000p-28"", ""-0x1.7798dd5400000p-21""]","[""-0x1.47c9600939ca8p-44"", ""0x1.9c8456e34ce53p-41"", ""0x1.8adb0fd794bf3p-40"", ""0x1.d7f2a8fc160a1p-38"", ""-0x1.46b42e92baa1bp-34"", ""-0x1.bb9660a2bb0adp-30"", ""0x1.2699bb42e19fbp-28"", ""-0x1.7798dbc9affbfp-21""]",True
SPD_D08_C10_E1eM15,SPD,8,10,1e-15,10790807158035076393,10000051009.018347,9999951008.999252,2.184120599093436e-22,1.6279507348505589e-22,2.1841317400829774e-12,1.6279427593596421e-12,6.555074337996223e-12,3.816511832597734e-12,4.647791122419921e-06,OBSERVABLE,"[""-0x1.9999999999999p-4"", ""-0x1.999999999999ap-4"", ""0x1.cccccccccccccp-1"", ""0x1.9999999999999p-1"", ""-0x1.99999999999a5p-2"", ""-0x1.99999999999b9p-3"", ""0x1.99999999999a0p-1"", ""-0x1.999999999980ep-1""]","[""-0x1.999999997bb78p-4"", ""-0x1.9999999912a53p-4"", ""0x1.cccccccca8b49p-1"", ""0x1.9999999ad2d0ep-1"", ""-0x1.99999977119fdp-2"", ""-0x1.999997fb8e4b4p-3"", ""0x1.9999977377eb4p-1"", ""-0x1.99988dbfc8cc5p-1""]","[""0x1.de21000000000p-40"", ""0x1.0de8e00000000p-37"", ""-0x1.20c1800000000p-36"", ""0x1.3937500000000p-33"", ""0x1.143fd40000000p-29"", ""0x1.9e0b505000000p-27"", ""-0x1.1310d76000000p-24"", ""0x1.0bd9d0b490000p-17""]","[""0x1.de21c157d55ddp-40"", ""0x1.0de8f295b76d6p-37"", ""-0x1.20c2146be8673p-36"", ""0x1.39374af9bbb02p-33"", ""0x1.143fcc096b9eap-29"", ""0x1.9e0b5421a0fdfp-27"", ""-0x1.1310d8065a2dap-24"", ""0x1.0bd9d0cb221c4p-17""]",True
SPD_D08_C10_E1eM14,SPD,8,10,1e-14,12609412103580549508,10000122457.703495,9999122537.245264,2.7655264324721998e-17,5.061477976880437e-21,2.765561063306375e-07,5.061033851295714e-11,4.1766698746517025e-07,2.766067196877492e-07,5.2875615758909286e-05,OBSERVABLE,"[""0x1.0000000000000p-1"", ""-0x1.999999999999ap-4"", ""-0x1.ccccccccccccep-1"", ""0x1.3333333333332p-2"", ""0x1.999999999999bp-2"", ""0x1.99999999999aap-2"", ""-0x1.99999999999c7p-2"", ""0x1.9999999999977p-1""]","[""0x1.ffffffffb9621p-2"", ""-0x1.999999939f968p-4"", ""-0x1.cccccccb654a5p-1"", ""0x1.33333333b0ecap-2"", ""0x1.9999984efed6fp-2"", ""0x1.99998956d79f2p-2"", ""-0x1.99998942e634ap-2"", ""0x1.998f229fe7bdfp-1""]","[""-0x1.1a77c00000000p-36"", ""0x1.7e80c80000000p-34"", ""0x1.6782900000000p-33"", ""0x1.f6e6000000000p-36"", ""-0x1.4a9ac2c000000p-26"", ""-0x1.042c1fb800000p-22"", ""0x1.056b367d00000p-22"", ""-0x1.4edf363b30000p-14""]","[""-0x1.1a77cc32fc9a4p-36"", ""0x1.7e80c45362c72p-34"", ""0x1.678280062aa4bp-33"", ""0x1.f6e535f77ebcep-36"", ""-0x1.4a9ac2a8c1cb1p-26"", ""-0x1.042c1fd3feb6fp-22"", ""0x1.056b366c1d315p-22"", ""-0x1.4edf364007a6fp-14""]",True
SPD_D08_C10_E1eM12,SPD,8,10,1e-12,7437678710241791929,10000102256.783384,9901090840.049814,4.1122371011896845e-19,5.113761058028697e-17,4.112279168514373e-09,5.0631838405669e-07,8.01766927883293e-07,5.091225083286541e-07,0.0050337381534461476,OBSERVABLE,"[""-0x1.3333333333333p-1"", ""-0x1.999999999999ap-3"", ""0x1.6666666666666p-1"", ""0x1.99999999999a5p-4"", ""-0x1.3333333333340p-2"", ""-0x1.cccccccccccb9p-1"", ""0x1.9999999999951p-3"", ""0x1.99999999999a7p-1""]","[""-0x1.33333333d06fcp-1"", ""-0x1.9999999640004p-3"", ""0x1.66666652d7ce7p-1"", ""0x1.9999943d67a91p-4"", ""-0x1.3332a7f489d4bp-2"", ""-0x1.ccbff6336b812p-1"", ""0x1.9997ee3605cdcp-3"", ""0x1.958aa74c16d48p-1""]","[""-0x1.3a79200000000p-34"", ""0x1.acccb00000000p-34"", ""-0x1.38e97f0000000p-29"", ""-0x1.570c7c5000000p-26"", ""0x1.167d52bea0000p-19"", ""0x1.9ad32c294e000p-14"", ""-0x1.ab6393c750000p-19"", ""-0x1.03bc9360b17c0p-7""]","[""-0x1.3a79412b63d2fp-34"", ""0x1.accc9c12e6f9cp-34"", ""-0x1.38e97f31490a5p-29"", ""-0x1.570c7c3a6d53fp-26"", ""0x1.167d52be5d9ccp-19"", ""0x1.9ad32c29afdccp-14"", ""-0x1.ab6393b97b72cp-19"", ""-0x1.03bc9360b1bb5p-7""]",True
SPD_D08_C10_E1eM8,SPD,8,10,1e-8,18288437907842800838,10000051021.493273,99010307.0235828,2.7620231694174938e-17,1.4020376089563309e-18,2.7620380245573435e-07,1.3881617414064616e-10,4.7217825455485243e-07,2.7632142297083216e-07,0.4174527553682071,OBSERVABLE,"[""0x1.3333333333334p-2"", ""0x1.999999999999ap-1"", ""-0x1.ccccccccccccep-1"", ""-0x1.fffffffffffffp-2"", ""0x1.9999999999987p-2"", ""0x1.3333333333302p-1"", ""0x1.fffffffffffb4p-2"", ""0x1.33333333333b3p-1""]","[""0x1.33330b9ea85c8p-2"", ""0x1.9998a930f6535p-1"", ""-0x1.cccc70ae97554p-1"", ""-0x1.0004330a033d9p-1"", ""0x1.958298332f41fp-2"", ""0x1.303f900b49cc8p-2"", ""0x1.fa274075f83a8p-3"", ""0x1.76cf755bb4663p-8""]","[""-0x1.3ca456b600000p-21"", ""-0x1.e0d1468ca0000p-18"", ""0x1.7078d5de80000p-19"", ""-0x1.0cc280cf66000p-15"", ""-0x1.05c0599a95a00p-8"", ""-0x1.3626d65b1c93cp-2"", ""-0x1.02ec5fc503de0p-2"", ""-0x1.304594487bd26p-1""]","[""-0x1.3ca456b603029p-21"", ""-0x1.e0d1468c3e8b6p-18"", ""0x1.7078d5de0d216p-19"", ""-0x1.0cc280cf61a25p-15"", ""-0x1.05c0599a95929p-8"", ""-0x1.3626d65b1c95ap-2"", ""-0x1.02ec5fc503e0bp-2"", ""-0x1.304594487bd27p-1""]",True
SPD_D16_C02_E1eM16,SPD,16,2,1e-16,14785209373837154819,110.6773031639229,110.67730316392202,7.069234650893943e-17,2.4592892591350782e-17,7.824038265939037e-15,2.7218750290107097e-15,3.7646425587780206e-14,1.498680539345035e-14,6.786919212216143e-15,RESOLUTION_LIMITED,"[""-0x1.9999999999999p-1"", ""0x1.6666666666667p-1"", ""-0x1.6666666666667p-1"", ""-0x1.999999999999cp-4"", ""-0x1.0000000000001p-1"", ""0x1.cccccccccccccp-1"", ""0x1.9999999999998p-2"", ""0x1.999999999999bp-1"", ""0x1.3333333333332p-1"", ""0x1.9999999999996p-2"", ""0x1.6666666666666p-1"", ""-0x1.3333333333332p-1"", ""-0x1.999999999999dp-1"", ""-0x1.999999999999bp-4"", ""0x1.999999999999dp-2"", ""-0x1.9999999999998p-1""]","[""-0x1.999999999999ap-1"", ""0x1.6666666666666p-1"", ""-0x1.6666666666667p-1"", ""-0x1.999999999999ap-4"", ""-0x1.0000000000001p-1"", ""0x1.ccccccccccccdp-1"", ""0x1.9999999999999p-2"", ""0x1.999999999999bp-1"", ""0x1.33333333332fap-1"", ""0x1.999999999994bp-2"", ""0x1.6666666666626p-1"", ""-0x1.33333333332fcp-1"", ""-0x1.9999999999951p-1"", ""-0x1.9999999999953p-4"", ""0x1.9999999999951p-2"", ""-0x1.9999999999951p-1""]","[""-0x1.0000000000000p-53"", ""-0x1.0000000000000p-53"", ""0x0.0p+0"", ""0x1.0000000000000p-55"", ""0x0.0p+0"", ""0x1.0000000000000p-53"", ""0x1.0000000000000p-54"", ""0x0.0p+0"", ""-0x1.c000000000000p-48"", ""-0x1.2c00000000000p-48"", ""-0x1.0000000000000p-47"", ""0x1.b000000000000p-48"", ""0x1.3000000000000p-47"", ""0x1.2000000000000p-50"", ""-0x1.3000000000000p-48"", ""0x1.1c00000000000p-47""]","[""0x1.e679f9f5cc5bep-55"", ""-0x1.cfce7c12a6974p-54"", ""0x1.76184a620d41ap-55"", ""0x1.64962e2210580p-56"", ""0x1.c78512893ab64p-55"", ""-0x1.441e7efb05b8cp-54"", ""-0x1.b92dc8fc97491p-55"", ""-0x1.04b848ed33579p-53"", ""-0x1.bc31e1a083f1ep-48"", ""-0x1.330ed978f417ap-48"", ""-0x1.ffb5de62edd86p-48"", ""0x1.b2f7dc1c28ff3p-48"", ""0x1.2286bf37a0f6cp-47"", ""0x1.1634a0460a98bp-50"", ""-0x1.20f3b54af1366p-48"", ""0x1.23b4e07528ebcp-47""]",True
SPD_D16_C02_E1eM15,SPD,16,2,1e-15,2357869818471127383,110.8123301168647,110.81233011685379,8.066044462948423e-17,5.310164203791121e-17,8.938171817655574e-15,5.884316687252053e-15,4.285831622620266e-14,1.926338060340798e-14,5.748086354847296e-14,TRANSITION,"[""-0x1.999999999999bp-1"", ""-0x1.0000000000000p-1"", ""-0x1.6666666666666p-1"", ""-0x1.9999999999998p-1"", ""-0x1.999999999999bp-4"", ""0x1.999999999999bp-1"", ""0x1.6666666666665p-1"", ""-0x1.999999999999bp-2"", ""0x1.3333333333334p-1"", ""-0x1.0000000000000p-1"", ""-0x1.9999999999998p-2"", ""0x1.9999999999997p-4"", ""0x1.3333333333332p-2"", ""0x1.999999999999ap-3"", ""0x1.3333333333335p-1"", ""0x1.3333333333334p-1""]","[""-0x1.9999999999991p-1"", ""-0x1.ffffffffffff2p-2"", ""-0x1.6666666666661p-1"", ""-0x1.9999999999990p-1"", ""-0x1.9999999999981p-4"", ""0x1.9999999999992p-1"", ""0x1.666666666665ep-1"", ""-0x1.9999999999997p-2"", ""0x1.333333333311ep-1"", ""-0x1.ffffffffffc85p-2"", ""-0x1.99999999996cbp-2"", ""0x1.999999999960bp-4"", ""0x1.333333333311ep-2"", ""0x1.99999999996f7p-3"", ""0x1.333333333311ep-1"", ""0x1.33333333330fep-1""]","[""0x1.4000000000000p-50"", ""0x1.c000000000000p-51"", ""0x1.4000000000000p-51"", ""0x1.0000000000000p-50"", ""0x1.a000000000000p-52"", ""-0x1.2000000000000p-50"", ""-0x1.c000000000000p-51"", ""0x1.0000000000000p-52"", ""-0x1.0b00000000000p-44"", ""0x1.bd80000000000p-45"", ""0x1.6680000000000p-45"", ""-0x1.c600000000000p-47"", ""-0x1.0a00000000000p-45"", ""-0x1.5180000000000p-46"", ""-0x1.0b80000000000p-44"", ""-0x1.1b00000000000p-44""]","[""0x1.f3b71d358d967p-51"", ""0x1.5fce18b6f3220p-51"", ""0x1.3bc88ef6588b7p-51"", ""0x1.dffdd096ad749p-51"", ""0x1.83c3f15446cfap-52"", ""-0x1.dccde812c8857p-51"", ""-0x1.91b881f240ff6p-51"", ""0x1.e1d9f15f14c4dp-53"", ""-0x1.09d6bd5cd1611p-44"", ""0x1.bda82e1e39bfbp-45"", ""0x1.675992f2302fep-45"", ""-0x1.c5dda82d760f7p-47"", ""-0x1.0b68beee641f2p-45"", ""-0x1.536531e5f94b1p-46"", ""-0x1.0a8248679d0b2p-44"", ""-0x1.1a59db7e2a87ap-44""]",True
SPD_D16_C02_E1eM14,SPD,16,2,1e-14,1869660112758196113,111.51389895266044,111.51389895254297,4.881596569992011e-17,3.960387179674912e-17,5.4436586663374585e-15,4.4163821576721675e-15,2.9655045684542576e-14,1.430093292250631e-14,7.688899779214235e-13,OBSERVABLE,"[""-0x1.999999999999ap-2"", ""-0x1.999999999999ap-4"", ""0x1.3333333333335p-2"", ""0x1.999999999999ap-2"", ""-0x1.6666666666667p-1"", ""-0x1.9999999999999p-3"", ""-0x1.9999999999998p-4"", ""0x1.cccccccccccccp-1"", ""-0x1.0000000000001p-1"", ""0x1.9999999999999p-3"", ""0x1.9999999999995p-3"", ""-0x1.999999999999bp-1"", ""0x1.cccccccccccccp-1"", ""-0x1.9999999999998p-4"", ""0x1.6666666666666p-1"", ""-0x1.0000000000000p-1""]","[""-0x1.999999999999dp-2"", ""-0x1.9999999999a08p-4"", ""0x1.33333333332a8p-2"", ""0x1.99999999998f0p-2"", ""-0x1.6666666666649p-1"", ""-0x1.9999999999911p-3"", ""-0x1.999999999995ap-4"", ""0x1.ccccccccccc77p-1"", ""-0x1.fffffffffdbb2p-2"", ""0x1.9999999997ffbp-3"", ""0x1.9999999998059p-3"", ""-0x1.9999999997d60p-1"", ""0x1.cccccccccacdfp-1"", ""-0x1.99999999981d8p-4"", ""0x1.6666666664e4fp-1"", ""-0x1.fffffffffdb90p-2""]","[""-0x1.8000000000000p-53"", ""-0x1.b800000000000p-50"", ""-0x1.1a00000000000p-47"", ""-0x1.5400000000000p-47"", ""0x1.e000000000000p-49"", ""0x1.1000000000000p-48"", ""0x1.f000000000000p-51"", ""-0x1.5400000000000p-47"", ""0x1.2280000000000p-41"", ""-0x1.99e0000000000p-43"", ""-0x1.93c0000000000p-43"", ""0x1.c3b0000000000p-41"", ""-0x1.fed0000000000p-41"", ""0x1.7c00000000000p-44"", ""-0x1.8170000000000p-41"", ""0x1.2380000000000p-41""]","[""-0x1.5a0377f479894p-53"", ""-0x1.b82100afacfedp-50"", ""-0x1.139cf2eeb0960p-47"", ""-0x1.51a3393afcdcbp-47"", ""0x1.f094a357d1f37p-49"", ""0x1.0bc6995dbed3fp-48"", ""0x1.fba6604e4d9e1p-51"", ""-0x1.5469254a0b21dp-47"", ""0x1.2265a8712fe48p-41"", ""-0x1.99e6ba7ecf0c1p-43"", ""-0x1.9409bb05d3f37p-43"", ""0x1.c369ed75248b9p-41"", ""-0x1.fee15901a4a51p-41"", ""0x1.7c7d7861d1b12p-44"", ""-0x1.8165d7d89de8fp-41"", ""0x1.2374b0cd4d76cp-41""]",True
SPD_D16_C02_E1eM12,SPD,16,2,1e-12,13306143694410402308,112.41194827903283,112.411948267082,7.83014920117755e-17,5.216854944122973e-17,8.802023270198887e-15,5.864368280956261e-15,3.635408648580243e-14,1.910728364937808e-14,5.7963789511288346e-11,OBSERVABLE,"[""0x1.cccccccccccccp-1"", ""0x1.3333333333333p-2"", ""-0x1.cccccccccccccp-1"", ""0x1.fffffffffffffp-2"", ""0x1.0000000000001p-1"", ""0x1.999999999999bp-2"", ""0x1.999999999999ap-4"", ""0x1.999999999999ap-4"", ""-0x1.9999999999999p-2"", ""0x1.3333333333336p-2"", ""-0x1.999999999999ap-1"", ""0x1.9999999999998p-2"", ""-0x1.3333333333332p-2"", ""0x1.999999999999bp-4"", ""-0x1.999999999999bp-3"", ""-0x1.9999999999998p-3""]","[""0x1.cccccccccb03fp-1"", ""0x1.333333333224fp-2"", ""-0x1.cccccccccb4c3p-1"", ""0x1.fffffffffe784p-2"", ""0x1.fffffffffdbb3p-2"", ""0x1.9999999996ec7p-2"", ""0x1.999999999a756p-4"", ""0x1.99999999947e3p-4"", ""-0x1.99999998f3accp-2"", ""0x1.33333332a63dep-2"", ""-0x1.99999998ebea9p-1"", ""0x1.99999998e7d15p-2"", ""-0x1.33333332af147p-2"", ""0x1.99999998f9383p-4"", ""-0x1.99999998d812bp-3"", ""-0x1.99999998f0d67p-3""]","[""-0x1.c8d0000000000p-41"", ""-0x1.0e40000000000p-42"", ""0x1.8090000000000p-41"", ""-0x1.87b0000000000p-42"", ""-0x1.2278000000000p-41"", ""-0x1.56a0000000000p-41"", ""0x1.b780000000000p-45"", ""-0x1.46dc000000000p-42"", ""0x1.4bd9a00000000p-35"", ""-0x1.19eb000000000p-35"", ""0x1.5b5e200000000p-34"", ""-0x1.6390600000000p-35"", ""0x1.083d600000000p-35"", ""-0x1.40c3000000000p-37"", ""0x1.830e000000000p-36"", ""0x1.5186200000000p-36""]","[""-0x1.c8cc07d911d0bp-41"", ""-0x1.0e4ddd1cc6e7cp-42"", ""0x1.80a213ce5b15ep-41"", ""-0x1.87b35d8697311p-42"", ""-0x1.225ffd8d1b277p-41"", ""-0x1.5694f0df923a4p-41"", ""0x1.b7c71674cf6f2p-45"", ""-0x1.46debed18f8c4p-42"", ""0x1.4bd9521f8cb95p-35"", ""-0x1.19eaa7282f726p-35"", ""0x1.5b5e103b0ac6cp-34"", ""-0x1.639073478507ep-35"", ""0x1.083d60bcc4912p-35"", ""-0x1.40c221ed39610p-37"", ""0x1.830dd420ec27bp-36"", ""0x1.51860976e057dp-36""]",True
SPD_D16_C02_E1eM8,SPD,16,2,1e-8,7802784700789961319,110.79112002571952,110.79100403187238,8.148206811392964e-17,5.363881900490212e-17,9.027489588354313e-15,5.942698612637019e-15,3.743873050711864e-14,1.9411077523956173e-14,5.785349145051748e-07,OBSERVABLE,"[""0x1.999999999999ap-2"", ""0x1.cccccccccccccp-1"", ""0x1.3333333333333p-1"", ""-0x1.6666666666666p-1"", ""0x1.999999999999ap-4"", ""0x1.999999999999bp-4"", ""-0x1.9999999999997p-1"", ""0x1.999999999999ap-4"", ""0x1.ffffffffffffep-2"", ""-0x1.999999999999ap-3"", ""-0x1.999999999999ap-2"", ""0x1.3333333333335p-1"", ""0x1.999999999999cp-2"", ""0x1.999999999999bp-2"", ""0x1.3333333333335p-2"", ""0x1.999999999999dp-4""]","[""0x1.99999949bbc72p-2"", ""0x1.cccccc74d9fccp-1"", ""0x1.333332ea18b2ep-1"", ""-0x1.6666662838cd3p-1"", ""0x1.9999991d82b3cp-4"", ""0x1.99999a13e7638p-4"", ""-0x1.99999955c9f79p-1"", ""0x1.999998e802161p-4"", ""0x1.ffffdefbe85b7p-2"", ""-0x1.99997d4ae02d0p-3"", ""-0x1.99997ee0e609fp-2"", ""0x1.33331f099c08ep-1"", ""0x1.99997d9a98515p-2"", ""0x1.99997ed616e40p-2"", ""0x1.33331e3c7b541p-2"", ""0x1.999981a615cd1p-4""]","[""-0x1.3f774a0000000p-28"", ""-0x1.5fcb400000000p-27"", ""-0x1.246a014000000p-27"", ""0x1.f16cc98000000p-28"", ""-0x1.f05b978000000p-30"", ""0x1.e937274000000p-30"", ""0x1.0f3e878000000p-27"", ""-0x1.632f072000000p-29"", ""-0x1.0820bd2380000p-21"", ""0x1.c4eb96ca00000p-23"", ""0x1.ab8b38fb00000p-22"", ""-0x1.429972a700000p-21"", ""-0x1.bff0148700000p-22"", ""-0x1.ac382b5b00000p-22"", ""-0x1.4f6b7df400000p-22"", ""-0x1.7f383ccc00000p-24""]","[""-0x1.3f7749e548a0dp-28"", ""-0x1.5fcb4013ba7abp-27"", ""-0x1.246a01f8f6f76p-27"", ""0x1.f16cc9eb7755cp-28"", ""-0x1.f05b97fbfa591p-30"", ""0x1.e93727864c64cp-30"", ""0x1.0f3e885397e44p-27"", ""-0x1.632f071aa4ae3p-29"", ""-0x1.0820bd250c0b4p-21"", ""0x1.c4eb96c886de5p-23"", ""0x1.ab8b38f994c83p-22"", ""-0x1.429972a69ea0cp-21"", ""-0x1.bff014831c452p-22"", ""-0x1.ac382b57c1c65p-22"", ""-0x1.4f6b7df03f80fp-22"", ""-0x1.7f383cc808854p-24""]",True
SPD_D16_C04_E1eM16,SPD,16,4,1e-16,8808774310256885855,10533.686902290438,10533.686902279605,1.0236173137336038e-16,1.0235553738855073e-16,1.078246429064501e-12,1.0781811835667298e-12,5.5006731826081775e-12,2.1608685047295726e-12,3.7237236483787707e-13,RESOLUTION_LIMITED,"[""0x1.9999999999999p-1"", ""-0x1.9999999999998p-1"", ""-0x1.3333333333335p-2"", ""0x1.9999999999998p-1"", ""0x1.3333333333334p-1"", ""0x1.cccccccccccc9p-1"", ""0x1.0000000000001p-1"", ""-0x1.ccccccccccccdp-1"", ""0x1.3333333333333p-1"", ""-0x1.999999999999ap-1"", ""0x1.0000000000000p-1"", ""0x1.999999999999bp-3"", ""0x1.999999999998dp-3"", ""-0x1.999999999998ap-4"", ""0x1.3333333333339p-2"", ""-0x1.ccccccccccccfp-1""]","[""0x1.9999999999999p-1"", ""-0x1.9999999999998p-1"", ""-0x1.3333333333334p-2"", ""0x1.9999999999998p-1"", ""0x1.3333333333314p-1"", ""0x1.ccccccccccc92p-1"", ""0x1.fffffffffffdfp-2"", ""-0x1.ccccccccccc72p-1"", ""0x1.3333333333304p-1"", ""-0x1.9999999999949p-1"", ""0x1.fffffffffffc0p-2"", ""0x1.999999999999bp-3"", ""0x1.9999999998051p-3"", ""-0x1.9999999998288p-4"", ""0x1.3333333332004p-2"", ""-0x1.cccccccccada6p-1""]","[""0x0.0p+0"", ""0x0.0p+0"", ""0x1.0000000000000p-54"", ""0x0.0p+0"", ""-0x1.0000000000000p-48"", ""-0x1.b800000000000p-48"", ""-0x1.1800000000000p-49"", ""0x1.6c00000000000p-47"", ""-0x1.7800000000000p-48"", ""0x1.4400000000000p-47"", ""-0x1.0000000000000p-48"", ""0x0.0p+0"", ""-0x1.93c0000000000p-43"", ""0x1.7020000000000p-44"", ""-0x1.3350000000000p-42"", ""0x1.f290000000000p-41""]","[""0x1.0c6768de816bfp-59"", ""0x1.2a39e8a872d6fp-52"", ""-0x1.42856dc29adecp-55"", ""0x1.bbdc521e66fe0p-56"", ""-0x1.05821f1fb0dcdp-48"", ""-0x1.c79756334bf5dp-48"", ""-0x1.0e53298fd0fbep-49"", ""0x1.65fb380522381p-47"", ""-0x1.72f5ee0a207e9p-48"", ""0x1.3a58e8aa57fb0p-47"", ""-0x1.f05d9de65690ap-49"", ""0x1.47a46630c5091p-54"", ""-0x1.931594565c1d5p-43"", ""0x1.70a665ba22abep-44"", ""-0x1.33ba77b7ba51bp-42"", ""0x1.f2b6cd89c3127p-41""]",True
SPD_D16_C04_E1eM15,SPD,16,4,1e-15,9600171825583631650,10590.256584940871,10590.256584831814,6.257811459338498e-17,8.32710683146338e-19,6.627182901462189e-13,8.818619795450382e-15,1.6763704338343048e-12,6.75977802040146e-13,4.620322733216413e-12,TRANSITION,"[""0x1.999999999999ap-3"", ""-0x1.9999999999999p-1"", ""-0x1.6666666666669p-1"", ""-0x1.cccccccccccccp-1"", ""-0x1.3333333333333p-2"", ""0x1.9999999999996p-1"", ""-0x1.999999999999bp-1"", ""-0x1.3333333333333p-2"", ""-0x1.999999999999bp-1"", ""0x1.6666666666666p-1"", ""-0x1.0000000000002p-1"", ""0x1.9999999999999p-3"", ""0x1.999999999999bp-1"", ""-0x1.9999999999991p-3"", ""0x1.3333333333333p-1"", ""0x1.0000000000002p-1""]","[""0x1.9999999999975p-3"", ""-0x1.9999999999999p-1"", ""-0x1.6666666666657p-1"", ""-0x1.cccccccccccc1p-1"", ""-0x1.3333333332fc2p-2"", ""0x1.99999999997c1p-1"", ""-0x1.999999999973dp-1"", ""-0x1.3333333332f1ap-2"", ""-0x1.9999999999626p-1"", ""0x1.6666666666443p-1"", ""-0x1.ffffffffffcd4p-2"", ""0x1.99999999999c4p-3"", ""0x1.9999999987f09p-1"", ""-0x1.99999999887c5p-3"", ""0x1.3333333325a94p-1"", ""0x1.ffffffffe9fb2p-2""]","[""-0x1.2800000000000p-50"", ""0x0.0p+0"", ""0x1.2000000000000p-49"", ""0x1.6000000000000p-50"", ""0x1.b880000000000p-45"", ""-0x1.d500000000000p-45"", ""0x1.2f00000000000p-44"", ""0x1.0640000000000p-44"", ""0x1.ba80000000000p-44"", ""-0x1.1180000000000p-44"", ""0x1.9800000000000p-45"", ""0x1.5800000000000p-50"", ""-0x1.1a92000000000p-37"", ""0x1.11cc000000000p-39"", ""-0x1.b13e000000000p-38"", ""-0x1.6052000000000p-38""]","[""-0x1.16674f4d2d0fdp-50"", ""-0x1.1d416a399bcbap-55"", ""0x1.e81e42e8bbea2p-50"", ""0x1.5bc2d50f49128p-50"", ""0x1.b89c92fdd54e0p-45"", ""-0x1.db764be654d37p-45"", ""0x1.2ef2b57a1568cp-44"", ""0x1.0643d1f920dc4p-44"", ""0x1.b92be178090d8p-44"", ""-0x1.11c1113c20bfap-44"", ""0x1.96db93ba5753dp-45"", ""0x1.426d0dfbabe41p-50"", ""-0x1.1a92581d9b61fp-37"", ""0x1.11d4d8c55ea08p-39"", ""-0x1.b13ca711726f5p-38"", ""-0x1.605274d5c17c8p-38""]",True
SPD_D16_C04_E1eM14,SPD,16,4,1e-14,1796160800765820828,10753.143161881799,10753.143160771715,4.5418832422595804e-17,4.1870076342682524e-17,4.883952072859299e-13,4.502349250655089e-13,1.6550829308480077e-12,9.430710244397303e-13,4.7183821867386826e-11,OBSERVABLE,"[""-0x1.999999999999bp-2"", ""-0x1.ffffffffffffep-2"", ""0x1.999999999999ap-4"", ""0x1.3333333333334p-1"", ""-0x1.6666666666667p-1"", ""0x1.0000000000000p-1"", ""0x1.3333333333334p-2"", ""-0x1.999999999999ap-3"", ""0x1.0000000000000p-1"", ""0x1.ffffffffffffdp-2"", ""-0x1.0000000000001p-1"", ""-0x1.999999999999bp-4"", ""0x1.999999999999cp-4"", ""-0x1.9999999999997p-2"", ""-0x1.fffffffffffffp-2"", ""-0x1.0000000000002p-1""]","[""-0x1.9999999999951p-2"", ""-0x1.ffffffffffebdp-2"", ""0x1.9999999999c53p-4"", ""0x1.3333333333363p-1"", ""-0x1.66666666647fcp-1"", ""0x1.fffffffffdccap-2"", ""0x1.3333333331996p-2"", ""-0x1.9999999997868p-3"", ""0x1.fffffffffd5f4p-2"", ""0x1.fffffffffde5dp-2"", ""-0x1.fffffffffe6f2p-2"", ""-0x1.99999999998f7p-4"", ""0x1.99999998db1d2p-4"", ""-0x1.99999998e9640p-2"", ""-0x1.ffffffff1dad5p-2"", ""-0x1.ffffffff24c70p-2""]","[""0x1.2800000000000p-48"", ""0x1.4100000000000p-46"", ""0x1.5c80000000000p-47"", ""0x1.7800000000000p-48"", ""0x1.e6b0000000000p-41"", ""-0x1.19b0000000000p-41"", ""-0x1.99e0000000000p-42"", ""0x1.0990000000000p-42"", ""-0x1.5060000000000p-41"", ""-0x1.0d00000000000p-41"", ""0x1.9100000000000p-42"", ""0x1.4800000000000p-49"", ""-0x1.7cf9400000000p-37"", ""0x1.606ae00000000p-35"", ""0x1.c4a5400000000p-35"", ""0x1.b672800000000p-35""]","[""0x1.24225efafb7f0p-48"", ""0x1.4340dc33010b7p-46"", ""0x1.5c2cd26f5247ap-47"", ""0x1.739b0336ebacdp-48"", ""0x1.e6b4b45346d44p-41"", ""-0x1.19aed87d92aa0p-41"", ""-0x1.99de032a4ad9bp-42"", ""0x1.0989cc2971057p-42"", ""-0x1.505ffff8dfe0ap-41"", ""-0x1.0d040ee456d34p-41"", ""0x1.90ea938fee2cap-42"", ""0x1.3f688f454946cp-49"", ""-0x1.7cfc345ede803p-37"", ""0x1.606b6b44f99c0p-35"", ""0x1.c4a53e18bbf08p-35"", ""0x1.b671482de06e7p-35""]",True
SPD_D16_C04_E1eM12,SPD,16,4,1e-12,8930414115879440999,10687.9323563369,10687.932245210444,1.1519206996094776e-16,5.435385682392108e-17,1.231165051730553e-12,5.809303390002754e-13,3.5317501826033996e-12,1.816536281349781e-12,5.037642533781302e-09,OBSERVABLE,"[""0x1.999999999999cp-1"", ""-0x1.999999999999bp-3"", ""0x1.999999999999bp-2"", ""0x1.999999999999ap-4"", ""-0x1.999999999999ap-3"", ""-0x1.0000000000002p-1"", ""-0x1.ffffffffffffep-2"", ""-0x1.3333333333333p-2"", ""0x1.999999999999bp-3"", ""-0x1.6666666666666p-1"", ""0x1.9999999999999p-3"", ""-0x1.cccccccccccccp-1"", ""0x1.0000000000000p-1"", ""-0x1.6666666666668p-1"", ""-0x1.3333333333334p-2"", ""0x1.3333333333333p-2""]","[""0x1.9999999995e7cp-1"", ""-0x1.99999999a7e7cp-3"", ""0x1.999999999a800p-2"", ""0x1.99999999856adp-4"", ""-0x1.99999999013f9p-3"", ""-0x1.ffffffff42788p-2"", ""-0x1.ffffffff0e475p-2"", ""-0x1.33333333011a9p-2"", ""0x1.99999998628a2p-3"", ""-0x1.66666665df375p-1"", ""0x1.99999998ff835p-3"", ""-0x1.cccccccbee9aep-1"", ""0x1.ffffffa950f50p-2"", ""-0x1.6666662a09422p-1"", ""-0x1.333332fc52af1p-2"", ""0x1.333332fa93c91p-2""]","[""-0x1.d900000000000p-40"", ""-0x1.c9c2000000000p-40"", ""0x1.cca0000000000p-43"", ""-0x1.42ed000000000p-40"", ""0x1.30b4200000000p-36"", ""0x1.7b0f800000000p-35"", ""0x1.e371200000000p-35"", ""0x1.90c5000000000p-37"", ""-0x1.370f900000000p-35"", ""0x1.0e5e200000000p-34"", ""-0x1.342c800000000p-36"", ""0x1.bc63c00000000p-34"", ""-0x1.5abc2c0000000p-28"", ""0x1.e2e9230000000p-28"", ""0x1.b704218000000p-29"", ""-0x1.c4fb510000000p-29""]","[""-0x1.d8f26e3e1a2c6p-40"", ""-0x1.c9c89e742fdb9p-40"", ""0x1.cc7ce678eab5bp-43"", ""-0x1.42eb9aa106c16p-40"", ""0x1.30b4008ee0312p-36"", ""0x1.7b0eb96790992p-35"", ""0x1.e371578b13c2dp-35"", ""0x1.90c4eda7c459cp-37"", ""-0x1.370f8dd219e9ap-35"", ""0x1.0e5e41b7e13a1p-34"", ""-0x1.342c6c78f3d65p-36"", ""0x1.bc63fc7339e5ap-34"", ""-0x1.5abc2c37acb1fp-28"", ""0x1.e2e922223dbaap-28"", ""0x1.b70421c7c0ea2p-29"", ""-0x1.c4fb50043bd6bp-29""]",True
SPD_D16_C04_E1eM8,SPD,16,4,1e-8,6765609660356563619,10595.845431307413,10594.755813263395,4.504577855962683e-17,4.130986786803872e-17,4.772981069509351e-13,4.3766796274023753e-13,1.87520529510453e-12,9.193950376663956e-13,5.195227489107458e-05,OBSERVABLE,"[""-0x1.999999999999cp-4"", ""0x1.3333333333334p-2"", ""-0x1.3333333333334p-2"", ""-0x1.ffffffffffffep-2"", ""0x1.999999999999cp-1"", ""0x1.999999999999ap-2"", ""-0x1.9999999999998p-4"", ""0x1.cccccccccccccp-1"", ""-0x1.0000000000000p-1"", ""-0x1.999999999999bp-1"", ""-0x1.3333333333333p-2"", ""-0x1.9999999999999p-3"", ""0x1.3333333333335p-2"", ""-0x1.3333333333332p-2"", ""0x1.ccccccccccccap-1"", ""-0x1.3333333333332p-2""]","[""-0x1.9999930ca24acp-4"", ""0x1.333334b99012dp-2"", ""-0x1.333332156ebd0p-2"", ""-0x1.ffffff05eac54p-2"", ""0x1.99998354ea5fcp-1"", ""0x1.99998db25d0a6p-2"", ""-0x1.999971b4d2ad9p-4"", ""0x1.ccccaca1992d4p-1"", ""-0x1.ffffdbe665b37p-2"", ""-0x1.99997b0a4c3bdp-1"", ""-0x1.33331c1b73861p-2"", ""-0x1.99996426611f7p-3"", ""0x1.332afd20b1b9dp-2"", ""-0x1.332b41afcb3ddp-2"", ""0x1.ccc0cd64de9aep-1"", ""-0x1.332b21d5123b8p-2""]","[""0x1.a33dd3c000000p-26"", ""0x1.865cdf9000000p-26"", ""0x1.1dc4764000000p-26"", ""0x1.f42a754000000p-27"", ""-0x1.644af3a000000p-21"", ""-0x1.7ce791e800000p-23"", ""0x1.3f26375f80000p-23"", ""-0x1.01599cfc00000p-20"", ""0x1.20ccd26480000p-21"", ""0x1.e8f4d5de00000p-21"", ""0x1.717bfad200000p-22"", ""0x1.ab99c3d100000p-22"", ""-0x1.06c2502f30000p-15"", ""0x1.fc60d9fd54000p-16"", ""-0x1.7fecfdc638000p-14"", ""0x1.022bc41ef4000p-15""]","[""0x1.a33dd3be268eep-26"", ""0x1.865cdfa46f706p-26"", ""0x1.1dc4764e6c9c3p-26"", ""0x1.f42a758d0bca2p-27"", ""-0x1.644af39c079f0p-21"", ""-0x1.7ce791e9cf854p-23"", ""0x1.3f26375cfc259p-23"", ""-0x1.01599cfc18ff1p-20"", ""0x1.20ccd2649b2ebp-21"", ""0x1.e8f4d5dfa0724p-21"", ""0x1.717bfad230e19p-22"", ""0x1.ab99c3d2518d4p-22"", ""-0x1.06c2502f2e842p-15"", ""0x1.fc60d9fd76bc8p-16"", ""-0x1.7fecfdc643501p-14"", ""0x1.022bc41ef10f1p-15""]",True
SPD_D16_C06_E1eM16,SPD,16,6,1e-16,4494924843621443471,1043336.5482318065,1043336.5481251238,2.0365301479651662e-17,1.1176919956351654e-16,2.1247863349931338e-11,1.1661289087290602e-10,2.743482743028718e-10,1.378651951127467e-10,4.279941793440638e-11,RESOLUTION_LIMITED,"[""-0x1.999999999999ap-4"", ""0x1.3333333333333p-1"", ""-0x1.0000000000001p-1"", ""-0x1.cccccccccccccp-1"", ""0x1.3333333333334p-1"", ""0x1.999999999999ap-2"", ""-0x1.999999999999bp-4"", ""0x1.999999999999ap-3"", ""0x1.6666666666668p-1"", ""-0x1.9999999999994p-3"", ""0x1.999999999999cp-3"", ""-0x1.999999999999ap-4"", ""-0x1.9999999999997p-1"", ""-0x1.999999999997ep-4"", ""-0x1.999999999998cp-1"", ""0x1.3333333333313p-2""]","[""-0x1.9999999999a17p-4"", ""0x1.3333333333343p-1"", ""-0x1.0000000000000p-1"", ""-0x1.ccccccccccc28p-1"", ""0x1.3333333333367p-1"", ""0x1.999999999993ep-2"", ""-0x1.9999999999ba4p-4"", ""0x1.999999999995cp-3"", ""0x1.6666666665427p-1"", ""-0x1.99999999965e1p-3"", ""0x1.99999999961bcp-3"", ""-0x1.99999999991ddp-4"", ""-0x1.9999999998176p-1"", ""-0x1.99999998f2ba4p-4"", ""-0x1.99999998ead34p-1"", ""0x1.33333332b33a2p-2""]","[""-0x1.f400000000000p-50"", ""0x1.0000000000000p-49"", ""0x1.0000000000000p-53"", ""0x1.4800000000000p-46"", ""0x1.9800000000000p-48"", ""-0x1.7000000000000p-48"", ""-0x1.0480000000000p-47"", ""-0x1.f000000000000p-50"", ""-0x1.2410000000000p-41"", ""0x1.9d98000000000p-42"", ""-0x1.bf00000000000p-42"", ""0x1.ef40000000000p-46"", ""0x1.8210000000000p-41"", ""0x1.4dbb400000000p-37"", ""0x1.5d8b000000000p-34"", ""-0x1.ffdc400000000p-36""]","[""-0x1.f47d0b081ce6ap-50"", ""0x1.0f56df8a4d27ep-49"", ""-0x1.06fda7d886c83p-53"", ""0x1.43e0366d3c952p-46"", ""0x1.9d06ec04e3552p-48"", ""-0x1.6e9adcc340483p-48"", ""-0x1.06ae58f06c5d9p-47"", ""-0x1.f75a68213bcc5p-50"", ""-0x1.23fc92c348b82p-41"", ""0x1.9ddbd44b9270ep-42"", ""-0x1.bf24612673eb6p-42"", ""0x1.f0c04f68331b5p-46"", ""0x1.81fafd04a1c58p-41"", ""0x1.4db7dd10ef935p-37"", ""0x1.5d8915bce816ap-34"", ""-0x1.ffddd2ad02667p-36""]",True
SPD_D16_C06_E1eM15,SPD,16,6,1e-15,5557287127293908680,1020214.2749023302,1020214.2738718545,3.1812434165776226e-17,5.5042607153969124e-17,3.2455499456368866e-11,5.615525349275377e-11,1.9495342642943248e-10,8.861519383156025e-11,4.1188608236548677e-10,TRANSITION,"[""-0x1.999999999999ap-1"", ""-0x1.9999999999999p-2"", ""-0x1.ccccccccccccdp-1"", ""-0x1.3333333333333p-2"", ""0x1.999999999999ap-4"", ""-0x1.9999999999998p-4"", ""0x1.cccccccccccc9p-1"", ""-0x1.6666666666666p-1"", ""0x1.333333333332ap-2"", ""0x1.99999999999a2p-4"", ""-0x1.9999999999996p-3"", ""0x1.6666666666667p-1"", ""-0x1.3333333333332p-1"", ""-0x1.9999999999921p-4"", ""0x1.9999999999969p-4"", ""0x1.cccccccccccc4p-1""]","[""-0x1.999999999998ep-1"", ""-0x1.9999999999a88p-2"", ""-0x1.ccccccccccd61p-1"", ""-0x1.3333333332a4bp-2"", ""0x1.999999999758ep-4"", ""-0x1.999999999ab20p-4"", ""0x1.cccccccccc590p-1"", ""-0x1.6666666665ff7p-1"", ""0x1.333333332bbc3p-2"", ""0x1.999999996355bp-4"", ""-0x1.99999999975bap-3"", ""0x1.666666665b2bcp-1"", ""-0x1.333333332a7b4p-1"", ""-0x1.99999992cef83p-4"", ""0x1.9999999353b43p-4"", ""0x1.ccccccc51a50ep-1""]","[""0x1.8000000000000p-50"", ""-0x1.de00000000000p-47"", ""-0x1.2800000000000p-46"", ""0x1.1d00000000000p-43"", ""-0x1.2060000000000p-43"", ""-0x1.1880000000000p-44"", ""-0x1.ce40000000000p-43"", ""0x1.9bc0000000000p-43"", ""-0x1.dd9c000000000p-40"", ""-0x1.b223800000000p-39"", ""0x1.1ee0000000000p-42"", ""-0x1.6756000000000p-38"", ""0x1.16fc000000000p-38"", ""0x1.b2a6780000000p-34"", ""-0x1.9178980000000p-34"", ""-0x1.ec9ed80000000p-31""]","[""0x1.4700c8111b4ecp-50"", ""-0x1.e15bbb325a24ep-47"", ""-0x1.2a715ebace140p-46"", ""0x1.1d26e8a33a039p-43"", ""-0x1.206bd1b7171fbp-43"", ""-0x1.187d0eadf775cp-44"", ""-0x1.cfb7abd1786d7p-43"", ""0x1.9b680f5acf40bp-43"", ""-0x1.ddab36a939c8fp-40"", ""-0x1.b2256811bf3ebp-39"", ""0x1.1ea2cc756a458p-42"", ""-0x1.67509db96379bp-38"", ""0x1.16fc527dbac2fp-38"", ""0x1.b2a8909dbea20p-34"", ""-0x1.9176156a3f8bfp-34"", ""-0x1.ec9f852226419p-31""]",True
SPD_D16_C06_E1eM14,SPD,16,6,1e-14,4857726249808585883,1049487.035200276,1049487.0244933828,1.1357537270722603e-18,9.421011626142169e-17,1.1919588117441506e-12,9.887229460215083e-11,1.677456985285774e-10,1.0006869415439206e-10,3.875842738651391e-09,OBSERVABLE,"[""0x1.3333333333334p-1"", ""0x1.999999999999ap-3"", ""0x1.9999999999999p-4"", ""0x1.3333333333333p-2"", ""-0x1.999999999999ap-4"", ""-0x1.999999999999ap-2"", ""0x1.3333333333335p-1"", ""-0x1.999999999999ap-4"", ""0x1.9999999999999p-4"", ""-0x1.6666666666667p-1"", ""-0x1.ccccccccccccdp-1"", ""0x1.9999999999996p-3"", ""0x1.999999999998ep-4"", ""-0x1.9999999999978p-2"", ""-0x1.999999999999fp-2"", ""0x1.3333333333339p-2""]","[""0x1.33333333333a1p-1"", ""0x1.999999999a0a4p-3"", ""0x1.9999999998f53p-4"", ""0x1.333333332df86p-2"", ""-0x1.999999997a1a9p-4"", ""-0x1.9999999996056p-2"", ""0x1.333333332ef2dp-1"", ""-0x1.999999999c9aap-4"", ""0x1.999999994f958p-4"", ""-0x1.66666665cfad2p-1"", ""-0x1.cccccccbe9ae6p-1"", ""0x1.99999998d10bfp-3"", ""0x1.99999998b64d5p-4"", ""-0x1.999999539bffbp-2"", ""-0x1.999999546f383p-2"", ""0x1.333332fe8ded9p-2""]","[""0x1.b400000000000p-47"", ""0x1.c280000000000p-45"", ""-0x1.48c0000000000p-45"", ""-0x1.4eb4000000000p-40"", ""0x1.f7f1000000000p-40"", ""0x1.ca20000000000p-41"", ""-0x1.1020000000000p-39"", ""-0x1.8080000000000p-43"", ""-0x1.2810400000000p-38"", ""0x1.2d72a00000000p-34"", ""0x1.c63ce00000000p-34"", ""-0x1.911ae00000000p-36"", ""-0x1.c697200000000p-37"", ""0x1.17f65f4000000p-28"", ""0x1.14a9870000000p-28"", ""-0x1.a52a300000000p-29""]","[""0x1.bc55eb6238aecp-47"", ""0x1.c31a404e2737ep-45"", ""-0x1.48c768bbd686cp-45"", ""-0x1.4eb28510bbf3dp-40"", ""0x1.f7f086153ae83p-40"", ""0x1.ca25be80f4b25p-41"", ""-0x1.101ca67be16edp-39"", ""-0x1.807cbb3c71c97p-43"", ""-0x1.280f67adde9bep-38"", ""0x1.2d72a57b6c29dp-34"", ""0x1.c63cf404992ebp-34"", ""-0x1.911afb4030a3bp-36"", ""-0x1.c6980cf27aedep-37"", ""0x1.17f65a2809377p-28"", ""0x1.14a986eb6636cp-28"", ""-0x1.a52a342ccfacbp-29""]",True
SPD_D16_C06_E1eM12,SPD,16,6,1e-12,14688628690291032097,1061785.4562923175,1061784.3729795876,4.5460779833002915e-17,6.944050367001385e-17,4.826959486071954e-11,7.373084165408864e-11,2.752555473130884e-10,1.2200487632902416e-10,1.0599964818965166e-07,OBSERVABLE,"[""0x1.9999999999999p-2"", ""-0x1.cccccccccccccp-1"", ""-0x1.999999999999bp-1"", ""0x1.3333333333332p-1"", ""0x1.3333333333332p-1"", ""-0x1.ffffffffffffep-2"", ""0x1.999999999999ap-1"", ""-0x1.0000000000000p-1"", ""-0x1.ccccccccccccfp-1"", ""0x1.3333333333333p-2"", ""-0x1.9999999999995p-2"", ""0x1.666666666666dp-1"", ""0x1.99999999999acp-4"", ""0x1.9999999999a40p-3"", ""0x1.99999999999acp-4"", ""0x1.99999999998e9p-4""]","[""0x1.999999998420ap-2"", ""-0x1.ccccccccda69dp-1"", ""-0x1.999999999d7dbp-1"", ""0x1.33333332f5040p-1"", ""0x1.33333332a5c06p-1"", ""-0x1.ffffffff70c3fp-2"", ""0x1.999999998a26dp-1"", ""-0x1.fffffffe478f9p-2"", ""-0x1.cccccc7e41c11p-1"", ""0x1.333332f68a04ap-2"", ""-0x1.9999994e55a4cp-2"", ""0x1.6666662d5e23ap-1"", ""0x1.99999948abf2bp-4"", ""0x1.99997f01da3acp-3"", ""0x1.99998056b190fp-4"", ""0x1.99998040085aap-4""]","[""-0x1.578f000000000p-38"", ""-0x1.b3a2000000000p-38"", ""-0x1.f200000000000p-40"", ""-0x1.f179000000000p-36"", ""-0x1.1ae5800000000p-34"", ""0x1.1e77e00000000p-35"", ""-0x1.ee5a000000000p-38"", ""0x1.b870700000000p-34"", ""0x1.3a2c2f8000000p-27"", ""-0x1.e549748000000p-29"", ""0x1.2d0fd24000000p-28"", ""-0x1.c842198000000p-28"", ""-0x1.43b6a04000000p-30"", ""-0x1.a97bf69400000p-23"", ""-0x1.942e809d00000p-24"", ""-0x1.9599133f00000p-24""]","[""-0x1.578faeb96f1a5p-38"", ""-0x1.b3a29d8ee2db4p-38"", ""-0x1.f203ff6241bdbp-40"", ""-0x1.f17897e2a0763p-36"", ""-0x1.1ae5846b977e1p-34"", ""0x1.1e77d88c17589p-35"", ""-0x1.ee57779d38d2dp-38"", ""0x1.b8705a759f156p-34"", ""0x1.3a2c2f0a63926p-27"", ""-0x1.e5497222f8904p-29"", ""0x1.2d0fd54e5412ep-28"", ""-0x1.c842169ef3e43p-28"", ""-0x1.43b6959cb0ebap-30"", ""-0x1.a97bf67deb0b9p-23"", ""-0x1.942e808d4b174p-24"", ""-0x1.959912df6c18cp-24""]",True
SPD_D16_C06_E1eM8,SPD,16,6,1e-8,704085841609781587,1057781.3514747717,1046951.8187406384,4.678782468629927e-19,5.0632223002315406e-17,4.949128842926283e-13,5.3009497961965706e-11,1.1845300066926184e-10,5.3457090864133675e-11,0.003078523838841542,OBSERVABLE,"[""-0x1.0000000000000p-1"", ""0x1.999999999999ap-4"", ""-0x1.6666666666667p-1"", ""-0x1.cccccccccccccp-1"", ""-0x1.3333333333332p-2"", ""0x1.3333333333333p-1"", ""-0x1.9999999999998p-3"", ""0x1.9999999999997p-2"", ""-0x1.ffffffffffff9p-2"", ""0x1.3333333333333p-1"", ""-0x1.9999999999984p-4"", ""0x1.cccccccccccd3p-1"", ""0x1.ccccccccccccfp-1"", ""0x1.9999999999a82p-4"", ""0x1.333333333332dp-2"", ""-0x1.3333333333308p-1""]","[""-0x1.000003094e2b1p-1"", ""0x1.9999b7fc4c124p-4"", ""-0x1.666663385a729p-1"", ""-0x1.ccccabeaed554p-1"", ""-0x1.3333225db59b3p-2"", ""0x1.333355a90c12ap-1"", ""-0x1.99998cfc32c13p-3"", ""0x1.9999a73a6bb69p-2"", ""-0x1.fff3f330161bcp-2"", ""0x1.332bafd79c494p-1"", ""-0x1.99a457b80ffd0p-4"", ""0x1.ccc230ffc29d3p-1"", ""0x1.ccc3f0ea1fd91p-1"", ""0x1.94f3f93ddbc70p-4"", ""0x1.30111db6c652cp-2"", ""-0x1.302235f8b779ep-1""]","[""-0x1.84a7158800000p-24"", ""0x1.e62b278a00000p-24"", ""0x1.9705f9f000000p-24"", ""0x1.070efbbc00000p-20"", ""0x1.0d57d97f00000p-22"", ""0x1.13aec6fb80000p-20"", ""0x1.93acdb0a00000p-24"", ""0x1.b41a43a400000p-23"", ""0x1.8199fd3c7a000p-15"", ""-0x1.e0d6e5ba7c000p-15"", ""-0x1.57c3cecc98000p-17"", ""-0x1.5379a14600000p-14"", ""-0x1.1b7c559e7c000p-14"", ""-0x1.296816ef78480p-10"", ""-0x1.910abe3670080p-9"", ""0x1.887e9d3ddb500p-8""]","[""-0x1.84a7158dcb015p-24"", ""0x1.e62b27889a590p-24"", ""0x1.9705f9e338ef6p-24"", ""0x1.070efbbcf06a5p-20"", ""0x1.0d57d9821e792p-22"", ""0x1.13aec6fadfe58p-20"", ""0x1.93acdb09e2ba4p-24"", ""0x1.b41a43a460c01p-23"", ""0x1.8199fd3c7dc83p-15"", ""-0x1.e0d6e5ba7d89ap-15"", ""-0x1.57c3cecc6c9b0p-17"", ""-0x1.5379a145f28a1p-14"", ""-0x1.1b7c559e809b1p-14"", ""-0x1.296816ef74a73p-10"", ""-0x1.910abe366f8bfp-9"", ""0x1.887e9d3ddbea3p-8""]",True
SPD_D16_C08_E1eM16,SPD,16,8,1e-16,6810571498069611282,103045960.83905694,103045959.78777882,1.6383067504052936e-17,1.6381084557848103e-17,1.6882089352963145e-09,1.6880045834775797e-09,8.22162799123386e-09,3.376217957143509e-09,3.8609650049883104e-09,TRANSITION,"[""0x1.9999999999999p-1"", ""0x1.0000000000000p-1"", ""-0x1.999999999999bp-3"", ""-0x1.9999999999996p-1"", ""0x1.3333333333333p-1"", ""0x1.0000000000000p-1"", ""-0x1.999999999999cp-4"", ""0x1.999999999999ap-3"", ""-0x1.cccccccccccd0p-1"", ""-0x1.3333333333334p-2"", ""0x1.9999999999966p-4"", ""-0x1.6666666666660p-1"", ""0x1.99999999999a8p-1"", ""-0x1.cccccccccccc7p-1"", ""0x1.6666666666659p-1"", ""0x1.3333333333373p-1""]","[""0x1.9999999999a4ap-1"", ""0x1.fffffffffffabp-2"", ""-0x1.9999999998b87p-3"", ""-0x1.9999999999160p-1"", ""0x1.3333333332f24p-1"", ""0x1.ffffffffff04cp-2"", ""-0x1.9999999969d65p-4"", ""0x1.999999999cb1bp-3"", ""-0x1.ccccccccc73ddp-1"", ""-0x1.3333333339971p-2"", ""0x1.999999988c455p-4"", ""-0x1.66666665bf139p-1"", ""0x1.99999998f66d5p-1"", ""-0x1.cccccccc0f2c9p-1"", ""0x1.666666290eb20p-1"", ""0x1.333332feae032p-1""]","[""0x1.6200000000000p-46"", ""-0x1.5400000000000p-48"", ""0x1.c280000000000p-44"", ""0x1.06c0000000000p-42"", ""-0x1.03c0000000000p-43"", ""-0x1.f680000000000p-43"", ""0x1.7e1b800000000p-39"", ""0x1.8c08000000000p-42"", ""0x1.63cc000000000p-39"", ""-0x1.98f4000000000p-40"", ""-0x1.0d51100000000p-36"", ""0x1.4ea4e00000000p-34"", ""-0x1.465a600000000p-34"", ""0x1.7b3fc00000000p-34"", ""-0x1.eabd9c8000000p-28"", ""-0x1.a429a08000000p-28""]","[""0x1.5f25f14861a74p-46"", ""-0x1.6237c1f5e3162p-48"", ""0x1.c256c62a5790fp-44"", ""0x1.06dfd9380d504p-42"", ""-0x1.0390cf7dd2d51p-43"", ""-0x1.f6997b9e187e6p-43"", ""0x1.7e244efaa3c41p-39"", ""0x1.8c38e47aa9b4ep-42"", ""0x1.63bc880ca085dp-39"", ""-0x1.98f754478e419p-40"", ""-0x1.0d49c34d07fe9p-36"", ""0x1.4ea3393b61dfep-34"", ""-0x1.465aee92b9e9cp-34"", ""0x1.7b3efe40ae97bp-34"", ""-0x1.eabd89e37d9adp-28"", ""-0x1.a4296253727c0p-28""]",True
SPD_D16_C08_E1eM15,SPD,16,8,1e-15,2407868683346294555,101007241.59649967,101007231.3940906,4.0027699820844445e-17,4.475185619979877e-17,4.043087562702759e-09,4.520261114920902e-09,1.6427359407886824e-08,8.563353053601254e-09,3.733516625255773e-08,TRANSITION,"[""0x1.999999999999bp-1"", ""0x1.3333333333333p-2"", ""0x1.999999999999ap-3"", ""-0x1.999999999999bp-4"", ""-0x1.3333333333332p-1"", ""0x1.3333333333334p-2"", ""-0x1.999999999998cp-4"", ""0x1.999999999998bp-4"", ""-0x1.999999999999dp-2"", ""0x1.999999999999ap-1"", ""-0x1.9999999999961p-3"", ""-0x1.000000000000dp-1"", ""-0x1.9999999999946p-4"", ""0x1.cccccccccccc9p-1"", ""0x1.99999999997c5p-2"", ""-0x1.333333333336cp-1""]","[""0x1.99999999996e4p-1"", ""0x1.3333333333349p-2"", ""0x1.999999998934dp-3"", ""-0x1.99999999b49e5p-4"", ""-0x1.3333333336733p-1"", ""0x1.33333333322cap-2"", ""-0x1.9999999a7c50bp-4"", ""0x1.999999994ac64p-4"", ""-0x1.999999997f2afp-2"", ""0x1.99999999af9f9p-1"", ""-0x1.9999998e5cefbp-3"", ""-0x1.fffffff71112cp-2"", ""-0x1.99999996fe69ep-4"", ""0x1.ccccccc457f97p-1"", ""0x1.999996f412235p-2"", ""-0x1.33333131be627p-1""]","[""-0x1.5b80000000000p-44"", ""0x1.6000000000000p-50"", ""-0x1.064d000000000p-39"", ""-0x1.b04a000000000p-40"", ""-0x1.a008000000000p-40"", ""-0x1.06a0000000000p-42"", ""-0x1.c56fe00000000p-37"", ""-0x1.3b49c00000000p-38"", ""0x1.a6ee000000000p-38"", ""0x1.605f000000000p-37"", ""0x1.6794cc0000000p-32"", ""0x1.1ddddc0000000p-31"", ""0x1.4d95400000000p-35"", ""-0x1.0e9a640000000p-30"", ""-0x1.52c3ac8000000p-25"", ""0x1.00ba6a2800000p-24""]","[""-0x1.5b58e83cdd89fp-44"", ""0x1.6e790a13a5131p-50"", ""-0x1.064d05f770be0p-39"", ""-0x1.b04a7386cbb82p-40"", ""-0x1.9ff5bd268406cp-40"", ""-0x1.069dbc531c199p-42"", ""-0x1.c56e89236cc96p-37"", ""-0x1.3b4ab9c07b6d7p-38"", ""0x1.a6f0f17b4e703p-38"", ""0x1.60614ea6fe40ep-37"", ""0x1.6795b523f663fp-32"", ""0x1.1ddd7f966bca3p-31"", ""0x1.4d9944248721bp-35"", ""-0x1.0e9a822133668p-30"", ""-0x1.52c3a5ffcef14p-25"", ""0x1.00ba69194e0c0p-24""]",True
SPD_D16_C08_E1eM14,SPD,16,8,1e-14,15808467969270914612,104083118.87632257,104083012.68916276,5.272586894970332e-17,4.1716536317489047e-19,5.487872915866125e-09,4.34198277906966e-11,1.0259027962932379e-08,5.531297178073097e-09,3.815145381619145e-07,OBSERVABLE,"[""-0x1.999999999999bp-1"", ""0x1.6666666666667p-1"", ""0x1.999999999999bp-4"", ""0x1.999999999999cp-4"", ""0x1.0000000000001p-1"", ""-0x1.999999999999ap-3"", ""-0x1.9999999999999p-3"", ""-0x1.6666666666666p-1"", ""-0x1.999999999998ap-4"", ""-0x1.999999999999bp-1"", ""-0x1.9999999999937p-3"", ""0x1.99999999999d1p-2"", ""0x1.3333333333308p-2"", ""-0x1.999999999981cp-4"", ""-0x1.333333333334cp-1"", ""0x1.99999999999cap-2""]","[""-0x1.9999999998a38p-1"", ""0x1.66666666688a9p-1"", ""0x1.99999999dc2fep-4"", ""0x1.99999999c6bbdp-4"", ""0x1.00000000109afp-1"", ""-0x1.99999999ccafap-3"", ""-0x1.99999999ce2dfp-3"", ""-0x1.6666666697df8p-1"", ""-0x1.9999999747538p-4"", ""-0x1.999999997d9c3p-1"", ""-0x1.9999996c59151p-3"", ""0x1.999999551b0afp-2"", ""0x1.333333047c682p-2"", ""-0x1.9999993e8721bp-4"", ""-0x1.33331f59ac032p-1"", ""0x1.99997f8bd1b05p-2""]","[""0x1.ec60000000000p-42"", ""0x1.1210000000000p-40"", ""0x1.0a58c00000000p-38"", ""0x1.6910800000000p-39"", ""0x1.09ae000000000p-37"", ""-0x1.98b0000000000p-38"", ""-0x1.a4a3000000000p-38"", ""-0x1.8bc9000000000p-36"", ""0x1.2922900000000p-35"", ""0x1.bfd8000000000p-37"", ""0x1.6a03f30000000p-30"", ""-0x1.11fa488000000p-28"", ""-0x1.75b6430000000p-29"", ""0x1.6c49804000000p-30"", ""0x1.3d98731a00000p-21"", ""-0x1.a0dc7ec500000p-22""]","[""0x1.ec323c29d43ddp-42"", ""0x1.120ff41b833c9p-40"", ""0x1.0a598a900d5d0p-38"", ""0x1.6913ab7017590p-39"", ""0x1.09aeb32d24f8bp-37"", ""-0x1.98affd408d7a1p-38"", ""-0x1.a4a27f45f17c5p-38"", ""-0x1.8bc77a6fcc1c0p-36"", ""0x1.29226847fb542p-35"", ""0x1.bfd5cd94f4d9bp-37"", ""0x1.6a0421f85f68fp-30"", ""-0x1.11fa3b90263b7p-28"", ""-0x1.75b655ca85c03p-29"", ""0x1.6c499825bb51ap-30"", ""0x1.3d9872cd1510bp-21"", ""-0x1.a0dc7e2d83dedp-22""]",True
SPD_D16_C08_E1eM12,SPD,16,8,1e-12,10653216479898556617,103046869.42440973,103036357.57691777,4.852258864638267e-17,4.8519796127410285e-17,5.00010088137915e-09,4.9993030883360276e-09,1.7998769202861493e-08,9.99931622381197e-09,4.294488714459061e-05,OBSERVABLE,"[""-0x1.9999999999998p-3"", ""0x1.0000000000001p-1"", ""-0x1.3333333333333p-2"", ""-0x1.3333333333332p-2"", ""-0x1.3333333333333p-1"", ""0x1.999999999999bp-3"", ""-0x1.3333333333331p-2"", ""0x1.99999999999a5p-4"", ""-0x1.cccccccccccccp-1"", ""0x1.999999999999cp-4"", ""0x1.ffffffffffffep-2"", ""0x1.666666666666fp-1"", ""-0x1.3333333333341p-2"", ""-0x1.99999999999b4p-3"", ""0x1.66666666665eap-1"", ""0x1.333333333330fp-2""]","[""-0x1.999999921a4a2p-3"", ""0x1.00000000fe7f0p-1"", ""-0x1.33333336f9d2bp-2"", ""-0x1.33333349b31f8p-2"", ""-0x1.333333426a341p-1"", ""0x1.9999998719a34p-3"", ""-0x1.3333323df2f3dp-2"", ""0x1.9999947117468p-4"", ""-0x1.cccccc6ee68dcp-1"", ""0x1.9999970be66dbp-4"", ""0x1.ffffe1af4d6e6p-2"", ""0x1.66664f2d9b3d6p-1"", ""-0x1.33331c502e0a0p-2"", ""-0x1.99997162df922p-3"", ""0x1.665d25ef6e92bp-1"", ""0x1.332af159ae63cp-2""]","[""0x1.dfd3d80000000p-33"", ""0x1.fcfde00000000p-34"", ""-0x1.e34fc00000000p-33"", ""-0x1.67fec60000000p-30"", ""-0x1.e6e01c0000000p-30"", ""-0x1.27ff670000000p-31"", ""0x1.ea807e8000000p-27"", ""-0x1.4a2094f400000p-26"", ""0x1.7798fc0000000p-27"", ""-0x1.46d9960800000p-27"", ""-0x1.e50b291800000p-22"", ""-0x1.738cb29900000p-21"", ""0x1.6e3052a100000p-22"", ""0x1.41b5d04900000p-22"", ""-0x1.280edef97e000p-14"", ""-0x1.083b3099a6000p-15""]","[""0x1.dfd3db8cc8e20p-33"", ""0x1.fcfdfa0478504p-34"", ""-0x1.e34fc1fd7221ep-33"", ""-0x1.67fec450e3b5fp-30"", ""-0x1.e6e0188993751p-30"", ""-0x1.27ff64de963f8p-31"", ""0x1.ea807e31a4a92p-27"", ""-0x1.4a2095281a7adp-26"", ""0x1.7798fbbc70e6fp-27"", ""-0x1.46d995ff8f027p-27"", ""-0x1.e50b291aa9886p-22"", ""-0x1.738cb2953ed46p-21"", ""0x1.6e30529338ae8p-22"", ""0x1.41b5d04a1af61p-22"", ""-0x1.280edef93be83p-14"", ""-0x1.083b309789babp-15""]",True
SPD_D16_C08_E1eM8,SPD,16,8,1e-8,7698811840810382735,101006776.86221069,50250797.049640514,7.983103218591949e-17,1.0464438050587457e-16,8.063475319702762e-09,5.2584635548375e-09,2.5668658284974163e-08,1.303128687688695e-08,0.1847223161537309,OBSERVABLE,"[""0x1.6666666666666p-1"", ""0x1.ccccccccccccap-1"", ""-0x1.999999999999bp-2"", ""0x1.999999999999ap-3"", ""-0x1.3333333333334p-2"", ""-0x1.3333333333333p-2"", ""-0x1.ffffffffffffep-2"", ""-0x1.999999999998bp-3"", ""0x1.3333333333331p-1"", ""0x1.3333333333335p-2"", ""0x1.3333333333342p-1"", ""0x1.99999999999aep-2"", ""-0x1.fffffffffffdcp-2"", ""0x1.99999999999dap-2"", ""0x1.666666666657dp-1"", ""-0x1.9999999999c52p-3""]","[""0x1.666654ba6b242p-1"", ""0x1.ccccb9d6de73cp-1"", ""-0x1.999b952793225p-2"", ""0x1.999c6092964efp-3"", ""-0x1.33317ad334f29p-2"", ""-0x1.3331f53b90b2ep-2"", ""-0x1.fff895cefd0c9p-2"", ""-0x1.99a4222b468cap-3"", ""0x1.33218abdeae14p-1"", ""0x1.33328c0538287p-2"", ""0x1.2fdb9d95d32ffp-1"", ""0x1.94d40077649fep-2"", ""-0x1.fac09daaa1459p-2"", ""0x1.95bcaa0f0902ap-2"", ""0x1.669316c913030p-2"", ""-0x1.9b7726d82f460p-4""]","[""-0x1.1abfb42400000p-21"", ""-0x1.2f5ee58e00000p-21"", ""-0x1.fb8df988a0000p-18"", ""0x1.637c7e5aa8000p-18"", ""0x1.b85ffe40b0000p-18"", ""0x1.3df7a28050000p-18"", ""0x1.da8c40bcd4000p-16"", ""-0x1.5112359e7e000p-16"", ""-0x1.1a8754851d000p-13"", ""-0x1.4e5bf615c0000p-19"", ""-0x1.abcaceb002180p-8"", ""-0x1.3166488d3ec00p-8"", ""0x1.4fd89557ae0c0p-8"", ""-0x1.ee77c5484d800p-9"", ""-0x1.6639b603b9acap-2"", ""0x1.97bc0c5b04444p-4""]","[""-0x1.1abfb42651d99p-21"", ""-0x1.2f5ee58f436edp-21"", ""-0x1.fb8df988db0fep-18"", ""0x1.637c7e5abee25p-18"", ""0x1.b85ffe40a9119p-18"", ""0x1.3df7a2804ab9cp-18"", ""0x1.da8c40bcd915ap-16"", ""-0x1.5112359e77e9dp-16"", ""-0x1.1a8754851e84cp-13"", ""-0x1.4e5bf615d140fp-19"", ""-0x1.abcaceb002977p-8"", ""-0x1.3166488d3ed95p-8"", ""0x1.4fd89557adef1p-8"", ""-0x1.ee77c5484ced0p-9"", ""-0x1.6639b603b9b0ap-2"", ""0x1.97bc0c5b04228p-4""]",True
SPD_D16_C10_E1eM16,SPD,16,10,1e-16,16548443480826426309,10202151820.045492,10202141411.741348,4.041298693183669e-17,5.01511941372574e-18,4.122995981710009e-07,5.116496007345238e-08,9.093831107813577e-07,4.634645483505252e-07,5.334796826670171e-07,TRANSITION,"[""0x1.9999999999998p-4"", ""-0x1.999999999999ap-1"", ""-0x1.999999999999ap-4"", ""0x1.9999999999998p-4"", ""0x1.9999999999999p-4"", ""0x1.9999999999996p-3"", ""-0x1.3333333333332p-1"", ""0x1.9999999999999p-1"", ""0x1.999999999998cp-1"", ""0x1.0000000000000p-1"", ""0x1.9999999999995p-3"", ""-0x1.9999999999c8fp-3"", ""0x1.9999999999a3bp-4"", ""-0x1.3333333333517p-2"", ""-0x1.0000000000242p-1"", ""-0x1.cccccccccccadp-1""]","[""0x1.999999999ec7bp-4"", ""-0x1.9999999999b63p-1"", ""-0x1.99999999a64dap-4"", ""0x1.999999999d127p-4"", ""0x1.9999999992176p-4"", ""0x1.9999999969e39p-3"", ""-0x1.3333333344cedp-1"", ""0x1.9999999975724p-1"", ""0x1.999999983cec8p-1"", ""0x1.000000000583ap-1"", ""0x1.9999999d77fdep-3"", ""-0x1.99999999f2ccep-3"", ""0x1.999998f0e2e05p-4"", ""-0x1.3333330daf993p-2"", ""-0x1.ffffdd37bc4f8p-2"", ""-0x1.ccccae48d2306p-1""]","[""0x1.4b8c000000000p-42"", ""-0x1.c900000000000p-45"", ""-0x1.9680000000000p-41"", ""0x1.bc78000000000p-43"", ""-0x1.e08c000000000p-42"", ""-0x1.7dae800000000p-38"", ""-0x1.19bb000000000p-37"", ""-0x1.213a800000000p-36"", ""-0x1.5cac400000000p-33"", ""0x1.60e8000000000p-39"", ""0x1.ef32480000000p-34"", ""-0x1.640fc00000000p-37"", ""-0x1.516d86c000000p-29"", ""0x1.2c1dc20000000p-29"", ""0x1.16421fc600000p-21"", ""0x1.e83fa9a700000p-21""]","[""0x1.4b87cd1228678p-42"", ""-0x1.ca073ff597e3bp-45"", ""-0x1.967d6d4f8a319p-41"", ""0x1.bc820b8724c2bp-43"", ""-0x1.e090e8aeada09p-42"", ""-0x1.7daa383d87b25p-38"", ""-0x1.19bb2ab8e4784p-37"", ""-0x1.213b4452a0af6p-36"", ""-0x1.5cad53195b45ap-33"", ""0x1.60f179363e7cfp-39"", ""0x1.ef333a3727082p-34"", ""-0x1.64b3ddcfec560p-37"", ""-0x1.516d679098caep-29"", ""0x1.2c1d70beb8558p-29"", ""0x1.16421c7db07d3p-21"", ""0x1.e83fa8edef910p-21""]",True
SPD_D16_C10_E1eM15,SPD,16,10,1e-15,16921559322098884807,10100638359.876331,10100537353.189041,8.33065148805055e-17,1.0538224461012412e-16,8.414496878666236e-07,1.0644184310328536e-06,3.896553917311994e-06,1.9058668192347444e-06,3.4639297842261803e-06,TRANSITION,"[""0x1.3333333333333p-1"", ""0x1.6666666666665p-1"", ""0x1.999999999999ap-4"", ""-0x1.999999999999bp-2"", ""0x1.9999999999996p-1"", ""-0x1.999999999999bp-4"", ""-0x1.3333333333333p-1"", ""-0x1.6666666666668p-1"", ""-0x1.9999999999963p-3"", ""0x1.999999999999bp-3"", ""-0x1.999999999999bp-4"", ""-0x1.cccccccccccdap-1"", ""0x1.fffffffffff04p-2"", ""-0x1.9999999999befp-4"", ""0x1.6666666666c18p-1"", ""0x1.999999999a211p-4""]","[""0x1.3333333334be5p-1"", ""0x1.6666666669696p-1"", ""0x1.9999999a5e2e2p-4"", ""-0x1.9999999991a74p-2"", ""0x1.9999999995893p-1"", ""-0x1.999999a122c53p-4"", ""-0x1.33333332812f7p-1"", ""-0x1.6666666591150p-1"", ""-0x1.999999a6f65b0p-3"", ""0x1.9999995825c2dp-3"", ""-0x1.999999db8f3a7p-4"", ""-0x1.ccccc9b66692cp-1"", ""0x1.fffffbd684cbbp-2"", ""-0x1.9999998ea78cdp-4"", ""0x1.66657b350c99fp-1"", ""0x1.99988b7c81b50p-4""]","[""0x1.8b20000000000p-41"", ""0x1.8188000000000p-40"", ""0x1.8929000000000p-37"", ""0x1.fc9c000000000p-40"", ""-0x1.040c000000000p-39"", ""-0x1.e24ae00000000p-34"", ""0x1.6407800000000p-34"", ""0x1.aaa3000000000p-34"", ""-0x1.ab989a0000000p-32"", ""-0x1.05cf5b8000000p-29"", ""-0x1.07d6830000000p-30"", ""0x1.8b331d7000000p-24"", ""-0x1.0a5ec92400000p-24"", ""0x1.5e46440000000p-33"", ""-0x1.d662b44f20000p-18"", ""-0x1.0e1d186c10000p-20""]","[""0x1.8b34b43219c4ep-41"", ""0x1.817713e59f031p-40"", ""0x1.89290800cdf25p-37"", ""0x1.fc85b3f102d0ap-40"", ""-0x1.042208c8db871p-39"", ""-0x1.e24af1e027632p-34"", ""0x1.64081db3bed53p-34"", ""0x1.aaa2fd93517bcp-34"", ""-0x1.ab9957b6dbfa4p-32"", ""-0x1.05cf77beeb0e9p-29"", ""-0x1.07d653b846cbbp-30"", ""0x1.8b331d6652101p-24"", ""-0x1.0a5ec6bcd0350p-24"", ""0x1.5e49e59f5efa0p-33"", ""-0x1.d662b4c5261d2p-18"", ""-0x1.0e1d19aff7240p-20""]",True
SPD_D16_C10_E1eM14,SPD,16,10,1e-14,12749692603971519529,10000150556.219154,9999150635.6916,7.144699489051565e-17,3.5740849859601387e-17,7.144812161776207e-07,3.57378269312973e-07,2.76406308616208e-06,1.0718576906076895e-06,2.1887348050248086e-05,OBSERVABLE,"[""-0x1.9999999999998p-2"", ""0x1.9999999999998p-1"", ""0x1.cccccccccccccp-1"", ""-0x1.3333333333334p-1"", ""-0x1.6666666666666p-1"", ""0x1.3333333333330p-1"", ""-0x1.9999999999996p-1"", ""0x1.9999999999999p-1"", ""-0x1.3333333333346p-2"", ""0x1.9999999999ae3p-4"", ""-0x1.6666666666687p-1"", ""-0x1.999999999993cp-1"", ""0x1.9999999999a05p-1"", ""-0x1.333333333330cp-1"", ""0x1.9999999999b50p-2"", ""-0x1.9999999999ec7p-2""]","[""-0x1.99999999eece7p-2"", ""0x1.9999999993d86p-1"", ""0x1.cccccccbb8a29p-1"", ""-0x1.33333333be6cdp-1"", ""-0x1.66666666d594dp-1"", ""0x1.3333332fd69f9p-1"", ""-0x1.9999999dff26cp-1"", ""0x1.99999991d7d48p-1"", ""-0x1.3333331594534p-2"", ""0x1.99999ad75ca90p-4"", ""-0x1.66666658079c6p-1"", ""-0x1.9999812b2a4ccp-1"", ""0x1.9999803f63923p-1"", ""-0x1.33331e53b1271p-1"", ""0x1.998f1a22146d5p-2"", ""-0x1.998f2da27da64p-2""]","[""-0x1.54d3c00000000p-36"", ""-0x1.7048000000000p-39"", ""-0x1.142a300000000p-33"", ""-0x1.1673200000000p-34"", ""-0x1.bcb9c00000000p-35"", ""-0x1.ae49b80000000p-32"", ""-0x1.1963580000000p-31"", ""-0x1.f071440000000p-31"", ""0x1.d9ee120000000p-30"", ""0x1.3dc2fad000000p-28"", ""0x1.cbd9820000000p-30"", ""0x1.86e6f47000000p-21"", ""-0x1.95a360e200000p-21"", ""0x1.4df8209b00000p-21"", ""-0x1.4feef0a8f6000p-15"", ""0x1.4d7ee388c6000p-15""]","[""-0x1.54d2f51cc87afp-36"", ""-0x1.704a14893a188p-39"", ""-0x1.142a66b0cf37fp-33"", ""-0x1.16733b0f17b0ep-34"", ""-0x1.bcba21d27b687p-35"", ""-0x1.ae49c9f67556fp-32"", ""-0x1.196353d51af83p-31"", ""-0x1.f07146975f467p-31"", ""0x1.d9edfbed6387ap-30"", ""0x1.3dc300ab092acp-28"", ""0x1.cbd95614ae8c0p-30"", ""0x1.86e6f4acbbc04p-21"", ""-0x1.95a360b4df76ap-21"", ""0x1.4df820057d22dp-21"", ""-0x1.4feef0bc3d17fp-15"", ""0x1.4d7ee37a52b60p-15""]",True
SPD_D16_C10_E1eM12,SPD,16,10,1e-12,8799369420081985354,10408246637.959015,10303133233.469158,7.11358830305091e-17,3.118078925893768e-19,7.404003635828346e-07,3.2125982709163774e-09,1.6172469618208621e-06,7.436109452887624e-07,0.002486687190852966,OBSERVABLE,"[""0x1.ccccccccccccfp-1"", ""-0x1.999999999999ap-4"", ""0x1.999999999999bp-2"", ""-0x1.9999999999998p-3"", ""-0x1.999999999999bp-3"", ""0x1.999999999999ap-2"", ""0x1.999999999999bp-3"", ""0x1.6666666666664p-1"", ""0x1.6666666666668p-1"", ""-0x1.ccccccccccce2p-1"", ""-0x1.9999999999996p-1"", ""-0x1.9999999999919p-4"", ""0x1.66666666666a9p-1"", ""0x1.0000000000031p-1"", ""-0x1.ffffffffff8abp-2"", ""0x1.9999999999901p-3""]","[""0x1.ccccccc936800p-1"", ""-0x1.99999961e3b9cp-4"", ""0x1.999999c9a720dp-2"", ""-0x1.999998216711bp-3"", ""-0x1.99999a8d66f52p-3"", ""0x1.9999a10dfc56ep-2"", ""0x1.99999e9710ebap-3"", ""0x1.6666680d473f7p-1"", ""0x1.666650aa6ffa5p-1"", ""-0x1.cccca13f47de5p-1"", ""-0x1.99995e3d26b3ep-1"", ""-0x1.99865126ff2dcp-4"", ""0x1.665ca7729dec7p-1"", ""0x1.fff5232e53cddp-2"", ""-0x1.fae39f86ce5fep-2"", ""0x1.955699fa191cbp-3""]","[""-0x1.cb26780000000p-32"", ""0x1.bdaeff0000000p-31"", ""0x1.806c390000000p-29"", ""0x1.783287d000000p-27"", ""-0x1.e79ab6e000000p-28"", ""0x1.dd18af5000000p-24"", ""0x1.3f5dd47c00000p-25"", ""0x1.a6e0d93000000p-25"", ""-0x1.5bbf66c300000p-21"", ""0x1.5c6c277e80000p-20"", ""0x1.dae3972c00000p-20"", ""0x1.348729a63d000p-16"", ""-0x1.37de790fc4000p-14"", ""-0x1.5b9a35870a000p-15"", ""0x1.47181e4c4ab40p-8"", ""-0x1.10bfe7e01cd80p-9""]","[""-0x1.cb265ec93e7bep-32"", ""0x1.bdaefe0330889p-31"", ""0x1.806c393a8f138p-29"", ""0x1.783287fa39205p-27"", ""-0x1.e79ab723d3fd2p-28"", ""0x1.dd18af6238ff0p-24"", ""0x1.3f5dd4796e0c0p-25"", ""0x1.a6e0d9521902ap-25"", ""-0x1.5bbf66c528b87p-21"", ""0x1.5c6c2779340c6p-20"", ""0x1.dae3972bc0bd8p-20"", ""0x1.348729aa0c064p-16"", ""-0x1.37de7910be944p-14"", ""-0x1.5b9a35880b9f7p-15"", ""0x1.47181e4c5abd4p-8"", ""-0x1.10bfe7e02b033p-9""]",True
SPD_D16_C10_E1eM8,SPD,16,10,1e-8,10419632958394333235,10304672003.441164,101020510.73429853,1.3950819684123066e-18,2.557587013887625e-17,1.4375862309069299e-08,2.583687470578814e-09,3.369607642131675e-08,1.6560718074346568e-08,0.4345961021617833,OBSERVABLE,"[""-0x1.9999999999999p-2"", ""-0x1.999999999999ap-4"", ""0x1.999999999999ap-4"", ""0x1.999999999999ap-3"", ""-0x1.ccccccccccccap-1"", ""0x1.ccccccccccccdp-1"", ""0x1.9999999999999p-2"", ""-0x1.3333333333334p-2"", ""-0x1.3333333333330p-1"", ""0x1.333333333333cp-2"", ""0x1.ffffffffffffcp-2"", ""0x1.6666666666641p-1"", ""0x1.99999999998edp-2"", ""0x1.3333333333259p-2"", ""0x1.3333333333290p-1"", ""0x1.ffffffffff4c0p-2""]","[""-0x1.999950b401f81p-2"", ""-0x1.999a386e2e4d7p-4"", ""0x1.998c779957425p-4"", ""0x1.9994f06fe4810p-3"", ""-0x1.cccd12846a6cfp-1"", ""0x1.ccb28633d2ba2p-1"", ""0x1.99967f35651c8p-2"", ""-0x1.3309d3e103b36p-2"", ""-0x1.30143a8f3f60ap-1"", ""0x1.3001c4c03e960p-2"", ""0x1.fb0181a258ddcp-2"", ""0x1.681ff89e3a7fcp-2"", ""0x1.9b377b4a25760p-3"", ""0x1.27f4a98ddc1edp-3"", ""0x1.b808b0e6012a9p-8"", ""0x1.5da9b0f78c2b1p-8""]","[""0x1.23965e8600000p-20"", ""-0x1.3da92967a0000p-21"", ""-0x1.a440084aea000p-17"", ""-0x1.2a4a6d4628000p-17"", ""-0x1.16de768140000p-19"", ""-0x1.a4698fa12b000p-13"", ""-0x1.8d321a3e88000p-17"", ""0x1.4afa917bff000p-13"", ""0x1.8f7c51f9e9300p-8"", ""-0x1.98b7397a4ee00p-9"", ""-0x1.3f9f9769c8800p-8"", ""-0x1.64acd42e92486p-2"", ""-0x1.97fbb7e90da7ap-3"", ""-0x1.3e71bcd88a2c5p-3"", ""-0x1.2fc321d16726bp-1"", ""-0x1.fa89593c211b5p-2""]","[""0x1.23965e86330e0p-20"", ""-0x1.3da9296786709p-21"", ""-0x1.a440084ae9bccp-17"", ""-0x1.2a4a6d4622404p-17"", ""-0x1.16de767fc3840p-19"", ""-0x1.a4698fa12a87fp-13"", ""-0x1.8d321a3e948f8p-17"", ""0x1.4afa917bfd322p-13"", ""0x1.8f7c51f9e932cp-8"", ""-0x1.98b7397a4eee4p-9"", ""-0x1.3f9f9769c8995p-8"", ""-0x1.64acd42e92462p-2"", ""-0x1.97fbb7e90dabap-3"", ""-0x1.3e71bcd88a33cp-3"", ""-0x1.2fc321d167265p-1"", ""-0x1.fa89593c211bap-2""]",True
NONSYMMETRIC_D02_C02_E1eM16,NONSYMMETRIC,2,2,1e-16,17283056379808199733,99.99980001120086,99.99980001119987,1.9101904666142495e-18,1.9101904666142664e-18,1.9101866464472746e-16,1.9101866464472724e-16,3.8883700148697485e-15,4.822929427790057e-15,9.922759231772232e-15,TRANSITION,"[""-0x1.9999999999999p-4"", ""0x1.999999999999bp-1""]","[""-0x1.999999999999ap-4"", ""0x1.9999999999952p-1""]","[""-0x1.0000000000000p-56"", ""-0x1.2400000000000p-47""]","[""-0x1.bab81d9623584p-58"", ""-0x1.203acf6e30fdep-47""]",True
NONSYMMETRIC_D02_C02_E1eM15,NONSYMMETRIC,2,2,1e-15,4683485844308135370,99.99880037922848,99.99880037921861,1.9169216981988416e-18,1.916921698199008e-18,1.9168987024079768e-16,1.916898702407954e-16,3.8894523013730965e-15,4.8242718389819816e-15,9.922573183238111e-14,OBSERVABLE,"[""0x1.999999999999ap-4"", ""0x1.9999999999998p-1""]","[""0x1.9999999999986p-4"", ""0x1.99999999996c8p-1""]","[""-0x1.4000000000000p-52"", ""-0x1.6800000000000p-44""]","[""-0x1.2bc13a40c80b8p-52"", ""-0x1.684752843b031p-44""]",True
NONSYMMETRIC_D02_C02_E1eM14,NONSYMMETRIC,2,2,1e-14,4639842741608232392,100.00030000820085,100.00030000810186,5.122493363779238e-19,0.0,5.122508731679418e-17,0.0,1.0044679390381767e-15,4.492117185816956e-15,4.473113001742809e-13,OBSERVABLE,"[""-0x1.9999999999999p-3"", ""0x1.9999999999999p-4""]","[""-0x1.9999999999946p-3"", ""0x1.9999999997d73p-4""]","[""0x1.4c00000000000p-49"", ""-0x1.c260000000000p-44""]","[""0x1.4b76837c12f77p-49"", ""-0x1.c256d8d87f01cp-44""]",True
NONSYMMETRIC_D02_C02_E1eM12,NONSYMMETRIC,2,2,1e-12,7587841919955847331,100.000800163216,100.00080015331591,0.0,6.278561990602769e-17,0.0,6.278612228724768e-15,6.250491406498464e-15,1.0719504326598968e-14,8.574929256816765e-11,OBSERVABLE,"[""0x1.3333333333333p-2"", ""-0x1.0000000000000p-1""]","[""0x1.333333333251fp-2"", ""-0x1.ffffffff24197p-2""]","[""-0x1.c280000000000p-43"", ""0x1.b7cd200000000p-35""]","[""-0x1.c25c9c943a614p-43"", ""0x1.b7cd1706edc5bp-35""]",True
NONSYMMETRIC_D02_C02_E1eM8,NONSYMMETRIC,2,2,1e-8,5169726596858374889,100.02080337115476,100.02070434638456,5.582113815862401e-19,5.582114868652572e-19,5.583275083717797e-17,5.583270609050563e-17,3.9162574022830865e-15,4.5525567572841244e-15,5.814965166367895e-07,OBSERVABLE,"[""0x1.6666666666666p-1"", ""-0x1.ffffffffffffep-2""]","[""0x1.666665f26e716p-1"", ""-0x1.ffffde7160d0dp-2""]","[""-0x1.cfdfd40000000p-27"", ""0x1.0c74f97880000p-21""]","[""-0x1.cfdfd429401f5p-27"", ""0x1.0c74f979074bcp-21""]",True
NONSYMMETRIC_D02_C04_E1eM16,NONSYMMETRIC,2,4,1e-16,6273133780200723991,10000.0800003216,10000.0800003116,0.0,6.037773255955909e-21,0.0,6.037821558330096e-17,3.2459121844295616e-15,4.5012703140823495e-15,8.320550666255431e-13,OBSERVABLE,"[""-0x1.999999999999ap-2"", ""0x1.3333333333333p-1""]","[""-0x1.99999999999afp-2"", ""0x1.3333333331e16p-1""]","[""-0x1.5000000000000p-50"", ""-0x1.51d0000000000p-41""]","[""-0x1.4e593c20c2506p-50"", ""-0x1.51c5727b4e585p-41""]",True
NONSYMMETRIC_D02_C04_E1eM15,NONSYMMETRIC,2,4,1e-15,9217533790745177217,10000.27999412172,10000.27999402173,0.0,0.0,0.0,0.0,2.391493584111105e-15,4.440892098497615e-15,3.7139161631058405e-12,OBSERVABLE,"[""0x1.fffffffffffffp-2"", ""-0x1.999999999999ap-3""]","[""0x1.0000000000079p-1"", ""-0x1.9999999988021p-3""]","[""0x1.e600000000000p-47"", ""0x1.1979000000000p-39""]","[""0x1.e660e860ad833p-47"", ""0x1.19782288e8c74p-39""]",True
NONSYMMETRIC_D02_C04_E1eM14,NONSYMMETRIC,2,4,1e-14,16169648863386683458,10000.079995520351,10000.079994520498,0.0,0.0,0.0,0.0,4.572178254043941e-15,4.4408920983302e-15,8.741363468957484e-11,OBSERVABLE,"[""0x1.0000000000000p-1"", ""-0x1.ccccccccccccdp-1""]","[""0x1.fffffffffccfdp-2"", ""-0x1.cccccccc06e62p-1""]","[""-0x1.9818000000000p-41"", ""0x1.8bcd600000000p-34""]","[""-0x1.981da91ccb7eep-41"", ""0x1.8bcd4729ef91cp-34""]",True
NONSYMMETRIC_D02_C04_E1eM12,NONSYMMETRIC,2,4,1e-12,6407475249424120548,10000.980048041949,10000.97994803725,0.0,5.556980633723845e-17,0.0,5.557525188953438e-13,6.745621903127186e-13,5.601934078570958e-13,7.474651813457012e-09,OBSERVABLE,"[""-0x1.9999999999999p-1"", ""-0x1.cccccccccccccp-1""]","[""-0x1.999999990d4bap-1"", ""-0x1.cccccc7f7c9bdp-1""]","[""0x1.189be00000000p-34"", ""0x1.3540c3c000000p-27""]","[""0x1.189beeed43b01p-34"", ""0x1.3540c3d2d4ed3p-27""]",True
NONSYMMETRIC_D02_C04_E1eM8,NONSYMMETRIC,2,4,1e-8,2110367896937657781,10000.980048041949,9999.980101024645,0.0,0.0,0.0,0.0,3.1400312098853703e-15,4.44067472329469e-15,9.899230631555428e-05,OBSERVABLE,"[""0x1.9999999999999p-4"", ""-0x1.6666666666666p-1""]","[""0x1.999a1cdbb4058p-4"", ""-0x1.665d39b5b4043p-1""]","[""0x1.068434d7e0000p-21"", ""0x1.2596164c46000p-14""]","[""0x1.068434d7c33a4p-21"", ""0x1.2596164c45cc9p-14""]",True
NONSYMMETRIC_D02_C06_E1eM16,NONSYMMETRIC,2,6,1e-16,12270543339706471805,1000002.9999820001,1000002.9998820003,1.7524876603695054e-22,8.762438302287509e-23,1.7524929178009423e-16,8.762464588568452e-17,3.792297416986579e-15,4.703766035992711e-15,8.682418391759538e-11,OBSERVABLE,"[""-0x1.999999999999ap-2"", ""-0x1.6666666666668p-1""]","[""-0x1.999999999a861p-2"", ""-0x1.66666665cc783p-1""]","[""-0x1.d8e0000000000p-43"", ""0x1.33dca00000000p-34""]","[""-0x1.d8c8f92d0d2e6p-43"", ""0x1.33dc854bae55ap-34""]",True
NONSYMMETRIC_D02_C06_E1eM15,NONSYMMETRIC,2,6,1e-15,1940784880010446549,1000028.0006720164,1000027.9996719655,0.0,0.0,0.0,0.0,4.21300016039741e-15,4.44089209650351e-15,9.487079590303943e-10,OBSERVABLE,"[""-0x1.3333333333333p-2"", ""0x1.ccccccccccccep-1""]","[""-0x1.333333333b1d8p-2"", ""0x1.ccccccc511a1dp-1""]","[""-0x1.fa94000000000p-40"", ""-0x1.eecac40000000p-31""]","[""-0x1.fa952a0fd8a71p-40"", ""-0x1.eecac76547cadp-31""]",True
NONSYMMETRIC_D02_C06_E1eM14,NONSYMMETRIC,2,6,1e-14,9156666871012900516,1000128.0081925247,1000127.9981906145,0.0,6.323028914606457e-23,0.0,6.323838250866731e-17,4.8719620030042095e-15,4.5041304651138255e-15,8.321301764063587e-09,OBSERVABLE,"[""0x1.3333333333333p-1"", ""-0x1.ccccccccccccep-1""]","[""0x1.3333333294d8dp-1"", ""-0x1.cccccc7f7c531p-1""]","[""-0x1.3cb4c00000000p-34"", ""0x1.3541e74000000p-27""]","[""-0x1.3cb4bc9e6ffebp-34"", ""0x1.3541e75928f0fp-27""]",True
NONSYMMETRIC_D02_C06_E1eM12,NONSYMMETRIC,2,6,1e-12,8314298135356376225,1000027.9994120126,1000026.9994070134,1.2783148867297922e-22,0.0,1.278350678794988e-16,0.0,2.889515503908293e-15,4.568725163359686e-15,9.486856706867794e-07,OBSERVABLE,"[""0x1.999999999999ap-3"", ""0x1.3333333333334p-1""]","[""0x1.9999990949101p-3"", ""0x1.33331f115a464p-1""]","[""-0x1.20a1132000000p-28"", ""-0x1.421d8ed000000p-21""]","[""-0x1.20a1130333026p-28"", ""-0x1.421d8ecf069f3p-21""]",True
NONSYMMETRIC_D02_C06_E1eM8,NONSYMMETRIC,2,6,1e-8,17648950471611975372,1000273.0283949539,990368.3250525602,1.4463135745702773e-22,0.0,1.4467084592441426e-16,0.0,2.4591475691841934e-15,4.566522394869339e-15,0.009194562130115514,OBSERVABLE,"[""-0x1.999999999999ap-3"", ""0x1.ffffffffffffep-2""]","[""-0x1.9977daaae2cd8p-3"", ""0x1.faee1faff9316p-2""]","[""0x1.0df775b661000p-14"", ""-0x1.44781401b3a00p-8""]","[""0x1.0df775b6611d1p-14"", ""-0x1.44781401b3a7dp-8""]",True
NONSYMMETRIC_D02_C08_E1eM16,NONSYMMETRIC,2,8,1e-16,6933805744376178250,100002799.9412012,100002798.9411942,0.0,5.481482160492172e-25,0.0,5.4816355839544145e-17,3.6245560275495564e-15,4.49570844880825e-15,4.961406696617249e-09,OBSERVABLE,"[""0x1.6666666666666p-1"", ""-0x1.9999999999998p-2""]","[""0x1.66666666a3f8bp-1"", ""-0x1.99999954e1c88p-2""]","[""0x1.ec92800000000p-36"", ""0x1.12df440000000p-28""]","[""0x1.ec91d33323fe0p-36"", ""0x1.12df44092e90bp-28""]",True
NONSYMMETRIC_D02_C08_E1eM15,NONSYMMETRIC,2,8,1e-15,6848334511289363859,100003300.07920188,100003290.07863297,4.058625701362837e-25,0.0,4.05875963922549e-17,0.0,5.1096729204017475e-15,4.48147961087432e-15,6.139580499256869e-08,OBSERVABLE,"[""-0x1.ccccccccccccdp-1"", ""0x1.6666666666667p-1""]","[""-0x1.cccccccafefdfp-1"", ""0x1.6666640d1717dp-1""]","[""0x1.cdcee00000000p-33"", ""-0x1.2ca7a75000000p-24""]","[""0x1.cdced288bca57p-33"", ""-0x1.2ca7a74a68edep-24""]",True
NONSYMMETRIC_D02_C08_E1eM14,NONSYMMETRIC,2,8,1e-14,784267592550286175,100000299.99820001,100000199.99860099,1.4301134085348387e-24,1.43011433353001e-24,1.4301176988493227e-16,1.43011719373867e-16,4.038676680186224e-15,4.7269135180325575e-15,9.363268367494951e-07,OBSERVABLE,"[""0x1.3333333333333p-2"", ""0x1.999999999999bp-1""]","[""0x1.3333335c6e6cbp-2"", ""0x1.99997ec1b34f7p-1""]","[""0x1.49d9cc0000000p-29"", ""-0x1.ad7e64a400000p-21""]","[""0x1.49d9cbdebbe0ep-29"", ""-0x1.ad7e64a3e253ep-21""]",True
NONSYMMETRIC_D02_C08_E1eM12,NONSYMMETRIC,2,8,1e-12,16220663968563695472,99999800.00119998,99989801.08118543,8.926931826378993e-25,2.9955989626381083e-17,8.926913972622463e-17,2.9952934529036816e-09,2.1804081503167446e-09,2.995020931658259e-09,9.614239597443159e-05,OBSERVABLE,"[""-0x1.999999999999ap-3"", ""-0x1.6666666666667p-1""]","[""-0x1.999986cfbd568p-3"", ""-0x1.665d39d6b5893p-1""]","[""0x1.2c9dc43200000p-23"", ""0x1.2591f61ba8000p-14""]","[""0x1.2c9dc431afe30p-23"", ""0x1.2591f61ba72cap-14""]",True
NONSYMMETRIC_D02_C08_E1eM8,NONSYMMETRIC,2,8,1e-8,7212140353273097036,100000800.00320002,50000300.500598006,5.993947179909549e-25,8.8921731243647e-17,5.993995131678797e-17,4.446113302983688e-09,2.8879240601759566e-09,3.6976078614807046e-09,0.3200934802259874,OBSERVABLE,"[""0x1.3333333333333p-1"", ""0x1.fffffffffffffp-2""]","[""0x1.32f1a9bfd139cp-1"", ""0x1.ffffbce3e3f5cp-3""]","[""-0x1.0625cd87e5c00p-11"", ""-0x1.0000218e0e051p-2""]","[""-0x1.0625cd87e5aa7p-11"", ""-0x1.0000218e0e051p-2""]",True
NONSYMMETRIC_D02_C10_E1eM16,NONSYMMETRIC,2,10,1e-16,287773686205913865,9999930003.91978,9999920004.55974,0.0,0.0,0.0,0.0,5.024294620578041e-15,4.440890996112281e-15,7.070838013138671e-07,OBSERVABLE,"[""-0x1.9999999999999p-1"", ""0x1.9999999999999p-1""]","[""-0x1.999999c9b36dap-1"", ""0x1.99997ec20b43ep-1""]","[""-0x1.80cea08000000p-28"", ""-0x1.ad78e55b00000p-21""]","[""-0x1.80cea0160043dp-28"", ""-0x1.ad78e55aec374p-21""]",True
NONSYMMETRIC_D02_C10_E1eM15,NONSYMMETRIC,2,10,1e-15,2745922838885196255,10001429962.820967,10001329952.121737,0.0,0.0,0.0,0.0,3.97203865429438e-15,4.4408742201295104e-15,8.944705659647255e-06,OBSERVABLE,"[""-0x1.999999999999ap-2"", ""0x1.9999999999999p-1""]","[""-0x1.9999929ef53a0p-2"", ""0x1.99988d2c98d9fp-1""]","[""0x1.bea917e800000p-24"", ""-0x1.0c6d00bfa0000p-17""]","[""0x1.bea917e2d8b8ap-24"", ""-0x1.0c6d00bf9eb2cp-17""]",True
NONSYMMETRIC_D02_C10_E1eM14,NONSYMMETRIC,2,10,1e-14,4255831273387123935,9999880002.519945,9998880135.503702,0.0,0.0,0.0,0.0,3.2022617760473223e-15,4.440738088845e-15,8.319533721974859e-05,OBSERVABLE,"[""-0x1.999999999999ap-2"", ""0x1.3333333333333p-1""]","[""-0x1.99998d8598fd0p-2"", ""0x1.332b562d7ad82p-1""]","[""0x1.8280139400000p-23"", ""-0x1.f7416e16c4000p-15""]","[""0x1.8280139343be4p-23"", ""-0x1.f7416e16c47ffp-15""]",True
NONSYMMETRIC_D02_C10_E1eM12,NONSYMMETRIC,2,10,1e-12,6778994297290750917,10000129979.723166,9901134082.270456,9.904720412081007e-27,4.277089236953089e-17,9.904849153362727e-17,4.2348051950475816e-07,9.39488574061572e-08,4.201520631372041e-07,0.00885509532096585,OBSERVABLE,"[""-0x1.9999999999999p-4"", ""-0x1.999999999999ap-3""]","[""-0x1.99b496c0a249fp-4"", ""-0x1.958b90f71b6d1p-3""]","[""-0x1.afd2708b06000p-16"", ""0x1.0382289f8b240p-9""]","[""-0x1.afd2708b058dap-16"", ""0x1.0382289f8b24ep-9""]",True
NONSYMMETRIC_D02_C10_E1eM8,NONSYMMETRIC,2,10,1e-8,11028742123624652869,10000280006.720158,99010321.54700293,1.5503618657615768e-26,0.0,1.550405276935686e-16,0.0,1.9493116805115513e-15,3.08213238999348e-15,0.9392924958798062,OBSERVABLE,"[""-0x1.9999999999999p-3"", ""0x1.3333333333334p-1""]","[""-0x1.9c0883f9b3010p-3"", ""0x1.855042ea7c48cp-8""]","[""-0x1.3775300cb3b80p-10"", ""-0x1.302892ad5e3abp-1""]","[""-0x1.3775300cb3b33p-10"", ""-0x1.302892ad5e3abp-1""]",True
NONSYMMETRIC_D04_C02_E1eM16,NONSYMMETRIC,4,2,1e-16,18147807518812539749,100.01222315880877,100.01222315880774,4.856167490002179e-17,3.058631188572494e-18,4.8567610670665255e-15,3.0590050499200175e-16,1.3272375233066693e-14,9.603553670559145e-15,5.099173909085685e-15,RESOLUTION_LIMITED,"[""0x1.ccccccccccccdp-1"", ""-0x1.3333333333333p-1"", ""0x1.0000000000000p-1"", ""-0x1.6666666666666p-1""]","[""0x1.ccccccccccccdp-1"", ""-0x1.333333333332ep-1"", ""0x1.ffffffffffff7p-2"", ""-0x1.6666666666626p-1""]","[""0x0.0p+0"", ""0x1.4000000000000p-51"", ""-0x1.2000000000000p-51"", ""0x1.0000000000000p-47""]","[""-0x1.0858929290a9fp-54"", ""0x1.4888e96c41ca2p-51"", ""-0x1.23ae521e085e1p-51"", ""0x1.f8cf1ec91f6d1p-48""]",True
NONSYMMETRIC_D04_C02_E1eM15,NONSYMMETRIC,4,2,1e-15,7241841712845906650,99.99404724458626,99.99404724457642,5.324946990274348e-18,5.3353371406231054e-18,5.324630009204109e-16,5.335019541052104e-16,5.451510351802685e-15,5.5068570535262006e-15,3.1586857627584395e-14,TRANSITION,"[""0x1.3333333333333p-2"", ""0x1.9999999999999p-1"", ""0x1.999999999999ap-2"", ""0x1.3333333333333p-2""]","[""0x1.3333333333330p-2"", ""0x1.9999999999955p-1"", ""0x1.9999999999951p-2"", ""0x1.3333333333116p-2""]","[""-0x1.8000000000000p-53"", ""-0x1.1000000000000p-47"", ""-0x1.2400000000000p-48"", ""-0x1.0e80000000000p-45""]","[""-0x1.7ce245573b974p-53"", ""-0x1.14bf24a444f0fp-47"", ""-0x1.2565e74f3bb72p-48"", ""-0x1.0e8a85502fa02p-45""]",True
NONSYMMETRIC_D04_C02_E1eM14,NONSYMMETRIC,4,2,1e-14,14296590250057465157,100.01885616526754,100.0188561651685,8.91823711627744e-18,8.918237116280753e-18,8.919918753807043e-16,8.919918753801526e-16,8.39781664460672e-15,6.2248758492599525e-15,6.699983793739977e-13,OBSERVABLE,"[""-0x1.999999999999ap-2"", ""-0x1.6666666666667p-1"", ""0x1.3333333333333p-1"", ""-0x1.ccccccccccccdp-1""]","[""-0x1.99999999998f9p-2"", ""-0x1.666666666643fp-1"", ""0x1.33333333330efp-1"", ""-0x1.cccccccccad26p-1""]","[""0x1.4200000000000p-47"", ""0x1.1400000000000p-44"", ""-0x1.2200000000000p-44"", ""0x1.fa70000000000p-41""]","[""0x1.418f7a3d2a92ap-47"", ""0x1.1339e5d447ec5p-44"", ""-0x1.22116f2f2e9d1p-44"", ""0x1.fa5a15a89ab0ap-41""]",True
NONSYMMETRIC_D04_C02_E1eM12,NONSYMMETRIC,4,2,1e-12,16162613708444363781,100.03034856748612,100.03034855758139,8.221598800833183e-18,8.222351430342558e-18,8.224093938293697e-16,8.224846795400945e-16,7.175036078505312e-15,6.085786171842596e-15,1.236206281509652e-11,OBSERVABLE,"[""0x1.0000000000000p-1"", ""0x1.999999999999ap-1"", ""-0x1.6666666666666p-1"", ""-0x1.999999999999ap-4""]","[""0x1.fffffffffd4a9p-2"", ""0x1.99999999882c2p-1"", ""-0x1.6666666656f97p-1"", ""-0x1.99999998e9a64p-4""]","[""-0x1.5ab8000000000p-41"", ""-0x1.16d8000000000p-37"", ""0x1.ed9e000000000p-38"", ""0x1.5fe6c00000000p-37""]","[""-0x1.5ab3a230bfba5p-41"", ""-0x1.16d56580402abp-37"", ""0x1.ed9bf24a5e24ep-38"", ""0x1.5fe677babb573p-37""]",True
NONSYMMETRIC_D04_C02_E1eM8,NONSYMMETRIC,4,2,1e-8,11998422322364361414,100.00948755014355,100.0093885373764,7.815062142461792e-18,5.557548036962448e-17,7.815803600401313e-16,5.558069809437141e-15,1.3847854608079419e-14,1.0780540191292107e-14,4.715017753811254e-07,OBSERVABLE,"[""0x1.6666666666667p-1"", ""0x1.999999999999ap-1"", ""0x1.999999999999ap-2"", ""0x1.3333333333332p-1""]","[""0x1.66666647cdd9dp-1"", ""0x1.999997043c0c3p-1"", ""0x1.999996c4c5036p-2"", ""0x1.33331f17b47f5p-1""]","[""-0x1.e988ca0000000p-29"", ""-0x1.4aaec6b800000p-24"", ""-0x1.6a6a4b2000000p-25"", ""-0x1.41b7eb3d00000p-21""]","[""-0x1.e988c90006c71p-29"", ""-0x1.4aaec6b3788acp-24"", ""-0x1.6a6a4b1f25064p-25"", ""-0x1.41b7eb3ea546bp-21""]",True
NONSYMMETRIC_D04_C04_E1eM16,NONSYMMETRIC,4,4,1e-16,16998951362946682503,10001.65914369886,10001.659143688856,1.5547587671357927e-18,4.858028162475479e-20,1.5550167239569912e-14,4.858834179152086e-16,2.7088449071620268e-14,2.047694275598449e-14,6.811302968529503e-13,OBSERVABLE,"[""0x1.cccccccccccccp-1"", ""0x1.999999999999ap-3"", ""-0x1.3333333333334p-2"", ""-0x1.ccccccccccccdp-1""]","[""0x1.ccccccccccd1dp-1"", ""0x1.99999999998f5p-3"", ""-0x1.3333333333076p-2"", ""-0x1.cccccccccad21p-1""]","[""0x1.4400000000000p-47"", ""-0x1.4a00000000000p-48"", ""0x1.5f00000000000p-45"", ""0x1.fac0000000000p-41""]","[""0x1.40bdb23d65ddap-47"", ""-0x1.49cdf6b6fe0b8p-48"", ""0x1.5f4e3f7f364fdp-45"", ""0x1.fabd5be0e96cdp-41""]",True
NONSYMMETRIC_D04_C04_E1eM15,NONSYMMETRIC,4,4,1e-15,2743148052703666507,10002.175294372099,10002.175294272085,1.890356747613124e-20,1.890356747613846e-20,1.8907679558525585e-16,1.8907679558343745e-16,4.0029999922286454e-15,4.8190456896677295e-15,2.4164268243895195e-12,OBSERVABLE,"[""-0x1.3333333333333p-1"", ""0x1.0000000000000p-1"", ""-0x1.9999999999998p-3"", ""0x1.999999999999ap-3""]","[""-0x1.3333333333289p-1"", ""0x1.ffffffffffed5p-2"", ""-0x1.9999999998048p-3"", ""0x1.9999999988044p-3""]","[""0x1.5400000000000p-46"", ""-0x1.2b00000000000p-46"", ""0x1.9500000000000p-43"", ""-0x1.1956000000000p-39""]","[""0x1.51ed4947d7960p-46"", ""-0x1.2a772034caafbp-46"", ""0x1.94ec85c39b691p-43"", ""-0x1.1955d2238c6b4p-39""]",True
NONSYMMETRIC_D04_C04_E1eM14,NONSYMMETRIC,4,4,1e-14,2857822919957945087,10001.004976059396,10001.004975059435,4.319419147600475e-20,0.0,4.31985323888386e-16,0.0,4.303608812422186e-15,4.872877422247938e-15,7.933374726919587e-11,OBSERVABLE,"[""-0x1.9999999999999p-2"", ""0x1.9999999999999p-3"", ""0x1.3333333333333p-2"", ""0x1.6666666666668p-1""]","[""-0x1.999999999cb7dp-2"", ""0x1.999999999c31dp-3"", ""0x1.3333333325fd9p-2"", ""0x1.66666665cc798p-1""]","[""-0x1.8f20000000000p-41"", ""0x1.4c20000000000p-42"", ""-0x1.a6b4000000000p-39"", ""-0x1.33da000000000p-34""]","[""-0x1.8f169dd76e8dep-41"", ""0x1.4c204ff49d546p-42"", ""-0x1.a6b6196d767c9p-39"", ""-0x1.33d9ac15e1f44p-34""]",True
NONSYMMETRIC_D04_C04_E1eM12,NONSYMMETRIC,4,4,1e-12,17837994687134994903,10001.153761281063,10001.153661274486,2.314248338385506e-20,1.1757452783406124e-17,2.314515347398266e-16,1.1758809195203789e-13,1.179036942103422e-13,1.2226043552639217e-13,2.0865822627383005e-09,OBSERVABLE,"[""-0x1.999999999999ap-3"", ""-0x1.ccccccccccccdp-1"", ""-0x1.9999999999998p-3"", ""-0x1.9999999999999p-3""]","[""-0x1.9999999985ec2p-3"", ""-0x1.cccccccca53bfp-1"", ""-0x1.99999992b964bp-3"", ""-0x1.99999954ce53ep-3""]","[""0x1.3ad8000000000p-39"", ""0x1.3c87000000000p-36"", ""0x1.b80d340000000p-33"", ""0x1.132d16c000000p-29""]","[""0x1.3ad85061e6b43p-39"", ""0x1.3c8686221d7e9p-36"", ""0x1.b80d3a7b93dd6p-33"", ""0x1.132d16b4ae0f1p-29""]",True
NONSYMMETRIC_D04_C04_E1eM8,NONSYMMETRIC,4,4,1e-8,5436785454807911297,10000.693461680632,9999.693637468674,4.770467310594766e-18,4.772487356410175e-18,4.770798124222855e-14,4.7723411452796796e-14,6.236813751054946e-14,9.98689471582609e-14,8.0225626688427e-05,OBSERVABLE,"[""-0x1.999999999999ap-4"", ""0x1.9999999999998p-3"", ""-0x1.3333333333333p-2"", ""0x1.fffffffffffffp-2""]","[""-0x1.9999dbdeabbd2p-4"", ""0x1.999977d2631abp-3"", ""-0x1.3332489690006p-2"", ""0x1.fff2e610b4684p-2""]","[""-0x1.0914488e00000p-22"", ""-0x1.0e39b3f680000p-22"", ""0x1.d5394665a0000p-19"", ""-0x1.a33de972f6000p-15""]","[""-0x1.0914488dc37f1p-22"", ""-0x1.0e39b3f767fa2p-22"", ""0x1.d5394665cffb9p-19"", ""-0x1.a33de972f5524p-15""]",True
NONSYMMETRIC_D04_C06_E1eM16,NONSYMMETRIC,4,6,1e-16,4027718303732651449,1000017.011036831,1000017.0109368293,2.590284229724404e-23,1.697568672799697e-18,2.5903282931448385e-17,1.6975975500360352e-12,1.5692257901672602e-12,1.702064345409131e-12,2.1692975175600757e-11,OBSERVABLE,"[""0x1.9999999999999p-4"", ""-0x1.999999999999ap-1"", ""0x1.999999999999ap-2"", ""0x1.999999999999bp-3""]","[""0x1.9999999999a26p-4"", ""-0x1.999999999992ep-1"", ""0x1.9999999997d72p-2"", ""0x1.99999998e9b6cp-3""]","[""0x1.1a00000000000p-49"", ""0x1.b000000000000p-47"", ""-0x1.c280000000000p-42"", ""-0x1.5fc5e00000000p-36""]","[""0x1.19a4cd64c0f78p-49"", ""0x1.afcce37cbaf88p-47"", ""-0x1.c26a9b253abbdp-42"", ""-0x1.5fc5a978c6dbep-36""]",True
NONSYMMETRIC_D04_C06_E1eM15,NONSYMMETRIC,4,6,1e-15,6259528144622250697,1000163.691128629,1000163.6901284669,6.663423661868702e-21,3.331711831046123e-21,6.664514405208491e-15,3.332257199383773e-15,1.9099233835204992e-14,1.4437663702806512e-14,2.2686058840950546e-10,OBSERVABLE,"[""-0x1.6666666666666p-1"", ""0x1.ccccccccccccdp-1"", ""0x1.3333333333332p-1"", ""-0x1.3333333333334p-2""]","[""-0x1.666666666d1f3p-1"", ""0x1.cccccccccfc12p-1"", ""0x1.3333333326065p-1"", ""-0x1.3333332e0ba79p-2""]","[""-0x1.ae34000000000p-39"", ""0x1.7a28000000000p-40"", ""-0x1.a59a000000000p-38"", ""0x1.49e2ec0000000p-32""]","[""-0x1.ae35cb947f698p-39"", ""0x1.7a2a25f1d9e38p-40"", ""-0x1.a59c11ba9096ep-38"", ""0x1.49e2ecd4c5daap-32""]",True
NONSYMMETRIC_D04_C06_E1eM14,NONSYMMETRIC,4,6,1e-14,15033861791882528176,1000213.7619872483,1000213.7519846169,7.392285563831717e-19,1.4784578193261257e-18,7.393865753489616e-13,1.4787738426213657e-12,3.197766424269192e-12,2.2226013074929257e-12,4.17091786663775e-09,OBSERVABLE,"[""0x1.ccccccccccccdp-1"", ""-0x1.ccccccccccccdp-1"", ""-0x1.3333333333333p-2"", ""0x1.3333333333333p-1""]","[""0x1.cccccccd50fe8p-1"", ""-0x1.cccccccc47efcp-1"", ""-0x1.3333333334875p-2"", ""0x1.333332ffa8665p-1""]","[""0x1.0863600000000p-34"", ""0x1.09ba200000000p-34"", ""-0x1.5420000000000p-42"", ""-0x1.9c56670000000p-28""]","[""0x1.08634be394db6p-34"", ""0x1.09b9d203401a3p-34"", ""-0x1.541bb4c0598dap-42"", ""-0x1.9c566728f0aaep-28""]",True
NONSYMMETRIC_D04_C06_E1eM12,NONSYMMETRIC,4,6,1e-12,7160601096719745367,1000305.298913067,1000304.2984596591,2.671708318261066e-21,1.3679068444587685e-18,2.6725239879066704e-15,1.3683230964063667e-12,1.3406096660963025e-12,1.3754364960109133e-12,1.0266711959336687e-07,OBSERVABLE,"[""-0x1.3333333333333p-2"", ""0x1.cccccccccccccp-1"", ""0x1.9999999999998p-3"", ""0x1.9999999999999p-4""]","[""-0x1.3333333ba34bfp-2"", ""0x1.ccccccc388ebdp-1"", ""0x1.99999932998cep-3"", ""0x1.99997ec09499ep-4""]","[""-0x1.0e03180000000p-31"", ""-0x1.287c1e0000000p-30"", ""-0x1.9c00328000000p-29"", ""-0x1.ad904ffb00000p-24""]","[""-0x1.0e0318cc2a5e1p-31"", ""-0x1.287c1da3b8e4ep-30"", ""-0x1.9c0033010092cp-29"", ""-0x1.ad904ffc59db3p-24""]",True
NONSYMMETRIC_D04_C06_E1eM8,NONSYMMETRIC,4,6,1e-8,3683492680444792933,1000303.7633749404,990398.2878956093,1.0492356939231139e-19,1.0496348836146705e-19,1.049554413298718e-13,1.0395565916475848e-13,2.680958477835029e-13,2.132856045614335e-13,0.0023657772859081343,OBSERVABLE,"[""-0x1.9999999999999p-1"", ""-0x1.9999999999999p-3"", ""-0x1.ccccccccccccdp-1"", ""0x1.3333333333333p-2""]","[""-0x1.9999be6bdee08p-1"", ""-0x1.99a91462a62afp-3"", ""-0x1.ccbd269c4d8d4p-1"", ""0x1.302851edafffdp-2""]","[""-0x1.26922a3780000p-20"", ""-0x1.ef5921922c000p-16"", ""0x1.f4c60fe7f2000p-14"", ""-0x1.8570a2c199b00p-9""]","[""-0x1.26922a370e068p-20"", ""-0x1.ef5921922b221p-16"", ""0x1.f4c60fe7f2a84p-14"", ""-0x1.8570a2c199b59p-9""]",True
NONSYMMETRIC_D04_C08_E1eM16,NONSYMMETRIC,4,8,1e-16,6959896443431169493,100018334.20294139,100018333.20278223,5.750427167777674e-20,5.888437428734166e-17,5.751481462797691e-12,5.889517002595091e-09,7.480262746519801e-09,5.895272911934931e-09,4.728873708262925e-09,RESOLUTION_LIMITED,"[""0x1.3333333333333p-1"", ""0x1.9999999999999p-1"", ""-0x1.0000000000000p-1"", ""0x1.3333333333334p-1""]","[""0x1.33333333b64e1p-1"", ""0x1.99999999d9980p-1"", ""-0x1.ffffffff69f99p-2"", ""0x1.333332ffa97dbp-1""]","[""0x1.0635c00000000p-34"", ""0x1.fff3800000000p-36"", ""0x1.2c0ce00000000p-35"", ""-0x1.9c4dac8000000p-28""]","[""0x1.0635c8304cadcp-34"", ""0x1.fff3029343356p-36"", ""0x1.2c0cfacdb4568p-35"", ""-0x1.9c4dac878b7b9p-28""]",True
NONSYMMETRIC_D04_C08_E1eM15,NONSYMMETRIC,4,8,1e-15,3646605379634665110,100019668.26374139,100019658.26152968,2.583090415328474e-20,5.290169246292806e-17,2.583598464370714e-12,5.2912092295955e-09,6.30828733526638e-09,5.2937971345346425e-09,5.0356577833069576e-08,TRANSITION,"[""-0x1.ccccccccccccdp-1"", ""-0x1.3333333333333p-2"", ""-0x1.999999999999ap-2"", ""0x1.3333333333333p-1""]","[""-0x1.cccccccf6917cp-1"", ""-0x1.3333332e0d195p-2"", ""-0x1.9999998e9ac4cp-2"", ""0x1.3333312fc9b8dp-1""]","[""-0x1.4e25780000000p-32"", ""0x1.4986780000000p-32"", ""0x1.5fda9c0000000p-31"", ""-0x1.01b4bd3000000p-24""]","[""-0x1.4e2583415202dp-32"", ""0x1.4986772859f5ap-32"", ""0x1.5fda9b032c5fep-31"", ""-0x1.01b4bd32c9e46p-24""]",True
NONSYMMETRIC_D04_C08_E1eM14,NONSYMMETRIC,4,8,1e-14,15259390737583764632,100008974.7900654,100008874.78364164,2.49376388709406e-22,3.1921162806874356e-20,2.4939876971677157e-14,3.1923995741111276e-12,1.7646408396001968e-12,3.2217786458129443e-12,7.303235567865244e-07,OBSERVABLE,"[""-0x1.3333333333333p-2"", ""0x1.999999999999ap-3"", ""0x1.9999999999997p-4"", ""0x1.999999999999ap-2""]","[""-0x1.333333336a870p-2"", ""0x1.99999a2351d07p-3"", ""0x1.9999990c0af7ep-4"", ""0x1.99997ec1d60dap-2""]","[""-0x1.ba9e800000000p-37"", ""0x1.13706da000000p-28"", ""-0x1.1b1d432000000p-29"", ""-0x1.ad7c38c000000p-22""]","[""-0x1.ba9e0bf7a41afp-37"", ""0x1.13706d948c21dp-28"", ""-0x1.1b1d437774df1p-29"", ""-0x1.ad7c38c06e74ep-22""]",True
NONSYMMETRIC_D04_C08_E1eM12,NONSYMMETRIC,4,8,1e-12,2087542072858040326,100024174.84564064,100014172.42636563,2.240043365417226e-22,2.2400471677776e-22,2.2405848924431494e-14,2.2403646368130585e-14,5.889481838836866e-14,4.9250321308091984e-14,1.672634906506092e-05,OBSERVABLE,"[""0x1.6666666666666p-1"", ""-0x1.cccccccccccccp-1"", ""0x1.3333333333332p-2"", ""-0x1.9999999999999p-3""]","[""0x1.66666317d051ap-1"", ""-0x1.ccccd38834872p-1"", ""0x1.33333e81bfab1p-2"", ""-0x1.998f1d442353ap-3""]","[""-0x1.a74b0a6000000p-24"", ""-0x1.aed9ee9800000p-23"", ""0x1.69d18efe00000p-23"", ""0x1.4f8aaec8be000p-16""]","[""-0x1.a74b0a57c02f5p-24"", ""-0x1.aed9ee9855e13p-23"", ""0x1.69d18efb53549p-23"", ""0x1.4f8aaec8bdda6p-16""]",True
NONSYMMETRIC_D04_C08_E1eM8,NONSYMMETRIC,4,8,1e-8,17668072326967174803,100016130.2940769,50007450.002571054,5.603910616302136e-20,5.687277521342287e-20,5.6048145435957666e-12,2.8440624630007954e-12,1.0443412876478094e-11,8.38835108209645e-12,0.12048996805383619,OBSERVABLE,"[""0x1.6666666666666p-1"", ""0x1.cccccccccccccp-1"", ""-0x1.999999999999ap-2"", ""-0x1.3333333333333p-2""]","[""0x1.66657686df0a9p-1"", ""0x1.cc0701b6de134p-1"", ""-0x1.99f34b1057888p-2"", ""-0x1.3332c530ad470p-3""]","[""-0x1.dfbf0eb7a0000p-18"", ""-0x1.8b962bdd73000p-10"", ""-0x1.66c5daf7bb800p-12"", ""0x1.3333a135b91f6p-3""]","[""-0x1.dfbf0eb7cd719p-18"", ""-0x1.8b962bdd72f6ep-10"", ""-0x1.66c5daf7bc061p-12"", ""0x1.3333a135b91f6p-3""]",True
NONSYMMETRIC_D04_C10_E1eM16,NONSYMMETRIC,4,10,1e-16,2859847189911971493,10003292676.476873,10003282672.200243,2.6185618266800428e-20,6.243138848124282e-27,2.6194240350591757e-10,6.245188265958183e-17,3.066009937212115e-10,2.6194690684928564e-10,5.127203681812409e-07,OBSERVABLE,"[""-0x1.cccccccccccccp-1"", ""-0x1.9999999999998p-3"", ""0x1.9999999999999p-2"", ""0x1.3333333333332p-1""]","[""-0x1.cccccc99cd02bp-1"", ""-0x1.999999991f33fp-3"", ""0x1.9999992ca889dp-2"", ""0x1.33331f10b7422p-1""]","[""0x1.97fe508000000p-28"", ""0x1.e996400000000p-37"", ""-0x1.b3c43f0000000p-28"", ""-0x1.4227bf1000000p-21""]","[""0x1.97fe50ea59f33p-28"", ""0x1.e99697ea4db67p-37"", ""-0x1.b3c43f17b7b0fp-28"", ""-0x1.4227bf0fe1da8p-21""]",True
NONSYMMETRIC_D04_C10_E1eM15,NONSYMMETRIC,4,10,1e-15,3580277374669733770,10002162308.132713,10002062282.584015,6.711249520065466e-24,0.0,6.712700699007707e-14,0.0,7.70809860739005e-14,7.156789888006788e-14,9.285598807084411e-07,OBSERVABLE,"[""0x1.ccccccccccccdp-1"", ""0x1.3333333333333p-2"", ""0x1.0000000000001p-1"", ""0x1.999999999999ap-4""]","[""0x1.cccccc76e75c3p-1"", ""0x1.3333333493e7fp-2"", ""0x1.00000000db72bp-1"", ""0x1.99988d2766f60p-4""]","[""-0x1.5795c28000000p-27"", ""0x1.60b4c00000000p-34"", ""0x1.b6e5400000000p-34"", ""-0x1.0c7232a3a0000p-20""]","[""-0x1.5795c269e4b3fp-27"", ""0x1.60b4c337c1c5ep-34"", ""0x1.b6e5609e7f288p-34"", ""-0x1.0c7232a3998e2p-20""]",True
NONSYMMETRIC_D04_C10_E1eM14,NONSYMMETRIC,4,10,1e-14,16446268838072691269,10005028795.364582,10004028141.51638,1.0109757126720951e-17,9.641796092139372e-24,1.0114842139798754e-07,9.645679944053425e-14,1.287410508337155e-07,1.0114852229066916e-07,7.073323506425364e-05,OBSERVABLE,"[""0x1.999999999999ap-4"", ""-0x1.9999999999998p-2"", ""-0x1.999999999999ap-1"", ""-0x1.ccccccccccccep-1""]","[""0x1.9998ab1702c75p-4"", ""-0x1.99995c5b0a7cep-2"", ""-0x1.999978b84ce9ep-1"", ""-0x1.ccc1006b47f3dp-1""]","[""-0x1.dd052da4a0000p-21"", ""0x1.e9f478e500000p-21"", ""0x1.070a657e00000p-20"", ""0x1.798c309b22000p-14""]","[""-0x1.dd052da4aaa69p-21"", ""0x1.e9f478e544f32p-21"", ""0x1.070a657dc3293p-20"", ""0x1.798c309b21daap-14""]",True
NONSYMMETRIC_D04_C10_E1eM12,NONSYMMETRIC,4,10,1e-12,2939929111680959684,10002784025.651728,9903736706.764479,2.7594956040191965e-20,2.7653477203837136e-20,2.7602638554358443e-10,2.7387275732832284e-10,2.126921138518526e-10,5.491686765452514e-10,0.005114060244913102,OBSERVABLE,"[""0x1.999999999999ap-4"", ""0x1.9999999999999p-4"", ""0x1.3333333333333p-2"", ""-0x1.9999999999998p-3""]","[""0x1.99a42e7cc47d9p-4"", ""0x1.9984cd5333847p-4"", ""0x1.332d3251e7328p-2"", ""-0x1.958b4b8677641p-3""]","[""0x1.529c655c7e000p-17"", ""-0x1.4cc4666152000p-16"", ""-0x1.803853002c000p-16"", ""0x1.039384c88d5c0p-9""]","[""0x1.529c655c8014bp-17"", ""-0x1.4cc4666152084p-16"", ""-0x1.803853002ae22p-16"", ""0x1.039384c88d628p-9""]",True
NONSYMMETRIC_D04_C10_E1eM8,NONSYMMETRIC,4,10,1e-8,13271854272228353547,10002872835.606487,99033236.59020746,0.0,9.064065820096682e-24,0.0,8.976437748308481e-16,5.89176906886721e-15,4.505548415766824e-15,0.6092820328968521,OBSERVABLE,"[""-0x1.0000000000000p-1"", ""0x1.9999999999999p-4"", ""-0x1.ccccccccccccdp-1"", ""-0x1.9999999999999p-1""]","[""-0x1.f8b3fcf3ef590p-2"", ""0x1.bbd8679ae86c4p-4"", ""-0x1.a11ac86f69244p-1"", ""-0x1.038975e841ac0p-7""]","[""0x1.d300c30429c00p-8"", ""0x1.11f6700a76958p-7"", ""0x1.5d9022eb1d448p-4"", ""0x1.958b73c1f892ep-1""]","[""0x1.d300c30429c12p-8"", ""0x1.11f6700a76958p-7"", ""0x1.5d9022eb1d44ap-4"", ""0x1.958b73c1f892ep-1""]",True
NONSYMMETRIC_D08_C02_E1eM16,NONSYMMETRIC,8,2,1e-16,4494217851407259990,100.82963996804936,100.82963996804834,3.678014712449687e-17,3.7866183587684365e-17,3.708528992534918e-15,3.818033658110249e-15,1.7710215731281926e-14,1.1967454749145786e-14,2.6010987482122533e-15,RESOLUTION_LIMITED,"[""0x1.0000000000000p-1"", ""-0x1.9999999999998p-2"", ""-0x1.cccccccccccccp-1"", ""-0x1.9999999999999p-1"", ""0x1.9999999999998p-3"", ""-0x1.9999999999997p-2"", ""-0x1.3333333333332p-2"", ""-0x1.999999999999ap-3""]","[""0x1.0000000000000p-1"", ""-0x1.9999999999999p-2"", ""-0x1.cccccccccccc4p-1"", ""-0x1.9999999999991p-1"", ""0x1.9999999999992p-3"", ""-0x1.999999999998fp-2"", ""-0x1.33333333332fcp-2"", ""-0x1.9999999999951p-3""]","[""0x0.0p+0"", ""-0x1.0000000000000p-54"", ""0x1.0000000000000p-50"", ""0x1.0000000000000p-50"", ""-0x1.8000000000000p-53"", ""0x1.0000000000000p-51"", ""0x1.b000000000000p-49"", ""0x1.2400000000000p-49""]","[""-0x1.e25ea19986a0cp-55"", ""-0x1.27a5100f1d76cp-59"", ""0x1.12401f9fa8f83p-50"", ""0x1.efe1978a195f3p-51"", ""-0x1.6d29f71998613p-53"", ""0x1.c68b291f30165p-52"", ""0x1.b29ba328d09fdp-49"", ""0x1.1c61d344ad7f0p-49""]",True
NONSYMMETRIC_D08_C02_E1eM15,NONSYMMETRIC,8,2,1e-15,4177754880009080075,100.56676595251984,100.5667659525096,5.262085541445872e-17,5.880153125379685e-17,5.2919092506872846e-15,5.9134798312498e-15,1.83135025935762e-14,1.5646281180437586e-14,3.5441269126941676e-14,TRANSITION,"[""0x1.3333333333334p-2"", ""0x1.ccccccccccccep-1"", ""0x1.3333333333333p-2"", ""-0x1.999999999999ap-2"", ""0x1.9999999999999p-4"", ""-0x1.9999999999999p-3"", ""-0x1.999999999999bp-2"", ""-0x1.999999999999bp-4""]","[""0x1.3333333333327p-2"", ""0x1.cccccccccccc0p-1"", ""0x1.33333333332f4p-2"", ""-0x1.9999999999956p-2"", ""0x1.9999999999954p-4"", ""-0x1.999999999995ep-3"", ""-0x1.99999999996cbp-2"", ""-0x1.99999999996e7p-4""]","[""-0x1.a000000000000p-51"", ""-0x1.c000000000000p-50"", ""-0x1.f800000000000p-49"", ""0x1.1000000000000p-48"", ""-0x1.1400000000000p-50"", ""0x1.d800000000000p-50"", ""0x1.6800000000000p-45"", ""0x1.5a00000000000p-47""]","[""-0x1.646bec9712bb4p-51"", ""-0x1.9148b4af91ff3p-50"", ""-0x1.f6a0f1d4662bep-49"", ""0x1.0f10e63ccd240p-48"", ""-0x1.0f5e723d7cd75p-50"", ""0x1.cec2885dd428cp-50"", ""0x1.67f05e0313a03p-45"", ""0x1.594342892cfbbp-47""]",True
NONSYMMETRIC_D08_C02_E1eM14,NONSYMMETRIC,8,2,1e-14,3124709001253296562,101.06223193221652,101.06223193211552,6.132792605760728e-17,5.468332969280821e-17,6.197937087155771e-15,5.5264193482349534e-15,2.1808112561509567e-14,1.6165248533887343e-14,7.011615417085462e-13,OBSERVABLE,"[""-0x1.3333333333333p-2"", ""0x1.3333333333334p-1"", ""-0x1.999999999999ap-3"", ""-0x1.3333333333332p-2"", ""-0x1.3333333333332p-2"", ""0x1.0000000000000p-1"", ""0x1.3333333333334p-2"", ""0x1.ccccccccccccbp-1""]","[""-0x1.33333333332ffp-2"", ""0x1.333333333330fp-1"", ""-0x1.9999999999879p-3"", ""-0x1.33333333331d8p-2"", ""-0x1.33333333330f6p-2"", ""0x1.ffffffffffc68p-2"", ""0x1.3333333331e76p-2"", ""0x1.cccccccccad40p-1""]","[""0x1.a000000000000p-49"", ""-0x1.2800000000000p-48"", ""0x1.2100000000000p-47"", ""0x1.5a00000000000p-46"", ""0x1.1e00000000000p-45"", ""-0x1.cc00000000000p-45"", ""-0x1.4be0000000000p-42"", ""-0x1.f8b0000000000p-41""]","[""0x1.9eca4034a0d9fp-49"", ""-0x1.2f72ed1df4016p-48"", ""0x1.20d431d826df1p-47"", ""0x1.5af16b88f576fp-46"", ""0x1.1e20bbad9536fp-45"", ""-0x1.cbb059a7ac525p-45"", ""-0x1.4bc45b452e009p-42"", ""-0x1.f8baf4acb60d2p-41""]",True
NONSYMMETRIC_D08_C02_E1eM12,NONSYMMETRIC,8,2,1e-12,4784670572554172589,100.59788155482319,100.597881544861,6.260478697341844e-17,1.1627852678427195e-17,6.297908944716927e-15,1.169737346365515e-15,1.515709484858457e-14,1.1908538389468705e-14,5.323165853505948e-11,OBSERVABLE,"[""-0x1.9999999999999p-4"", ""-0x1.0000000000001p-1"", ""0x1.0000000000000p-1"", ""0x1.9999999999999p-2"", ""-0x1.0000000000000p-1"", ""-0x1.fffffffffffffp-2"", ""0x1.3333333333333p-1"", ""-0x1.3333333333333p-2""]","[""-0x1.99999999a6413p-4"", ""-0x1.fffffffffad5bp-2"", ""0x1.ffffffffe8dc4p-2"", ""0x1.9999999986100p-2"", ""-0x1.ffffffffec210p-2"", ""-0x1.ffffffffea1dbp-2"", ""0x1.33333332af98ep-1"", ""-0x1.33333332ae34cp-2""]","[""-0x1.94f4000000000p-41"", ""0x1.4a9c000000000p-40"", ""-0x1.723c000000000p-38"", ""-0x1.3899000000000p-38"", ""0x1.3df0000000000p-38"", ""0x1.5e24000000000p-38"", ""-0x1.0734a00000000p-34"", ""0x1.09fce00000000p-35""]","[""-0x1.94f2b0da4e774p-41"", ""0x1.4a8fda9857695p-40"", ""-0x1.72380658c4334p-38"", ""-0x1.389957f73d18cp-38"", ""0x1.3df176eae8227p-38"", ""0x1.5e25b7e25622ep-38"", ""-0x1.0734a8567a473p-34"", ""0x1.09fccd516855cp-35""]",True
NONSYMMETRIC_D08_C02_E1eM8,NONSYMMETRIC,8,2,1e-8,16472513518903424566,100.8442510298655,100.84415042465415,4.567481561605073e-17,8.982475318581612e-17,4.606042571727862e-15,9.058300922127953e-15,3.1774554242758533e-14,1.8105232591263985e-14,4.503182746734953e-07,OBSERVABLE,"[""0x1.999999999999bp-4"", ""-0x1.6666666666668p-1"", ""-0x1.3333333333333p-1"", ""0x1.9999999999998p-1"", ""0x1.ccccccccccccbp-1"", ""-0x1.9999999999999p-2"", ""-0x1.3333333333334p-1"", ""0x1.0000000000000p-1""]","[""0x1.999998502f72fp-4"", ""-0x1.6666663f867bap-1"", ""-0x1.3333311f00d09p-1"", ""0x1.999996987b5ccp-1"", ""0x1.ccccc9929d893p-1"", ""-0x1.9999972af9b13p-2"", ""-0x1.33331f11cf8afp-1"", ""0x1.ffffdef9242dap-2""]","[""-0x1.496a26c000000p-28"", ""0x1.36ff570000000p-28"", ""0x1.0a19315000000p-24"", ""-0x1.808f1e6000000p-24"", ""-0x1.9d17a1c000000p-24"", ""0x1.374ff43000000p-25"", ""0x1.42163a8500000p-21"", ""-0x1.0836de9300000p-21""]","[""-0x1.496a26c0d491cp-28"", ""0x1.36ff558c58f28p-28"", ""0x1.0a193152c1d0dp-24"", ""-0x1.808f1e69fb769p-24"", ""-0x1.9d17a1ca1ba4ep-24"", ""0x1.374ff43f52c57p-25"", ""0x1.42163a83b0fc5p-21"", ""-0x1.0836de92831a7p-21""]",True
NONSYMMETRIC_D08_C04_E1eM16,NONSYMMETRIC,8,4,1e-16,1323502162765575003,10002.956719906873,10002.956719896882,3.48498650966834e-18,7.181242235147995e-18,3.486016922567294e-14,7.18336552732861e-14,1.7607050387649138e-13,1.1113471659745143e-13,3.162528751449264e-13,TRANSITION,"[""0x1.999999999999ap-2"", ""0x1.ccccccccccccbp-1"", ""-0x1.999999999999ap-3"", ""0x1.ccccccccccccep-1"", ""-0x1.3333333333332p-1"", ""0x1.999999999999ap-3"", ""0x1.9999999999999p-3"", ""0x1.fffffffffffffp-2""]","[""0x1.99999999999c4p-2"", ""0x1.ccccccccccc97p-1"", ""-0x1.99999999998e7p-3"", ""0x1.ccccccccccc63p-1"", ""-0x1.33333333332e4p-1"", ""0x1.99999999996c5p-3"", ""0x1.9999999999672p-3"", ""0x1.fffffffffdcd1p-2""]","[""0x1.5000000000000p-49"", ""-0x1.a000000000000p-48"", ""0x1.6600000000000p-48"", ""-0x1.ac00000000000p-47"", ""0x1.3800000000000p-47"", ""-0x1.6a80000000000p-46"", ""-0x1.9380000000000p-46"", ""-0x1.1970000000000p-41""]","[""0x1.47a8eafccd779p-49"", ""-0x1.9aa1573451dc3p-48"", ""0x1.6607e9701e313p-48"", ""-0x1.9ac49bcfe0841p-47"", ""0x1.3b790dfac8837p-47"", ""-0x1.6ab92741a86dcp-46"", ""-0x1.93b3d54bc490dp-46"", ""-0x1.1965e1e417469p-41""]",True
NONSYMMETRIC_D08_C04_E1eM15,NONSYMMETRIC,8,4,1e-15,8733922341108584867,10004.229563196588,10004.22956309654,2.062037792509078e-18,2.2638105130879573e-17,2.0629099444248376e-14,2.264768006028842e-13,3.8148959863755714e-13,2.5154679214520124e-13,3.9914553761416795e-12,OBSERVABLE,"[""-0x1.9999999999999p-3"", ""0x1.9999999999999p-1"", ""-0x1.3333333333333p-2"", ""0x1.999999999999bp-2"", ""0x1.3333333333333p-1"", ""-0x1.9999999999998p-4"", ""0x1.999999999999ap-1"", ""0x1.3333333333332p-1""]","[""-0x1.99999999996a1p-3"", ""0x1.9999999999848p-1"", ""-0x1.33333333332bap-2"", ""0x1.9999999999688p-2"", ""0x1.33333333330edp-1"", ""-0x1.9999999996ee1p-4"", ""0x1.9999999997d8ep-1"", ""0x1.333333332602ap-1""]","[""0x1.7c00000000000p-46"", ""-0x1.5100000000000p-45"", ""0x1.e400000000000p-48"", ""-0x1.8980000000000p-45"", ""-0x1.2300000000000p-44"", ""0x1.55b8000000000p-43"", ""-0x1.c0c0000000000p-41"", ""-0x1.a610000000000p-38""]","[""0x1.7bc52d03cf937p-46"", ""-0x1.52e6570ee238fp-45"", ""0x1.e602a914b8996p-48"", ""-0x1.892e2d4964abcp-45"", ""-0x1.234bc56e2530ap-44"", ""0x1.55c2b4c70d56ep-43"", ""-0x1.c0bfdb80d40a6p-41"", ""-0x1.a6131641746dap-38""]",True
NONSYMMETRIC_D08_C04_E1eM14,NONSYMMETRIC,8,4,1e-14,18364031469854188416,10003.684295462795,10003.68429446263,1.6102892522251568e-17,7.190440258179833e-18,1.6108825303639926e-13,7.193089428103059e-14,4.2411719172391485e-13,2.3746003941384815e-13,5.058788393624896e-11,OBSERVABLE,"[""-0x1.999999999999ap-4"", ""-0x1.999999999999bp-4"", ""-0x1.ccccccccccccbp-1"", ""-0x1.6666666666667p-1"", ""-0x1.3333333333334p-2"", ""0x1.ccccccccccccbp-1"", ""-0x1.999999999999ap-2"", ""-0x1.ccccccccccccdp-1""]","[""-0x1.99999999a74fcp-4"", ""-0x1.999999999268cp-4"", ""-0x1.ccccccccccbfdp-1"", ""-0x1.6666666666976p-1"", ""-0x1.333333333364bp-2"", ""0x1.ccccccccbaef1p-1"", ""-0x1.9999999989c45p-2"", ""-0x1.cccccccc0715ap-1""]","[""-0x1.b6c4000000000p-41"", ""0x1.cc3c000000000p-42"", ""0x1.9c00000000000p-46"", ""-0x1.8780000000000p-44"", ""-0x1.8b80000000000p-45"", ""-0x1.1dda000000000p-37"", ""0x1.faaa000000000p-39"", ""0x1.8b6e600000000p-34""]","[""-0x1.b6c36bd5b8024p-41"", ""0x1.cc32dedf220bbp-42"", ""0x1.9e51d8ab931c4p-46"", ""-0x1.880ed2e3fd9aap-44"", ""-0x1.8bafc74a63184p-45"", ""-0x1.1ddc2cc910c07p-37"", ""0x1.faa60ea32232ep-39"", ""0x1.8b6e221a95621p-34""]",True
NONSYMMETRIC_D08_C04_E1eM12,NONSYMMETRIC,8,4,1e-12,9553915480070111275,10003.061784764266,10003.061684738343,0.0,2.5711537866559683e-17,0.0,2.5719409928874835e-13,4.908707536150922e-13,2.6163499077189006e-13,4.803406109563654e-09,OBSERVABLE,"[""-0x1.9999999999999p-2"", ""0x1.cccccccccccccp-1"", ""0x1.cccccccccccccp-1"", ""-0x1.9999999999999p-1"", ""0x1.3333333333333p-2"", ""0x1.9999999999999p-2"", ""0x1.999999999999ap-3"", ""-0x1.cccccccccccccp-1""]","[""-0x1.99999999a367dp-2"", ""0x1.cccccccd840d5p-1"", ""0x1.cccccccd25cd4p-1"", ""-0x1.999999982a420p-1"", ""0x1.33333331e06b9p-2"", ""0x1.99999992c0f81p-2"", ""0x1.9999999154132p-3"", ""-0x1.cccccc7f82dfcp-1""]","[""-0x1.39c8000000000p-39"", ""0x1.6e81200000000p-34"", ""0x1.6402000000000p-35"", ""0x1.6f57900000000p-33"", ""-0x1.52c7a00000000p-34"", ""-0x1.b628600000000p-32"", ""-0x1.08b0d00000000p-32"", ""0x1.3527b40000000p-27""]","[""-0x1.39c5b1637df78p-39"", ""0x1.6e812e68da075p-34"", ""0x1.6401ab9998d46p-35"", ""0x1.6f579c21736fbp-33"", ""-0x1.52c79c3944a0bp-34"", ""-0x1.b6285cf44bea0p-32"", ""-0x1.08b0d07d44c52p-32"", ""0x1.3527b3e2b1e21p-27""]",True
NONSYMMETRIC_D08_C04_E1eM8,NONSYMMETRIC,8,4,1e-8,9242205234197731764,10006.361283637947,10005.360631127449,6.51194521503171e-18,9.254310248268538e-18,6.516087648086894e-14,9.259271142627389e-14,2.9419040380957133e-13,1.6219241986571458e-13,4.4312704558746386e-05,OBSERVABLE,"[""-0x1.3333333333333p-2"", ""0x1.ccccccccccccep-1"", ""0x1.0000000000000p-1"", ""-0x1.3333333333333p-1"", ""0x1.6666666666667p-1"", ""-0x1.999999999999ap-4"", ""-0x1.9999999999999p-1"", ""0x1.9999999999999p-1""]","[""-0x1.3333681b8b17fp-2"", ""0x1.ccccaf3ab6203p-1"", ""0x1.00000d310a475p-1"", ""-0x1.333320f7e4d32p-1"", ""0x1.666643fb60716p-1"", ""-0x1.99997a25273dap-4"", ""-0x1.99989ad1015a7p-1"", ""0x1.998f1d4d87338p-1""]","[""-0x1.a742bf2600000p-21"", ""-0x1.d9216acb00000p-21"", ""0x1.a62148ea00000p-22"", ""0x1.23b4e60100000p-21"", ""-0x1.13582fa880000p-20"", ""0x1.f74725c000000p-24"", ""0x1.fd91307e40000p-18"", ""-0x1.4f89824cc2000p-14""]","[""-0x1.a742bf2507823p-21"", ""-0x1.d9216acb69116p-21"", ""0x1.a62148eb0e179p-22"", ""0x1.23b4e6027eb90p-21"", ""-0x1.13582fa8a14a8p-20"", ""0x1.f74725be507d1p-24"", ""0x1.fd91307e7adfdp-18"", ""-0x1.4f89824cc50c6p-14""]",True
NONSYMMETRIC_D08_C06_E1eM16,NONSYMMETRIC,8,6,1e-16,238568259158462125,1000384.2787893633,1000384.2786893245,1.4977022743005106e-18,4.6501176647417796e-17,1.4982778095195504e-12,4.6519046060795936e-11,7.203264714343277e-11,4.8021764762288516e-11,1.3583659947055443e-11,RESOLUTION_LIMITED,"[""0x1.ccccccccccccdp-1"", ""-0x1.9999999999999p-3"", ""-0x1.3333333333334p-1"", ""-0x1.9999999999998p-2"", ""0x1.999999999999ap-3"", ""0x1.9999999999999p-1"", ""-0x1.9999999999998p-2"", ""-0x1.999999999999cp-3""]","[""0x1.cccccccccd09ap-1"", ""-0x1.999999999a50ap-3"", ""-0x1.3333333332e3ap-1"", ""-0x1.9999999999579p-2"", ""0x1.9999999997483p-3"", ""0x1.99999999983b1p-1"", ""-0x1.9999999988debp-2"", ""-0x1.99999998e9a2cp-3""]","[""0x1.e680000000000p-44"", ""-0x1.6e20000000000p-44"", ""0x1.3e80000000000p-43"", ""0x1.07c0000000000p-44"", ""-0x1.28b8000000000p-42"", ""-0x1.5e80000000000p-41"", ""0x1.0bad000000000p-38"", ""0x1.5fee000000000p-36""]","[""0x1.e6dff60ec7332p-44"", ""-0x1.6e0a06c3ff9e8p-44"", ""0x1.3e7e3463d0e43p-43"", ""0x1.081f459f27653p-44"", ""-0x1.28b44943f6634p-42"", ""-0x1.5e8cf9e752202p-41"", ""0x1.0bad40ed0836ap-38"", ""0x1.5fed97c097eeap-36""]",True
NONSYMMETRIC_D08_C06_E1eM15,NONSYMMETRIC,8,6,1e-15,9167886977579213811,1000256.5570182389,1000256.5560179766,2.499029436606906e-19,7.931363416702645e-18,2.499670580148278e-13,7.933398255780898e-12,1.3404016440348625e-11,8.187806203300858e-12,5.515547433457023e-10,OBSERVABLE,"[""0x1.9999999999999p-4"", ""0x1.6666666666667p-1"", ""-0x1.9999999999999p-3"", ""0x1.9999999999999p-3"", ""-0x1.9999999999998p-2"", ""-0x1.6666666666665p-1"", ""-0x1.999999999999dp-1"", ""-0x1.ccccccccccccep-1""]","[""0x1.999999994e406p-4"", ""0x1.6666666667da9p-1"", ""-0x1.99999999c712ap-3"", ""0x1.9999999949b83p-3"", ""-0x1.999999999bbaep-2"", ""-0x1.666666664b99bp-1"", ""-0x1.99999998fd9aap-1"", ""-0x1.ccccccc511b3ep-1""]","[""-0x1.2d64c00000000p-38"", ""0x1.7420000000000p-41"", ""-0x1.6bc8800000000p-38"", ""-0x1.3f85800000000p-37"", ""-0x1.10b0000000000p-41"", ""0x1.acca000000000p-37"", ""0x1.37fe600000000p-34"", ""0x1.eec6400000000p-31""]","[""-0x1.2d646634cfeb4p-38"", ""0x1.742cac7b62f49p-41"", ""-0x1.6bc8bba88dd72p-38"", ""-0x1.3f8552ec309c7p-37"", ""-0x1.10b2403d15865p-41"", ""0x1.accc885010064p-37"", ""0x1.37fd97472f684p-34"", ""0x1.eec63e2c023aep-31""]",True
NONSYMMETRIC_D08_C06_E1eM14,NONSYMMETRIC,8,6,1e-14,15362983648756837360,1000278.9155839502,1000278.9055816581,3.1265694387520087e-18,4.9712940656356345e-17,3.1274414877025598e-12,4.972680587545879e-11,8.103083457595986e-11,5.285868817684813e-11,3.918855846851828e-09,OBSERVABLE,"[""-0x1.6666666666666p-1"", ""-0x1.3333333333332p-1"", ""-0x1.3333333333333p-1"", ""0x1.999999999999bp-3"", ""0x1.999999999999bp-1"", ""0x1.9999999999999p-4"", ""-0x1.3333333333332p-2"", ""0x1.3333333333334p-1""]","[""-0x1.66666666ae3c3p-1"", ""-0x1.33333332f3dcdp-1"", ""-0x1.33333332f0276p-1"", ""0x1.9999999886ee1p-3"", ""0x1.999999998e5a4p-1"", ""0x1.99999998f95e5p-4"", ""-0x1.3333332e92a5dp-2"", ""0x1.333332ffa695cp-1""]","[""-0x1.1f57400000000p-35"", ""0x1.fab2800000000p-36"", ""0x1.0c2f400000000p-35"", ""-0x1.12aba00000000p-35"", ""-0x1.67ee000000000p-38"", ""-0x1.4076800000000p-37"", ""0x1.2823540000000p-32"", ""-0x1.9c64ec0000000p-28""]","[""-0x1.1f576d5e67a21p-35"", ""0x1.fab25d6410e36p-36"", ""0x1.0c2f80f8f114bp-35"", ""-0x1.12ab6a160fe22p-35"", ""-0x1.67e9059fce5acp-38"", ""-0x1.407667d8db25cp-37"", ""0x1.28235c44c0503p-32"", ""-0x1.9c64ebe365834p-28""]",True
NONSYMMETRIC_D08_C06_E1eM12,NONSYMMETRIC,8,6,1e-12,4117126953774991640,1000297.8550518928,1000296.8548273152,7.748265187897727e-21,3.264895448815418e-17,7.750573047827407e-15,3.2658646488967366e-11,4.7118537188010156e-11,3.2670827280043736e-11,5.560828721292115e-07,OBSERVABLE,"[""0x1.3333333333333p-2"", ""-0x1.0000000000000p-1"", ""-0x1.999999999999ap-2"", ""-0x1.999999999999ap-4"", ""-0x1.9999999999999p-3"", ""0x1.9999999999998p-1"", ""0x1.0000000000000p-1"", ""0x1.999999999999bp-1""]","[""0x1.3333333f14119p-2"", ""-0x1.000000481641bp-1"", ""-0x1.9999994f8ff3fp-2"", ""-0x1.99999765ce812p-4"", ""-0x1.999998808e58cp-3"", ""0x1.9999990d29303p-1"", ""0x1.fffffc5f486fep-2"", ""0x1.99997ec2d3a42p-1""]","[""0x1.7c1bcc0000000p-31"", ""-0x1.205906c000000p-27"", ""0x1.282696c000000p-28"", ""0x1.19e58c4000000p-27"", ""0x1.190b40d000000p-27"", ""-0x1.18e0d2a000000p-26"", ""-0x1.d05bc81000000p-25"", ""-0x1.ad6c5f5900000p-21""]","[""0x1.7c1bce3607c04p-31"", ""-0x1.205906b511801p-27"", ""0x1.282696a4816d6p-28"", ""0x1.19e58c3d3c58cp-27"", ""0x1.190b40bb16a95p-27"", ""-0x1.18e0d2cabb311p-26"", ""-0x1.d05bc80a4fc61p-25"", ""-0x1.ad6c5f56a522fp-21""]",True
NONSYMMETRIC_D08_C06_E1eM8,NONSYMMETRIC,8,6,1e-8,4638177383173944616,1000272.7137441371,990368.1555203949,5.0648179349609905e-18,1.584477525875231e-19,5.066199180449072e-12,1.5692160847648175e-13,9.56726900520898e-12,5.227157448408977e-12,0.004878822636462598,OBSERVABLE,"[""0x1.cccccccccccccp-1"", ""0x1.6666666666666p-1"", ""0x1.3333333333333p-2"", ""-0x1.999999999999cp-1"", ""-0x1.999999999999bp-4"", ""-0x1.999999999999bp-4"", ""-0x1.6666666666666p-1"", ""0x1.ccccccccccccdp-1""]","[""0x1.cccd3f9e56918p-1"", ""0x1.6660619e41a12p-1"", ""0x1.331bd5daa1217p-2"", ""-0x1.9992b76d9ded1p-1"", ""-0x1.999bffb2322b2p-4"", ""-0x1.99c14e2c796c1p-4"", ""-0x1.6616645021c34p-1"", ""0x1.c83d35214b04dp-1""]","[""0x1.cb46271300000p-19"", ""-0x1.8132093150000p-15"", ""-0x1.75d589211c000p-14"", ""0x1.b88afeeb2c000p-15"", ""-0x1.330c4c48b8000p-19"", ""-0x1.3da496fe93000p-15"", ""0x1.400859128c800p-11"", ""-0x1.23e5eae072000p-7""]","[""0x1.cb46271298391p-19"", ""-0x1.813209315401ep-15"", ""-0x1.75d589211c66cp-14"", ""0x1.b88afeeb241abp-15"", ""-0x1.330c4c48b949bp-19"", ""-0x1.3da496fe945d8p-15"", ""0x1.400859128c4ffp-11"", ""-0x1.23e5eae071feap-7""]",True
NONSYMMETRIC_D08_C08_E1eM16,NONSYMMETRIC,8,8,1e-16,15476274101243800514,100028666.74426499,100028665.74392338,2.595731568444197e-18,2.0765854942708533e-17,2.596475680848897e-10,2.077180767265671e-09,2.6541318215173967e-09,2.3368327677626706e-09,6.1848612603662895e-09,TRANSITION,"[""-0x1.9999999999999p-3"", ""-0x1.3333333333333p-2"", ""-0x1.9999999999999p-4"", ""-0x1.9999999999999p-4"", ""0x1.9999999999998p-3"", ""0x1.3333333333333p-1"", ""-0x1.0000000000001p-1"", ""-0x1.6666666666667p-1""]","[""-0x1.9999999985cc8p-3"", ""-0x1.33333332a9fa0p-2"", ""-0x1.9999999508df6p-4"", ""-0x1.9999999be544bp-4"", ""0x1.999999988464cp-3"", ""0x1.333333321605bp-1"", ""-0x1.fffffff6d0536p-2"", ""-0x1.6666662a3fa95p-1""]","[""0x1.3cd1000000000p-39"", ""0x1.1272600000000p-35"", ""0x1.242e8c0000000p-34"", ""-0x1.25d5900000000p-35"", ""-0x1.1534c00000000p-35"", ""-0x1.1d2d800000000p-33"", ""0x1.25f5980000000p-31"", ""0x1.e135e90000000p-28""]","[""0x1.3cd15d8d0ec21p-39"", ""0x1.127260dc78893p-35"", ""0x1.242e84faff957p-34"", ""-0x1.25d5909164cb9p-35"", ""-0x1.1534d88bc6b48p-35"", ""-0x1.1d2d7e1754c76p-33"", ""0x1.25f59ac41a61fp-31"", ""0x1.e135e84f65992p-28""]",True
NONSYMMETRIC_D08_C08_E1eM15,NONSYMMETRIC,8,8,1e-15,10580511436794185340,100016375.12126665,100016365.12137622,4.800016419347158e-17,4.802469398033062e-17,4.8008024509043485e-09,4.8032553510503676e-09,1.4501815913736822e-08,9.604062206972598e-09,2.6556427137991964e-08,TRANSITION,"[""0x1.9999999999998p-1"", ""0x1.9999999999999p-3"", ""0x1.999999999999bp-3"", ""0x1.ccccccccccccdp-1"", ""-0x1.ffffffffffffep-2"", ""0x1.0000000000001p-1"", ""0x1.3333333333334p-2"", ""0x1.999999999999bp-2""]","[""0x1.99999997ef79ep-1"", ""0x1.999999a6a36aep-3"", ""0x1.9999998ae63ebp-3"", ""0x1.cccccccb2d1fdp-1"", ""-0x1.0000000341eafp-1"", ""0x1.fffffffe54a82p-2"", ""0x1.3333330347b52p-2"", ""0x1.999996ea7c83fp-2""]","[""-0x1.aa1fa00000000p-33"", ""0x1.a13a2a0000000p-32"", ""-0x1.d66b600000000p-32"", ""-0x1.9fad000000000p-33"", ""-0x1.a0f5800000000p-32"", ""-0x1.ab58000000000p-34"", ""-0x1.7f5bf10000000p-29"", ""-0x1.578e8ae000000p-25""]","[""-0x1.aa1f961cfa0f5p-33"", ""0x1.a13a26e4971a1p-32"", ""-0x1.d66b59ae33c07p-32"", ""-0x1.9facf7634dc08p-33"", ""-0x1.a0f5764723cc0p-32"", ""-0x1.ab580ad302326p-34"", ""-0x1.7f5bf088f71adp-29"", ""-0x1.578e8adc9a511p-25""]",True
NONSYMMETRIC_D08_C08_E1eM14,NONSYMMETRIC,8,8,1e-14,5279057991999966420,100022323.72197713,100022223.7044952,9.324936451554849e-18,9.324938854619968e-18,9.327018133142165e-10,9.32701121017469e-10,2.366936254650078e-09,1.8654070931943285e-09,5.518904746909187e-07,OBSERVABLE,"[""-0x1.999999999999ap-3"", ""0x1.6666666666666p-1"", ""-0x1.3333333333334p-2"", ""0x1.3333333333333p-1"", ""0x1.3333333333332p-2"", ""0x1.9999999999998p-3"", ""0x1.999999999999bp-4"", ""0x1.6666666666666p-1""]","[""-0x1.99999a0d78212p-3"", ""0x1.6666668404985p-1"", ""-0x1.333332f7368a0p-2"", ""0x1.333333508bf80p-1"", ""0x1.333333a30709ep-2"", ""0x1.99999860588c0p-3"", ""0x1.999996ed41d82p-4"", ""0x1.66664ee8ca0f9p-1""]","[""-0x1.cf7a1e0000000p-29"", ""0x1.d9e31f0000000p-29"", ""0x1.dfe54a0000000p-29"", ""0x1.d58c4d0000000p-29"", ""0x1.bf4f5b0000000p-28"", ""-0x1.39410d8000000p-27"", ""-0x1.562be0c800000p-27"", ""-0x1.77d9c56d00000p-21""]","[""-0x1.cf7a1dec23b4bp-29"", ""0x1.d9e31f78e00cbp-29"", ""0x1.dfe549242043cp-29"", ""0x1.d58c4cedf9f02p-29"", ""0x1.bf4f5afe65500p-28"", ""-0x1.39410d9d3b725p-27"", ""-0x1.562be0b1b2ad8p-27"", ""-0x1.77d9c56da64fdp-21""]",True
NONSYMMETRIC_D08_C08_E1eM12,NONSYMMETRIC,8,8,1e-12,11126506733593128353,100032538.96376246,100022535.95765528,2.968113020512216e-17,2.9695622756405e-17,2.9690788225478184e-09,2.970231503759761e-09,8.749135153690877e-09,5.939299945464003e-09,1.4574870180769641e-05,OBSERVABLE,"[""0x1.9999999999999p-2"", ""0x1.999999999999ap-4"", ""-0x1.999999999999bp-4"", ""0x1.cccccccccccccp-1"", ""-0x1.9999999999999p-4"", ""0x1.6666666666666p-1"", ""0x1.999999999999ap-1"", ""-0x1.9999999999998p-3""]","[""0x1.999994a7f1a1ep-2"", ""0x1.9999a07a5433bp-4"", ""-0x1.9999b43968230p-4"", ""0x1.cccccefe172a2p-1"", ""-0x1.99997a7bc3a9ep-4"", ""0x1.66664f8b9da1cp-1"", ""0x1.99988d2c07eccp-1"", ""-0x1.998f291bdce04p-3""]","[""-0x1.3c69fdec00000p-24"", ""0x1.b82ea68400000p-26"", ""-0x1.a9fce89500000p-24"", ""0x1.18a52eb000000p-24"", ""0x1.f1dd5efb00000p-24"", ""-0x1.6dac8c4a00000p-21"", ""-0x1.0c6d91ace0000p-17"", ""0x1.4e0fb79728000p-16""]","[""-0x1.3c69fdeb56a6dp-24"", ""0x1.b82ea685af7e5p-26"", ""-0x1.a9fce896b4444p-24"", ""0x1.18a52eb72349fp-24"", ""0x1.f1dd5ef9d2bf2p-24"", ""-0x1.6dac8c48320ddp-21"", ""-0x1.0c6d91ace5695p-17"", ""0x1.4e0fb7972b074p-16""]",True
NONSYMMETRIC_D08_C08_E1eM8,NONSYMMETRIC,8,8,1e-8,8643252055699451114,100048770.45838456,50023771.74200107,1.6753730749695013e-18,5.430283093952523e-17,1.676190162378777e-10,2.716432427242289e-09,4.118283748299586e-09,2.835143453788278e-09,0.051360181640865504,OBSERVABLE,"[""-0x1.3333333333333p-1"", ""-0x1.999999999999bp-3"", ""0x1.3333333333333p-1"", ""-0x1.9999999999997p-4"", ""0x1.ccccccccccccap-1"", ""-0x1.9999999999999p-2"", ""0x1.3333333333335p-1"", ""-0x1.9999999999998p-4""]","[""-0x1.331cb37b077aap-1"", ""-0x1.9a9e234a1366dp-3"", ""0x1.33977a3bcedf5p-1"", ""-0x1.9855700825566p-4"", ""0x1.cc1129acf2068p-1"", ""-0x1.95972f29ae847p-2"", ""0x1.170f42978b8f7p-1"", ""-0x1.97698f69b0251p-5""]","[""0x1.67fb82bb89000p-13"", ""-0x1.0489b079cd200p-11"", ""0x1.911c226eb0800p-11"", ""0x1.4429917443100p-12"", ""-0x1.77463fb58c400p-10"", ""0x1.009a9bfac5480p-8"", ""-0x1.c23f09ba7a3e0p-5"", ""0x1.9bc9a3c9830dfp-5""]","[""0x1.67fb82bb8a60ep-13"", ""-0x1.0489b079cd307p-11"", ""0x1.911c226eb03d8p-11"", ""0x1.44299174431d5p-12"", ""-0x1.77463fb58c211p-10"", ""0x1.009a9bfac54ecp-8"", ""-0x1.c23f09ba7a3b0p-5"", ""0x1.9bc9a3c9830ddp-5""]",True
NONSYMMETRIC_D08_C10_E1eM16,NONSYMMETRIC,8,10,1e-16,10905083731053522153,10001951517.30612,10001941515.270235,8.852704748659715e-19,5.655413063190309e-17,8.854432447712987e-09,5.656514269886035e-07,7.856247395709519e-07,5.745057077602957e-07,5.133958932181713e-07,RESOLUTION_LIMITED,"[""0x1.3333333333334p-1"", ""-0x1.9999999999999p-4"", ""-0x1.3333333333333p-1"", ""-0x1.999999999999ap-2"", ""0x1.3333333333333p-2"", ""0x1.999999999999bp-3"", ""-0x1.3333333333333p-1"", ""0x1.6666666666666p-1""]","[""0x1.33333333ebd31p-1"", ""-0x1.99999aaece262p-4"", ""-0x1.33333352365dap-1"", ""-0x1.99999a15c8ab2p-2"", ""0x1.3333333bd0b8cp-2"", ""0x1.9999999e5fb5bp-3"", ""-0x1.3333316be42f1p-1"", ""0x1.66664ee97ab3bp-1""]","[""0x1.713fa00000000p-34"", ""-0x1.15348c9000000p-28"", ""-0x1.f032a70000000p-29"", ""-0x1.f0bc460000000p-28"", ""0x1.13b0b20000000p-31"", ""0x1.3187000000000p-33"", ""0x1.c74f042000000p-25"", ""-0x1.77cebb2b00000p-21""]","[""0x1.713f8c2032384p-34"", ""-0x1.15348c8a0e4a6p-28"", ""-0x1.f032a8348c952p-29"", ""-0x1.f0bc4693197e0p-28"", ""0x1.13b0b007f065ep-31"", ""0x1.3186fe9d1de14p-33"", ""0x1.c74f0404d4f7ep-25"", ""-0x1.77cebb2b93232p-21""]",True
NONSYMMETRIC_D08_C10_E1eM15,NONSYMMETRIC,8,10,1e-15,12947318123120723973,10002570341.328205,10002470336.471844,6.473073445485545e-23,1.6966717752119582e-17,6.474737246309481e-13,1.697091198240468e-07,2.2578391868267631e-07,1.6970958566474736e-07,3.042418994152027e-06,OBSERVABLE,"[""-0x1.3333333333333p-2"", ""0x1.9999999999998p-1"", ""0x1.9999999999999p-4"", ""-0x1.9999999999999p-4"", ""-0x1.6666666666666p-1"", ""0x1.9999999999998p-4"", ""0x1.3333333333333p-1"", ""-0x1.999999999999ap-2""]","[""-0x1.3333360deb286p-2"", ""0x1.99999a79dd3d4p-1"", ""0x1.9999a28b49d7fp-4"", ""-0x1.9999a2aef4055p-4"", ""-0x1.6666659b3a9cfp-1"", ""0x1.99998eac50682p-4"", ""0x1.33331f17d6d82p-1"", ""-0x1.99988d0443fe2p-2""]","[""-0x1.6d5bfa9800000p-25"", ""0x1.c087478000000p-26"", ""0x1.1e3607cc00000p-25"", ""-0x1.22ab4d7800000p-25"", ""0x1.965792e000000p-26"", ""-0x1.5da9262c00000p-25"", ""-0x1.41b5c5b100000p-21"", ""0x1.0c95559b80000p-18""]","[""-0x1.6d5bfa9de994ap-25"", ""0x1.c0874792fb93cp-26"", ""0x1.1e3607c86fe2dp-25"", ""-0x1.22ab4d77955b2p-25"", ""0x1.96579351d513ap-26"", ""-0x1.5da9262d65413p-25"", ""-0x1.41b5c5b27ad22p-21"", ""0x1.0c95559b6a368p-18""]",True
NONSYMMETRIC_D08_C10_E1eM14,NONSYMMETRIC,8,10,1e-14,8012215977230250822,10004655263.729568,10003654752.225548,5.1399605056344924e-17,6.425113794979743e-18,5.142355937186921e-07,6.427462427996609e-08,8.980859323001697e-07,5.785080043685224e-07,5.80780988314357e-05,OBSERVABLE,"[""0x1.3333333333333p-1"", ""0x1.6666666666666p-1"", ""0x1.999999999999ap-4"", ""0x1.0000000000001p-1"", ""0x1.3333333333331p-2"", ""0x1.9999999999999p-3"", ""0x1.3333333333333p-1"", ""-0x1.ccccccccccccbp-1""]","[""0x1.333334a2eac2dp-1"", ""0x1.666686a3f5d60p-1"", ""0x1.999a1ce460be7p-4"", ""0x1.00000db55e8cbp-1"", ""0x1.33336f59d72e0p-2"", ""0x1.999a09283ed96p-3"", ""0x1.3332698b9d5dap-1"", ""-0x1.ccc102bd1e8e1p-1""]","[""0x1.6fb78fa000000p-25"", ""0x1.01ec7b7d00000p-20"", ""0x1.06958e49a0000p-21"", ""0x1.b6abd19400000p-22"", ""0x1.e1351fd780000p-21"", ""0x1.be3a94ff40000p-21"", ""-0x1.934f2bab20000p-18"", ""0x1.7941f5c7d4000p-14""]","[""0x1.6fb78f9894e98p-25"", ""0x1.01ec7b7d38ce5p-20"", ""0x1.06958e49c7074p-21"", ""0x1.b6abd1982c68ep-22"", ""0x1.e1351fd5ddfddp-21"", ""0x1.be3a94ff2d339p-21"", ""-0x1.934f2bab360abp-18"", ""0x1.7941f5c7d800fp-14""]",True
NONSYMMETRIC_D08_C10_E1eM12,NONSYMMETRIC,8,10,1e-12,5548796162926088972,10001515612.965233,9902508123.614157,1.4164356787374244e-18,4.534233981397582e-17,1.4166503756343182e-08,4.4900308995525336e-07,8.139059544420816e-07,4.6301492027805023e-07,0.0012148294793779932,OBSERVABLE,"[""-0x1.6666666666667p-1"", ""-0x1.9999999999998p-4"", ""-0x1.ccccccccccccdp-1"", ""0x1.6666666666666p-1"", ""-0x1.3333333333334p-1"", ""0x1.0000000000001p-1"", ""-0x1.999999999999bp-1"", ""0x1.999999999999ap-3""]","[""-0x1.66686ef5b6031p-1"", ""-0x1.99a99e54271dap-4"", ""-0x1.cccaf6ad0ee18p-1"", ""0x1.66640022b8ea1p-1"", ""-0x1.333317cac1e06p-1"", ""0x1.fffe2afb27ae9p-2"", ""-0x1.992e41cf9f7adp-1"", ""0x1.958fbdd69562bp-3""]","[""-0x1.0447a7ce50000p-16"", ""-0x1.004ba8d842000p-16"", ""0x1.d61fbdeb50000p-17"", ""-0x1.3321d6be28000p-16"", ""0x1.b687152e00000p-21"", ""-0x1.d504d85190000p-18"", ""0x1.ad5f27e87b800p-11"", ""-0x1.0276f0c10dbc0p-9""]","[""-0x1.0447a7ce4aa54p-16"", ""-0x1.004ba8d842856p-16"", ""0x1.d61fbdeb58775p-17"", ""-0x1.3321d6be25800p-16"", ""0x1.b687152babc63p-21"", ""-0x1.d504d85173212p-18"", ""0x1.ad5f27e87afcdp-11"", ""-0x1.0276f0c10dbaep-9""]",True
NONSYMMETRIC_D08_C10_E1eM8,NONSYMMETRIC,8,10,1e-8,7114902211182750907,10000648128.037579,99023352.58587028,9.901697004047524e-21,2.524945559602462e-20,9.90233876177288e-11,2.500285744092673e-12,1.2597982923074494e-10,1.0118943388997036e-10,0.48336406840872,OBSERVABLE,"[""0x1.9999999999999p-4"", ""0x1.6666666666667p-1"", ""0x1.999999999999ap-4"", ""-0x1.6666666666666p-1"", ""0x1.3333333333333p-2"", ""0x1.3333333333332p-2"", ""-0x1.9999999999999p-4"", ""-0x1.3333333333332p-1""]","[""0x1.9adcaa25d96edp-4"", ""0x1.64939c7d129c0p-1"", ""0x1.8265ace4b07f3p-4"", ""-0x1.680be812ece56p-1"", ""0x1.2edf50e212122p-2"", ""0x1.142ff82591f49p-2"", ""-0x1.2acd7fb50cc23p-7"", ""-0x1.860a437369f5cp-8""]","[""0x1.43108c3fd5400p-12"", ""-0x1.d2c9e953ca700p-9"", ""-0x1.733ecb4e91a70p-8"", ""-0x1.a581ac867f000p-9"", ""-0x1.14f8944848440p-8"", ""-0x1.f033b0da13e90p-6"", ""0x1.743fe9a2f8015p-4"", ""0x1.30271eac4c5f3p-1""]","[""0x1.43108c3fd537ap-12"", ""-0x1.d2c9e953ca66ap-9"", ""-0x1.733ecb4e91a77p-8"", ""-0x1.a581ac867ee2ep-9"", ""-0x1.14f8944848430p-8"", ""-0x1.f033b0da13ea0p-6"", ""0x1.743fe9a2f8017p-4"", ""0x1.30271eac4c5f3p-1""]",True
NONSYMMETRIC_D16_C02_E1eM16,NONSYMMETRIC,16,2,1e-16,8989755795307285492,101.98184415394806,101.9818441539471,3.844815808536034e-17,1.2401471388998508e-17,3.921014065867591e-15,1.2647249224724812e-15,1.9634551904783834e-14,9.626631086840689e-15,4.904391536148077e-15,RESOLUTION_LIMITED,"[""0x1.0000000000000p-1"", ""-0x1.6666666666666p-1"", ""0x1.cccccccccccccp-1"", ""-0x1.999999999999bp-4"", ""0x1.3333333333334p-2"", ""-0x1.9999999999999p-2"", ""-0x1.9999999999999p-1"", ""0x1.9999999999999p-4"", ""0x1.3333333333331p-2"", ""-0x1.999999999999ap-4"", ""-0x1.0000000000000p-1"", ""0x1.3333333333332p-1"", ""0x1.9999999999998p-4"", ""-0x1.3333333333333p-2"", ""-0x1.9999999999997p-1"", ""-0x1.ffffffffffffep-2""]","[""0x1.ffffffffffffep-2"", ""-0x1.6666666666667p-1"", ""0x1.ccccccccccccdp-1"", ""-0x1.9999999999994p-4"", ""0x1.333333333332dp-2"", ""-0x1.9999999999993p-2"", ""-0x1.9999999999992p-1"", ""0x1.9999999999992p-4"", ""0x1.333333333332ep-2"", ""-0x1.9999999999993p-4"", ""-0x1.ffffffffffff6p-2"", ""0x1.333333333332bp-1"", ""0x1.9999999999951p-4"", ""-0x1.33333333332fcp-2"", ""-0x1.999999999994fp-1"", ""-0x1.fffffffffffa4p-2""]","[""-0x1.0000000000000p-53"", ""-0x1.0000000000000p-53"", ""0x1.0000000000000p-53"", ""0x1.c000000000000p-54"", ""-0x1.c000000000000p-52"", ""0x1.8000000000000p-52"", ""0x1.c000000000000p-51"", ""-0x1.c000000000000p-54"", ""-0x1.8000000000000p-53"", ""0x1.c000000000000p-54"", ""0x1.4000000000000p-51"", ""-0x1.c000000000000p-51"", ""-0x1.1c00000000000p-50"", ""0x1.b800000000000p-49"", ""0x1.2000000000000p-47"", ""0x1.6800000000000p-48""]","[""-0x1.b923c78b2960dp-53"", ""0x1.2b1aab96935aep-55"", ""-0x1.98f7579f44187p-56"", ""0x1.fdbef7c25fcd0p-54"", ""-0x1.90439837cd030p-52"", ""0x1.f7d9b9a96aa16p-52"", ""0x1.de7a9b134423ep-51"", ""-0x1.d99f918ab38b2p-54"", ""-0x1.f91d7396bdfc4p-53"", ""0x1.ce292459e1d82p-54"", ""0x1.4284cb865adb1p-51"", ""-0x1.7deede079e771p-51"", ""-0x1.227d854edc60ap-50"", ""0x1.b8236544eba27p-49"", ""0x1.1f31a50c8f114p-47"", ""0x1.633fe2c923516p-48""]",True
NONSYMMETRIC_D16_C02_E1eM15,NONSYMMETRIC,16,2,1e-15,1534121424362681866,101.96618214501842,101.96618214500823,3.311474750364294e-17,4.4031130325586614e-17,3.3765843756427616e-15,4.48968625482938e-15,2.927966871594974e-14,1.230716272897269e-14,2.2563138339089314e-14,TRANSITION,"[""-0x1.0000000000001p-1"", ""0x1.9999999999999p-3"", ""-0x1.3333333333334p-1"", ""-0x1.ccccccccccccbp-1"", ""0x1.3333333333333p-2"", ""-0x1.999999999999bp-4"", ""-0x1.3333333333333p-1"", ""0x1.ccccccccccccdp-1"", ""-0x1.ccccccccccccbp-1"", ""-0x1.ccccccccccccep-1"", ""-0x1.cccccccccccccp-1"", ""0x1.ffffffffffffcp-2"", ""0x1.999999999999dp-2"", ""0x1.999999999999ap-4"", ""0x1.9999999999998p-3"", ""-0x1.9999999999997p-3""]","[""-0x1.ffffffffffff5p-2"", ""0x1.9999999999987p-3"", ""-0x1.333333333332ep-1"", ""-0x1.cccccccccccc3p-1"", ""0x1.3333333333300p-2"", ""-0x1.9999999999945p-4"", ""-0x1.33333333332fap-1"", ""0x1.ccccccccccc83p-1"", ""-0x1.ccccccccccc75p-1"", ""-0x1.ccccccccccc7ep-1"", ""-0x1.ccccccccccc79p-1"", ""0x1.fffffffffff9dp-2"", ""0x1.99999999996cfp-2"", ""0x1.99999999996b9p-4"", ""0x1.99999999996bap-3"", ""-0x1.99999999996d5p-3""]","[""0x1.a000000000000p-51"", ""-0x1.2000000000000p-51"", ""0x1.8000000000000p-51"", ""0x1.0000000000000p-50"", ""-0x1.9800000000000p-49"", ""0x1.5800000000000p-50"", ""0x1.c800000000000p-48"", ""-0x1.2800000000000p-47"", ""0x1.5800000000000p-47"", ""0x1.4000000000000p-47"", ""0x1.4c00000000000p-47"", ""-0x1.7c00000000000p-48"", ""-0x1.6700000000000p-45"", ""-0x1.7080000000000p-47"", ""-0x1.6f00000000000p-46"", ""0x1.6100000000000p-46""]","[""0x1.3b95383f3ff3dp-51"", ""-0x1.1e78da42567b4p-51"", ""0x1.6045720be8ae6p-51"", ""0x1.bc24c6dadd0f9p-51"", ""-0x1.a0296979fff03p-49"", ""0x1.554769f5fb925p-50"", ""0x1.bfc76096c44c1p-48"", ""-0x1.1faf53167cf1cp-47"", ""0x1.57d2eb0597e38p-47"", ""0x1.3f935bb0b9062p-47"", ""0x1.4aa4496e7225ap-47"", ""-0x1.77e5698bcb5c0p-48"", ""-0x1.65f1b65a757d8p-45"", ""-0x1.6f18c5356a017p-47"", ""-0x1.6ee1c94b2614cp-46"", ""0x1.6338b034a5df1p-46""]",True
NONSYMMETRIC_D16_C02_E1eM14,NONSYMMETRIC,16,2,1e-14,8904953109658526366,102.38240438682597,102.38240438672359,3.616190124133294e-17,8.635663535443353e-17,3.702342396286626e-15,8.841399962334524e-15,3.748182123665423e-14,1.6984634457120136e-14,2.8752354516166e-13,OBSERVABLE,"[""0x1.999999999999bp-3"", ""0x1.3333333333333p-2"", ""0x1.ccccccccccccdp-1"", ""0x1.ffffffffffffep-2"", ""0x1.999999999999ap-1"", ""-0x1.0000000000000p-1"", ""-0x1.3333333333334p-1"", ""0x1.999999999999ap-3"", ""0x1.0000000000000p-1"", ""0x1.ccccccccccccbp-1"", ""-0x1.ccccccccccccdp-1"", ""0x1.9999999999997p-2"", ""-0x1.999999999999bp-4"", ""-0x1.0000000000000p-1"", ""-0x1.3333333333332p-2"", ""-0x1.9999999999998p-4""]","[""0x1.99999999999d3p-3"", ""0x1.333333333333ap-2"", ""0x1.ccccccccccc82p-1"", ""0x1.fffffffffffcep-2"", ""0x1.99999999996cfp-1"", ""-0x1.ffffffffffc35p-2"", ""-0x1.33333333330fcp-1"", ""0x1.9999999999708p-3"", ""0x1.ffffffffffc50p-2"", ""0x1.cccccccccc95dp-1"", ""-0x1.cccccccccc957p-1"", ""0x1.99999999996cep-2"", ""-0x1.9999999997ed0p-4"", ""-0x1.fffffffffdc6cp-2"", ""-0x1.3333333331e1ap-2"", ""-0x1.9999999997bd8p-4""]","[""0x1.c000000000000p-50"", ""0x1.c000000000000p-52"", ""-0x1.2c00000000000p-47"", ""-0x1.8000000000000p-49"", ""-0x1.6580000000000p-44"", ""0x1.e580000000000p-45"", ""0x1.1c00000000000p-44"", ""-0x1.4900000000000p-46"", ""-0x1.d800000000000p-45"", ""-0x1.b700000000000p-44"", ""0x1.bb00000000000p-44"", ""-0x1.6480000000000p-45"", ""0x1.acb0000000000p-44"", ""0x1.1ca0000000000p-41"", ""0x1.5180000000000p-42"", ""0x1.dc00000000000p-44""]","[""0x1.c9f34d828be08p-50"", ""0x1.fb418b8b01845p-52"", ""-0x1.32d18196b4abap-47"", ""-0x1.7776a5f60958fp-49"", ""-0x1.65801c79ae3f4p-44"", ""0x1.e41ba85320067p-45"", ""0x1.1b625c8ccea0dp-44"", ""-0x1.4867723b9ee07p-46"", ""-0x1.d860f6729b7e2p-45"", ""-0x1.b6d23764ed027p-44"", ""0x1.b9f33636bc778p-44"", ""-0x1.636660c624ef1p-45"", ""0x1.ac967722661f9p-44"", ""0x1.1c88ba55469c5p-41"", ""0x1.519bcd319bc3cp-42"", ""0x1.dc07794077004p-44""]",True
NONSYMMETRIC_D16_C02_E1eM12,NONSYMMETRIC,16,2,1e-12,404179890617648820,101.86183130578534,101.86183129563115,7.787082998543078e-17,3.841831534509174e-17,7.932065347617504e-15,3.913359956344107e-15,2.904266426832789e-14,1.6286317402322274e-14,4.300012400579525e-11,OBSERVABLE,"[""0x1.ccccccccccccep-1"", ""-0x1.999999999999ap-4"", ""-0x1.ffffffffffffdp-2"", ""-0x1.fffffffffffffp-2"", ""0x1.6666666666666p-1"", ""0x1.3333333333333p-1"", ""-0x1.3333333333334p-2"", ""0x1.3333333333334p-2"", ""-0x1.9999999999999p-3"", ""-0x1.999999999999ap-2"", ""0x1.9999999999999p-3"", ""-0x1.9999999999997p-4"", ""-0x1.999999999999ep-3"", ""0x1.3333333333333p-1"", ""-0x1.3333333333333p-2"", ""0x1.3333333333334p-2""]","[""0x1.cccccccccb7adp-1"", ""-0x1.9999999996de3p-4"", ""-0x1.fffffffffd9a3p-2"", ""-0x1.fffffffffbf92p-2"", ""0x1.66666666560cdp-1"", ""0x1.3333333325bc0p-1"", ""-0x1.333333332438ep-2"", ""0x1.33333333263fdp-2"", ""-0x1.999999998b917p-3"", ""-0x1.9999999984f9bp-2"", ""0x1.99999999839a3p-3"", ""-0x1.999999997ff42p-4"", ""-0x1.99999998f0ed4p-3"", ""0x1.33333332af92bp-1"", ""-0x1.33333332b383dp-2"", ""0x1.33333332ac6f3p-2""]","[""-0x1.5210000000000p-41"", ""0x1.5db8000000000p-43"", ""0x1.32d0000000000p-41"", ""0x1.01b4000000000p-40"", ""-0x1.0599000000000p-37"", ""-0x1.aee6000000000p-38"", ""0x1.df4c000000000p-39"", ""-0x1.9e6e000000000p-39"", ""0x1.c104000000000p-40"", ""0x1.49ff000000000p-38"", ""-0x1.5ff6000000000p-39"", ""0x1.9a55000000000p-40"", ""0x1.5159400000000p-36"", ""-0x1.0741000000000p-34"", ""0x1.febd800000000p-36"", ""-0x1.0d88200000000p-35""]","[""-0x1.51ef06620a7d1p-41"", ""0x1.5dacc79b53cdap-43"", ""0x1.32dcb9d68a9aep-41"", ""0x1.01bbb3dd05cdcp-40"", ""-0x1.0598e5c32334ep-37"", ""-0x1.aee4c320e245cp-38"", ""0x1.df49c9fa93f60p-39"", ""-0x1.9e6cf9b2cc942p-39"", ""0x1.c108f997cc0fdp-40"", ""0x1.49fe571fbe4afp-38"", ""-0x1.5ff6c525f6e75p-39"", ""0x1.9a590e9b46018p-40"", ""0x1.5158b9664e226p-36"", ""-0x1.0740d98de1e2bp-34"", ""0x1.febd742f22782p-36"", ""-0x1.0d88088028a36p-35""]",True
NONSYMMETRIC_D16_C02_E1eM8,NONSYMMETRIC,16,2,1e-8,2118387047518460664,102.57455167676427,102.57444892206595,4.1246464593791836e-17,5.409187035339884e-17,4.230837613959747e-15,5.548443792663754e-15,3.5436481627721097e-14,1.4220170237037972e-14,6.187926211552099e-07,OBSERVABLE,"[""-0x1.ccccccccccccdp-1"", ""-0x1.999999999999ap-2"", ""-0x1.3333333333335p-2"", ""-0x1.ccccccccccccdp-1"", ""0x1.6666666666666p-1"", ""-0x1.9999999999998p-3"", ""0x1.999999999999ap-2"", ""-0x1.999999999999ap-4"", ""-0x1.999999999999bp-2"", ""-0x1.999999999999cp-4"", ""-0x1.cccccccccccccp-1"", ""0x1.fffffffffffffp-2"", ""0x1.999999999999bp-1"", ""-0x1.999999999999bp-1"", ""0x1.9999999999999p-1"", ""-0x1.6666666666664p-1""]","[""-0x1.cccccc248d869p-1"", ""-0x1.999999252de53p-2"", ""-0x1.33333413dd236p-2"", ""-0x1.cccccbf3116d5p-1"", ""0x1.666664409db38p-1"", ""-0x1.99999764859eap-3"", ""0x1.999997aad95c3p-2"", ""-0x1.999997aeb2329p-4"", ""-0x1.99999631d4a50p-2"", ""-0x1.999994d3898fep-4"", ""-0x1.ccccc9aa518bap-1"", ""0x1.fffffce3dd59cp-2"", ""0x1.99997f8b25c15p-1"", ""-0x1.99997ee5551f9p-1"", ""0x1.99997ea0c3d7bp-1"", ""-0x1.66664f45e47d7p-1""]","[""0x1.507e8c8000000p-26"", ""0x1.d1aed1c000000p-28"", ""-0x1.c153e02000000p-27"", ""0x1.b376bf0000000p-26"", ""-0x1.12e4597000000p-24"", ""0x1.1a89fd7000000p-26"", ""-0x1.eec03d7000000p-26"", ""0x1.eae7671000000p-28"", ""0x1.b3e27a5800000p-25"", ""0x1.3184027800000p-26"", ""0x1.913da09000000p-24"", ""-0x1.8e11531800000p-25"", ""-0x1.a0e73d8600000p-21"", ""0x1.ab4447a200000p-21"", ""-0x1.af8d5c1e00000p-21"", ""0x1.72081e8d00000p-21""]","[""0x1.507e8c7f3e381p-26"", ""0x1.d1aed138a3b35p-28"", ""-0x1.c153e079b096dp-27"", ""0x1.b376bf02d264ap-26"", ""-0x1.12e4596aa95cap-24"", ""0x1.1a89fd7ac0bcdp-26"", ""-0x1.eec03d7b66ecdp-26"", ""0x1.eae7671588f45p-28"", ""0x1.b3e27a5ccb80ap-25"", ""0x1.3184027096a7ap-26"", ""0x1.913da09ad7f60p-24"", ""-0x1.8e11532765783p-25"", ""-0x1.a0e73d83068d9p-21"", ""0x1.ab4447a2e3888p-21"", ""-0x1.af8d5c1db4452p-21"", ""0x1.72081e8e96446p-21""]",True
NONSYMMETRIC_D16_C04_E1eM16,NONSYMMETRIC,16,4,1e-16,3798704294459478308,10111.875293315037,10111.87529330485,4.995987842206478e-18,6.496350738890547e-17,5.051880602731254e-14,6.569028853327319e-13,1.7202936645619315e-12,7.118625834584007e-13,4.5015334535514854e-13,RESOLUTION_LIMITED,"[""0x1.999999999999ap-2"", ""0x1.ccccccccccccdp-1"", ""-0x1.ccccccccccccbp-1"", ""-0x1.cccccccccccccp-1"", ""0x1.999999999999bp-2"", ""0x1.999999999999bp-2"", ""0x1.3333333333332p-1"", ""0x1.999999999999ap-4"", ""0x1.3333333333332p-1"", ""0x1.9999999999999p-3"", ""-0x1.9999999999997p-4"", ""0x1.cccccccccccccp-1"", ""0x1.9999999999997p-2"", ""0x1.999999999999bp-4"", ""-0x1.3333333333332p-1"", ""-0x1.ccccccccccccbp-1""]","[""0x1.99999999999b5p-2"", ""0x1.cccccccccccb0p-1"", ""-0x1.ccccccccccc8dp-1"", ""-0x1.cccccccccccbcp-1"", ""0x1.9999999999aa6p-2"", ""0x1.9999999999933p-2"", ""0x1.33333333332e4p-1"", ""0x1.9999999999a77p-4"", ""0x1.333333333331cp-1"", ""0x1.9999999999a2bp-3"", ""-0x1.9999999999b1fp-4"", ""0x1.cccccccccc9d6p-1"", ""0x1.999999999964ap-2"", ""0x1.99999999995a8p-4"", ""-0x1.3333333331e15p-1"", ""-0x1.cccccccccad0dp-1""]","[""0x1.b000000000000p-50"", ""-0x1.d000000000000p-49"", ""0x1.f000000000000p-48"", ""0x1.0000000000000p-49"", ""0x1.0b00000000000p-46"", ""-0x1.a000000000000p-48"", ""-0x1.3800000000000p-47"", ""0x1.ba00000000000p-49"", ""-0x1.6000000000000p-49"", ""0x1.2400000000000p-48"", ""-0x1.8800000000000p-48"", ""-0x1.7b00000000000p-44"", ""-0x1.a680000000000p-45"", ""-0x1.f980000000000p-47"", ""0x1.51d0000000000p-41"", ""0x1.fbe0000000000p-41""]","[""0x1.995ada8cd1754p-50"", ""-0x1.ee1f242d292d1p-49"", ""0x1.0319547a29dd8p-47"", ""0x1.1e857bc8cac6fp-49"", ""0x1.0c83a7c7bcc1fp-46"", ""-0x1.9605093966bf9p-48"", ""-0x1.3b8558794c13ep-47"", ""0x1.bb4db1366246fp-49"", ""-0x1.64e02bf51094bp-49"", ""0x1.23bbe14df8ab6p-48"", ""-0x1.845942b8b7849p-48"", ""-0x1.7b09647e764abp-44"", ""-0x1.a7553957a085cp-45"", ""-0x1.f7ae55f844f11p-47"", ""0x1.51b6587c24f2ep-41"", ""0x1.fbc5ff2499eaap-41""]",True
NONSYMMETRIC_D16_C04_E1eM15,NONSYMMETRIC,16,4,1e-15,14489273279598202823,10083.586394815145,10083.586394713957,3.996799732805959e-17,3.961128835389587e-17,4.030207540853922e-13,3.9942384832259533e-13,1.822204002395667e-12,8.06885494506171e-13,2.2723579777488196e-12,TRANSITION,"[""0x1.999999999999bp-4"", ""0x1.3333333333332p-1"", ""0x1.9999999999998p-4"", ""-0x1.9999999999999p-2"", ""0x1.6666666666669p-1"", ""0x1.ccccccccccccap-1"", ""-0x1.999999999999dp-4"", ""0x1.6666666666666p-1"", ""0x1.3333333333332p-1"", ""0x1.ccccccccccccep-1"", ""0x1.9999999999999p-1"", ""0x1.3333333333332p-2"", ""0x1.ffffffffffff6p-2"", ""0x1.3333333333333p-1"", ""0x1.3333333333332p-2"", ""-0x1.9999999999998p-2""]","[""0x1.9999999998b91p-4"", ""0x1.33333333333bbp-1"", ""0x1.99999999993c1p-4"", ""-0x1.9999999999a19p-2"", ""0x1.666666666668ap-1"", ""0x1.ccccccccccce3p-1"", ""-0x1.9999999999d0cp-4"", ""0x1.66666666661d4p-1"", ""0x1.3333333332ff1p-1"", ""0x1.cccccccccc8c9p-1"", ""0x1.9999999997f15p-1"", ""0x1.3333333331ee8p-2"", ""0x1.fffffffffe0b6p-2"", ""0x1.3333333331d51p-1"", ""0x1.333333332616bp-2"", ""-0x1.9999999987ea0p-2""]","[""-0x1.c140000000000p-45"", ""0x1.1200000000000p-46"", ""-0x1.75c0000000000p-46"", ""-0x1.0000000000000p-47"", ""0x1.0800000000000p-48"", ""0x1.9000000000000p-49"", ""-0x1.b780000000000p-47"", ""-0x1.2480000000000p-43"", ""-0x1.a080000000000p-44"", ""-0x1.0140000000000p-43"", ""-0x1.a840000000000p-41"", ""-0x1.44a0000000000p-42"", ""-0x1.f400000000000p-42"", ""-0x1.5e20000000000p-41"", ""-0x1.a38e000000000p-39"", ""0x1.1af8000000000p-38""]","[""-0x1.c123c7862ee0bp-45"", ""0x1.0e79de4e547e0p-46"", ""-0x1.750e7b847ef31p-46"", ""-0x1.0338e3e37e25bp-47"", ""0x1.14620818b069fp-48"", ""0x1.7abada4a40952p-49"", ""-0x1.b783416c8fe0dp-47"", ""-0x1.24cfe4d923275p-43"", ""-0x1.a0d7a749ff3fep-44"", ""-0x1.01389dfd640acp-43"", ""-0x1.a831d0483c695p-41"", ""-0x1.449ca0f24f699p-42"", ""-0x1.f42b9335feb50p-42"", ""-0x1.5dfe0847d0b1ap-41"", ""-0x1.a3912b0f3f525p-39"", ""0x1.1af7c05d16275p-38""]",True
NONSYMMETRIC_D16_C04_E1eM14,NONSYMMETRIC,16,4,1e-14,11305935978951033267,10078.332502905858,10078.332501898136,1.2308786424304713e-17,1.078224357777439e-17,1.2405204229141194e-13,1.086670358932779e-13,4.3730137790073424e-13,2.3715997028183863e-13,3.190315645986158e-11,OBSERVABLE,"[""-0x1.6666666666667p-1"", ""-0x1.9999999999998p-4"", ""-0x1.9999999999998p-2"", ""-0x1.6666666666667p-1"", ""0x1.0000000000000p-1"", ""-0x1.6666666666668p-1"", ""-0x1.999999999999ap-4"", ""-0x1.3333333333332p-2"", ""-0x1.0000000000001p-1"", ""-0x1.9999999999998p-2"", ""0x1.3333333333334p-1"", ""-0x1.0000000000000p-1"", ""0x1.999999999999ap-4"", ""0x1.999999999999ap-3"", ""-0x1.0000000000000p-1"", ""0x1.3333333333331p-2""]","[""-0x1.66666666668dcp-1"", ""-0x1.99999999a0940p-4"", ""-0x1.999999999a7d4p-2"", ""-0x1.666666666643fp-1"", ""0x1.0000000000abfp-1"", ""-0x1.6666666666290p-1"", ""-0x1.99999999954dbp-4"", ""-0x1.33333333300f7p-2"", ""-0x1.fffffffffb19cp-2"", ""-0x1.999999999634bp-2"", ""0x1.3333333325dbcp-1"", ""-0x1.ffffffffe8eabp-2"", ""0x1.999999998a26ep-4"", ""0x1.999999998f0bbp-3"", ""-0x1.ffffffff24deep-2"", ""0x1.33333332ae9d1p-2""]","[""-0x1.3a80000000000p-44"", ""-0x1.bea0000000000p-42"", ""-0x1.c780000000000p-43"", ""0x1.1400000000000p-44"", ""0x1.57e0000000000p-42"", ""0x1.ec00000000000p-44"", ""0x1.12fc000000000p-42"", ""0x1.91d8000000000p-41"", ""0x1.3998000000000p-40"", ""0x1.b268000000000p-41"", ""-0x1.aaf0000000000p-38"", ""0x1.7155000000000p-38"", ""-0x1.ee58000000000p-41"", ""-0x1.51be000000000p-40"", ""0x1.b642400000000p-35"", ""-0x1.092c000000000p-35""]","[""-0x1.3a06ebf3d4d52p-44"", ""-0x1.be991d47b20afp-42"", ""-0x1.c7434781789d2p-43"", ""0x1.13d8e40f603f1p-44"", ""0x1.580e4381c251ap-42"", ""0x1.ea3aeb5ce2e3ap-44"", ""0x1.12f3c8e218eaap-42"", ""0x1.91e709a8bdedep-41"", ""0x1.397b1c7bb4a8bp-40"", ""0x1.b259911f73cc7p-41"", ""-0x1.aaf10319187a3p-38"", ""0x1.715428e0afeeap-38"", ""-0x1.ee54057ce0ebap-41"", ""-0x1.51ba3561dbf80p-40"", ""0x1.b64237fa0253ap-35"", ""-0x1.092c24eb0d69fp-35""]",True
NONSYMMETRIC_D16_C04_E1eM12,NONSYMMETRIC,16,4,1e-12,9581984742764312496,10115.712587941303,10115.712485985214,1.1878209753393985e-17,3.188973072346181e-17,1.2015655592462913e-13,3.2258734725413294e-13,1.1357085244594086e-12,4.471847948022042e-13,3.5816892293961263e-09,OBSERVABLE,"[""0x1.999999999999ap-2"", ""-0x1.ccccccccccccdp-1"", ""0x1.6666666666668p-1"", ""-0x1.ccccccccccccfp-1"", ""-0x1.999999999999bp-2"", ""-0x1.cccccccccccc9p-1"", ""0x1.9999999999999p-2"", ""-0x1.cccccccccccccp-1"", ""0x1.999999999999dp-1"", ""0x1.999999999999cp-3"", ""-0x1.0000000000001p-1"", ""-0x1.3333333333331p-1"", ""0x1.9999999999999p-3"", ""-0x1.3333333333334p-2"", ""0x1.cccccccccccccp-1"", ""-0x1.999999999999cp-4""]","[""0x1.99999998aff70p-2"", ""-0x1.cccccccbf36d9p-1"", ""0x1.66666665f30d7p-1"", ""-0x1.cccccccc1e367p-1"", ""-0x1.99999999780fep-2"", ""-0x1.cccccccbe2cddp-1"", ""0x1.99999999dde48p-2"", ""-0x1.cccccccc6aa49p-1"", ""0x1.999999981b698p-1"", ""0x1.9999999a95c76p-3"", ""-0x1.fffffff863ec0p-2"", ""-0x1.3333332d5c66bp-1"", ""0x1.99999992f455dp-3"", ""-0x1.3333332e3ac0dp-2"", ""0x1.cccccc7f727d9p-1"", ""-0x1.9999995bdb72ep-4""]","[""-0x1.d345400000000p-35"", ""0x1.b2be800000000p-34"", ""-0x1.cd64400000000p-35"", ""0x1.5d2d000000000p-34"", ""0x1.0c4e800000000p-37"", ""0x1.d3fd800000000p-34"", ""0x1.112bc00000000p-36"", ""0x1.88a0c00000000p-35"", ""-0x1.7e30500000000p-33"", ""0x1.f85b400000000p-36"", ""0x1.e705080000000p-32"", ""0x1.75b3180000000p-31"", ""-0x1.a950f00000000p-33"", ""0x1.3e1c9c0000000p-32"", ""-0x1.35693cc000000p-27"", ""0x1.edf1370000000p-31""]","[""-0x1.d3450abd0c646p-35"", ""0x1.b2be7200919f3p-34"", ""-0x1.cd638d8a8d547p-35"", ""0x1.5d2c994d716b5p-34"", ""0x1.0c4cf649ec8f1p-37"", ""0x1.d3fdbfd142cb9p-34"", ""0x1.112c4c991faaap-36"", ""0x1.88a0c18b7ae96p-35"", ""-0x1.7e2ffae7d4753p-33"", ""0x1.f85ba4f0fddebp-36"", ""0x1.e704f0bb61bdap-32"", ""0x1.75b3205dfe72bp-31"", ""-0x1.a950f0de87b35p-33"", ""0x1.3e1c9b6fc1dbep-32"", ""-0x1.35693c75529d9p-27"", ""0x1.edf134e2cc528p-31""]",True
NONSYMMETRIC_D16_C04_E1eM8,NONSYMMETRIC,16,4,1e-8,2718985041763758048,10091.713636909388,10090.696697834452,1.0398894473846572e-17,4.479026333825954e-17,1.0494266517051014e-13,4.519649623627153e-13,1.1310672289863992e-12,5.61339240546291e-13,4.2418669177272764e-05,OBSERVABLE,"[""0x1.999999999999ap-3"", ""0x1.6666666666666p-1"", ""-0x1.0000000000001p-1"", ""-0x1.9999999999998p-1"", ""0x1.999999999999ap-4"", ""0x1.0000000000001p-1"", ""-0x1.3333333333332p-1"", ""-0x1.9999999999997p-2"", ""0x1.9999999999998p-3"", ""-0x1.0000000000000p-1"", ""-0x1.ccccccccccccbp-1"", ""-0x1.9999999999999p-4"", ""-0x1.9999999999997p-4"", ""-0x1.9999999999999p-4"", ""0x1.9999999999998p-1"", ""-0x1.3333333333332p-2""]","[""0x1.999902a132254p-3"", ""0x1.666655e9b56c2p-1"", ""-0x1.ffffe26d503aap-2"", ""-0x1.99998b97853e8p-1"", ""0x1.999a406b7fa74p-4"", ""0x1.ffffee4fbd0e9p-2"", ""-0x1.33332092646d3p-1"", ""-0x1.99996fb035cb5p-2"", ""0x1.999a0ef93da09p-3"", ""-0x1.ffff96240a17cp-2"", ""-0x1.cccbb5d718556p-1"", ""-0x1.999802fcb577bp-4"", ""-0x1.9997f49bb7324p-4"", ""-0x1.9997eff903064p-4"", ""0x1.998f249baef9ep-1"", ""-0x1.332b85c89e5a6p-2""]","[""-0x1.2df0cee8c0000p-20"", ""-0x1.07cb0fa400000p-21"", ""0x1.d92afc5800000p-22"", ""0x1.c0428b6000000p-22"", ""0x1.4da3cc1b40000p-21"", ""-0x1.1b042f1900000p-22"", ""0x1.2a0cec5f00000p-21"", ""0x1.4f4b1e7100000p-21"", ""0x1.d57e901c40000p-21"", ""0x1.a76fd7a100000p-20"", ""0x1.16f5b47750000p-17"", ""0x1.969ce421e0000p-20"", ""0x1.a4fde26730000p-20"", ""0x1.a9a0969350000p-20"", ""-0x1.4e9fbd53f4000p-14"", ""0x1.eb5aa53630000p-16""]","[""-0x1.2df0cee8eb060p-20"", ""-0x1.07cb0fa462b5dp-21"", ""0x1.d92afc577196bp-22"", ""0x1.c0428b5c9c630p-22"", ""0x1.4da3cc1b457d3p-21"", ""-0x1.1b042f19102e9p-22"", ""0x1.2a0cec5f9f011p-21"", ""0x1.4f4b1e73e7fc1p-21"", ""0x1.d57e901b9622dp-21"", ""0x1.a76fd7a1099eep-20"", ""0x1.16f5b47767acdp-17"", ""0x1.969ce421d34dcp-20"", ""0x1.a4fde2673e9acp-20"", ""0x1.a9a0969364da2p-20"", ""-0x1.4e9fbd53f5b37p-14"", ""0x1.eb5aa536368aep-16""]",True
NONSYMMETRIC_D16_C06_E1eM16,NONSYMMETRIC,16,6,1e-16,6159039519799629949,1013885.6817297357,1013885.6816278545,4.0014415416867705e-17,7.123357032459737e-17,4.0570042855593685e-11,7.222269700855622e-11,2.6929957802085534e-10,1.1279718075533964e-10,3.3783027430812376e-11,RESOLUTION_LIMITED,"[""-0x1.3333333333333p-1"", ""-0x1.9999999999998p-2"", ""-0x1.9999999999996p-4"", ""0x1.cccccccccccccp-1"", ""0x1.6666666666666p-1"", ""-0x1.ccccccccccccbp-1"", ""-0x1.9999999999999p-1"", ""0x1.9999999999998p-4"", ""-0x1.999999999999ap-1"", ""0x1.3333333333334p-2"", ""0x1.0000000000001p-1"", ""-0x1.0000000000001p-1"", ""-0x1.6666666666667p-1"", ""0x1.9999999999998p-3"", ""0x1.9999999999998p-2"", ""-0x1.6666666666666p-1""]","[""-0x1.33333333321e5p-1"", ""-0x1.999999999a225p-2"", ""-0x1.999999999fe38p-4"", ""0x1.ccccccccce0cdp-1"", ""0x1.66666666679fap-1"", ""-0x1.ccccccccccb3dp-1"", ""-0x1.9999999998e79p-1"", ""0x1.9999999990ef8p-4"", ""-0x1.9999999997c37p-1"", ""0x1.33333333337b4p-2"", ""0x1.fffffffffabb1p-2"", ""-0x1.fffffffff9457p-2"", ""-0x1.666666665632bp-1"", ""0x1.9999999991d79p-3"", ""0x1.99999998e9712p-2"", ""-0x1.66666665cd692p-1""]","[""0x1.14e0000000000p-41"", ""-0x1.11a0000000000p-43"", ""-0x1.9288000000000p-42"", ""0x1.4010000000000p-41"", ""0x1.3940000000000p-41"", ""0x1.8e00000000000p-45"", ""0x1.6400000000000p-42"", ""-0x1.1540000000000p-41"", ""0x1.d630000000000p-41"", ""0x1.2000000000000p-44"", ""-0x1.5144000000000p-40"", ""0x1.aeac000000000p-40"", ""0x1.033c000000000p-37"", ""-0x1.f07c000000000p-41"", ""-0x1.6050c00000000p-35"", ""0x1.31fa800000000p-34""]","[""0x1.14dd645d54f53p-41"", ""-0x1.116da7cbf6b03p-43"", ""-0x1.927c1c6ee3814p-42"", ""0x1.3ff7288c818eap-41"", ""0x1.390abdabd2c4bp-41"", ""0x1.917b19610f7a1p-45"", ""0x1.63a4cf09dece5p-42"", ""-0x1.1543905760c49p-41"", ""0x1.d62eab70b8c0bp-41"", ""0x1.1fb5731a1b89dp-44"", ""-0x1.513aed2df9221p-40"", ""0x1.aea5474f131c4p-40"", ""0x1.033bfd2a19d59p-37"", ""-0x1.f085104ab857cp-41"", ""-0x1.605121017b045p-35"", ""0x1.31fa4797cd881p-34""]",True
NONSYMMETRIC_D16_C06_E1eM15,NONSYMMETRIC,16,6,1e-15,3600323948614462378,1011033.316172124,1011033.3151587824,1.8993370853665125e-17,4.052215050466868e-17,1.920293071983677e-11,4.096924416377678e-11,1.5104210684512073e-10,6.017661577181019e-11,2.8429130800512186e-10,TRANSITION,"[""-0x1.9999999999999p-2"", ""-0x1.9999999999999p-4"", ""0x1.9999999999998p-1"", ""-0x1.3333333333332p-1"", ""0x1.6666666666667p-1"", ""-0x1.999999999999bp-1"", ""-0x1.6666666666666p-1"", ""-0x1.6666666666665p-1"", ""-0x1.9999999999997p-4"", ""-0x1.ccccccccccccfp-1"", ""-0x1.3333333333332p-1"", ""-0x1.6666666666668p-1"", ""0x1.3333333333333p-1"", ""-0x1.6666666666666p-1"", ""-0x1.999999999999cp-4"", ""0x1.6666666666669p-1""]","[""-0x1.999999999e89ap-2"", ""-0x1.9999999994e35p-4"", ""0x1.99999999a4561p-1"", ""-0x1.33333333290d0p-1"", ""0x1.6666666654430p-1"", ""-0x1.99999999a9081p-1"", ""-0x1.6666666661985p-1"", ""-0x1.6666666671ca4p-1"", ""-0x1.99999999cc266p-4"", ""-0x1.ccccccccc914ep-1"", ""-0x1.333333331d08ap-1"", ""-0x1.66666666520a6p-1"", ""0x1.33333332aed9ap-1"", ""-0x1.66666665bcc9bp-1"", ""-0x1.99999992ea918p-4"", ""0x1.666666606379ap-1""]","[""-0x1.3c04000000000p-40"", ""0x1.2d90000000000p-42"", ""0x1.5792000000000p-38"", ""0x1.44c4000000000p-38"", ""-0x1.2237000000000p-37"", ""-0x1.edcc000000000p-38"", ""0x1.3384000000000p-39"", ""-0x1.6c7e000000000p-38"", ""-0x1.9467800000000p-39"", ""0x1.dc08000000000p-40"", ""0x1.62a8000000000p-37"", ""0x1.45c2000000000p-37"", ""-0x1.08b3200000000p-34"", ""0x1.5339600000000p-34"", ""0x1.abc2100000000p-34"", ""-0x1.80bb3c0000000p-31""]","[""-0x1.3c0e403129fe9p-40"", ""0x1.2d8f1b5cb9e18p-42"", ""0x1.57939faad8933p-38"", ""0x1.44c2c97b65195p-38"", ""-0x1.223848108c7c9p-37"", ""-0x1.edcc865ed52e6p-38"", ""0x1.3383a95df03dep-39"", ""-0x1.6c7de2c6459efp-38"", ""-0x1.946807a03bbd3p-39"", ""0x1.dbf2952efb8b9p-40"", ""0x1.62a93b8f317c1p-37"", ""0x1.45c129c062c46p-37"", ""-0x1.08b2cb6ee3d2cp-34"", ""0x1.5339556d74e54p-34"", ""0x1.abc2052f9bd7ap-34"", ""-0x1.80bb315c9a2afp-31""]",True
NONSYMMETRIC_D16_C06_E1eM14,NONSYMMETRIC,16,6,1e-14,9027180598272184340,1001667.2420749924,1001667.2320531463,2.1843818624238316e-17,3.776549273348973e-18,2.1880237558205896e-11,3.782845657362097e-12,5.5170251809628575e-11,2.566752409628353e-11,5.329394959506339e-09,OBSERVABLE,"[""0x1.9999999999998p-4"", ""0x1.0000000000000p-1"", ""0x1.9999999999997p-3"", ""0x1.3333333333332p-2"", ""0x1.0000000000000p-1"", ""0x1.0000000000000p-1"", ""0x1.9999999999997p-1"", ""-0x1.3333333333331p-1"", ""-0x1.3333333333333p-2"", ""0x1.999999999999cp-2"", ""0x1.9999999999998p-3"", ""0x1.9999999999995p-2"", ""0x1.6666666666664p-1"", ""0x1.6666666666666p-1"", ""0x1.ccccccccccccbp-1"", ""0x1.6666666666668p-1""]","[""0x1.99999993a2079p-4"", ""0x1.000000005f69fp-1"", ""0x1.99999993ad9b1p-3"", ""0x1.33333334bde7dp-2"", ""0x1.00000000a8e65p-1"", ""0x1.fffffffef3d46p-2"", ""0x1.9999999aa13ecp-1"", ""-0x1.33333333411ebp-1"", ""-0x1.333333341e59cp-2"", ""0x1.999999976770dp-2"", ""0x1.9999999a5593ap-3"", ""0x1.999999981343ap-2"", ""0x1.666666617a139p-1"", ""0x1.6666665fea2c7p-1"", ""0x1.cccccc7fabf93p-1"", ""0x1.66666629e7132p-1""]","[""-0x1.7de47c0000000p-34"", ""0x1.7da7c00000000p-35"", ""-0x1.7aff980000000p-33"", ""0x1.8ab4b00000000p-34"", ""0x1.51cca00000000p-34"", ""-0x1.0c2ba00000000p-34"", ""0x1.07a5500000000p-33"", ""-0x1.bd74000000000p-38"", ""-0x1.d64d200000000p-35"", ""-0x1.1914780000000p-33"", ""0x1.77f4400000000p-36"", ""-0x1.8655b00000000p-34"", ""-0x1.3b14ac0000000p-31"", ""-0x1.9f0e7c0000000p-31"", ""-0x1.34834e0000000p-27"", ""-0x1.e3fa9b0000000p-28""]","[""-0x1.7de482c5c552bp-34"", ""0x1.7da7b1e66b146p-35"", ""-0x1.7affa8bb29ea8p-33"", ""0x1.8ab48b09a1f06p-34"", ""0x1.51cc85e913972p-34"", ""-0x1.0c2ba1500e679p-34"", ""0x1.07a55ab65a091p-33"", ""-0x1.bd71dd2a5bc8ep-38"", ""-0x1.d64cd63be9391p-35"", ""-0x1.19145a309df91p-33"", ""0x1.77f3ddd922ebep-36"", ""-0x1.86561369cbef0p-34"", ""-0x1.3b14ac9e21846p-31"", ""-0x1.9f0e7c13c576bp-31"", ""-0x1.34834ee4f4731p-27"", ""-0x1.e3fa9adead453p-28""]",True
NONSYMMETRIC_D16_C06_E1eM12,NONSYMMETRIC,16,6,1e-12,6754162651773623548,1006465.0148148926,1006464.0034193163,1.3501403363580185e-17,1.20818322853837e-17,1.3588690136532223e-11,1.2159929290735888e-11,5.729693668964415e-11,2.5753057890482123e-11,4.118618629745183e-07,OBSERVABLE,"[""-0x1.999999999999cp-4"", ""-0x1.999999999999ap-4"", ""0x1.fffffffffffffp-2"", ""-0x1.3333333333332p-2"", ""0x1.3333333333335p-1"", ""-0x1.999999999999bp-4"", ""0x1.3333333333332p-2"", ""0x1.9999999999997p-1"", ""-0x1.999999999999ap-3"", ""0x1.3333333333332p-1"", ""-0x1.9999999999997p-4"", ""0x1.ccccccccccccap-1"", ""-0x1.9999999999997p-1"", ""0x1.cccccccccccc8p-1"", ""-0x1.ccccccccccccep-1"", ""-0x1.999999999999cp-4""]","[""-0x1.9999974459a4ap-4"", ""-0x1.999997e7728fep-4"", ""0x1.0000004f16613p-1"", ""-0x1.333332babcd15p-2"", ""0x1.333333784f879p-1"", ""-0x1.999997e18d1d7p-4"", ""0x1.333333dd24845p-2"", ""0x1.9999996a02464p-1"", ""-0x1.9999991c79c25p-3"", ""0x1.333332b123c87p-1"", ""-0x1.9999977bc57c3p-4"", ""0x1.cccccc5029591p-1"", ""-0x1.9999970b07ccdp-1"", ""0x1.ccccc999c8387p-1"", ""-0x1.ccccae90d9e52p-1"", ""-0x1.99997c56231cdp-4""]","[""0x1.2a9ffa9000000p-27"", ""0x1.b22709c000000p-28"", ""0x1.3c5984e000000p-27"", ""0x1.e1d9874000000p-28"", ""0x1.1471510000000p-27"", ""0x1.b80c7c4000000p-28"", ""0x1.53e2a26000000p-27"", ""-0x1.7cba998000000p-28"", ""0x1.f47f5d4000000p-29"", ""-0x1.041ed56000000p-26"", ""0x1.0eea0ea000000p-27"", ""-0x1.f28dce4000000p-27"", ""0x1.4748e65000000p-24"", ""-0x1.99824a0800000p-24"", ""0x1.e3bf2e7c00000p-21"", ""0x1.d43767cf00000p-24""]","[""0x1.2a9ffa7b168e0p-27"", ""0x1.b227099690249p-28"", ""0x1.3c5984eb54afap-27"", ""0x1.e1d9877735fa7p-28"", ""0x1.147152098c3e6p-27"", ""0x1.b80c7c1ddd5b1p-28"", ""0x1.53e2a269809ffp-27"", ""-0x1.7cba99fd1e3b2p-28"", ""0x1.f47f5d9ad1bf5p-29"", ""-0x1.041ed5a4c10cep-26"", ""0x1.0eea0ea7ac1e5p-27"", ""-0x1.f28dcf316e38cp-27"", ""0x1.4748e66a5c268p-24"", ""-0x1.99824a3208032p-24"", ""0x1.e3bf2e7bf9469p-21"", ""0x1.d43767cf46f0ap-24""]",True
NONSYMMETRIC_D16_C06_E1eM8,NONSYMMETRIC,16,6,1e-8,4303583697932048525,1007246.1960744491,997226.7162590974,3.512256320934592e-17,3.5914064173675144e-17,3.537706819024961e-11,3.581446428471523e-11,1.5377811623651985e-10,7.116002570021883e-11,0.00291476584834693,OBSERVABLE,"[""-0x1.ccccccccccccep-1"", ""-0x1.999999999999ap-2"", ""0x1.999999999999bp-3"", ""-0x1.0000000000000p-1"", ""-0x1.999999999999bp-2"", ""0x1.6666666666667p-1"", ""0x1.3333333333334p-2"", ""-0x1.3333333333333p-1"", ""-0x1.9999999999999p-3"", ""-0x1.999999999999ap-4"", ""-0x1.9999999999999p-1"", ""0x1.999999999999cp-1"", ""-0x1.6666666666667p-1"", ""-0x1.3333333333333p-2"", ""0x1.3333333333334p-1"", ""-0x1.9999999999999p-3""]","[""-0x1.cccdc832d647bp-1"", ""-0x1.99a14ad46256ep-2"", ""0x1.99c41852cc618p-3"", ""-0x1.fffe80aaaafb7p-2"", ""-0x1.999c2069d0b07p-2"", ""0x1.66634d9943e72p-1"", ""0x1.333820a04b077p-2"", ""-0x1.3327489b24ed3p-1"", ""-0x1.997c238b6b30fp-3"", ""-0x1.99799044f07e8p-4"", ""-0x1.99907e4d1fe7cp-1"", ""0x1.9990200dd2c0ap-1"", ""-0x1.660899047ab3cp-1"", ""-0x1.32e05c5f90be0p-2"", ""0x1.302a45dafe297p-1"", ""-0x1.958e86b22b478p-3""]","[""-0x1.f6cc12f5a0000p-18"", ""-0x1.ec4eb22f50000p-16"", ""0x1.53f5c9963e800p-14"", ""0x1.7f55550490000p-18"", ""-0x1.43681b8b60000p-17"", ""-0x1.8c66913fa8000p-16"", ""0x1.3b5b45f50c000p-16"", ""0x1.7d5301c8c0000p-14"", ""0x1.d760e2e68a000p-15"", ""0x1.004aa548d9000p-15"", ""0x1.23698f363a000p-14"", ""-0x1.2f3178db24000p-14"", ""0x1.773587aecac00p-11"", ""0x1.4b5b4e89d4c00p-12"", ""-0x1.8476ac1a84e80p-8"", ""0x1.02c4b9db94840p-9""]","[""-0x1.f6cc12f5b8923p-18"", ""-0x1.ec4eb22f5776ep-16"", ""0x1.53f5c9963d7cdp-14"", ""0x1.7f555504c063cp-18"", ""-0x1.43681b8b6744ap-17"", ""-0x1.8c66913f9bcddp-16"", ""0x1.3b5b45f50f118p-16"", ""0x1.7d5301c8c162ep-14"", ""0x1.d760e2e68c221p-15"", ""0x1.004aa548d8f6cp-15"", ""0x1.23698f363f846p-14"", ""-0x1.2f3178db192bep-14"", ""0x1.773587aecacbfp-11"", ""0x1.4b5b4e89d4bd9p-12"", ""-0x1.8476ac1a84da4p-8"", ""0x1.02c4b9db94906p-9""]",True
NONSYMMETRIC_D16_C08_E1eM16,NONSYMMETRIC,16,8,1e-16,8797012748846576829,100048547.47211063,100048546.47166444,7.60068801914397e-18,2.7196552727960884e-17,7.604377966822936e-10,2.720975576876175e-09,6.0800348240892415e-09,3.4814178128438127e-09,2.2998319061029353e-09,RESOLUTION_LIMITED,"[""-0x1.3333333333333p-2"", ""0x1.9999999999997p-3"", ""0x1.999999999999bp-2"", ""-0x1.9999999999997p-4"", ""-0x1.ffffffffffffep-2"", ""-0x1.9999999999999p-3"", ""-0x1.0000000000000p-1"", ""-0x1.3333333333331p-2"", ""-0x1.3333333333334p-1"", ""0x1.0000000000000p-1"", ""0x1.9999999999995p-1"", ""0x1.3333333333332p-1"", ""-0x1.ffffffffffffep-2"", ""-0x1.3333333333335p-2"", ""0x1.9999999999999p-4"", ""0x1.9999999999997p-2""]","[""-0x1.3333333384751p-2"", ""0x1.9999999a315b5p-3"", ""0x1.99999998e4357p-2"", ""-0x1.99999996e0ccbp-4"", ""-0x1.ffffffffa06c4p-2"", ""-0x1.9999999a2ef14p-3"", ""-0x1.00000000031a7p-1"", ""-0x1.333333333d6bbp-2"", ""-0x1.333333333beaep-1"", ""0x1.000000001d6fap-1"", ""0x1.9999999986c7fp-1"", ""0x1.333333327d73fp-1"", ""-0x1.ffffffff2a054p-2"", ""-0x1.3333332d5eacep-2"", ""0x1.9999999271a5fp-4"", ""0x1.99999954e5d16p-2""]","[""-0x1.4507800000000p-36"", ""0x1.2f83c00000000p-36"", ""-0x1.6ac8800000000p-35"", ""0x1.5c66600000000p-35"", ""0x1.7e4e800000000p-36"", ""-0x1.2aaf600000000p-36"", ""-0x1.8d38000000000p-40"", ""-0x1.4714000000000p-39"", ""-0x1.16f4000000000p-38"", ""0x1.d6fa000000000p-37"", ""-0x1.2d16000000000p-37"", ""-0x1.6b7e600000000p-34"", ""0x1.abf5400000000p-35"", ""0x1.75219c0000000p-32"", ""-0x1.c9fce80000000p-34"", ""-0x1.12cf204000000p-28""]","[""-0x1.45076129a8cf3p-36"", ""0x1.2f83b441a4a90p-36"", ""-0x1.6ac83169eb7dbp-35"", ""0x1.5c666c4daf1cap-35"", ""0x1.7e4f2ae680f7bp-36"", ""-0x1.2aaf58b180838p-36"", ""-0x1.8d3daee749e3ap-40"", ""-0x1.471218b8cbaa2p-39"", ""-0x1.16f4a25674b08p-38"", ""0x1.d6fa761c9292dp-37"", ""-0x1.2d193281ee093p-37"", ""-0x1.6b7eaba19e4b4p-34"", ""0x1.abf4f64e7e2d1p-35"", ""0x1.752194ffa7aa7p-32"", ""-0x1.c9fcea8427984p-34"", ""-0x1.12cf202d6c774p-28""]",True
NONSYMMETRIC_D16_C08_E1eM15,NONSYMMETRIC,16,8,1e-15,7401063117363221241,100075597.0298919,100075587.02229774,4.2147089659878465e-17,8.39338726310193e-17,4.217895178575361e-09,8.399731645159517e-09,2.5579894014252925e-08,1.2617631214487945e-08,2.0252158159154972e-08,TRANSITION,"[""0x1.3333333333335p-1"", ""-0x1.9999999999999p-3"", ""-0x1.3333333333334p-2"", ""0x1.6666666666666p-1"", ""-0x1.0000000000000p-1"", ""-0x1.9999999999999p-4"", ""0x1.9999999999999p-4"", ""0x1.0000000000001p-1"", ""-0x1.6666666666664p-1"", ""-0x1.999999999999ap-4"", ""0x1.999999999999bp-2"", ""0x1.0000000000000p-1"", ""0x1.999999999999ap-1"", ""0x1.3333333333332p-2"", ""-0x1.cccccccccccccp-1"", ""0x1.999999999999bp-2""]","[""0x1.33333337007bap-1"", ""-0x1.9999998a9f3a0p-3"", ""-0x1.3333332e4389cp-2"", ""0x1.66666664d3eb7p-1"", ""-0x1.000000039b6a1p-1"", ""-0x1.999999a125693p-4"", ""0x1.9999997c6b3f1p-4"", ""0x1.00000003f9f99p-1"", ""-0x1.666666673c033p-1"", ""-0x1.99999992cdb7ap-4"", ""0x1.9999999f6b85dp-2"", ""0x1.fffffffb3802bp-2"", ""0x1.99999995dd2fcp-1"", ""0x1.333333030c480p-2"", ""-0x1.cccccc82b549fp-1"", ""0x1.999996e9fb18ap-2""]","[""0x1.e6a4280000000p-32"", ""0x1.df4bf20000000p-32"", ""0x1.3bea600000000p-32"", ""-0x1.927af00000000p-33"", ""-0x1.cdb5080000000p-32"", ""-0x1.e2f3e80000000p-34"", ""-0x1.d2e5a80000000p-32"", ""0x1.fcfcc00000000p-32"", ""-0x1.ab39e00000000p-34"", ""0x1.b2f8800000000p-34"", ""0x1.747b080000000p-32"", ""-0x1.31ff540000000p-32"", ""-0x1.de34f00000000p-32"", ""-0x1.8137590000000p-29"", ""0x1.285e0b4000000p-27"", ""-0x1.57cf408800000p-25""]","[""0x1.e6a42f3f33970p-32"", ""0x1.df4befcc03e84p-32"", ""0x1.3bea5de3b297dp-32"", ""-0x1.927afa4bcf8e7p-33"", ""-0x1.cdb506be329eap-32"", ""-0x1.e2f3eb9ff2ecbp-34"", ""-0x1.d2e5a7d89b723p-32"", ""0x1.fcfccc3c87d3bp-32"", ""-0x1.ab39c9f75ff41p-34"", ""0x1.b2f88054de54fp-34"", ""0x1.747b01db2d0fep-32"", ""-0x1.31ff483937a14p-32"", ""-0x1.de34fb3248532p-32"", ""-0x1.8137596f8c78bp-29"", ""0x1.285e0aa46f2cdp-27"", ""-0x1.57cf407454200p-25""]",True
NONSYMMETRIC_D16_C08_E1eM14,NONSYMMETRIC,16,8,1e-14,11506434812832761331,100081331.8191171,100081231.72298373,2.498869754113319e-17,1.5462584803075514e-18,2.500902136596218e-09,1.5475145329523675e-10,5.170014383942397e-09,2.6556580077018676e-09,3.618737044563937e-07,OBSERVABLE,"[""-0x1.3333333333333p-2"", ""-0x1.999999999999cp-4"", ""-0x1.9999999999996p-3"", ""0x1.9999999999999p-3"", ""0x1.6666666666666p-1"", ""-0x1.9999999999998p-4"", ""-0x1.ffffffffffffep-2"", ""-0x1.0000000000001p-1"", ""0x1.999999999999ap-4"", ""-0x1.3333333333332p-2"", ""0x1.9999999999998p-1"", ""0x1.999999999999bp-3"", ""0x1.6666666666667p-1"", ""0x1.ccccccccccccdp-1"", ""0x1.999999999999bp-3"", ""0x1.6666666666666p-1""]","[""-0x1.333333003f825p-2"", ""-0x1.9999988c10dcep-4"", ""-0x1.99999a729427dp-3"", ""0x1.99999a20ceda1p-3"", ""0x1.666666862e4bcp-1"", ""-0x1.99999b4b99b85p-4"", ""-0x1.ffffffb8260f5p-2"", ""-0x1.0000003ce6f28p-1"", ""0x1.999999800ab0cp-4"", ""-0x1.3333335d5d4ddp-2"", ""0x1.99999998e84a0p-1"", ""0x1.99999a271b407p-3"", ""0x1.666666443fa8ap-1"", ""0x1.ccccca020f022p-1"", ""0x1.9999960c5825dp-3"", ""0x1.66664ef2fbb84p-1""]","[""0x1.979d870000000p-29"", ""0x1.0d88bce000000p-28"", ""-0x1.b1f51ce000000p-28"", ""0x1.0e6a810000000p-28"", ""0x1.fc7e560000000p-29"", ""-0x1.b2001ed000000p-28"", ""0x1.1f67c24000000p-28"", ""-0x1.e737938000000p-28"", ""-0x1.98ee8e0000000p-32"", ""-0x1.5150d58000000p-29"", ""-0x1.629f000000000p-34"", ""0x1.1b034d8000000p-28"", ""-0x1.1135ee8000000p-28"", ""-0x1.655ee55800000p-24"", ""-0x1.c6a0b9f000000p-26"", ""-0x1.7736aae200000p-21""]","[""0x1.979d87acbd26cp-29"", ""0x1.0d88bcbd77a4bp-28"", ""-0x1.b1f51ca0913dep-28"", ""0x1.0e6a813bddb92p-28"", ""0x1.fc7e55cb35037p-29"", ""-0x1.b2001ebf20dc9p-28"", ""0x1.1f67c3337091fp-28"", ""-0x1.e73793e0c0462p-28"", ""-0x1.98ee8dd761e34p-32"", ""-0x1.5150d594a162ep-29"", ""-0x1.629ed25fce699p-34"", ""0x1.1b034d661b22ep-28"", ""-0x1.1135eec714b9fp-28"", ""-0x1.655ee56890897p-24"", ""-0x1.c6a0b9dec160fp-26"", ""-0x1.7736aae297ca5p-21""]",True
NONSYMMETRIC_D16_C08_E1eM12,NONSYMMETRIC,16,8,1e-12,13261659049119638566,100043452.73308389,100033451.75607945,2.4953726202263133e-18,2.511036046999427e-18,2.496456928453658e-10,2.511876033283888e-10,9.436473940700294e-10,5.008360346615819e-10,2.1718137736838727e-05,OBSERVABLE,"[""-0x1.cccccccccccccp-1"", ""0x1.3333333333333p-2"", ""-0x1.3333333333333p-2"", ""-0x1.999999999999bp-4"", ""0x1.3333333333332p-2"", ""0x1.9999999999999p-3"", ""-0x1.999999999999ap-2"", ""0x1.999999999999bp-1"", ""0x1.3333333333333p-1"", ""0x1.9999999999998p-3"", ""-0x1.9999999999997p-3"", ""-0x1.3333333333335p-2"", ""0x1.0000000000000p-1"", ""0x1.999999999999bp-3"", ""-0x1.9999999999999p-1"", ""-0x1.9999999999998p-2""]","[""-0x1.ccccbd875d835p-1"", ""0x1.3333326c85db3p-2"", ""-0x1.333353213e9fbp-2"", ""-0x1.9999e108ea80dp-4"", ""0x1.3333141a1d7b7p-2"", ""0x1.999965b8284a7p-3"", ""-0x1.99999322611dfp-2"", ""0x1.99999df1b5779p-1"", ""0x1.333325fd77dd0p-1"", ""0x1.99996c11d905cp-3"", ""-0x1.9999c1bb50ffap-3"", ""-0x1.3333087e208bap-2"", ""0x1.ffffd03689905p-2"", ""0x1.9998730097c70p-3"", ""-0x1.99988c5570cb4p-1"", ""-0x1.998f1aaae6ba4p-2""]","[""0x1.e8ade92e00000p-22"", ""-0x1.8d5ab00000000p-27"", ""-0x1.fee0b6c800000p-22"", ""-0x1.1dbd439c80000p-22"", ""-0x1.f1915b7b00000p-22"", ""-0x1.9f0b8a7900000p-22"", ""0x1.9dce1eec00000p-24"", ""0x1.1606f77800000p-23"", ""-0x1.a6b76ac600000p-22"", ""-0x1.6c3e049e00000p-22"", ""-0x1.410dbb3180000p-22"", ""0x1.55a8953d80000p-21"", ""-0x1.7e4bb37d80000p-21"", ""-0x1.269901d2b0000p-19"", ""0x1.0d4428ce50000p-17"", ""0x1.4fddd65be8000p-15""]","[""0x1.e8ade92e08449p-22"", ""-0x1.8d5ab0012e8a5p-27"", ""-0x1.fee0b6c7ef64ap-22"", ""-0x1.1dbd439ca4db1p-22"", ""-0x1.f1915b7cb8305p-22"", ""-0x1.9f0b8a78c083ep-22"", ""0x1.9dce1ee9002e1p-24"", ""0x1.1606f781f81a5p-23"", ""-0x1.a6b76ac5cd51fp-22"", ""-0x1.6c3e049fe9387p-22"", ""-0x1.410dbb3091ee9p-22"", ""0x1.55a8953b6a54ep-21"", ""-0x1.7e4bb37bed7adp-21"", ""-0x1.269901d29da27p-19"", ""0x1.0d4428ce60fd9p-17"", ""0x1.4fddd65be8a1dp-15""]",True
NONSYMMETRIC_D16_C08_E1eM8,NONSYMMETRIC,16,8,1e-8,6182563957615384444,100075235.22809474,50035904.14192385,1.991705382886015e-17,3.768887655513191e-17,1.993203850946666e-09,1.885797018085612e-09,1.074770811430984e-08,3.7740307663951105e-09,0.16248906133620225,OBSERVABLE,"[""0x1.3333333333333p-2"", ""0x1.999999999999ap-1"", ""-0x1.6666666666663p-1"", ""0x1.9999999999998p-1"", ""-0x1.ffffffffffffdp-2"", ""-0x1.9999999999999p-1"", ""-0x1.ccccccccccccep-1"", ""-0x1.3333333333332p-2"", ""0x1.9999999999999p-2"", ""-0x1.6666666666666p-1"", ""0x1.999999999999ap-1"", ""-0x1.ccccccccccccep-1"", ""0x1.0000000000000p-1"", ""-0x1.cccccccccccccp-1"", ""-0x1.6666666666665p-1"", ""-0x1.ccccccccccccep-1""]","[""0x1.33b73d67c3398p-2"", ""0x1.9846ec8ffb404p-1"", ""-0x1.656370a18a8f9p-1"", ""0x1.97d0a4088e5a0p-1"", ""-0x1.fd337a29dc660p-2"", ""-0x1.9905fa48aa90ap-1"", ""-0x1.ce96fd7e295abp-1"", ""-0x1.2e47cfedaaaaap-2"", ""0x1.9d3cea3060f63p-2"", ""-0x1.63b7e36ee5b2ep-1"", ""0x1.9c3661d84762fp-1"", ""-0x1.c65bca9e15772p-1"", ""0x1.f5b652fb01929p-2"", ""-0x1.a3df373675d82p-1"", ""-0x1.438ff97858154p-1"", ""-0x1.cc8e8dd050a0bp-2""]","[""0x1.081469200ca00p-11"", ""-0x1.52ad099e59600p-9"", ""0x1.02f5c4dbd6a00p-9"", ""-0x1.c8f5910b3f800p-9"", ""0x1.6642eb11cce80p-9"", ""0x1.273ea1de11e00p-10"", ""-0x1.ca30b15c8dd00p-9"", ""0x1.3ad8d16222200p-8"", ""0x1.d1a84b63ae500p-9"", ""0x1.57417bc059c00p-8"", ""0x1.4e641f56e4a80p-8"", ""0x1.9c408badd5700p-7"", ""-0x1.4935a09fcdae0p-7"", ""0x1.476cacb2b7a50p-4"", ""0x1.16b3677072888p-4"", ""0x1.cd0b0bc948f91p-2""]","[""0x1.081469200c45dp-11"", ""-0x1.52ad099e5958dp-9"", ""0x1.02f5c4dbd6aefp-9"", ""-0x1.c8f5910b3f982p-9"", ""0x1.6642eb11ccf33p-9"", ""0x1.273ea1de11bd9p-10"", ""-0x1.ca30b15c8dcb0p-9"", ""0x1.3ad8d16222239p-8"", ""0x1.d1a84b63ae50dp-9"", ""0x1.57417bc059bdfp-8"", ""0x1.4e641f56e4bc5p-8"", ""0x1.9c408badd571ep-7"", ""-0x1.4935a09fcdb65p-7"", ""0x1.476cacb2b7a58p-4"", ""0x1.16b36770728a8p-4"", ""0x1.cd0b0bc948f8fp-2""]",True
NONSYMMETRIC_D16_C10_E1eM16,NONSYMMETRIC,16,10,1e-16,5320628604131068992,10009883182.7058,10009873172.84008,5.419248103993639e-19,6.99391056116177e-17,5.4246040753339515e-09,7.000820671087187e-07,1.6287884682209473e-06,7.055066007072965e-07,3.049768866302341e-07,RESOLUTION_LIMITED,"[""0x1.cccccccccccccp-1"", ""-0x1.6666666666666p-1"", ""0x1.fffffffffffffp-2"", ""0x1.6666666666667p-1"", ""0x1.3333333333333p-2"", ""-0x1.9999999999999p-3"", ""-0x1.999999999999cp-4"", ""0x1.999999999999dp-1"", ""0x1.999999999999ap-4"", ""0x1.9999999999999p-3"", ""-0x1.999999999999cp-2"", ""-0x1.999999999999ap-1"", ""0x1.9999999999998p-1"", ""0x1.6666666666664p-1"", ""0x1.999999999999ap-3"", ""-0x1.6666666666666p-1""]","[""0x1.cccccc8b269fdp-1"", ""-0x1.6666664ca5971p-1"", ""0x1.ffffffb55559cp-2"", ""0x1.6666662b1398fp-1"", ""0x1.333333ab44d1fp-2"", ""-0x1.99999932a4130p-3"", ""-0x1.9999976774963p-4"", ""0x1.9999997bfbdeap-1"", ""0x1.99999ba4b8a2bp-4"", ""0x1.9999989b1eebap-3"", ""-0x1.99999a1102a98p-2"", ""-0x1.999999954b83bp-1"", ""0x1.99999917443edp-1"", ""0x1.6666642c60ab0p-1"", ""0x1.999995f86e5cap-3"", ""-0x1.66664ee9befcep-1""]","[""-0x1.0698b3c000000p-27"", ""0x1.9c0cf50000000p-29"", ""-0x1.2aaa98c000000p-28"", ""-0x1.da966c0000000p-28"", ""0x1.e0467b0000000p-28"", ""0x1.9bd61a4000000p-29"", ""0x1.191281c800000p-27"", ""-0x1.d9dbb30000000p-29"", ""0x1.058f848800000p-27"", ""-0x1.fcf55be000000p-28"", ""-0x1.dda43f0000000p-28"", ""0x1.13857c0000000p-31"", ""-0x1.04aab56000000p-26"", ""-0x1.1d02dda000000p-24"", ""-0x1.d0959e8000000p-26"", ""0x1.77ca769800000p-21""]","[""-0x1.0698b3bcc54a4p-27"", ""0x1.9c0cf8296e600p-29"", ""-0x1.2aaa9886f9f9dp-28"", ""-0x1.da966b2086fa2p-28"", ""0x1.e0467b7e8d82ep-28"", ""0x1.9bd61a2fd3b59p-29"", ""0x1.191281a8c01e6p-27"", ""-0x1.d9dbad8e12fd9p-29"", ""0x1.058f8495c409bp-27"", ""-0x1.fcf55c059b4b3p-28"", ""-0x1.dda43f93bcaf5p-28"", ""0x1.13857c2822705p-31"", ""-0x1.04aab551271a2p-26"", ""-0x1.1d02ddb12b8a0p-24"", ""-0x1.d0959e7772366p-26"", ""0x1.77ca7697ba80ap-21""]",True
NONSYMMETRIC_D16_C10_E1eM15,NONSYMMETRIC,16,10,1e-15,10783022002325000839,10004658212.007673,10004558197.275135,2.4414773025111254e-17,5.367225939580191e-18,2.442615191036579e-07,5.3696727153793095e-08,6.285434060266429e-07,2.979581500134787e-07,4.27127601906035e-06,OBSERVABLE,"[""-0x1.0000000000000p-1"", ""-0x1.9999999999997p-1"", ""0x1.6666666666664p-1"", ""-0x1.9999999999999p-1"", ""-0x1.999999999999ap-3"", ""0x1.9999999999997p-4"", ""0x1.9999999999998p-3"", ""-0x1.3333333333333p-1"", ""-0x1.9999999999999p-2"", ""-0x1.6666666666668p-1"", ""-0x1.0000000000001p-1"", ""0x1.9999999999998p-2"", ""0x1.999999999999dp-4"", ""0x1.9999999999998p-4"", ""0x1.3333333333334p-2"", ""-0x1.ccccccccccccdp-1""]","[""-0x1.fffff9f419cd1p-2"", ""-0x1.99999c770360bp-1"", ""0x1.66666659939d0p-1"", ""-0x1.999997ed403d8p-1"", ""-0x1.99998d55842abp-3"", ""0x1.99998dcb0cd39p-4"", ""0x1.9999938201717p-3"", ""-0x1.3333302927791p-1"", ""-0x1.99999fbd5dbcfp-2"", ""-0x1.666664b300382p-1"", ""-0x1.ffffffc9fca8cp-2"", ""0x1.999999822ad42p-2"", ""0x1.99998a07b0babp-4"", ""0x1.9999672347700p-4"", ""0x1.333318e941326p-2"", ""-0x1.cccb9eea6ddd3p-1""]","[""0x1.82f98cbc00000p-24"", ""-0x1.6eb4e3a000000p-24"", ""-0x1.9a59280000000p-30"", ""0x1.ac595c1000000p-25"", ""0x1.8882adde00000p-24"", ""-0x1.79d198bc00000p-25"", ""-0x1.85e60a0400000p-25"", ""0x1.8505dd1000000p-24"", ""-0x1.88f108d800000p-24"", ""0x1.b3662e6000000p-25"", ""0x1.b01abb0000000p-29"", ""-0x1.76ec560000000p-30"", ""-0x1.f23d1be400000p-25"", ""-0x1.93b2914c00000p-23"", ""-0x1.a49f200e00000p-22"", ""0x1.2de25eefa0000p-17""]","[""0x1.82f98cb765f6cp-24"", ""-0x1.6eb4e38ff4988p-24"", ""-0x1.9a592aadf0a62p-30"", ""0x1.ac595bfa89d42p-25"", ""0x1.8882addab3bebp-24"", ""-0x1.79d198badd2c7p-25"", ""-0x1.85e60a0605753p-25"", ""0x1.8505dd20ae4bcp-24"", ""-0x1.88f108daa3095p-24"", ""0x1.b3662e71391f1p-25"", ""0x1.b01aba9991c24p-29"", ""-0x1.76ec599c518b2p-30"", ""-0x1.f23d1bdfc4a98p-25"", ""-0x1.93b2914cc931ap-23"", ""-0x1.a49f200e50d24p-22"", ""0x1.2de25eefa3cc4p-17""]",True
NONSYMMETRIC_D16_C10_E1eM14,NONSYMMETRIC,16,10,1e-14,11888844842351637888,10010952402.352161,10009951048.363499,1.4653198452148243e-18,1.7376572414659037e-18,1.466924743985446e-08,1.7393864228454553e-08,6.484337773665913e-08,3.206298674327652e-08,2.4960732611873542e-05,OBSERVABLE,"[""0x1.9999999999999p-2"", ""-0x1.999999999999bp-3"", ""0x1.999999999999bp-4"", ""0x1.0000000000001p-1"", ""-0x1.3333333333332p-1"", ""0x1.999999999999ap-1"", ""0x1.0000000000000p-1"", ""-0x1.9999999999999p-2"", ""0x1.ffffffffffffdp-2"", ""-0x1.0000000000000p-1"", ""-0x1.3333333333333p-1"", ""0x1.3333333333335p-1"", ""0x1.ffffffffffffdp-2"", ""0x1.6666666666667p-1"", ""0x1.9999999999999p-4"", ""-0x1.0000000000000p-1""]","[""0x1.9999b75752c76p-2"", ""-0x1.9999d8aa2ce69p-3"", ""0x1.999915e6ae5efp-4"", ""0x1.000009a8260dbp-1"", ""-0x1.33334215745ebp-1"", ""0x1.99998a1e2d42bp-1"", ""0x1.ffffd97495635p-2"", ""-0x1.9999979956661p-2"", ""0x1.ffffef9dcc33ap-2"", ""-0x1.fffff0d8de5a2p-2"", ""-0x1.3333391926440p-1"", ""0x1.33332a09df9bep-1"", ""0x1.ffffeed8bc9dcp-2"", ""0x1.66657b0bb1538p-1"", ""0x1.9998df4ff50e4p-4"", ""-0x1.fff2e6b72a11ap-2""]","[""0x1.dbdb92dd00000p-22"", ""-0x1.f8849a6700000p-22"", ""-0x1.0765d67580000p-21"", ""0x1.3504c1b400000p-22"", ""-0x1.dc48257200000p-22"", ""-0x1.ef6d8ade00000p-22"", ""-0x1.345b54e580000p-21"", ""0x1.002199c000000p-25"", ""-0x1.06233cc300000p-22"", ""0x1.e4e434bc00000p-23"", ""-0x1.797cc43400000p-23"", ""-0x1.252a72ee00000p-22"", ""-0x1.1274362100000p-22"", ""-0x1.d6b56a25e0000p-18"", ""-0x1.74934916a0000p-21"", ""0x1.a3291abdcc000p-15""]","[""0x1.dbdb92dca9fa5p-22"", ""-0x1.f8849a68cd27bp-22"", ""-0x1.0765d67505a50p-21"", ""0x1.3504c1b593475p-22"", ""-0x1.dc482570c08c4p-22"", ""-0x1.ef6d8adde1584p-22"", ""-0x1.345b54e643d3ep-21"", ""0x1.002199bad0655p-25"", ""-0x1.06233cc4877e9p-22"", ""0x1.e4e434bfd9dbfp-23"", ""-0x1.797cc43411680p-23"", ""-0x1.252a72eb59c55p-22"", ""-0x1.1274362528ed3p-22"", ""-0x1.d6b56a25eb326p-18"", ""-0x1.74934916b36dfp-21"", ""0x1.a3291abdcaa75p-15""]",True
NONSYMMETRIC_D16_C10_E1eM12,NONSYMMETRIC,16,10,1e-12,3571665662216106740,10005910099.012423,9906850833.79125,3.782959105713223e-18,6.8925616505920455e-18,3.7851950152777014e-08,6.828358479777304e-08,1.8072443660462765e-07,1.0612504333464055e-07,0.0011696738945554742,OBSERVABLE,"[""0x1.3333333333334p-2"", ""-0x1.999999999999bp-4"", ""-0x1.3333333333332p-1"", ""0x1.0000000000002p-1"", ""0x1.ccccccccccccfp-1"", ""-0x1.999999999999ap-4"", ""0x1.3333333333333p-1"", ""-0x1.9999999999998p-3"", ""0x1.999999999999ap-4"", ""-0x1.999999999999ap-4"", ""-0x1.3333333333333p-1"", ""0x1.6666666666668p-1"", ""0x1.999999999999ep-4"", ""-0x1.9999999999998p-4"", ""0x1.999999999999bp-3"", ""0x1.999999999999ap-3""]","[""0x1.333367f1a4eafp-2"", ""-0x1.9997db6bc57afp-4"", ""-0x1.3330e82b34668p-1"", ""0x1.0000e9598adabp-1"", ""0x1.cccc739a23f61p-1"", ""-0x1.9991c945adbc2p-4"", ""0x1.3335ea0fad553p-1"", ""-0x1.9993ccb308c5dp-3"", ""0x1.99adbf52e8ae2p-4"", ""-0x1.99ae4f4b0c98bp-4"", ""-0x1.332ffda17f5c7p-1"", ""0x1.6667e2856df7ap-1"", ""0x1.999a24c4df6d6p-4"", ""-0x1.9924b472a34efp-4"", ""0x1.9935c6d802972p-3"", ""0x1.958c0818b9750p-3""]","[""0x1.a5f38dbd80000p-21"", ""0x1.be2dd41ec0000p-20"", ""0x1.2583ff6650000p-16"", ""0x1.d2b315b520000p-18"", ""-0x1.64caa35b80000p-19"", ""0x1.f414faf760000p-18"", ""0x1.5b6e3d1100000p-16"", ""0x1.7339a434ec000p-17"", ""0x1.425b94f148000p-16"", ""-0x1.4b5b172ff1000p-16"", ""0x1.9ac8d9eb60000p-16"", ""0x1.7c1f079120000p-17"", ""0x1.16568ba700000p-21"", ""0x1.d3949bd92a400p-14"", ""-0x1.8f4b065c0a400p-13"", ""-0x1.0364603809280p-9""]","[""0x1.a5f38dbe1d860p-21"", ""0x1.be2dd41e8ffc0p-20"", ""0x1.2583ff665aec5p-16"", ""0x1.d2b315b573f48p-18"", ""-0x1.64caa35b1bc7bp-19"", ""0x1.f414faf763c97p-18"", ""0x1.5b6e3d1103cb9p-16"", ""0x1.7339a434f3053p-17"", ""0x1.425b94f146787p-16"", ""-0x1.4b5b172ff3722p-16"", ""0x1.9ac8d9eb5ba17p-16"", ""0x1.7c1f07913a40bp-17"", ""0x1.16568ba7d78a3p-21"", ""0x1.d3949bd92a56bp-14"", ""-0x1.8f4b065c09d17p-13"", ""-0x1.0364603809209p-9""]",True
NONSYMMETRIC_D16_C10_E1eM8,NONSYMMETRIC,16,10,1e-8,934776326821719402,10007416946.891548,99081691.43780705,4.2674136206748217e-17,1.5488258073220206e-18,4.270580562478758e-07,1.534602807555429e-10,8.950931796809402e-07,4.27204666348801e-07,0.13406078462150195,OBSERVABLE,"[""0x1.0000000000001p-1"", ""-0x1.999999999999bp-4"", ""0x1.3333333333334p-2"", ""-0x1.9999999999998p-3"", ""0x1.9999999999998p-2"", ""-0x1.999999999999ap-1"", ""0x1.6666666666668p-1"", ""-0x1.6666666666665p-1"", ""-0x1.9999999999998p-4"", ""-0x1.6666666666667p-1"", ""-0x1.ccccccccccccdp-1"", ""-0x1.ccccccccccccep-1"", ""-0x1.999999999999ap-3"", ""-0x1.999999999999bp-4"", ""0x1.9999999999998p-4"", ""0x1.9999999999998p-3""]","[""0x1.feedd73672808p-2"", ""-0x1.ab00b760ee3a9p-4"", ""0x1.338f709ea4c8fp-2"", ""-0x1.972f7e1f6289ap-3"", ""0x1.9860d2f16aa81p-2"", ""-0x1.98e9e08c35e84p-1"", ""0x1.67faa7941201bp-1"", ""-0x1.64c9033688c82p-1"", ""-0x1.8d20d2565ba48p-4"", ""-0x1.63296f629ad74p-1"", ""-0x1.a28e7be4243aap-1"", ""-0x1.a3594000fb8ecp-1"", ""-0x1.a028123ce6297p-4"", ""-0x1.24efd9bb025efp-7"", ""0x1.29e638e3a44cbp-7"", ""0x1.05c58821f992dp-9""]","[""-0x1.1228c98d7fa00p-10"", ""-0x1.1671dc754a0e0p-8"", ""0x1.70f5adc656c00p-12"", ""0x1.350dbd1b87f00p-10"", ""-0x1.38c6a82ef1700p-10"", ""0x1.5f721ac762c00p-10"", ""0x1.94412dab9b300p-9"", ""0x1.9d632fdd9e300p-9"", ""0x1.8f18e867bea00p-9"", ""0x1.9e7b81e5c7980p-8"", ""0x1.51f2874544918p-4"", ""0x1.4b9c665e89f10p-4"", ""0x1.930b20f64d09dp-4"", ""0x1.74fb9e62394ddp-4"", ""-0x1.745cd27d250ffp-4"", ""-0x1.9582837911b33p-3""]","[""-0x1.1228c98d7f832p-10"", ""-0x1.1671dc754a10ap-8"", ""0x1.70f5adc656c1fp-12"", ""0x1.350dbd1b87f1dp-10"", ""-0x1.38c6a82ef172fp-10"", ""0x1.5f721ac762b58p-10"", ""0x1.94412dab9b4e1p-9"", ""0x1.9d632fdd9e54ap-9"", ""0x1.8f18e867be9cdp-9"", ""0x1.9e7b81e5c7997p-8"", ""0x1.51f287454491dp-4"", ""0x1.4b9c665e89f03p-4"", ""0x1.930b20f64d09ap-4"", ""0x1.74fb9e62394ddp-4"", ""-0x1.745cd27d250fdp-4"", ""-0x1.9582837911b36p-3""]",True
SADDLE_POINT_LIKE_D02_C02_E1eM16,SADDLE_POINT_LIKE,2,2,1e-16,13026796941275763172,122.99186938124424,122.99186938124559,4.8775456294410465e-18,0.0,5.998984549572723e-16,0.0,3.634965761873395e-15,5.0407905534579074e-15,6.955905073002104e-15,TRANSITION,"[""-0x1.3333333333332p-1"", ""0x1.9999999999990p-2""]","[""-0x1.3333333333336p-1"", ""0x1.99999999999e0p-2""]","[""-0x1.0000000000000p-51"", ""0x1.4000000000000p-48""]","[""-0x1.cd2b297d88a16p-52"", ""0x1.6849b86a12bd9p-48""]",True
SADDLE_POINT_LIKE_D02_C02_E1eM15,SADDLE_POINT_LIKE,2,2,1e-15,7350728063870898904,122.99186938124424,122.991869381258,7.411594778511236e-18,5.929275822808712e-17,9.115658969053666e-16,7.292527175243455e-15,1.3441803616387843e-14,1.2644985170650147e-14,8.968479710553063e-14,TRANSITION,"[""0x1.6666666666666p-1"", ""-0x1.999999999999ep-1""]","[""0x1.66666666666afp-1"", ""-0x1.9999999999d03p-1""]","[""0x1.2400000000000p-47"", ""-0x1.b280000000000p-44""]","[""0x1.203af9ee75873p-47"", ""-0x1.abd78afdf670fp-44""]",True
SADDLE_POINT_LIKE_D02_C02_E1eM14,SADDLE_POINT_LIKE,2,2,1e-14,5172721067316819950,122.99186938124424,122.99186938138172,0.0,8.52723371479897e-18,0.0,1.0487804152350703e-15,4.425915475949665e-15,5.489672513736864e-15,6.345198063230798e-13,OBSERVABLE,"[""0x1.6666666666667p-1"", ""-0x1.99999999999abp-2""]","[""0x1.66666666667d0p-1"", ""-0x1.999999999bd9ep-2""]","[""0x1.6900000000000p-45"", ""-0x1.1f98000000000p-41""]","[""0x1.6849b86a14b3cp-45"", ""-0x1.1f1abef4884a6p-41""]",True
SADDLE_POINT_LIKE_D02_C02_E1eM12,SADDLE_POINT_LIKE,2,2,1e-12,16988345681857728231,122.99186938124424,122.99186939499512,0.0,4.298951002571461e-17,0.0,5.2873602024375525e-15,3.5075712493494715e-15,9.728252301440618e-15,8.638019717037802e-11,OBSERVABLE,"[""0x1.9999999999999p-3"", ""0x1.3333333333333p-2""]","[""0x1.999999997f362p-3"", ""0x1.33333333bb89dp-2""]","[""-0x1.a637000000000p-39"", ""0x1.10ad400000000p-35""]","[""-0x1.a636641d0953cp-39"", ""0x1.10adcb52c9a1bp-35""]",True
SADDLE_POINT_LIKE_D02_C02_E1eM8,SADDLE_POINT_LIKE,2,2,1e-8,8409439211702199946,122.99186938124424,122.99200689048702,0.0,3.532617325197547e-18,0.0,4.344836944021507e-16,1.5417299762762798e-15,4.875378261990404e-15,1.0163672029359326e-06,OBSERVABLE,"[""0x1.9999999999999p-4"", ""0x1.3333333333336p-2""]","[""0x1.9999918c0374bp-4"", ""0x1.333348acc3a53p-2""]","[""-0x1.01b2c49c00000p-25"", ""0x1.5799071d00000p-22""]","[""-0x1.01b2c49df7810p-25"", ""0x1.5799071e271dep-22""]",True
SADDLE_POINT_LIKE_D02_C04_E1eM16,SADDLE_POINT_LIKE,2,4,1e-16,15585786648907309406,12101.999917369034,12101.999917382347,4.453846513496188e-19,5.700923537273005e-17,5.390045013830552e-15,6.899257617712858e-13,7.438515742575211e-13,6.997566988840448e-13,8.212837996986767e-13,TRANSITION,"[""-0x1.6666666666667p-1"", ""-0x1.9999999999957p-1""]","[""-0x1.666666666661ep-1"", ""-0x1.999999999b84ep-1""]","[""0x1.2400000000000p-47"", ""-0x1.ef70000000000p-41""]","[""0x1.203af9ee76b84p-47"", ""-0x1.eb748f271971ep-41""]",True
SADDLE_POINT_LIKE_D02_C04_E1eM15,SADDLE_POINT_LIKE,2,4,1e-15,467657372582350717,12101.999917369034,12101.999917502179,4.490740448350831e-19,5.748323190739145e-17,5.434694053486783e-15,6.956620678014939e-13,7.499968137947281e-13,7.055376539579067e-13,8.344533476449436e-12,OBSERVABLE,"[""-0x1.6666666666666p-1"", ""0x1.99999999999adp-1""]","[""-0x1.6666666666938p-1"", ""0x1.99999999ad259p-1""]","[""-0x1.6900000000000p-44"", ""0x1.38ac000000000p-37""]","[""-0x1.6849b86a23e30p-44"", ""0x1.3815db7df0784p-37""]",True
SADDLE_POINT_LIKE_D02_C04_E1eM14,SADDLE_POINT_LIKE,2,4,1e-14,15614587718161685757,12101.999917369034,12101.999918700472,0.0,8.646491075480925e-19,0.0,1.046398342925156e-14,1.3741616255908353e-14,1.4904875527812434e-14,2.2887191385729673e-11,OBSERVABLE,"[""0x1.cccccccccccccp-1"", ""0x1.99999999999adp-3""]","[""0x1.cccccccccc5c4p-1"", ""0x1.9999999a53140p-3""]","[""-0x1.c200000000000p-43"", ""0x1.72f2600000000p-36""]","[""-0x1.c25c2685637a9p-43"", ""0x1.7331f3bff82e9p-36""]",True
SADDLE_POINT_LIKE_D02_C04_E1eM12,SADDLE_POINT_LIKE,2,4,1e-12,9003497367679453811,12101.999917369034,12102.000050513037,5.038800263990296e-19,6.44986115019467e-17,6.097956037845e-15,7.80562199655189e-13,6.805308556588051e-13,7.911010506264693e-13,6.312514452622098e-09,OBSERVABLE,"[""-0x1.6666666666666p-1"", ""-0x1.000000000000cp-1""]","[""-0x1.66666665f872ep-1"", ""-0x1.0000002ea4aa9p-1""]","[""0x1.b7ce000000000p-35"", ""-0x1.75254e8000000p-28""]","[""0x1.b7cdfded9dd2cp-35"", ""-0x1.7525923ee28cfp-28""]",True
SADDLE_POINT_LIKE_D02_C04_E1eM8,SADDLE_POINT_LIKE,2,4,1e-8,17776842418592038189,12101.999917369034,12103.331503864738,0.0,5.944077177842e-17,0.0,7.194313656803024e-13,6.47464716139962e-13,7.238875591607798e-13,4.830645285170845e-05,OBSERVABLE,"[""-0x1.9999999999999p-1"", ""-0x1.99999999999adp-2""]","[""-0x1.99998c2d414a3p-1"", ""-0x1.99a4ed059a6b2p-2""]","[""0x1.ad8b09ec00000p-22"", ""-0x1.6a6d801a0a000p-15""]","[""0x1.ad8b09ef6df1bp-22"", ""-0x1.6a6d801b60633p-15""]",True
SADDLE_POINT_LIKE_D02_C06_E1eM16,SADDLE_POINT_LIKE,2,6,1e-16,6172187102188567891,1210001.9999991737,1210002.000132274,5.229452424797024e-17,5.106884698368477e-20,6.327647893305319e-11,6.179340699471146e-14,6.521531475648366e-11,6.334271323214806e-11,5.333332881876941e-11,RESOLUTION_LIMITED,"[""0x1.ccccccccccccbp-1"", ""0x1.000000000043ep-1""]","[""0x1.ccccccccccb09p-1"", ""0x1.0000000079362p-1""]","[""-0x1.c200000000000p-45"", ""0x1.e3c9000000000p-35""]","[""-0x1.c25c26856c4bbp-45"", ""0x1.e2fe53e997aacp-35""]",True
SADDLE_POINT_LIKE_D02_C06_E1eM15,SADDLE_POINT_LIKE,2,6,1e-15,3187447656405735246,1210001.9999991737,1210002.0013301785,0.0,5.079166787536271e-20,0.0,6.145801978009038e-14,4.420633401876564e-14,6.589891193468395e-14,9.843175311511617e-10,OBSERVABLE,"[""0x1.3333333333333p-2"", ""-0x1.33333333331ffp-1""]","[""0x1.3333333335d6cp-2"", ""-0x1.33333338df44bp-1""]","[""0x1.51c8000000000p-41"", ""-0x1.6b09300000000p-31""]","[""0x1.51c51ce9adfaep-41"", ""-0x1.6b00f6b2a2532p-31""]",True
SADDLE_POINT_LIKE_D02_C06_E1eM14,SADDLE_POINT_LIKE,2,6,1e-14,6521552846589150495,1210001.9999991737,1210002.013309218,9.489162746932036e-20,9.489162739501995e-20,1.1481905902106734e-13,1.1481906019417548e-13,1.260554054767533e-13,2.3407901149050324e-13,4.076014409807841e-09,OBSERVABLE,"[""0x1.ffffffffffffep-2"", ""0x1.999999999a063p-3""]","[""0x1.fffffffff7345p-2"", ""0x1.999999e504562p-3""]","[""-0x1.1972000000000p-39"", ""0x1.2da93fc000000p-29""]","[""-0x1.19799846b2e1cp-39"", ""0x1.2dadb294e6606p-29""]",True
SADDLE_POINT_LIKE_D02_C06_E1eM12,SADDLE_POINT_LIKE,2,6,1e-12,13037184807178231982,1210001.9999991737,1210003.3310050382,0.0,0.0,0.0,0.0,3.820201223798466e-15,4.440893717927996e-15,8.956894114190649e-07,OBSERVABLE,"[""0x1.0000000000000p-1"", ""-0x1.6666666666824p-1""]","[""0x1.0000000603516p-1"", ""-0x1.66668040f3c37p-1""]","[""0x1.80d4580000000p-31"", ""-0x1.9da8d41300000p-21""]","[""0x1.80d459ac6a2e7p-31"", ""-0x1.9da8d483d8488p-21""]",True
SADDLE_POINT_LIKE_D02_C06_E1eM8,SADDLE_POINT_LIKE,2,6,1e-8,12016892431086409830,1210001.9999991737,1223460.083034922,5.95669150655118e-20,0.0,7.207608636305538e-14,0.0,6.537873651941045e-14,7.652002324465504e-14,0.003895850557135005,OBSERVABLE,"[""0x1.9999999999999p-1"", ""0x1.3333333332fe6p-2""]","[""0x1.999933d1ded1fp-1"", ""0x1.369bc6c1e832ap-2""]","[""-0x1.971eeb1e80000p-19"", ""0x1.b449c75a9a200p-9""]","[""-0x1.971eeb1ec3557p-19"", ""0x1.b449c75ab457fp-9""]",True
SADDLE_POINT_LIKE_D02_C08_E1eM16,SADDLE_POINT_LIKE,2,8,1e-16,3502148236062832963,121000002.00000001,121000003.33100006,5.2255922543445607e-17,0.0,6.322966772248673e-09,0.0,8.94203164411377e-10,6.322971213140784e-09,7.777467603963126e-09,TRANSITION,"[""-0x1.9999999999999p-4"", ""-0x1.9999999997cb7p-4""]","[""-0x1.9999999997d74p-4"", ""-0x1.999999e52f332p-4""]","[""0x1.c250000000000p-44"", ""-0x1.2e5d9ec000000p-30""]","[""0x1.c25c26d7b094fp-44"", ""-0x1.2e569523759bap-30""]",True
SADDLE_POINT_LIKE_D02_C08_E1eM15,SADDLE_POINT_LIKE,2,8,1e-15,2214474677380291679,121000002.00000001,121000015.31000192,6.2174060228665454e-21,5.093298957751879e-17,7.523061412022301e-13,6.162892556645186e-09,6.6670063082102934e-09,6.163649512334942e-09,6.102534905253954e-08,TRANSITION,"[""-0x1.cccccccccccccp-1"", ""0x1.333333333106cp-1""]","[""-0x1.ccccccccd9fe9p-1"", ""0x1.3333356a3ace2p-1""]","[""-0x1.a63a000000000p-38"", ""0x1.1b84e3b000000p-24""]","[""-0x1.a636672796f08p-38"", ""0x1.1b81abc80d20ep-24""]",True
SADDLE_POINT_LIKE_D02_C08_E1eM14,SADDLE_POINT_LIKE,2,8,1e-14,5951943962751057553,121000002.00000001,121000135.1001508,8.755838378785717e-21,7.172782720704548e-17,1.0594564613458712e-12,8.67907685781915e-09,6.137786524479452e-09,8.680140945866934e-09,1.5546466856844533e-07,OBSERVABLE,"[""-0x1.6666666666664p-1"", ""-0x1.99999999b54c9p-4""]","[""-0x1.666666665068dp-1"", ""-0x1.9999b71bf10ebp-4""]","[""0x1.5fd7000000000p-37"", ""-0x1.d823bc2200000p-24""]","[""0x1.5fd81770cf197p-37"", ""-0x1.d825723a24f23p-24""]",True
SADDLE_POINT_LIKE_D02_C08_E1eM12,SADDLE_POINT_LIKE,2,8,1e-12,8897003781037175326,121000002.00000001,121013313.46470116,1.781112869928421e-17,2.174010154106248e-21,2.1551466128803036e-09,2.630841722543719e-13,1.3110872528300186e-09,2.1554141663417266e-09,0.00010851362457883336,OBSERVABLE,"[""0x1.9999999999998p-4"", ""0x1.33333333337c3p-1""]","[""0x1.999997fd3cdf2p-4"", ""0x1.333bda00a9721p-1""]","[""-0x1.9c5cba6000000p-28"", ""0x1.14d9aebebc000p-14""]","[""-0x1.9c5cba6c04359p-28"", ""0x1.14d9aec887e5dp-14""]",True
SADDLE_POINT_LIKE_D02_C08_E1eM8,SADDLE_POINT_LIKE,2,8,1e-8,7661519954284096115,121000002.00000001,1209999921.0000079,8.505836226742388e-21,1.522219607560038e-17,1.0292062004485607e-12,1.8418856388177354e-08,5.553755221408583e-08,1.309032659369667e-07,7.7788810247989435,OBSERVABLE,"[""0x1.3333333333332p-2"", ""-0x1.3333333332aa6p-2""]","[""0x1.32e48c87906dap-2"", ""0x1.8009d210c8ba0p+1""]","[""-0x1.3a9aae8b16000p-12"", ""0x1.a67038772f0f5p+1""]","[""-0x1.3a9aae8b15f04p-12"", ""0x1.a67038772e9d1p+1""]",True
SADDLE_POINT_LIKE_D02_C10_E1eM16,SADDLE_POINT_LIKE,2,10,1e-16,7134864161982781462,12100000002.0,12100013312.014643,0.0,0.0,0.0,0.0,4.189529873944228e-15,4.440892784584553e-15,5.829909953412449e-07,OBSERVABLE,"[""0x1.9999999999999p-1"", ""0x1.00000000114fep-1""]","[""0x1.999999998e9adp-1"", ""0x1.00001274896edp-1""]","[""-0x1.5fd8000000000p-38"", ""0x1.274781ef00000p-21""]","[""-0x1.5fd81774d8bb5p-38"", ""0x1.27466875dfb09p-21""]",True
SADDLE_POINT_LIKE_D02_C10_E1eM15,SADDLE_POINT_LIKE,2,10,1e-15,10893762674769248071,12100000002.0,12100133103.464159,0.0,0.0,0.0,0.0,4.213002479616961e-15,4.44089454117961e-15,3.4786385596544255e-06,OBSERVABLE,"[""-0x1.cccccccccccccp-1"", ""0x1.3333333327311p-2""]","[""-0x1.cccccccd0ec58p-1"", ""0x1.333410ab44130p-2""]","[""-0x1.07e3000000000p-35"", ""0x1.baf039c3e0000p-19""]","[""-0x1.07e2bcceeb115p-35"", ""0x1.baef79ee89e33p-19""]",True
SADDLE_POINT_LIKE_D02_C10_E1eM14,SADDLE_POINT_LIKE,2,10,1e-14,10818478010578314408,12100000002.0,12101331148.426546,0.0,5.225600965805926e-17,0.0,6.323676772561773e-07,1.7887042887926933e-07,6.324024660693547e-07,7.778959568272898e-05,OBSERVABLE,"[""-0x1.9999999999999p-3"", ""-0x1.99999999a4e86p-3""]","[""-0x1.99999992ba300p-3"", ""-0x1.99a522b02a0b6p-3""]","[""0x1.b7da640000000p-33"", ""-0x1.7122d0a460000p-16""]","[""0x1.b7da60782edc7p-33"", ""-0x1.7122d0feddc8cp-16""]",True
SADDLE_POINT_LIKE_D02_C10_E1eM12,SADDLE_POINT_LIKE,2,10,1e-12,15653859858006204040,12100000002.0,12234580386.271105,5.1123266106441835e-22,0.0,6.185915199940193e-12,0.0,4.990829558574866e-12,6.1903621968038e-12,0.005518316629323082,OBSERVABLE,"[""0x1.6666666666665p-1"", ""-0x1.999999997bee0p-2""]","[""0x1.666667c1d1ad7p-1"", ""-0x1.9e27e18c0336ep-2""]","[""0x1.5b6b472000000p-25"", ""-0x1.2391fca1d2380p-8""]","[""0x1.5b6b471541d8dp-25"", ""-0x1.2391fc95907cep-8""]",True
SADDLE_POINT_LIKE_D02_C10_E1eM8,SADDLE_POINT_LIKE,2,10,1e-8,1243587067684604192,12100000002.0,111009175.33019105,0.0,6.305733904469378e-17,0.0,6.999943254866918e-09,1.4009841405726587e-09,1.698942820997931e-09,0.9790406649162811,OBSERVABLE,"[""-0x1.9999999999999p-3"", ""-0x1.999999999aa9dp-1""]","[""-0x1.999d72701e48dp-3"", ""0x1.e0e0bec99546ep-8""]","[""-0x1.ec6b4257a0000p-18"", ""0x1.9d5b5b172dd46p-1""]","[""-0x1.ec6b4257a1b74p-18"", ""0x1.9d5b5b172dd1bp-1""]",True
SADDLE_POINT_LIKE_D04_C02_E1eM16,SADDLE_POINT_LIKE,4,2,1e-16,1864928768806077882,183.47996411062803,183.47996411063008,2.017230206247496e-17,4.892501889144052e-18,3.701213258451667e-15,8.976760710313413e-16,1.1821048114882957e-14,9.039781427983653e-15,7.977459875730484e-15,RESOLUTION_LIMITED,"[""0x1.9999999999999p-2"", ""-0x1.ffffffffffffep-2"", ""-0x1.6666666666666p-1"", ""0x1.cccccccccccc5p-1""]","[""0x1.999999999999bp-2"", ""-0x1.0000000000007p-1"", ""-0x1.6666666666667p-1"", ""0x1.ccccccccccd1fp-1""]","[""0x1.0000000000000p-53"", ""-0x1.0000000000000p-50"", ""-0x1.0000000000000p-53"", ""0x1.6800000000000p-47""]","[""0x1.42d169d7dfa04p-54"", ""-0x1.0334a0b6515abp-50"", ""-0x1.db80162eca005p-54"", ""0x1.766c0c999732dp-47""]",True
SADDLE_POINT_LIKE_D04_C02_E1eM15,SADDLE_POINT_LIKE,4,2,1e-15,11399759693937050620,183.70842668056392,183.7084266805843,6.814691199847389e-17,7.607179438018651e-17,1.2519161986378639e-14,1.3975029660353173e-14,3.9373933487090016e-14,3.09350837452327e-14,4.194960838264165e-14,TRANSITION,"[""-0x1.9999999999995p-2"", ""0x1.cccccccccccccp-1"", ""-0x1.6666666666667p-1"", ""-0x1.99999999999acp-2""]","[""-0x1.9999999999988p-2"", ""0x1.cccccccccccf1p-1"", ""-0x1.666666666666cp-1"", ""-0x1.9999999999da8p-2""]","[""0x1.a000000000000p-51"", ""0x1.2800000000000p-48"", ""-0x1.4000000000000p-51"", ""-0x1.fe00000000000p-45""]","[""0x1.c1d1be98b736fp-51"", ""0x1.215adc53f601ap-48"", ""-0x1.2386b326b0599p-51"", ""-0x1.df7cc70e1d482p-45""]",True
SADDLE_POINT_LIKE_D04_C02_E1eM14,SADDLE_POINT_LIKE,4,2,1e-14,16070823549828063926,183.6455799273348,183.64557992753967,2.645720486473363e-17,2.5667258874328023e-17,4.858748730640335e-15,4.713678641126281e-15,1.0297644691429663e-14,1.4013319470268112e-14,3.837863495133303e-13,OBSERVABLE,"[""-0x1.999999999999ap-2"", ""0x1.ffffffffffffep-2"", ""-0x1.9999999999999p-3"", ""0x1.3333333333336p-2""]","[""-0x1.999999999997fp-2"", ""0x1.ffffffffffde4p-2"", ""-0x1.9999999999933p-3"", ""0x1.33333333346e9p-2""]","[""0x1.b000000000000p-50"", ""-0x1.0d00000000000p-45"", ""0x1.9800000000000p-49"", ""0x1.3b30000000000p-42""]","[""0x1.939a6e699c502p-50"", ""-0x1.0e1700842a855p-45"", ""0x1.94fae7b3bc338p-49"", ""0x1.3bb619db6f72dp-42""]",True
SADDLE_POINT_LIKE_D04_C02_E1eM12,SADDLE_POINT_LIKE,4,2,1e-12,8392143630435653288,183.49592703731312,183.49592705777417,3.8183628779113977e-17,5.3999805679602635e-17,7.006540360472197e-15,9.908744404118442e-15,2.07055816822922e-14,2.1356176863263064e-14,4.0375755998191964e-11,OBSERVABLE,"[""0x1.6666666666666p-1"", ""0x1.0000000000000p-1"", ""0x1.9999999999999p-3"", ""0x1.999999999999cp-2""]","[""0x1.6666666665f5cp-1"", ""0x1.ffffffffee6cep-2"", ""0x1.999999999440cp-3"", ""0x1.9999999a44d63p-2""]","[""-0x1.c280000000000p-43"", ""-0x1.1932000000000p-38"", ""-0x1.5634000000000p-41"", ""0x1.5678e00000000p-35""]","[""-0x1.c25c26849186fp-43"", ""-0x1.19318954d8b21p-38"", ""-0x1.562dd2b02760dp-41"", ""0x1.567c13daab6c7p-35""]",True
SADDLE_POINT_LIKE_D04_C02_E1eM8,SADDLE_POINT_LIKE,4,2,1e-8,14763004884746340781,183.573337448133,183.57354222693698,2.2904743192056834e-17,2.290474301375e-17,4.204700151158294e-15,4.204704808831793e-15,1.6754737559036426e-14,1.2850297105106988e-14,9.956465167058514e-08,OBSERVABLE,"[""-0x1.9999999999996p-3"", ""0x1.ccccccccccccbp-1"", ""-0x1.ccccccccccccep-1"", ""0x1.99999999999d5p-3""]","[""-0x1.9999986b2c7f3p-3"", ""0x1.cccccc2283697p-1"", ""-0x1.cccccd09a9b5ep-1"", ""0x1.9999aac09d03cp-3""]","[""0x1.2e6d1a3000000p-27"", ""-0x1.5492c68000000p-26"", ""-0x1.e6e7480000000p-28"", ""0x1.1270366700000p-23""]","[""0x1.2e6d1a31515d9p-27"", ""-0x1.5492c680deb89p-26"", ""-0x1.e6e7484166552p-28"", ""0x1.12703653433d0p-23""]",True
SADDLE_POINT_LIKE_D04_C04_E1eM16,SADDLE_POINT_LIKE,4,4,1e-16,8406512469157112912,18198.925068886234,18198.92506890625,3.42526922618996e-17,2.2836676560315203e-17,6.233621798823188e-13,4.156029655441968e-13,1.157193275018251e-12,1.0434060375253201e-12,8.962094450529481e-13,RESOLUTION_LIMITED,"[""0x1.9999999999994p-4"", ""-0x1.9999999999998p-2"", ""-0x1.fffffffffffffp-2"", ""0x1.ccccccccccc9cp-1""]","[""0x1.99999999999a0p-4"", ""-0x1.9999999999a3ap-2"", ""-0x1.0000000000000p-1"", ""0x1.cccccccccef70p-1""]","[""0x1.8000000000000p-53"", ""-0x1.4400000000000p-47"", ""-0x1.0000000000000p-54"", ""0x1.16a0000000000p-40""]","[""0x1.42c9266f43bf4p-53"", ""-0x1.44356fd8d07dfp-47"", ""-0x1.099c1aa49edf5p-54"", ""0x1.17c24d88ac342p-40""]",True
SADDLE_POINT_LIKE_D04_C04_E1eM15,SADDLE_POINT_LIKE,4,4,1e-15,14494958488959823709,18207.34603540327,18207.34603560366,0.0,5.30709351374863e-17,0.0,9.662808804822238e-13,1.235527106468342e-12,9.707217725817362e-13,3.396503408828477e-12,TRANSITION,"[""-0x1.ccccccccccccdp-1"", ""-0x1.999999999999ap-1"", ""0x1.99999999999a1p-4"", ""-0x1.9999999999827p-2""]","[""-0x1.cccccccccccd1p-1"", ""-0x1.9999999999832p-1"", ""0x1.9999999999a36p-4"", ""-0x1.99999999ac75fp-2""]","[""-0x1.0000000000000p-51"", ""0x1.6800000000000p-45"", ""0x1.2a00000000000p-49"", ""-0x1.2f38000000000p-38""]","[""-0x1.20425b11309b0p-51"", ""0x1.685540305741dp-45"", ""0x1.287f4e878d2d0p-49"", ""-0x1.3031ad3b1fe87p-38""]",True
SADDLE_POINT_LIKE_D04_C04_E1eM14,SADDLE_POINT_LIKE,4,4,1e-14,2777713429788504315,18200.2968367704,18200.296838772727,2.5849443358022093e-17,2.5862062076348326e-17,4.704675421815065e-13,4.70697206652528e-13,1.3439581306407742e-12,9.456056409391576e-13,3.9256901756714004e-11,OBSERVABLE,"[""0x1.9999999999999p-1"", ""-0x1.999999999999ap-1"", ""0x1.6666666666665p-1"", ""0x1.000000000009ap-1""]","[""0x1.999999999995cp-1"", ""-0x1.999999999ab32p-1"", ""0x1.666666666662bp-1"", ""0x1.000000007abb6p-1""]","[""-0x1.e800000000000p-48"", ""-0x1.1980000000000p-41"", ""-0x1.d000000000000p-48"", ""0x1.eac7000000000p-35""]","[""-0x1.f86735614d657p-48"", ""-0x1.196f818816d29p-41"", ""-0x1.c0dd02f80f6d1p-48"", ""0x1.eac1173bf99c5p-35""]",True
SADDLE_POINT_LIKE_D04_C04_E1eM12,SADDLE_POINT_LIKE,4,4,1e-12,11770033738140716524,18202.088801508387,18202.089001755267,3.737429434992565e-17,5.285523395010775e-17,6.802902246515228e-13,9.620756725693835e-13,1.663193330245938e-12,1.64680678943821e-12,1.1672915473262829e-09,OBSERVABLE,"[""0x1.3333333333334p-1"", ""-0x1.9999999999998p-1"", ""0x1.9999999999998p-4"", ""0x1.99999999996a2p-4""]","[""0x1.33333333328a6p-1"", ""-0x1.99999999af956p-1"", ""0x1.999999999282cp-4"", ""0x1.999999ea9c894p-4""]","[""-0x1.51c0000000000p-42"", ""-0x1.5fbe000000000p-37"", ""-0x1.c5b0000000000p-42"", ""0x1.440c7c8000000p-30""]","[""-0x1.51b3d2baa2a0cp-42"", ""-0x1.5fbcfa37d6022p-37"", ""-0x1.c5ae420afc942p-42"", ""0x1.440b3121351d0p-30""]",True
SADDLE_POINT_LIKE_D04_C04_E1eM8,SADDLE_POINT_LIKE,4,4,1e-8,17969156247882531578,18201.74983447416,18203.752522752286,3.334629413783922e-17,4.852854698877481e-17,6.069609038041101e-13,8.834016596731927e-13,2.011055066688397e-12,1.494805458850189e-12,1.5755071462564508e-05,OBSERVABLE,"[""-0x1.999999999999bp-1"", ""-0x1.9999999999999p-1"", ""0x1.6666666666668p-1"", ""-0x1.9999999999a62p-3""]","[""-0x1.999999d5bac37p-1"", ""-0x1.999992e36e56fp-1"", ""0x1.666666d912e52p-1"", ""-0x1.99a4b663a6bbdp-3""]","[""-0x1.e1094e0000000p-28"", ""0x1.ad8ad0a800000p-23"", ""0x1.cab1fa8000000p-27"", ""-0x1.639941a2b6000p-16""]","[""-0x1.e1094dfe29173p-28"", ""0x1.ad8ad0a618983p-23"", ""0x1.cab1fab5a3774p-27"", ""-0x1.639941a4cbf46p-16""]",True
SADDLE_POINT_LIKE_D04_C06_E1eM16,SADDLE_POINT_LIKE,4,6,1e-16,16711754278801847187,1819379.7577889054,1819379.757988976,6.953576815812402e-18,0.0,1.265119690307937e-11,0.0,9.96505916498749e-12,1.2655637795177933e-11,5.593956134326392e-11,TRANSITION,"[""0x1.9999999999998p-4"", ""0x1.3333333333333p-1"", ""-0x1.3333333333333p-2"", ""-0x1.9999999999c37p-2""]","[""0x1.999999999997fp-4"", ""0x1.333333333349bp-1"", ""-0x1.333333333333cp-2"", ""-0x1.9999999a5b390p-2""]","[""-0x1.9000000000000p-52"", ""0x1.6800000000000p-45"", ""-0x1.2000000000000p-51"", ""-0x1.82eb200000000p-35""]","[""-0x1.aa7ee36b04610p-52"", ""0x1.6838a919f66cfp-45"", ""-0x1.21ae09d049ed3p-51"", ""-0x1.8370a87fa95b4p-35""]",True
SADDLE_POINT_LIKE_D04_C06_E1eM15,SADDLE_POINT_LIKE,4,6,1e-15,14535962363485037340,1819787.6374753986,1819787.6394770571,1.5291744099597064e-17,7.007554299648963e-17,2.782772686865849e-11,1.275226069909169e-10,1.1202792129971001e-10,1.5535477481913655e-10,7.628065538632585e-10,TRANSITION,"[""0x1.9999999999998p-4"", ""-0x1.9999999999998p-4"", ""0x1.0000000000000p-1"", ""0x1.ffffffffffee2p-2""]","[""0x1.9999999999c4ap-4"", ""-0x1.99999999a2649p-4"", ""0x1.fffffffffffb7p-2"", ""0x1.00000004b999cp-1""]","[""0x1.5900000000000p-47"", ""-0x1.1962000000000p-41"", ""-0x1.2400000000000p-48"", ""0x1.2e68ac0000000p-31""]","[""0x1.5622ffe92ceffp-47"", ""-0x1.195e39224fd6ap-41"", ""-0x1.251d01fdea573p-48"", ""0x1.2e671ac122ef8p-31""]",True
SADDLE_POINT_LIKE_D04_C06_E1eM14,SADDLE_POINT_LIKE,4,6,1e-14,13264757766380314988,1821516.5828590766,1821516.602911459,1.609894275139647e-17,1.6098912034264993e-17,2.9324491189027523e-11,2.93244355600847e-11,3.662901637260177e-11,5.865336767440946e-11,3.5301565728543504e-09,OBSERVABLE,"[""0x1.9999999999998p-4"", ""0x1.3333333333333p-2"", ""0x1.0000000000001p-1"", ""-0x1.9999999999d84p-3""]","[""0x1.999999999a372p-4"", ""0x1.333333333bff6p-2"", ""0x1.ffffffffffbccp-2"", ""-0x1.999999e559adep-3""]","[""0x1.3b40000000000p-45"", ""0x1.1986000000000p-39"", ""-0x1.0d80000000000p-44"", ""-0x1.2eff568000000p-29""]","[""0x1.3b50a68527761p-45"", ""0x1.1986351a62a3bp-39"", ""-0x1.0d545a741068fp-44"", ""-0x1.2efecdd2812eep-29""]",True
SADDLE_POINT_LIKE_D04_C06_E1eM12,SADDLE_POINT_LIKE,4,6,1e-12,9758253840955521254,1821136.5063404504,1821138.5109527772,3.09544793252141e-17,3.095447918945682e-17,5.6372332337085945e-11,5.637239414158397e-11,1.324502823214785e-10,1.127491678269974e-10,9.438698940006305e-08,OBSERVABLE,"[""-0x1.999999999999ap-1"", ""-0x1.999999999999bp-1"", ""-0x1.3333333333333p-2"", ""0x1.999999999c34bp-4""]","[""-0x1.9999999996bdap-1"", ""-0x1.9999999a758f5p-1"", ""-0x1.3333333343d69p-2"", ""0x1.9999b75d31c22p-4""]","[""0x1.6e00000000000p-40"", ""-0x1.b7eb400000000p-34"", ""-0x1.0a36000000000p-38"", ""0x1.dc3958d700000p-24""]","[""0x1.6dfdb0ddd6fe9p-40"", ""-0x1.b7eb6511c06c9p-34"", ""-0x1.0a36c01a2a48dp-38"", ""0x1.dc395e043b45dp-24""]",True
SADDLE_POINT_LIKE_D04_C06_E1eM8,SADDLE_POINT_LIKE,4,6,1e-8,9736261367584612580,1819493.6489290362,1839726.3439974594,4.8957320629272643e-17,2.4418034169416578e-17,8.907753396147887e-11,4.492250073212383e-11,1.0984027225952614e-10,1.341912502989121e-10,0.0067875797114354715,OBSERVABLE,"[""0x1.0000000000001p-1"", ""-0x1.9999999999998p-2"", ""0x1.9999999999994p-4"", ""-0x1.000000000015cp-1""]","[""0x1.fffffc8a7578ap-2"", ""-0x1.999846657937dp-2"", ""0x1.99998fbe1117bp-4"", ""-0x1.02d83819b3cf1p-1""]","[""-0x1.bac543c000000p-25"", ""0x1.53342061b0000p-18"", ""-0x1.3b71103200000p-25"", ""-0x1.6c1c0cd9dca80p-8""]","[""-0x1.bac543ace8d7ep-25"", ""0x1.53342061bf33ep-18"", ""-0x1.3b711040f366dp-25"", ""-0x1.6c1c0cd9e8b3bp-8""]",True
SADDLE_POINT_LIKE_D04_C08_E1eM16,SADDLE_POINT_LIKE,4,8,1e-16,6374148961327453857,181991561.07298127,181991563.07488856,7.027215660474178e-18,3.054263059987268e-17,1.2788939496817664e-09,5.5585011141866845e-09,6.8373995542881285e-09,6.8373995542873965e-09,9.900104949820651e-09,TRANSITION,"[""-0x1.3333333333333p-2"", ""0x1.9999999999999p-4"", ""0x1.3333333333333p-2"", ""-0x1.cccccccccd0fcp-1""]","[""-0x1.3333333333333p-2"", ""0x1.99999999a96ecp-4"", ""0x1.3333333333437p-2"", ""-0x1.cccccd21d76afp-1""]","[""0x0.0p+0"", ""0x1.faa6000000000p-41"", ""0x1.0400000000000p-46"", ""-0x1.54296cc000000p-27""]","[""-0x1.14b37f4b51f55p-55"", ""0x1.faa7b6c41718bp-41"", ""0x1.048463682add6p-46"", ""-0x1.542a3e63ab31dp-27""]",True
SADDLE_POINT_LIKE_D04_C08_E1eM15,SADDLE_POINT_LIKE,4,8,1e-15,11173913639170817226,182051399.04117462,182051419.07374537,2.007822617277138e-17,4.489627772094357e-17,3.6552691783791516e-09,8.173431137031731e-09,1.45353559364243e-08,1.1828704905191945e-08,4.4771627518739364e-08,TRANSITION,"[""-0x1.3333333333333p-1"", ""-0x1.3333333333332p-2"", ""0x1.ccccccccccccdp-1"", ""-0x1.000000000090fp-1""]","[""-0x1.33333333336c0p-1"", ""-0x1.333333331d36ep-2"", ""0x1.cccccccccd05fp-1"", ""-0x1.000001d8953dbp-1""]","[""-0x1.c680000000000p-44"", ""0x1.5fc4000000000p-38"", ""0x1.c900000000000p-44"", ""-0x1.d894acc000000p-25""]","[""-0x1.c65287fc5da1ep-44"", ""0x1.5fc5d45e3a7bep-38"", ""0x1.c91a970783d7ap-44"", ""-0x1.d8961db05a25bp-25""]",True
SADDLE_POINT_LIKE_D04_C08_E1eM14,SADDLE_POINT_LIKE,4,8,1e-14,10816478338663780873,182082417.5075564,182082617.86127448,3.2003073732236248e-21,5.4443499957506425e-17,5.827197032841548e-13,9.913215096064789e-09,8.52817972855606e-09,9.913807562268959e-09,7.674063443188391e-07,OBSERVABLE,"[""0x1.999999999999ap-4"", ""-0x1.3333333333332p-1"", ""0x1.999999999999ap-4"", ""-0x1.3333333334fbcp-1""]","[""0x1.999999998f067p-4"", ""-0x1.33333332af3b7p-1"", ""0x1.99999999b15afp-4"", ""-0x1.33334959d28cep-1""]","[""-0x1.5266000000000p-41"", ""0x1.07ef600000000p-34"", ""0x1.7c15000000000p-40"", ""-0x1.6269d91200000p-21""]","[""-0x1.5266a638958f2p-41"", ""0x1.07ef9ad293ab5p-34"", ""0x1.7c171aba0b32ap-40"", ""-0x1.626a09338c733p-21""]",True
SADDLE_POINT_LIKE_D04_C08_E1eM12,SADDLE_POINT_LIKE,4,8,1e-12,3784559304525673631,182097810.88439053,182117855.14003864,3.7232960056067254e-17,4.4747058324542735e-17,6.780040564924751e-09,8.149238352302019e-09,1.4084600021798896e-08,1.492964616385269e-08,7.00025703625682e-05,OBSERVABLE,"[""-0x1.99999999999a0p-4"", ""0x1.999999999999bp-2"", ""0x1.3333333333334p-1"", ""0x1.3333333331616p-1""]","[""-0x1.9999999164dbfp-4"", ""0x1.99999932826aap-2"", ""0x1.33333331ddb84p-1"", ""0x1.333bdb24fba98p-1""]","[""0x1.0697c20000000p-33"", ""-0x1.9c5cbc4000000p-28"", ""-0x1.557b000000000p-33"", ""0x1.14fe394904000p-14""]","[""0x1.0697a8f026c10p-33"", ""-0x1.9c5cbbf45da43p-28"", ""-0x1.557ae7c7683a7p-33"", ""0x1.14fe396239bfdp-14""]",True
SADDLE_POINT_LIKE_D04_C08_E1eM8,SADDLE_POINT_LIKE,4,8,1e-8,70605445889008863,181974212.59656274,1821836865.139409,4.632811008136845e-21,0.0,8.430521353151011e-13,0.0,4.697206423993722e-13,8.575886385596099e-13,6.030880259812791,OBSERVABLE,"[""0x1.999999999999ap-2"", ""0x1.9999999999998p-3"", ""-0x1.999999999999dp-4"", ""0x1.333333333468dp-2""]","[""0x1.999a63310beb5p-2"", ""0x1.9a370a7ef1691p-3"", ""-0x1.999972a633e18p-4"", ""-0x1.806a77d07682bp+1""]","[""0x1.932ee4a360000p-19"", ""0x1.3ae1caaf9f200p-12"", ""0x1.379b2dc280000p-23"", ""-0x1.a6d0de36dd0fdp+1""]","[""0x1.932ee4a36ccaep-19"", ""0x1.3ae1caaf9fbe2p-12"", ""0x1.379b2dc03bb64p-23"", ""-0x1.a6d0de36de0a2p+1""]",True
SADDLE_POINT_LIKE_D04_C10_E1eM16,SADDLE_POINT_LIKE,4,10,1e-16,13933344280197428286,18202200145.911064,18202220172.08471,4.47952065117228e-17,1.2146803644941543e-17,8.153719793347195e-07,2.210988432169947e-07,1.0312755129108233e-06,1.0364708884213987e-06,5.528825201703552e-07,RESOLUTION_LIMITED,"[""0x1.9999999999998p-4"", ""-0x1.999999999999ap-1"", ""-0x1.3333333333333p-2"", ""0x1.00000000143ddp-1""]","[""0x1.999999999a7afp-4"", ""-0x1.99999999a4985p-1"", ""-0x1.33333333338a8p-2"", ""0x1.000012756dec4p-1""]","[""0x1.c2e0000000000p-45"", ""-0x1.5fd6000000000p-38"", ""-0x1.5d40000000000p-44"", ""0x1.27559ae700000p-21""]","[""0x1.c2a173dd99533p-45"", ""-0x1.5fd817764312ep-38"", ""-0x1.5d375c74d20ecp-44"", ""0x1.2756b3ce188acp-21""]",True
SADDLE_POINT_LIKE_D04_C10_E1eM15,SADDLE_POINT_LIKE,4,10,1e-15,6463102877363894650,18207707546.982853,18207907929.57876,7.047653258625265e-18,2.995570755192315e-17,1.283216258920271e-07,5.454310625656856e-07,2.6094391584761006e-07,6.737542935691212e-07,5.683073296754921e-06,TRANSITION,"[""-0x1.9999999999999p-4"", ""0x1.3333333333331p-2"", ""0x1.9999999999999p-4"", ""0x1.9999999a10ce9p-3""]","[""-0x1.999999999d1efp-4"", ""0x1.33333332db3aap-2"", ""0x1.99999999a4b09p-4"", ""0x1.999ac10522a88p-3""]","[""-0x1.c2b0000000000p-43"", ""-0x1.5fe1c00000000p-36"", ""0x1.62e0000000000p-41"", ""0x1.276b11d9f0000p-19""]","[""-0x1.c2a29a03c214ap-43"", ""-0x1.5fe1ff1be25c7p-36"", ""0x1.62dbbb714de0dp-41"", ""0x1.276b53030a97fp-19""]",True
SADDLE_POINT_LIKE_D04_C10_E1eM14,SADDLE_POINT_LIKE,4,10,1e-14,1446996541747899926,18212422539.31568,18214427619.93721,3.3049977457895843e-17,2.255256255294189e-22,6.019205166861478e-07,4.107820182663538e-12,7.848136979784734e-07,6.019246291175766e-07,6.755036789077924e-05,OBSERVABLE,"[""0x1.cccccccccccccp-1"", ""0x1.999999999999ap-2"", ""0x1.3333333333336p-2"", ""0x1.9999999997a26p-1""]","[""0x1.cccccccceffb5p-1"", ""0x1.9999998bdac68p-2"", ""0x1.33333332c6174p-2"", ""0x1.99a524e743074p-1""]","[""0x1.1974800000000p-36"", ""-0x1.b7da640000000p-31"", ""-0x1.b470800000000p-36"", ""0x1.7169b56c9c000p-14""]","[""0x1.1974042d9e3efp-36"", ""-0x1.b7da62d91571dp-31"", ""-0x1.b46fe9c08334ap-36"", ""0x1.7169b54f69bc5p-14""]",True
SADDLE_POINT_LIKE_D04_C10_E1eM12,SADDLE_POINT_LIKE,4,10,1e-12,12883914444046838379,18196786744.980873,18399152586.44365,5.117544178222576e-17,4.2595442739281856e-17,9.312294678788605e-07,7.837206646647689e-07,2.0454358774772213e-06,1.716491657975233e-06,0.004666321681826327,OBSERVABLE,"[""0x1.999999999999cp-3"", ""0x1.9999999999999p-1"", ""0x1.6666666666665p-1"", ""-0x1.ffffffffdac1bp-2""]","[""0x1.999999aaf1836p-3"", ""0x1.99999b4bc9580p-1"", ""0x1.666666670e870p-1"", ""-0x1.02d8d59173d2cp-1""]","[""0x1.157e9a0000000p-31"", ""0x1.b22fbe7000000p-25"", ""0x1.5041600000000p-34"", ""-0x1.6c6ac8c338f40p-8""]","[""0x1.157e999ba257dp-31"", ""0x1.b22fbe8258432p-25"", ""0x1.50415b1a03772p-34"", ""-0x1.6c6ac8afe06a7p-8""]",True
SADDLE_POINT_LIKE_D04_C10_E1eM8,SADDLE_POINT_LIKE,4,10,1e-8,15406348972328761430,18208241601.607346,166995218.39390334,4.2435781405852784e-17,3.404782168239037e-17,7.726815574270921e-07,5.685823450016045e-09,1.210558099516363e-06,7.781762192637884e-07,0.2594928703239923,OBSERVABLE,"[""0x1.ccccccccccccep-1"", ""-0x1.9999999999999p-1"", ""-0x1.ccccccccccccep-1"", ""0x1.99999999602a4p-2""]","[""0x1.cccccbde47f56p-1"", ""-0x1.99991e3ac49e1p-1"", ""-0x1.cccccaa5fb848p-1"", ""-0x1.e1d7cd95b15f3p-9""]","[""-0x1.dd09af0000000p-26"", ""0x1.ed7b53ee00000p-19"", ""0x1.1368a43000000p-24"", ""-0x1.9d5d49348b8d0p-2""]","[""-0x1.dd09af11a776bp-26"", ""0x1.ed7b53edb72cbp-19"", ""0x1.1368a42fcd7a8p-24"", ""-0x1.9d5d49348ac6bp-2""]",True
SADDLE_POINT_LIKE_D08_C02_E1eM16,SADDLE_POINT_LIKE,8,2,1e-16,15340668221295556767,184.77534575575316,184.77534575575487,7.997159950725965e-17,4.877753115054898e-17,1.477677994959474e-14,9.012885183454872e-15,3.525995468094061e-14,2.8230557231550297e-14,7.541851814605783e-15,RESOLUTION_LIMITED,"[""-0x1.99999999999a1p-4"", ""-0x1.9999999999998p-4"", ""-0x1.9999999999999p-3"", ""-0x1.3333333333334p-1"", ""-0x1.9999999999999p-2"", ""-0x1.999999999999ap-2"", ""-0x1.99999999999d4p-4"", ""-0x1.ccccccccccccbp-1""]","[""-0x1.999999999999dp-4"", ""-0x1.9999999999994p-4"", ""-0x1.9999999999995p-3"", ""-0x1.333333333332bp-1"", ""-0x1.999999999999ap-2"", ""-0x1.999999999999bp-2"", ""-0x1.9999999999a2cp-4"", ""-0x1.ccccccccccd25p-1""]","[""0x1.0000000000000p-54"", ""0x1.0000000000000p-54"", ""0x1.0000000000000p-53"", ""0x1.2000000000000p-50"", ""-0x1.0000000000000p-54"", ""-0x1.0000000000000p-54"", ""-0x1.6000000000000p-50"", ""-0x1.6800000000000p-47""]","[""0x1.c41b26d5e8a1ep-55"", ""0x1.d9217a1225dbbp-55"", ""0x1.9c97572c80783p-54"", ""0x1.03e8f1a2a174ap-50"", ""-0x1.23073af36ee92p-54"", ""-0x1.729557f2add83p-56"", ""-0x1.20eeb4e34b493p-50"", ""-0x1.4fdac249df33ep-47""]",True
SADDLE_POINT_LIKE_D08_C02_E1eM15,SADDLE_POINT_LIKE,8,2,1e-15,4895670750919229744,186.80219054160824,186.80219054162905,6.563119958374527e-17,9.914176961891917e-17,1.2260051850117253e-14,1.8519899738987972e-14,2.904385174947384e-14,3.522084368760614e-14,4.038785287924302e-14,TRANSITION,"[""0x1.3333333333334p-1"", ""-0x1.9999999999999p-3"", ""-0x1.9999999999999p-3"", ""0x1.9999999999999p-4"", ""0x1.3333333333334p-2"", ""-0x1.9999999999999p-3"", ""-0x1.333333333333dp-2"", ""-0x1.999999999999ap-4""]","[""0x1.3333333333332p-1"", ""-0x1.9999999999991p-3"", ""-0x1.999999999992ep-3"", ""0x1.99999999999e6p-4"", ""0x1.333333333332bp-2"", ""-0x1.9999999999996p-3"", ""-0x1.3333333333559p-2"", ""-0x1.9999999999d3ap-4""]","[""-0x1.0000000000000p-52"", ""0x1.0000000000000p-52"", ""0x1.ac00000000000p-49"", ""0x1.3400000000000p-50"", ""-0x1.2000000000000p-51"", ""0x1.8000000000000p-54"", ""-0x1.0e00000000000p-45"", ""-0x1.d000000000000p-47""]","[""-0x1.21537d693a922p-52"", ""0x1.eb4d3c7bcb8cap-53"", ""0x1.b140cb0d4b290p-49"", ""0x1.30550e0ff61dcp-50"", ""-0x1.909457fa79155p-52"", ""0x1.a5f7bf51da3c5p-55"", ""-0x1.1369b40240fc5p-45"", ""-0x1.cd349eb95a960p-47""]",True
SADDLE_POINT_LIKE_D08_C02_E1eM14,SADDLE_POINT_LIKE,8,2,1e-14,8768387704127023569,186.59604423206994,186.5960442322812,7.86560130570484e-17,4.977554760925267e-17,1.467690089151149e-14,9.287920283382217e-15,3.188533406879565e-14,2.8405713273396203e-14,4.219766645595247e-13,OBSERVABLE,"[""-0x1.9999999999999p-3"", ""0x1.3333333333332p-1"", ""0x1.999999999999ap-2"", ""-0x1.3333333333333p-1"", ""-0x1.999999999999cp-2"", ""-0x1.999999999999ep-4"", ""-0x1.99999999999a1p-2"", ""-0x1.99999999999bdp-4""]","[""-0x1.99999999998ffp-3"", ""0x1.3333333333342p-1"", ""0x1.9999999999c6cp-2"", ""-0x1.33333333332ddp-1"", ""-0x1.99999999999d1p-2"", ""-0x1.9999999999c10p-4"", ""-0x1.999999999babcp-2"", ""-0x1.999999999a4e8p-4""]","[""0x1.3400000000000p-48"", ""0x1.0000000000000p-49"", ""0x1.6900000000000p-45"", ""0x1.5800000000000p-47"", ""-0x1.a800000000000p-49"", ""-0x1.3900000000000p-47"", ""-0x1.08d8000000000p-41"", ""-0x1.6560000000000p-45""]","[""0x1.3509a4468976fp-48"", ""0x1.d6cbae553be83p-50"", ""0x1.687f743d36d3ap-45"", ""0x1.56c715f64818bp-47"", ""-0x1.b028006de0d8dp-49"", ""-0x1.35d16ce56e1e6p-47"", ""-0x1.08a616b5321a7p-41"", ""-0x1.63d2e1b9af71ap-45""]",True
SADDLE_POINT_LIKE_D08_C02_E1eM12,SADDLE_POINT_LIKE,8,2,1e-12,9032802649218101296,184.92615310793803,184.92615312858783,8.70425278732228e-17,6.931441321557043e-17,1.609643983638582e-14,1.2818047792320954e-14,5.6310361983756634e-14,3.3355379727286495e-14,2.303956532721783e-11,OBSERVABLE,"[""-0x1.9999999999985p-4"", ""0x1.3333333333332p-1"", ""0x1.6666666666666p-1"", ""0x1.6666666666667p-1"", ""-0x1.ccccccccccccep-1"", ""-0x1.6666666666667p-1"", ""0x1.99999999999b9p-2"", ""0x1.9999999999976p-3""]","[""-0x1.999999998b64ep-4"", ""0x1.3333333334d19p-1"", ""0x1.666666665d9e4p-1"", ""0x1.6666666662052p-1"", ""-0x1.ccccccccce89dp-1"", ""-0x1.6666666669346p-1"", ""0x1.9999999a3685ep-2"", ""0x1.9999999a1b06ap-3""]","[""0x1.c66e000000000p-41"", ""0x1.9e70000000000p-41"", ""-0x1.1904000000000p-38"", ""-0x1.1854000000000p-39"", ""-0x1.bcf0000000000p-41"", ""-0x1.66f8000000000p-40"", ""0x1.39d4a00000000p-35"", ""0x1.02de800000000p-36""]","[""0x1.c69fbbbf93f63p-41"", ""0x1.9e5ef8c1f462cp-41"", ""-0x1.1901e05401660p-38"", ""-0x1.1856a27c56911p-39"", ""-0x1.bd0cd75d4082fp-41"", ""-0x1.66ff2190b4e42p-40"", ""0x1.39d3b67fad43dp-35"", ""0x1.02e31b052ec3cp-36""]",True
SADDLE_POINT_LIKE_D08_C02_E1eM8,SADDLE_POINT_LIKE,8,2,1e-8,294296007334751103,187.31308001026508,187.31329305853166,5.5251188258425203e-17,4.600359462161523e-17,1.0349270246912727e-14,8.617084801104579e-15,4.341398092643274e-14,2.3407249795492122e-14,5.126834539022742e-07,OBSERVABLE,"[""0x1.9999999999995p-3"", ""-0x1.3333333333332p-2"", ""0x1.6666666666666p-1"", ""0x1.999999999999ap-1"", ""0x1.ccccccccccccfp-1"", ""-0x1.999999999999ap-1"", ""-0x1.9999999999996p-1"", ""0x1.3333333333305p-2""]","[""0x1.99999868512fbp-3"", ""-0x1.333332879e71ap-2"", ""0x1.6666690fde898p-1"", ""0x1.999998a1320b2p-1"", ""0x1.ccccccfca0eb4p-1"", ""-0x1.999999cecc2b2p-1"", ""-0x1.9999b87abaf2cp-1"", ""0x1.33334230abbeap-2""]","[""-0x1.314869a000000p-27"", ""0x1.5729830000000p-27"", ""0x1.54bc119000000p-24"", ""-0x1.f0cf1d0000000p-26"", ""0x1.7ea0f28000000p-28"", ""-0x1.a9948c0000000p-28"", ""-0x1.ee12159600000p-21"", ""0x1.dfaf11ca00000p-23""]","[""-0x1.3148696f097f9p-27"", ""0x1.57298315224c3p-27"", ""0x1.54bc119dc9f73p-24"", ""-0x1.f0cf1d178560ep-26"", ""0x1.7ea0f299798d1p-28"", ""-0x1.a9948c2db601fp-28"", ""-0x1.ee1215b396cc0p-21"", ""0x1.dfaf11956235bp-23""]",True
SADDLE_POINT_LIKE_D08_C04_E1eM16,SADDLE_POINT_LIKE,8,4,1e-16,17095197172253103880,18015.41393111418,18015.413931133993,4.504428919749086e-17,7.331136482730843e-17,8.114915151262714e-13,1.3207345832220832e-12,3.2262964042366285e-12,2.136666990447014e-12,3.588073955905417e-13,RESOLUTION_LIMITED,"[""-0x1.9999999999998p-2"", ""0x1.9999999999999p-1"", ""-0x1.3333333333332p-2"", ""0x1.6666666666666p-1"", ""0x1.3333333333332p-1"", ""-0x1.9999999999976p-3"", ""0x1.fffffffffffe8p-2"", ""0x1.fffffffffff51p-2""]","[""-0x1.9999999999996p-2"", ""0x1.999999999999bp-1"", ""-0x1.3333333333339p-2"", ""0x1.6666666666639p-1"", ""0x1.3333333333332p-1"", ""-0x1.99999999999edp-3"", ""0x1.000000000001ap-1"", ""0x1.00000000012f9p-1""]","[""0x1.0000000000000p-53"", ""0x1.0000000000000p-52"", ""-0x1.c000000000000p-52"", ""-0x1.6800000000000p-48"", ""0x0.0p+0"", ""-0x1.dc00000000000p-49"", ""0x1.3000000000000p-48"", ""0x1.3508000000000p-41""]","[""0x1.d93a4539fd233p-55"", ""0x1.6da2d702e6a85p-53"", ""-0x1.d1f25d3e88368p-52"", ""-0x1.687ac1f17f323p-48"", ""0x1.8486e19a3e317p-54"", ""-0x1.271ba31de6349p-48"", ""0x1.4065f480e3b17p-48"", ""0x1.30f78fa1fae54p-41""]",True
SADDLE_POINT_LIKE_D08_C04_E1eM15,SADDLE_POINT_LIKE,8,4,1e-15,5274871947131398858,18004.815678965384,18004.81567916349,9.298200705045508e-17,6.233418822101823e-17,1.6741238984065062e-12,1.1223155694309767e-12,4.311900506031734e-12,2.8008803599372538e-12,3.520581768453973e-12,TRANSITION,"[""0x1.0000000000001p-1"", ""-0x1.6666666666667p-1"", ""-0x1.3333333333332p-1"", ""-0x1.ccccccccccccep-1"", ""-0x1.999999999999ap-2"", ""0x1.99999999999c5p-4"", ""0x1.9999999999991p-3"", ""-0x1.ffffffffffe4ap-2""]","[""0x1.ffffffffffffcp-2"", ""-0x1.6666666666673p-1"", ""-0x1.333333333334ap-1"", ""-0x1.ccccccccccb0cp-1"", ""-0x1.99999999999bap-2"", ""0x1.9999999999ee5p-4"", ""0x1.999999999a019p-3"", ""-0x1.000000000bdafp-1""]","[""-0x1.8000000000000p-52"", ""-0x1.8000000000000p-50"", ""-0x1.8000000000000p-49"", ""0x1.c200000000000p-45"", ""-0x1.0000000000000p-49"", ""0x1.4800000000000p-46"", ""0x1.a200000000000p-45"", ""-0x1.7d14000000000p-38""]","[""-0x1.7ddbc6caf55bap-53"", ""-0x1.a832ab1dfe0e2p-50"", ""-0x1.6c569276e1b7ep-49"", ""0x1.c2a72a698e6bfp-45"", ""-0x1.f20b092c1acacp-50"", ""0x1.402b20beccb0bp-46"", ""0x1.9e6db3ac21844p-45"", ""-0x1.7d5b6a9f42da6p-38""]",True
SADDLE_POINT_LIKE_D08_C04_E1eM14,SADDLE_POINT_LIKE,8,4,1e-14,9816868034333223653,18023.302536246036,18023.30253823118,7.472318194164748e-17,6.683645198728314e-17,1.346758514607083e-12,1.2046135947502174e-12,3.130218865796191e-12,2.555813001478052e-12,4.489628491566292e-11,OBSERVABLE,"[""0x1.3333333333335p-2"", ""0x1.9999999999998p-2"", ""0x1.9999999999999p-4"", ""-0x1.999999999999bp-4"", ""0x1.ccccccccccccep-1"", ""-0x1.9999999999985p-4"", ""-0x1.9999999999994p-2"", ""0x1.0000000000016p-1""]","[""0x1.3333333333232p-2"", ""0x1.9999999999a58p-2"", ""0x1.999999999a208p-4"", ""-0x1.99999999a2630p-4"", ""0x1.ccccccccccd2fp-1"", ""-0x1.9999999999ffdp-4"", ""-0x1.999999999ab76p-2"", ""0x1.0000000078e88p-1""]","[""-0x1.0300000000000p-46"", ""0x1.8000000000000p-47"", ""0x1.0de0000000000p-45"", ""-0x1.192a000000000p-41"", ""0x1.8400000000000p-47"", ""-0x1.9e00000000000p-46"", ""-0x1.1e20000000000p-42"", ""0x1.e39c800000000p-35""]","[""-0x1.01809785ba444p-46"", ""0x1.7ddbfefb11342p-47"", ""0x1.0da4721468970p-45"", ""-0x1.192fe70b752fdp-41"", ""0x1.884c168b3684dp-47"", ""-0x1.9e0bca8def917p-46"", ""-0x1.1db2c1456fafcp-42"", ""0x1.e3a41d019fdbfp-35""]",True
SADDLE_POINT_LIKE_D08_C04_E1eM12,SADDLE_POINT_LIKE,8,4,1e-12,14864700439380866656,18005.685147312528,18005.68534538531,6.11693400345563e-17,9.256354869142021e-17,1.101395877332333e-12,1.6666701321927422e-12,3.528825176099377e-12,2.7725069018240884e-12,8.742530857738157e-10,OBSERVABLE,"[""0x1.3333333333335p-2"", ""0x1.3333333333331p-2"", ""0x1.3333333333334p-2"", ""0x1.999999999999bp-2"", ""-0x1.3333333333334p-1"", ""0x1.99999999999b7p-4"", ""0x1.ccccccccccccbp-1"", ""-0x1.9999999999e06p-4""]","[""0x1.3333333335050p-2"", ""0x1.333333332eccap-2"", ""0x1.333333330bf7dp-2"", ""0x1.99999999c4b9dp-2"", ""-0x1.3333333335896p-1"", ""0x1.9999999a01b49p-4"", ""0x1.cccccccd93ccbp-1"", ""-0x1.999999e5ce970p-4""]","[""0x1.d1b0000000000p-42"", ""-0x1.199c000000000p-40"", ""-0x1.39db800000000p-37"", ""0x1.5901000000000p-37"", ""-0x1.2b10000000000p-40"", ""0x1.a064800000000p-38"", ""0x1.8e00000000000p-34"", ""-0x1.30d2da8000000p-30""]","[""0x1.d2000c736ad4bp-42"", ""-0x1.19a32e6bdc84fp-40"", ""-0x1.39da419d13dabp-37"", ""0x1.590219b931bf6p-37"", ""-0x1.2b22ee5c8bf45p-40"", ""0x1.a076eceea2330p-38"", ""0x1.8dffd5ec3bd39p-34"", ""-0x1.30d429efe8eb2p-30""]",True
SADDLE_POINT_LIKE_D08_C04_E1eM8,SADDLE_POINT_LIKE,8,4,1e-8,10559559764179383922,18036.568573870692,18038.556723345602,4.767963422121831e-17,2.665351794569239e-18,8.599769922088154e-13,4.8079099534010517e-14,1.6399581733538756e-12,9.124971369139833e-13,1.796393644106339e-05,OBSERVABLE,"[""0x1.9999999999997p-1"", ""-0x1.999999999999ap-2"", ""-0x1.6666666666664p-1"", ""-0x1.9999999999999p-1"", ""0x1.cccccccccccd0p-1"", ""-0x1.333333333332fp-1"", ""0x1.999999999995fp-3"", ""-0x1.3333333333351p-2""]","[""0x1.9999995679a67p-1"", ""-0x1.99999532cb868p-2"", ""-0x1.666666d2be872p-1"", ""-0x1.99998f89d6875p-1"", ""0x1.ccccccc2c582fp-1"", ""-0x1.333348e5ec2f0p-1"", ""0x1.9999a8c3fbce8p-3"", ""-0x1.333ba94601962p-2""]","[""-0x1.0c7fcc0000000p-27"", ""0x1.19b384c800000p-24"", ""-0x1.b160838000000p-27"", ""0x1.41f8624800000p-22"", ""-0x1.40e9420000000p-30"", ""-0x1.5b2b8fc100000p-21"", ""0x1.e54c471200000p-24"", ""-0x1.0ec259cc22000p-15""]","[""-0x1.0c7fcc9ac02c9p-27"", ""0x1.19b384c9972eap-24"", ""-0x1.b160835c6f560p-27"", ""0x1.41f86249ac306p-22"", ""-0x1.40e93fcda5d58p-30"", ""-0x1.5b2b8fbcc5b6bp-21"", ""0x1.e54c475134055p-24"", ""-0x1.0ec259cc31deap-15""]",True
SADDLE_POINT_LIKE_D08_C06_E1eM16,SADDLE_POINT_LIKE,8,6,1e-16,7791068449160260479,1799418.939144995,1799418.9393428457,4.9665740153087473e-17,3.7399861522792213e-17,8.936947346610655e-11,6.729801915744109e-11,1.5430395947288418e-10,1.5667193351572564e-10,1.1149288296125747e-11,RESOLUTION_LIMITED,"[""0x1.999999999999ap-4"", ""0x1.9999999999999p-2"", ""-0x1.3333333333333p-2"", ""0x1.999999999999ap-4"", ""0x1.999999999999bp-4"", ""0x1.99999999999a4p-1"", ""-0x1.9999999999a97p-3"", ""0x1.9999999999e92p-4""]","[""0x1.99999999999a0p-4"", ""0x1.9999999999985p-2"", ""-0x1.333333333330dp-2"", ""0x1.99999999996ccp-4"", ""0x1.999999999998ap-4"", ""0x1.99999999999e9p-1"", ""-0x1.999999999b8bap-3"", ""0x1.9999999a5b3d0p-4""]","[""0x1.8000000000000p-54"", ""-0x1.4000000000000p-50"", ""0x1.3000000000000p-49"", ""-0x1.6700000000000p-47"", ""-0x1.1000000000000p-52"", ""0x1.1400000000000p-47"", ""-0x1.e230000000000p-43"", ""0x1.82a7c00000000p-37""]","[""0x1.ce17e69f479a4p-54"", ""-0x1.25b3314a160c1p-50"", ""0x1.2bca3a311a164p-49"", ""-0x1.66cde3073ad8ap-47"", ""-0x1.1c75c2acf9bbcp-52"", ""0x1.060597ac3fc4ep-47"", ""-0x1.db8787e9af408p-43"", ""0x1.8247ad1fe0579p-37""]",True
SADDLE_POINT_LIKE_D08_C06_E1eM15,SADDLE_POINT_LIKE,8,6,1e-15,16919800693127199112,1800684.1645486793,1800684.1665297826,6.333661388209406e-17,2.6305727579221102e-17,1.1404923766662804e-10,4.736830714319303e-11,2.587791291677401e-10,1.6142198570213683e-10,6.796317794121785e-11,RESOLUTION_LIMITED,"[""0x1.999999999999fp-2"", ""0x1.9999999999999p-1"", ""0x1.9999999999999p-4"", ""-0x1.6666666666665p-1"", ""0x1.ccccccccccccbp-1"", ""-0x1.3333333333335p-1"", ""-0x1.333333333331ep-2"", ""-0x1.999999999aa56p-4""]","[""0x1.9999999999986p-2"", ""0x1.99999999999e0p-1"", ""0x1.999999999a200p-4"", ""-0x1.66666666662e7p-1"", ""0x1.cccccccccccd8p-1"", ""-0x1.33333333335f6p-1"", ""-0x1.3333333340965p-2"", ""-0x1.999999a115e0ep-4""]","[""-0x1.9000000000000p-50"", ""0x1.1c00000000000p-47"", ""0x1.0ce0000000000p-45"", ""0x1.bf00000000000p-44"", ""0x1.a000000000000p-50"", ""-0x1.6080000000000p-44"", ""-0x1.ac8e000000000p-39"", ""-0x1.decee00000000p-34""]","[""-0x1.434e91e6ca07ap-50"", ""0x1.1496647972adep-47"", ""0x1.0cd54220e9e0cp-45"", ""0x1.bf536e154dd56p-44"", ""0x1.8a524e51cfe6cp-50"", ""-0x1.5857b91406837p-44"", ""-0x1.ac415c1239c4dp-39"", ""-0x1.defe87b4bf271p-34""]",True
SADDLE_POINT_LIKE_D08_C06_E1eM14,SADDLE_POINT_LIKE,8,6,1e-14,15205703169713404294,1800349.4290486972,1800349.4488544813,6.062779068814208e-17,4.451787823176399e-17,1.091512083617945e-10,8.014773754515088e-11,3.2842910128230556e-10,1.8930338687433773e-10,3.1750497089853036e-09,OBSERVABLE,"[""0x1.9999999999995p-4"", ""-0x1.9999999999999p-1"", ""-0x1.0000000000001p-1"", ""-0x1.3333333333335p-2"", ""0x1.999999999999bp-1"", ""-0x1.6666666666663p-1"", ""0x1.9999999999967p-1"", ""-0x1.ffffffffff997p-2""]","[""0x1.999999999994ep-4"", ""-0x1.9999999999724p-1"", ""-0x1.0000000001de9p-1"", ""-0x1.333333331d342p-2"", ""0x1.9999999999c93p-1"", ""-0x1.666666666a7bfp-1"", ""0x1.9999999a63a0ep-1"", ""-0x1.0000002f4f8bfp-1""]","[""-0x1.1c00000000000p-50"", ""0x1.3a80000000000p-44"", ""-0x1.de80000000000p-41"", ""0x1.5ff3000000000p-38"", ""0x1.7c00000000000p-44"", ""-0x1.0570000000000p-39"", ""0x1.9414e00000000p-34"", ""-0x1.7a7df9c000000p-28""]","[""-0x1.035de15a9eaf5p-50"", ""0x1.3b4ae1471f48ap-44"", ""-0x1.de8688d2ac70bp-41"", ""0x1.5ff16109034f5p-38"", ""0x1.7c3f2b15d3d20p-44"", ""-0x1.0593e442889d1p-39"", ""0x1.9406b66482418p-34"", ""-0x1.7a7d20b920093p-28""]",True
SADDLE_POINT_LIKE_D08_C06_E1eM12,SADDLE_POINT_LIKE,8,6,1e-12,8622341725761639268,1800896.987661565,1800898.9694664667,5.644724102550319e-17,2.465229523698916e-20,1.0165566633496888e-10,4.439629308727883e-14,1.6336162210336207e-10,1.0170450352517638e-10,3.426578806899805e-07,OBSERVABLE,"[""0x1.9999999999998p-2"", ""-0x1.0000000000000p-1"", ""0x1.999999999999bp-4"", ""-0x1.cccccccccccccp-1"", ""0x1.ccccccccccccep-1"", ""-0x1.9999999999998p-3"", ""0x1.fffffffffffeap-2"", ""-0x1.0000000000334p-1""]","[""0x1.9999999969ae3p-2"", ""-0x1.0000000005077p-1"", ""0x1.9999999576b6bp-4"", ""-0x1.ccccccc881c43p-1"", ""0x1.ccccccccd3141p-1"", ""-0x1.999999973f817p-3"", ""0x1.0000003755443p-1"", ""-0x1.000012777cd0ap-1""]","[""-0x1.7f5a800000000p-37"", ""-0x1.41dc000000000p-39"", ""-0x1.08b8c00000000p-34"", ""0x1.12c2240000000p-31"", ""0x1.91cc000000000p-39"", ""0x1.2d0c080000000p-34"", ""0x1.baaa270000000p-28"", ""-0x1.2777c9d600000p-21""]","[""-0x1.7f5b50b70e8f9p-37"", ""-0x1.41dc857566a7dp-39"", ""-0x1.08b8b32f266f4p-34"", ""0x1.12c227315a789p-31"", ""0x1.91ce99a929a78p-39"", ""0x1.2d0c96f081ab1p-34"", ""0x1.baaa1a19e245ap-28"", ""-0x1.2777d1df87a43p-21""]",True
SADDLE_POINT_LIKE_D08_C06_E1eM8,SADDLE_POINT_LIKE,8,6,1e-8,14616751880936224367,1802346.6922973036,1822417.1924928573,3.995405454456009e-17,3.3094678580238206e-17,7.201105805743952e-11,6.031231122828879e-11,2.48800763639533e-10,1.3242328474291058e-10,0.004156713073992057,OBSERVABLE,"[""-0x1.3333333333335p-2"", ""0x1.6666666666666p-1"", ""-0x1.9999999999998p-1"", ""-0x1.3333333333335p-1"", ""-0x1.999999999999ap-1"", ""-0x1.99999999999f1p-4"", ""-0x1.ccccccccccdafp-1"", ""-0x1.6666666665dc6p-1""]","[""-0x1.33333c3a3a9f0p-2"", ""0x1.6666698d02ce1p-1"", ""-0x1.999976a20b58ap-1"", ""-0x1.333245aacebd9p-1"", ""-0x1.9999945eecba2p-1"", ""-0x1.999bd8216f400p-4"", ""-0x1.ccdb69aae66d3p-1"", ""-0x1.6a65ef7705268p-1""]","[""-0x1.20e0ed7600000p-23"", ""0x1.934e33d800000p-24"", ""0x1.17bc720700000p-20"", ""0x1.db10c8eb80000p-18"", ""0x1.4eab37e000000p-23"", ""-0x1.1f43ead078000p-19"", ""-0x1.d39bc33248000p-14"", ""-0x1.ffc4884fa5100p-8""]","[""-0x1.20e0ed7ac0e6ep-23"", ""0x1.934e33c878358p-24"", ""0x1.17bc7207ab104p-20"", ""0x1.db10c8eb3de90p-18"", ""0x1.4eab37e35bb37p-23"", ""-0x1.1f43eace8d8aep-19"", ""-0x1.d39bc3346338ap-14"", ""-0x1.ffc4884fa0b48p-8""]",True
SADDLE_POINT_LIKE_D08_C08_E1eM16,SADDLE_POINT_LIKE,8,8,1e-16,13230849836756187459,180103533.89334756,180103535.87564212,2.3782473837908055e-17,6.245400510958437e-17,4.2833076012800486e-09,1.124818727635328e-08,2.880663991143025e-08,1.5531499341612327e-08,4.749528962297074e-09,RESOLUTION_LIMITED,"[""0x1.0000000000000p-1"", ""0x1.999999999999ap-2"", ""-0x1.999999999999bp-1"", ""-0x1.ccccccccccccdp-1"", ""0x1.999999999999bp-3"", ""0x1.cccccccccccc7p-1"", ""-0x1.33333333329cbp-2"", ""-0x1.99999999996fdp-1""]","[""0x1.0000000000045p-1"", ""0x1.9999999999999p-2"", ""-0x1.9999999999842p-1"", ""-0x1.cccccccccb0a5p-1"", ""0x1.9999999999684p-3"", ""0x1.cccccccccd1a9p-1"", ""-0x1.33333333f63ccp-2"", ""-0x1.999999e546810p-1""]","[""0x1.1400000000000p-47"", ""-0x1.0000000000000p-54"", ""0x1.5900000000000p-45"", ""0x1.c280000000000p-41"", ""-0x1.8b80000000000p-46"", ""0x1.3880000000000p-43"", ""-0x1.8740200000000p-35"", ""-0x1.2eb444c000000p-27""]","[""0x1.11d7469d65b3ap-47"", ""-0x1.19038d1b09b0fp-54"", ""0x1.57a6addc04ad9p-45"", ""0x1.c2723c1134d09p-41"", ""-0x1.8c9f48595ca04p-46"", ""0x1.3793cbc8833d9p-43"", ""-0x1.868de0263b77fp-35"", ""-0x1.2eac5c72d6912p-27""]",True
SADDLE_POINT_LIKE_D08_C08_E1eM15,SADDLE_POINT_LIKE,8,8,1e-15,8124515418491739607,180159911.4777765,180159931.31407404,6.024790405695358e-17,3.901857691980558e-17,1.0854257179437226e-08,7.029584187260141e-09,2.554324110797714e-08,1.7883845902514194e-08,3.8528935246978525e-08,TRANSITION,"[""-0x1.ccccccccccccbp-1"", ""-0x1.0000000000000p-1"", ""-0x1.9999999999999p-3"", ""0x1.999999999999bp-3"", ""-0x1.0000000000001p-1"", ""-0x1.3333333333336p-1"", ""0x1.999999999937ep-3"", ""0x1.fffffffffeda2p-2""]","[""-0x1.cccccccccc917p-1"", ""-0x1.ffffffffff867p-2"", ""-0x1.999999999b60ep-3"", ""0x1.999999996da7bp-3"", ""-0x1.00000000003b7p-1"", ""-0x1.333333333677ep-1"", ""0x1.9999999f303fap-3"", ""0x1.000001d8b3897p-1""]","[""0x1.da00000000000p-44"", ""0x1.e640000000000p-44"", ""-0x1.c750000000000p-43"", ""-0x1.5f90000000000p-38"", ""-0x1.db00000000000p-44"", ""-0x1.a240000000000p-40"", ""0x1.65c1f00000000p-33"", ""0x1.d8b41c6000000p-25""]","[""0x1.db5158737e151p-44"", ""0x1.e61f7baa05350p-44"", ""-0x1.c72acb7147ccbp-43"", ""-0x1.5f8f9ba0d79fcp-38"", ""-0x1.dd0c8f501bb72p-44"", ""-0x1.a269d58a9810ep-40"", ""0x1.6593738f8a0bep-33"", ""0x1.d8b4707820855p-25""]",True
SADDLE_POINT_LIKE_D08_C08_E1eM14,SADDLE_POINT_LIKE,8,8,1e-14,11859490571264730293,180391229.56252748,180391428.44106194,4.928037285075542e-17,4.7921225647025624e-17,8.88974713087517e-09,8.644578421842141e-09,1.880347443842653e-08,1.753433032545552e-08,2.047159662477694e-07,OBSERVABLE,"[""-0x1.999999999999dp-4"", ""-0x1.9999999999998p-3"", ""0x1.999999999999ap-2"", ""0x1.999999999999ap-3"", ""0x1.ccccccccccccdp-1"", ""-0x1.999999999999bp-4"", ""-0x1.9999999999f70p-3"", ""-0x1.999999999c429p-3""]","[""-0x1.999999999cc77p-4"", ""-0x1.999999999d0a6p-3"", ""0x1.99999999a09d0p-2"", ""0x1.9999999a4939dp-3"", ""0x1.cccccccccd2ddp-1"", ""-0x1.999999992e982p-4"", ""-0x1.999999c2142f6p-3"", ""-0x1.9999b7109b70cp-3""]","[""-0x1.96d0000000000p-43"", ""-0x1.b870000000000p-42"", ""0x1.c0d8000000000p-40"", ""0x1.5f40600000000p-36"", ""0x1.8400000000000p-43"", ""0x1.ac06400000000p-38"", ""-0x1.43d1c30000000p-30"", ""-0x1.d76ff2e300000p-23""]","[""-0x1.96dbbc0e90623p-43"", ""-0x1.b8607c1dee71bp-42"", ""0x1.c0db32dd45216p-40"", ""0x1.5f4051fbe8613p-36"", ""0x1.83aaf5b25414cp-43"", ""0x1.ac07bf8a07c76p-38"", ""-0x1.43d03aa40caecp-30"", ""-0x1.d77008a5f332ep-23""]",True
SADDLE_POINT_LIKE_D08_C08_E1eM12,SADDLE_POINT_LIKE,8,8,1e-12,4542689327874184003,180204980.32105392,180224826.15907004,5.640784960458185e-17,7.846500496500984e-17,1.0164975531273369e-08,1.4141342079367019e-08,3.964257263792859e-08,2.4306420802701183e-08,2.7078537914567636e-05,OBSERVABLE,"[""-0x1.6666666666666p-1"", ""-0x1.ffffffffffffep-2"", ""-0x1.6666666666665p-1"", ""-0x1.3333333333334p-1"", ""0x1.3333333333333p-2"", ""-0x1.9999999999994p-4"", ""0x1.ccccccccccd79p-1"", ""0x1.999999999d2edp-2""]","[""-0x1.66666667185c2p-1"", ""-0x1.000000002e634p-1"", ""-0x1.6666666e225ffp-1"", ""-0x1.33333355a5d7fp-1"", ""0x1.333333357e6dcp-2"", ""-0x1.9999997a43e96p-4"", ""0x1.cccceebd1d5bap-1"", ""0x1.99a52c9a39cfbp-2""]","[""-0x1.63eb800000000p-34"", ""-0x1.731a800000000p-36"", ""-0x1.eefe680000000p-31"", ""-0x1.1395258000000p-28"", ""0x1.259d480000000p-33"", ""0x1.f55afe0000000p-32"", ""0x1.0f82842080000p-20"", ""0x1.726013941c000p-15""]","[""-0x1.63ebb081adb6cp-34"", ""-0x1.731a706528c30p-36"", ""-0x1.eefe66638e78cp-31"", ""-0x1.1395257656e50p-28"", ""0x1.259d4dc6b70cep-33"", ""0x1.f55b16c5741ccp-32"", ""0x1.0f8286ff8fcfap-20"", ""0x1.726012c9d8a43p-15""]",True
SADDLE_POINT_LIKE_D08_C08_E1eM8,SADDLE_POINT_LIKE,8,8,1e-8,1937651504775486851,180271651.20937765,1786391090.9741561,4.439536185101879e-17,4.6484772067874467e-17,8.003225250972583e-09,8.303998958365454e-08,1.794569860001112e-07,1.0413150489257217e-07,0.6408271625277038,OBSERVABLE,"[""0x1.ffffffffffffep-2"", ""-0x1.3333333333332p-1"", ""0x1.ccccccccccccdp-1"", ""-0x1.0000000000001p-1"", ""0x1.999999999999dp-4"", ""-0x1.9999999999999p-1"", ""-0x1.9999999999f6fp-1"", ""0x1.99999999a6df9p-4""]","[""0x1.ffffbfe2b437fp-2"", ""-0x1.3333117c9b275p-1"", ""0x1.cccdb93eca519p-1"", ""-0x1.ffe5a93ad0d3cp-2"", ""0x1.999bc69003e57p-4"", ""-0x1.999c984750ea3p-1"", ""-0x1.9d355b06fb027p-1"", ""-0x1.011dac947a845p+0""]","[""-0x1.00752f1fc0000p-20"", ""0x1.0db4c05e80000p-20"", ""0x1.d8e3fb0980000p-18"", ""0x1.a56c52f2c6000p-14"", ""0x1.167b3525d0000p-19"", ""-0x1.7f56dba850000p-16"", ""-0x1.cde0b6b085c00p-8"", ""-0x1.1ab7462e14f25p+0""]","[""-0x1.00752f1fbd524p-20"", ""0x1.0db4c05fb183dp-20"", ""0x1.d8e3fb09af9a7p-18"", ""0x1.a56c52f2c92b8p-14"", ""0x1.167b3525d55a3p-19"", ""-0x1.7f56dba8c9d3cp-16"", ""-0x1.cde0b6b0f000bp-8"", ""-0x1.1ab7462e17fddp+0""]",True
SADDLE_POINT_LIKE_D08_C10_E1eM16,SADDLE_POINT_LIKE,8,10,1e-16,11121206788242147629,18006504625.7269,18006524440.202354,6.133955258475107e-17,5.1652506785373874e-17,1.1045121573030965e-06,9.30082990882118e-07,3.2743714240773985e-06,2.0345954055815077e-06,5.470496055589774e-07,RESOLUTION_LIMITED,"[""-0x1.6666666666664p-1"", ""-0x1.9999999999999p-4"", ""0x1.ffffffffffffcp-2"", ""-0x1.999999999999ap-2"", ""-0x1.999999999999bp-1"", ""-0x1.999999999999bp-3"", ""-0x1.333333333317bp-1"", ""0x1.99999999945e3p-1""]","[""-0x1.6666666666648p-1"", ""-0x1.9999999996c34p-4"", ""0x1.000000000022ap-1"", ""-0x1.99999999bcc71p-2"", ""-0x1.999999999a149p-1"", ""-0x1.9999999a2c57ap-3"", ""-0x1.333333346f425p-1"", ""0x1.9999b7240fd82p-1""]","[""0x1.c000000000000p-49"", ""0x1.6b28000000000p-43"", ""0x1.1600000000000p-44"", ""-0x1.196b800000000p-37"", ""-0x1.eb80000000000p-43"", ""-0x1.257be00000000p-36"", ""-0x1.3c2aa00000000p-33"", ""0x1.d8a7b79f00000p-21""]","[""0x1.dc684713cebf6p-49"", ""0x1.6b2f9fb805d6bp-43"", ""0x1.157acd8266d41p-44"", ""-0x1.196bbdccadc20p-37"", ""-0x1.eb86fefc8067bp-43"", ""-0x1.25770da99148bp-36"", ""-0x1.3c475bfaa9bd4p-33"", ""0x1.d8a84b38aa40fp-21""]",True
SADDLE_POINT_LIKE_D08_C10_E1eM15,SADDLE_POINT_LIKE,8,10,1e-15,3102490935145018579,18028135671.058723,18028334154.468338,6.003883854982165e-17,2.5265468378367937e-17,1.0823894984747334e-06,4.554945139695282e-07,3.0409708379442496e-06,1.537885055620992e-06,5.010485624814673e-06,TRANSITION,"[""-0x1.9999999999998p-1"", ""-0x1.9999999999999p-3"", ""-0x1.3333333333336p-1"", ""0x1.3333333333333p-1"", ""0x1.ffffffffffffbp-2"", ""-0x1.cccccccccccccp-1"", ""0x1.9999999999e2dp-1"", ""0x1.cccccccccf261p-1""]","[""-0x1.999999999ba91p-1"", ""-0x1.99999999a0cd5p-3"", ""-0x1.333333333100ep-1"", ""0x1.333333326d452p-1"", ""0x1.000000000688cp-1"", ""-0x1.cccccccac6b2cp-1"", ""0x1.999999996879ep-1"", ""0x1.ccce193e5dc0bp-1""]","[""-0x1.07c8000000000p-40"", ""-0x1.ccf0000000000p-41"", ""0x1.1940000000000p-40"", ""-0x1.8bdc200000000p-34"", ""0x1.a23a000000000p-39"", ""0x1.030d000000000p-32"", ""-0x1.8b47800000000p-36"", ""0x1.4c718e9aa0000p-17""]","[""-0x1.07b9516be3219p-40"", ""-0x1.ccf598bd38ca7p-41"", ""0x1.192fedd2723bfp-40"", ""-0x1.8bdbede239db7p-34"", ""0x1.a22fd2ecf1aa6p-39"", ""0x1.030cd2725b773p-32"", ""-0x1.8b0327a4995a1p-36"", ""0x1.4c71957d6ed21p-17""]",True
SADDLE_POINT_LIKE_D08_C10_E1eM14,SADDLE_POINT_LIKE,8,10,1e-14,9984515574928810360,18015830277.10424,18017813213.045918,5.1738585932799583e-20,3.804311754296545e-17,9.32113583811526e-10,6.854542557783166e-07,1.0831228598546457e-06,6.864012225884305e-07,4.8828459869299285e-05,OBSERVABLE,"[""0x1.3333333333333p-1"", ""-0x1.999999999999ap-4"", ""0x1.9999999999999p-4"", ""-0x1.999999999999ap-2"", ""0x1.999999999999cp-1"", ""0x1.ccccccccccce1p-1"", ""0x1.9999999999a8fp-4"", ""-0x1.6666666659acbp-1""]","[""0x1.33333333330e4p-1"", ""-0x1.9999999a24cc4p-4"", ""0x1.999999998697ap-4"", ""-0x1.9999998d91f02p-2"", ""0x1.999999996ff43p-1"", ""0x1.cccccce1178e0p-1"", ""0x1.99999bf79261fp-4"", ""-0x1.66707fc4ec229p-1""]","[""-0x1.2780000000000p-44"", ""-0x1.1665400000000p-37"", ""-0x1.301f000000000p-40"", ""0x1.80f5300000000p-31"", ""-0x1.4d2c800000000p-36"", ""0x1.44abff0000000p-29"", ""0x1.2efc5c8000000p-27"", ""-0x1.432bd24ebc000p-14""]","[""-0x1.270f04b4f14bep-44"", ""-0x1.16655da63fdeap-37"", ""-0x1.301d9184a7d34p-40"", ""0x1.80f52c45a8350p-31"", ""-0x1.4d2c133bb7cccp-36"", ""0x1.44abfc4528cc1p-29"", ""0x1.2efc323e4ce27p-27"", ""-0x1.432bd157862c1p-14""]",True
SADDLE_POINT_LIKE_D08_C10_E1eM12,SADDLE_POINT_LIKE,8,10,1e-12,5352276393098322302,18016044947.41268,18216547958.587242,3.6766787842206964e-17,1.7834782176815542e-17,6.623925411007747e-07,3.2488827040727125e-07,1.1767556188463147e-06,9.875113786079914e-07,0.0028026649829244895,OBSERVABLE,"[""0x1.0000000000000p-1"", ""0x1.0000000000001p-1"", ""0x1.9999999999999p-3"", ""-0x1.3333333333333p-2"", ""0x1.3333333333333p-2"", ""-0x1.333333333336dp-1"", ""0x1.0000000000049p-1"", ""-0x1.3333333318199p-2""]","[""0x1.000000051cd6dp-1"", ""0x1.fffffffc28924p-2"", ""0x1.9999997e11669p-3"", ""-0x1.33333129c0a55p-2"", ""0x1.3333332b799d7p-2"", ""-0x1.33333255e6789p-1"", ""0x1.000028996569fp-1"", ""-0x1.369eb2bcb6471p-2""]","[""0x1.4735b40000000p-31"", ""-0x1.ebb6f00000000p-33"", ""-0x1.b883300000000p-31"", ""0x1.04b946f000000p-25"", ""-0x1.ee65700000000p-32"", ""0x1.ba997c8000000p-26"", ""0x1.44cb2b2b00000p-20"", ""-0x1.b5bfc4cf16c00p-9""]","[""0x1.4735b40f64898p-31"", ""-0x1.ebb6cf210a2dap-33"", ""-0x1.b88331d5b9375p-31"", ""0x1.04b946e40dc7dp-25"", ""-0x1.ee656e43fe44dp-32"", ""0x1.ba996d8cd7d62p-26"", ""0x1.44cb2b68df1ccp-20"", ""-0x1.b5bfc4b810424p-9""]",True
SADDLE_POINT_LIKE_D08_C10_E1eM8,SADDLE_POINT_LIKE,8,10,1e-8,6235117913492657271,17997878751.481285,165135588.09033206,4.203526727380725e-17,5.086908621345651e-17,7.565462160418362e-07,8.400296538041925e-09,1.34426650011384e-06,7.647264932582255e-07,0.2296307232395418,OBSERVABLE,"[""-0x1.9999999999997p-2"", ""0x1.ccccccccccccdp-1"", ""0x1.ccccccccccccep-1"", ""0x1.999999999999ap-1"", ""0x1.6666666666665p-1"", ""0x1.9999999999a8cp-4"", ""-0x1.9999999999dbep-4"", ""0x1.99999999a3780p-2""]","[""-0x1.9999962ff6cebp-2"", ""0x1.ccccc96d5db94p-1"", ""0x1.cccceeb813638p-1"", ""0x1.999a14825d3d9p-1"", ""0x1.6666658f81df3p-1"", ""0x1.99a26b706d95fp-4"", ""-0x1.9e41186d1bb64p-4"", ""-0x1.deb9614de731fp-9""]","[""0x1.b4d1656000000p-25"", ""-0x1.afb789c800000p-24"", ""0x1.0f5a34b500000p-20"", ""0x1.eba30e8fc0000p-19"", ""-0x1.adc90e4000000p-26"", ""0x1.1a3ada7da6000p-17"", ""-0x1.29dfb4e076980p-10"", ""-0x1.9d570c5c3f466p-2""]","[""0x1.b4d1658dd2353p-25"", ""-0x1.afb789b1de4a6p-24"", ""0x1.0f5a34b5a1f5dp-20"", ""0x1.eba30e8fa6bbep-19"", ""-0x1.adc90e865aa43p-26"", ""0x1.1a3ada734c70cp-17"", ""-0x1.29dfb4e130a9bp-10"", ""-0x1.9d570c5c3eaefp-2""]",True
SADDLE_POINT_LIKE_D16_C02_E1eM16,SADDLE_POINT_LIKE,16,2,1e-16,9741642504060071001,190.37923532710198,190.3792353271042,7.855220513911484e-17,9.568594664576519e-17,1.4954708747642557e-14,1.82166173539712e-14,7.817552748955803e-14,3.761221820011443e-14,5.177687214521679e-15,RESOLUTION_LIMITED,"[""-0x1.3333333333332p-1"", ""0x1.6666666666666p-1"", ""-0x1.6666666666667p-1"", ""0x1.0000000000000p-1"", ""-0x1.ffffffffffffcp-2"", ""0x1.ffffffffffffcp-2"", ""0x1.3333333333334p-2"", ""0x1.3333333333333p-1"", ""0x1.6666666666666p-1"", ""0x1.999999999999bp-3"", ""0x1.9999999999999p-2"", ""0x1.999999999999bp-2"", ""-0x1.9999999999991p-2"", ""0x1.333333333334cp-2"", ""0x1.9999999999994p-3"", ""-0x1.999999999999dp-1""]","[""-0x1.3333333333333p-1"", ""0x1.6666666666666p-1"", ""-0x1.6666666666667p-1"", ""0x1.0000000000001p-1"", ""-0x1.ffffffffffff5p-2"", ""0x1.ffffffffffff5p-2"", ""0x1.333333333332fp-2"", ""0x1.3333333333339p-1"", ""0x1.6666666666667p-1"", ""0x1.999999999999dp-3"", ""0x1.999999999999ap-2"", ""0x1.999999999999ap-2"", ""-0x1.99999999999e0p-2"", ""0x1.3333333333385p-2"", ""0x1.99999999999e2p-3"", ""-0x1.99999999999edp-1""]","[""-0x1.0000000000000p-53"", ""0x0.0p+0"", ""0x0.0p+0"", ""0x1.0000000000000p-53"", ""0x1.c000000000000p-52"", ""-0x1.c000000000000p-52"", ""-0x1.4000000000000p-52"", ""0x1.8000000000000p-51"", ""0x1.0000000000000p-53"", ""0x1.0000000000000p-54"", ""0x1.0000000000000p-54"", ""-0x1.0000000000000p-54"", ""-0x1.3c00000000000p-48"", ""0x1.c800000000000p-49"", ""0x1.3800000000000p-49"", ""-0x1.4000000000000p-47""]","[""-0x1.ebf98321d109ap-55"", ""-0x1.bcb233e899391p-57"", ""-0x1.401734ebcc48cp-55"", ""-0x1.bb262173b6606p-56"", ""0x1.d983194deced6p-52"", ""-0x1.69f7c9d44e1a7p-52"", ""-0x1.e31f6fd1a182cp-53"", ""0x1.cb4110acc31c0p-51"", ""0x1.38bf95863e1bap-53"", ""-0x1.515f47605ce3fp-54"", ""0x1.de1544e394995p-54"", ""-0x1.11599db3e567dp-55"", ""-0x1.1b34f29fc4313p-48"", ""0x1.6c7ad14ed8e54p-49"", ""0x1.0d8c13a9fe6a1p-49"", ""-0x1.54d1cd400e8cfp-47""]",True
SADDLE_POINT_LIKE_D16_C02_E1eM15,SADDLE_POINT_LIKE,16,2,1e-15,4700850701528527920,192.966791567104,192.9667915671265,5.0799416415163316e-17,4.495823637211463e-17,9.802600399115436e-15,8.675446627243526e-15,4.4794654633409956e-14,2.2918939124859708e-14,3.3745879082757124e-14,TRANSITION,"[""-0x1.3333333333332p-1"", ""0x1.3333333333332p-1"", ""-0x1.3333333333333p-1"", ""0x1.3333333333332p-2"", ""-0x1.6666666666665p-1"", ""-0x1.6666666666666p-1"", ""0x1.9999999999998p-2"", ""0x1.6666666666667p-1"", ""0x1.3333333333332p-2"", ""-0x1.6666666666664p-1"", ""0x1.999999999999fp-4"", ""-0x1.9999999999996p-4"", ""0x1.999999999998cp-2"", ""-0x1.99999999999bap-2"", ""0x1.333333333334cp-2"", ""0x1.9999999999959p-4""]","[""-0x1.3333333333335p-1"", ""0x1.3333333333338p-1"", ""-0x1.3333333333334p-1"", ""0x1.3333333333335p-2"", ""-0x1.6666666666688p-1"", ""-0x1.6666666666643p-1"", ""0x1.9999999999964p-2"", ""0x1.666666666665dp-1"", ""0x1.3333333333346p-2"", ""-0x1.6666666666670p-1"", ""0x1.99999999999dap-4"", ""-0x1.99999999999b3p-4"", ""0x1.9999999999cf5p-2"", ""-0x1.9999999999c21p-2"", ""0x1.333333333353fp-2"", ""0x1.9999999999a68p-4""]","[""-0x1.8000000000000p-52"", ""0x1.8000000000000p-51"", ""-0x1.0000000000000p-53"", ""0x1.8000000000000p-53"", ""-0x1.1800000000000p-48"", ""0x1.1800000000000p-48"", ""-0x1.a000000000000p-49"", ""-0x1.4000000000000p-50"", ""0x1.4000000000000p-50"", ""-0x1.8000000000000p-50"", ""0x1.d800000000000p-51"", ""-0x1.d000000000000p-52"", ""0x1.b480000000000p-45"", ""-0x1.3380000000000p-45"", ""0x1.f300000000000p-46"", ""0x1.0f00000000000p-48""]","[""-0x1.67f27fb09c525p-52"", ""0x1.4f440ef2e21abp-51"", ""-0x1.945ce6f0be542p-53"", ""0x1.d04dd55feeaa0p-55"", ""-0x1.1dc838b5c926cp-48"", ""0x1.1bd50feea4b88p-48"", ""-0x1.9df49343ea9b5p-49"", ""-0x1.21dd7c912766ep-50"", ""0x1.395ab38d82c53p-50"", ""-0x1.380a1ea13876fp-50"", ""0x1.b5cbe5635971ep-51"", ""-0x1.3a9fa193b02d6p-52"", ""0x1.af02f85ed1e88p-45"", ""-0x1.3739520d3420fp-45"", ""0x1.01143de9663dfp-45"", ""0x1.93f8606e609e9p-49""]",True
SADDLE_POINT_LIKE_D16_C02_E1eM14,SADDLE_POINT_LIKE,16,2,1e-14,4607342234375229794,191.97832442618136,191.97832442640208,6.06289980474378e-17,8.026218317602814e-17,1.1639453456785465e-14,1.540859944093908e-14,6.089672139852236e-14,3.148894499623218e-14,6.577875604340429e-13,OBSERVABLE,"[""-0x1.ffffffffffffep-2"", ""-0x1.3333333333332p-1"", ""-0x1.3333333333335p-2"", ""-0x1.999999999999ap-3"", ""0x1.6666666666667p-1"", ""-0x1.999999999999ap-3"", ""-0x1.9999999999996p-3"", ""-0x1.999999999999bp-4"", ""0x1.ccccccccccccbp-1"", ""0x1.333333333332fp-2"", ""-0x1.9999999999996p-4"", ""0x1.0000000000000p-1"", ""-0x1.6666666666663p-1"", ""0x1.333333333332ap-2"", ""-0x1.99999999999a3p-1"", ""-0x1.9999999999991p-3""]","[""-0x1.0000000000058p-1"", ""-0x1.3333333333353p-1"", ""-0x1.333333333332dp-2"", ""-0x1.9999999999a15p-3"", ""0x1.66666666668ebp-1"", ""-0x1.9999999999d73p-3"", ""-0x1.9999999998e54p-3"", ""-0x1.99999999993f2p-4"", ""0x1.ccccccccccd5bp-1"", ""0x1.3333333333401p-2"", ""-0x1.99999999998a4p-4"", ""0x1.0000000000054p-1"", ""-0x1.66666666683dap-1"", ""0x1.33333333349f9p-2"", ""-0x1.999999999b801p-1"", ""-0x1.999999999b974p-3""]","[""-0x1.6400000000000p-47"", ""-0x1.0800000000000p-48"", ""0x1.0000000000000p-51"", ""-0x1.ec00000000000p-49"", ""0x1.4200000000000p-44"", ""-0x1.ec80000000000p-46"", ""0x1.6840000000000p-44"", ""0x1.6a40000000000p-46"", ""0x1.2000000000000p-46"", ""0x1.a400000000000p-47"", ""0x1.e400000000000p-49"", ""0x1.5000000000000p-47"", ""-0x1.d770000000000p-41"", ""0x1.6cf0000000000p-42"", ""-0x1.e5e0000000000p-41"", ""-0x1.fe30000000000p-43""]","[""-0x1.5dde0efb2ebe2p-47"", ""-0x1.f9ddeaf772f3ep-49"", ""0x1.c10ee716dffe8p-52"", ""-0x1.d77c5d9264fcbp-49"", ""0x1.42d271e938c52p-44"", ""-0x1.ed06c452cc926p-46"", ""0x1.68afb057c0689p-44"", ""0x1.69e93ad5dcf4ap-46"", ""0x1.1a385dc13855ep-46"", ""0x1.a0cef9d43aba8p-47"", ""0x1.ea782dcaca144p-49"", ""0x1.4cad9bc676553p-47"", ""-0x1.d7d2e8343d150p-41"", ""0x1.6cceb188f8c05p-42"", ""-0x1.e64a2a24b1a93p-41"", ""-0x1.fe0dd2040ffd8p-43""]",True
SADDLE_POINT_LIKE_D16_C02_E1eM12,SADDLE_POINT_LIKE,16,2,1e-12,10157239585725212773,188.0871982993085,188.08719832051491,5.1146694046184945e-17,6.039400996971865e-17,9.620038385418943e-15,1.1359340130545757e-14,5.0585699819196564e-14,2.542027061482181e-14,5.425316230269932e-11,OBSERVABLE,"[""-0x1.999999999999ep-3"", ""0x1.3333333333332p-1"", ""0x1.3333333333333p-2"", ""0x1.999999999999dp-4"", ""-0x1.3333333333333p-2"", ""0x1.3333333333334p-1"", ""0x1.999999999999ap-4"", ""0x1.999999999999bp-1"", ""0x1.3333333333334p-1"", ""0x1.3333333333336p-2"", ""0x1.cccccccccccccp-1"", ""-0x1.0000000000001p-1"", ""0x1.99999999999a5p-3"", ""0x1.99999999999b2p-2"", ""-0x1.9999999999992p-2"", ""-0x1.6666666666673p-1""]","[""-0x1.999999999d948p-3"", ""0x1.3333333332c71p-1"", ""0x1.333333332e503p-2"", ""0x1.99999999a04f5p-4"", ""-0x1.333333333b2c4p-2"", ""0x1.333333332a59fp-1"", ""0x1.99999999e1425p-4"", ""0x1.99999999a9593p-1"", ""0x1.3333333334426p-1"", ""0x1.3333333330b73p-2"", ""0x1.ccccccccceda6p-1"", ""-0x1.0000000001572p-1"", ""0x1.9999999a77123p-3"", ""0x1.9999999a41be5p-2"", ""-0x1.9999999a61cf4p-2"", ""-0x1.66666667238a2p-1""]","[""-0x1.fd50000000000p-42"", ""-0x1.b040000000000p-43"", ""-0x1.38c0000000000p-40"", ""0x1.ad60000000000p-42"", ""-0x1.fe44000000000p-40"", ""-0x1.1b2a000000000p-38"", ""0x1.1ea2c00000000p-38"", ""0x1.f7f0000000000p-38"", ""0x1.0f20000000000p-41"", ""-0x1.3e18000000000p-41"", ""0x1.06d0000000000p-40"", ""-0x1.5710000000000p-41"", ""0x1.baefc00000000p-36"", ""0x1.5046600000000p-35"", ""-0x1.906c400000000p-35"", ""-0x1.7a45e00000000p-34""]","[""-0x1.fd7c089c9e69cp-42"", ""-0x1.b043ef68f02f1p-43"", ""-0x1.38c38df161be8p-40"", ""0x1.ad99ed3db9fa8p-42"", ""-0x1.fe482ddb24f72p-40"", ""-0x1.1b2710cfd54f2p-38"", ""0x1.1ea2748e03850p-38"", ""0x1.f7ee36698c63dp-38"", ""0x1.0f32c7ee582b7p-41"", ""-0x1.3e07e9ae73d49p-41"", ""0x1.06c61ce3b0154p-40"", ""-0x1.57308fcec9fd0p-41"", ""0x1.baf29a42e0320p-36"", ""0x1.5048b3a70f817p-35"", ""-0x1.906a8be6d2a0ap-35"", ""-0x1.7a43c50eeff19p-34""]",True
SADDLE_POINT_LIKE_D16_C02_E1eM8,SADDLE_POINT_LIKE,16,2,1e-8,15655641463757475078,194.04089226689754,194.04111817231998,8.168651862487581e-17,1.0092141807625734e-16,1.58505249601477e-14,1.9582904811053542e-14,9.823985246687984e-14,3.9874326078111696e-14,4.5828059296413237e-07,OBSERVABLE,"[""-0x1.9999999999997p-4"", ""0x1.6666666666667p-1"", ""0x1.ccccccccccccep-1"", ""-0x1.999999999998dp-4"", ""0x1.ccccccccccccbp-1"", ""-0x1.9999999999999p-1"", ""-0x1.3333333333332p-1"", ""-0x1.3333333333335p-1"", ""0x1.9999999999996p-4"", ""0x1.6666666666668p-1"", ""-0x1.6666666666668p-1"", ""-0x1.6666666666669p-1"", ""0x1.3333333333326p-1"", ""0x1.3333333333347p-2"", ""0x1.666666666665dp-1"", ""-0x1.9999999999981p-2""]","[""-0x1.999998fe303c9p-4"", ""0x1.666666312ce49p-1"", ""0x1.cccccd126d37bp-1"", ""-0x1.9999980c98765p-4"", ""0x1.cccccad00a10fp-1"", ""-0x1.99999a9711cecp-1"", ""-0x1.33333587ee13bp-1"", ""-0x1.333331d4ca4fap-1"", ""0x1.9999998cbd68bp-4"", ""0x1.666666442797fp-1"", ""-0x1.666666ec3ae11p-1"", ""-0x1.666666875511ap-1"", ""0x1.3333466286148p-1"", ""0x1.33334ccc6c347p-2"", ""0x1.666681a25d0f8p-1"", ""-0x1.9999b20433663p-2""]","[""0x1.36d2b9c000000p-29"", ""-0x1.a9cc0f0000000p-28"", ""0x1.1681ab4000000p-27"", ""0x1.8d01228000000p-28"", ""-0x1.fcc2bbc000000p-25"", ""-0x1.faf06a6000000p-26"", ""-0x1.2a5d704800000p-24"", ""0x1.5e68e3b000000p-25"", ""-0x1.9b86160000000p-33"", ""-0x1.11f6748000000p-28"", ""-0x1.0ba8f52000000p-26"", ""-0x1.0775588000000p-28"", ""0x1.32f52e2200000p-21"", ""0x1.9993900000000p-22"", ""0x1.b3bf6a9b00000p-21"", ""-0x1.86a99ce200000p-22""]","[""0x1.36d2b9bfac78ap-29"", ""-0x1.a9cc0ff2b3b8ap-28"", ""0x1.1681ab3531527p-27"", ""0x1.8d01244ec548fp-28"", ""-0x1.fcc2bbfa1a2f0p-25"", ""-0x1.faf06a564fd25p-26"", ""-0x1.2a5d703a01dacp-24"", ""0x1.5e68e39a9f0eep-25"", ""-0x1.9b8618112d5bdp-33"", ""-0x1.11f674848b974p-28"", ""-0x1.0ba8f539f457ap-26"", ""-0x1.07755a28c7d79p-28"", ""0x1.32f52e3c80671p-21"", ""0x1.99939012eab01p-22"", ""0x1.b3bf6a8f32915p-21"", ""-0x1.86a99caac00f6p-22""]",True
SADDLE_POINT_LIKE_D16_C04_E1eM16,SADDLE_POINT_LIKE,16,4,1e-16,5376100829545056146,18415.035056785582,18415.035056806162,8.726808427851609e-17,6.448732289281816e-17,1.607044831329975e-12,1.1875363117922352e-12,5.857919141554828e-12,2.799022035220823e-12,3.17575982000677e-13,RESOLUTION_LIMITED,"[""0x1.9999999999983p-4"", ""0x1.6666666666666p-1"", ""0x1.9999999999999p-3"", ""0x1.999999999999cp-3"", ""0x1.9999999999997p-4"", ""-0x1.3333333333333p-1"", ""-0x1.3333333333334p-1"", ""0x1.ccccccccccccep-1"", ""0x1.ccccccccccccfp-1"", ""-0x1.9999999999992p-4"", ""0x1.3333333333327p-2"", ""0x1.999999999998ep-2"", ""0x1.99999999999a2p-4"", ""-0x1.cccccccccccc7p-1"", ""-0x1.99999999997d8p-4"", ""0x1.333333333330cp-1""]","[""0x1.999999999997fp-4"", ""0x1.6666666666665p-1"", ""0x1.999999999998cp-3"", ""0x1.999999999998bp-3"", ""0x1.999999999999ap-4"", ""-0x1.333333333332cp-1"", ""-0x1.333333333332ap-1"", ""0x1.ccccccccccc97p-1"", ""0x1.cccccccccccd2p-1"", ""-0x1.9999999999996p-4"", ""0x1.3333333333379p-2"", ""0x1.99999999999ebp-2"", ""0x1.99999999999bap-4"", ""-0x1.ccccccccccd01p-1"", ""-0x1.999999999bb49p-4"", ""0x1.3333333334a61p-1""]","[""-0x1.0000000000000p-54"", ""-0x1.0000000000000p-53"", ""-0x1.a000000000000p-52"", ""-0x1.1000000000000p-51"", ""0x1.8000000000000p-55"", ""0x1.c000000000000p-51"", ""0x1.4000000000000p-50"", ""-0x1.b800000000000p-48"", ""0x1.8000000000000p-52"", ""-0x1.0000000000000p-54"", ""0x1.4800000000000p-48"", ""0x1.7400000000000p-48"", ""0x1.8000000000000p-52"", ""-0x1.d000000000000p-48"", ""-0x1.1b88000000000p-43"", ""0x1.7550000000000p-41""]","[""-0x1.d5a7bd3ede4d5p-53"", ""0x1.d035511dc340bp-55"", ""-0x1.cd2979b33237bp-52"", ""-0x1.08b2dc9fd0704p-51"", ""0x1.b2f215b83ca2bp-55"", ""0x1.bfad9e85245cdp-51"", ""0x1.408cc730adfe6p-50"", ""-0x1.b0071a32ecaa0p-48"", ""0x1.4c0143c91d33fp-52"", ""-0x1.3e33fe4b9e0dcp-53"", ""0x1.336b5e5571200p-48"", ""0x1.6e3d9a3361797p-48"", ""0x1.2482ea6105d36p-52"", ""-0x1.b29b58bf0be86p-48"", ""-0x1.0e0511704f977p-43"", ""0x1.6ff76844c4156p-41""]",True
SADDLE_POINT_LIKE_D16_C04_E1eM15,SADDLE_POINT_LIKE,16,4,1e-15,8381365168695622325,18218.126797287026,18218.12679748975,3.878604082239298e-17,6.914186069447686e-17,7.066090096676054e-13,1.259635185147939e-12,4.0578889558475736e-12,1.9706850869152148e-12,3.157635435156443e-12,TRANSITION,"[""0x1.6666666666666p-1"", ""-0x1.9999999999998p-3"", ""0x1.9999999999998p-2"", ""-0x1.9999999999998p-4"", ""0x1.9999999999997p-3"", ""0x1.cccccccccccccp-1"", ""0x1.999999999999bp-1"", ""0x1.3333333333332p-2"", ""0x1.999999999999bp-4"", ""-0x1.6666666666667p-1"", ""0x1.99999999999a1p-1"", ""0x1.999999999999bp-2"", ""-0x1.999999999998cp-2"", ""0x1.99999999999a5p-2"", ""-0x1.fffffffffffe7p-2"", ""-0x1.33333333332fdp-2""]","[""0x1.6666666666661p-1"", ""-0x1.9999999999961p-3"", ""0x1.9999999999911p-2"", ""-0x1.9999999999aa9p-4"", ""0x1.9999999999a34p-3"", ""0x1.cccccccccccafp-1"", ""0x1.9999999999b61p-1"", ""0x1.3333333333541p-2"", ""0x1.99999999999adp-4"", ""-0x1.6666666666675p-1"", ""0x1.9999999999bccp-1"", ""0x1.9999999999b64p-2"", ""-0x1.9999999999da2p-2"", ""0x1.9999999999a3cp-2"", ""-0x1.000000000c3f0p-1"", ""-0x1.333333334210ap-2""]","[""-0x1.4000000000000p-51"", ""0x1.b800000000000p-50"", ""-0x1.0e00000000000p-47"", ""-0x1.1100000000000p-48"", ""0x1.3a00000000000p-48"", ""-0x1.d000000000000p-49"", ""0x1.c600000000000p-45"", ""0x1.0780000000000p-45"", ""0x1.2000000000000p-52"", ""-0x1.c000000000000p-50"", ""0x1.1580000000000p-44"", ""0x1.c900000000000p-46"", ""-0x1.0580000000000p-44"", ""0x1.2e00000000000p-47"", ""-0x1.87f9000000000p-38"", ""-0x1.dc1a000000000p-39""]","[""-0x1.0eefe821888ecp-51"", ""0x1.982c61415ab28p-50"", ""-0x1.0fdfdb7340ccbp-47"", ""-0x1.0f7eff56454aep-48"", ""0x1.34f7f93564900p-48"", ""-0x1.ccd528bf168ffp-49"", ""0x1.c64b33cbc20a0p-45"", ""0x1.077dd50e612acp-45"", ""0x1.8df833d3ed147p-52"", ""-0x1.c4a72405a3b78p-50"", ""0x1.1e40d59a82d6ap-44"", ""0x1.cb9d814ca7dc6p-46"", ""-0x1.02f2761ba8f0fp-44"", ""0x1.936d3964f3e7cp-47"", ""-0x1.87169fd6362f8p-38"", ""-0x1.daaed32e94023p-39""]",True
SADDLE_POINT_LIKE_D16_C04_E1eM14,SADDLE_POINT_LIKE,16,4,1e-14,3294430816771009380,18200.900293026923,18200.90029503531,6.827377794444709e-17,5.939138392862833e-17,1.2426442249966865e-12,1.0809766572702952e-12,5.384822485064338e-12,2.328061774385716e-12,4.4862233143733886e-11,OBSERVABLE,"[""-0x1.3333333333333p-2"", ""0x1.ffffffffffffep-2"", ""0x1.9999999999998p-1"", ""-0x1.ccccccccccccdp-1"", ""0x1.9999999999998p-4"", ""-0x1.3333333333334p-1"", ""0x1.3333333333334p-2"", ""-0x1.3333333333332p-1"", ""0x1.0000000000000p-1"", ""-0x1.6666666666664p-1"", ""0x1.999999999999ap-1"", ""0x1.333333333332ap-1"", ""0x1.999999999998ap-4"", ""0x1.3333333333364p-2"", ""-0x1.ccccccccccd12p-1"", ""0x1.333333333329fp-2""]","[""-0x1.333333333337ep-2"", ""0x1.000000000001bp-1"", ""0x1.9999999999664p-1"", ""-0x1.ccccccccccf59p-1"", ""0x1.9999999999a8ap-4"", ""-0x1.33333333333d3p-1"", ""0x1.33333333372afp-2"", ""-0x1.3333333333d16p-1"", ""0x1.0000000000109p-1"", ""-0x1.66666666667bdp-1"", ""0x1.999999999b3ffp-1"", ""0x1.33333333345e7p-1"", ""0x1.999999999e226p-4"", ""0x1.3333333334506p-2"", ""-0x1.cccccccda44f0p-1"", ""0x1.33333333c9326p-2""]","[""-0x1.2c00000000000p-48"", ""0x1.c000000000000p-49"", ""-0x1.9a00000000000p-44"", ""-0x1.4600000000000p-44"", ""0x1.e400000000000p-49"", ""-0x1.3e00000000000p-46"", ""0x1.fbd8000000000p-41"", ""-0x1.3c80000000000p-42"", ""0x1.0900000000000p-45"", ""-0x1.5900000000000p-45"", ""0x1.a650000000000p-41"", ""0x1.2bd0000000000p-41"", ""0x1.2270000000000p-42"", ""0x1.1a20000000000p-42"", ""-0x1.aefbc00000000p-34"", ""0x1.2c10e00000000p-35""]","[""-0x1.3446aed7b3d87p-48"", ""0x1.abda456c4d61cp-49"", ""-0x1.9a390e8e40038p-44"", ""-0x1.46c0185f24a09p-44"", ""0x1.e33b44fbefb82p-49"", ""-0x1.39f67d7748fedp-46"", ""0x1.fbe197c9b6efap-41"", ""-0x1.3c6069b84be7bp-42"", ""0x1.095c92f6f6dc7p-45"", ""-0x1.575464dce5578p-45"", ""0x1.a763395c6badcp-41"", ""0x1.2b810488e03dcp-41"", ""0x1.2240d85400f07p-42"", ""0x1.1b74843790f05p-42"", ""-0x1.aeff2a39f9662p-34"", ""0x1.2bdcc63a66b4bp-35""]",True
SADDLE_POINT_LIKE_D16_C04_E1eM12,SADDLE_POINT_LIKE,16,4,1e-12,11503712061454460410,18030.94108646581,18030.941285064204,3.2517224732340644e-17,1.0424736862866514e-16,5.863161634445468e-13,1.8796781828694386e-12,5.211388847167866e-12,2.4704352396581964e-12,2.6183573447572247e-09,OBSERVABLE,"[""0x1.999999999999ap-4"", ""-0x1.9999999999998p-1"", ""-0x1.3333333333332p-2"", ""-0x1.6666666666664p-1"", ""0x1.999999999999ap-2"", ""0x1.9999999999997p-3"", ""0x1.6666666666665p-1"", ""0x1.9999999999999p-4"", ""-0x1.3333333333333p-1"", ""0x1.9999999999998p-1"", ""0x1.3333333333331p-1"", ""0x1.fffffffffffdap-2"", ""-0x1.99999999999a1p-2"", ""-0x1.6666666666662p-1"", ""0x1.00000000000f7p-1"", ""-0x1.999999999995cp-4""]","[""0x1.99999999bd530p-4"", ""-0x1.999999999a699p-1"", ""-0x1.333333334f7d2p-2"", ""-0x1.6666666673f5cp-1"", ""0x1.99999999ab193p-2"", ""0x1.99999999da204p-3"", ""0x1.66666665f878bp-1"", ""0x1.9999999a49954p-4"", ""-0x1.3333333339745p-1"", ""0x1.999999999c67cp-1"", ""0x1.33333333d1697p-1"", ""0x1.00000000a887cp-1"", ""-0x1.9999999a6205dp-2"", ""-0x1.6666666709f50p-1"", ""0x1.0000002e70941p-1"", ""-0x1.999999e6b2a5cp-4""]","[""0x1.1dcb000000000p-39"", ""-0x1.a020000000000p-42"", ""-0x1.c4a0000000000p-38"", ""-0x1.b1f0000000000p-38"", ""0x1.17f9000000000p-38"", ""0x1.021b400000000p-37"", ""-0x1.b7b6800000000p-35"", ""0x1.5ff7600000000p-37"", ""-0x1.9048000000000p-39"", ""0x1.6720000000000p-40"", ""0x1.3c6cc00000000p-34"", ""0x1.5111e00000000p-34"", ""-0x1.90d7800000000p-35"", ""-0x1.471dc00000000p-34"", ""0x1.7384250000000p-28"", ""-0x1.3464400000000p-30""]","[""0x1.1dd1d8bc1b30fp-39"", ""-0x1.a06646955c393p-42"", ""-0x1.c49fbc04bf55dp-38"", ""-0x1.b1ea1f19dcfebp-38"", ""0x1.17f95f039a11fp-38"", ""0x1.021a61f9e2e77p-37"", ""-0x1.b7b72974c3b5bp-35"", ""0x1.5ff76c8b4540fp-37"", ""-0x1.9050f83b4ab8ep-39"", ""0x1.672f491c806c7p-40"", ""0x1.3c6cb6725da1ap-34"", ""0x1.510fd4b69dab9p-34"", ""-0x1.90d874a94fecfp-35"", ""-0x1.471d487e6f4a1p-34"", ""0x1.7384c3ddb8d28p-28"", ""-0x1.34643ac66dbc0p-30""]",True
SADDLE_POINT_LIKE_D16_C04_E1eM8,SADDLE_POINT_LIKE,16,4,1e-8,172178918414304679,18207.67749511485,18209.68683957124,6.334236814351438e-17,6.673402482341432e-17,1.1533174109352767e-12,1.215205693580025e-12,4.546019247416014e-12,2.37300273098755e-12,5.8841327683074354e-05,OBSERVABLE,"[""0x1.3333333333335p-1"", ""-0x1.999999999999ap-3"", ""0x1.ffffffffffffep-2"", ""0x1.9999999999998p-3"", ""0x1.999999999999ep-4"", ""-0x1.6666666666664p-1"", ""-0x1.ffffffffffffep-2"", ""-0x1.3333333333335p-2"", ""0x1.3333333333332p-2"", ""-0x1.3333333333332p-2"", ""0x1.999999999998bp-3"", ""-0x1.999999999998cp-4"", ""-0x1.3333333333334p-1"", ""0x1.666666666665cp-1"", ""-0x1.0000000000077p-1"", ""-0x1.ccccccccccc4ap-1""]","[""0x1.333332125b5ecp-1"", ""-0x1.99999af42c707p-3"", ""0x1.fffffcc6ec253p-2"", ""0x1.99999d1bb64a0p-3"", ""0x1.9999abe1ff41dp-4"", ""-0x1.666668bde5c58p-1"", ""-0x1.ffffde6821255p-2"", ""-0x1.3332f6c0114aep-2"", ""0x1.333336bfc1cedp-2"", ""-0x1.33332fdeed1a9p-2"", ""0x1.9999d7c0279bbp-3"", ""-0x1.999a21a6e0861p-4"", ""-0x1.3333499aef910p-1"", ""0x1.6666871c125b1p-1"", ""-0x1.00070b94cc2d1p-1"", ""-0x1.ccd9c8fb7eb18p-1""]","[""-0x1.20d7d49000000p-25"", ""-0x1.5a92d6d000000p-27"", ""-0x1.9c89ed5800000p-25"", ""0x1.c10e584000000p-26"", ""0x1.24865a7f00000p-24"", ""-0x1.2bbfafa000000p-24"", ""0x1.0cbef6d480000p-21"", ""0x1.e3990f4380000p-21"", ""0x1.c6474dd800000p-25"", ""0x1.aa230c4800000p-25"", ""0x1.f134701800000p-22"", ""-0x1.101a8ddaa0000p-21"", ""-0x1.667bc5dc00000p-21"", ""0x1.05ad5faa80000p-20"", ""-0x1.c2e5330968000p-15"", ""-0x1.9f85d63d9c000p-14""]","[""-0x1.20d7d48092614p-25"", ""-0x1.5a92d6e6ac339p-27"", ""-0x1.9c89ed80a1aedp-25"", ""0x1.c10e581c464aap-26"", ""0x1.24865a855aebfp-24"", ""-0x1.2bbfaf8fa43cap-24"", ""0x1.0cbef6d5fa9cdp-21"", ""0x1.e3990f418a305p-21"", ""0x1.c6474dc968dd2p-25"", ""0x1.aa230c5e5d0b0p-25"", ""0x1.f1347023fc08ap-22"", ""-0x1.101a8dd3b1baep-21"", ""-0x1.667bc5df3cf94p-21"", ""0x1.05ad5fac4d8a8p-20"", ""-0x1.c2e5330915012p-15"", ""-0x1.9f85d63cfecbcp-14""]",True
SADDLE_POINT_LIKE_D16_C06_E1eM16,SADDLE_POINT_LIKE,16,6,1e-16,1136567144373147841,1853706.2994681646,1853706.2996781482,3.284281777156405e-17,6.786446776088564e-17,6.088093819913976e-11,1.2580079142848415e-10,4.0343222683962296e-10,1.8668617052148622e-10,3.828212834788853e-11,RESOLUTION_LIMITED,"[""0x1.3333333333334p-2"", ""-0x1.6666666666667p-1"", ""0x1.3333333333334p-2"", ""0x1.9999999999999p-2"", ""-0x1.9999999999999p-1"", ""-0x1.6666666666668p-1"", ""-0x1.3333333333332p-2"", ""-0x1.6666666666667p-1"", ""0x1.999999999999ap-4"", ""-0x1.999999999999ap-2"", ""0x1.333333333332cp-1"", ""0x1.ffffffffffff6p-2"", ""-0x1.0000000000044p-1"", ""-0x1.666666666659ep-1"", ""0x1.3333333333114p-1"", ""0x1.00000000005d9p-1""]","[""0x1.3333333333332p-2"", ""-0x1.6666666666670p-1"", ""0x1.3333333333313p-2"", ""0x1.999999999997ap-2"", ""-0x1.9999999999971p-1"", ""-0x1.666666666662fp-1"", ""-0x1.3333333333765p-2"", ""-0x1.666666666681ep-1"", ""0x1.99999999999d8p-4"", ""-0x1.999999999997cp-2"", ""0x1.33333333333d6p-1"", ""0x1.0000000000113p-1"", ""-0x1.0000000001052p-1"", ""-0x1.66666666684c7p-1"", ""0x1.33333333be970p-1"", ""0x1.0000000074dcdp-1""]","[""-0x1.0000000000000p-53"", ""-0x1.2000000000000p-50"", ""-0x1.0800000000000p-49"", ""-0x1.f000000000000p-50"", ""0x1.4000000000000p-48"", ""0x1.c800000000000p-48"", ""-0x1.0cc0000000000p-44"", ""-0x1.b700000000000p-45"", ""0x1.f000000000000p-51"", ""0x1.e000000000000p-50"", ""0x1.5400000000000p-46"", ""0x1.1800000000000p-45"", ""-0x1.00e0000000000p-41"", ""-0x1.f290000000000p-41"", ""0x1.170b800000000p-34"", ""0x1.d1fd000000000p-35""]","[""-0x1.055047cf7665dp-53"", ""-0x1.02eb08fd27f79p-50"", ""-0x1.f721dceb1b716p-50"", ""-0x1.0150bf57c3238p-49"", ""0x1.4040b086840fep-48"", ""0x1.d49cc513f464ep-48"", ""-0x1.0c298478f5904p-44"", ""-0x1.b837de8ae0f73p-45"", ""0x1.c4a8d59343893p-51"", ""0x1.f57666bede9e4p-50"", ""0x1.4cbfe6ac74d1fp-46"", ""0x1.14f8a58f7b6cfp-45"", ""-0x1.f8b529e63631ap-42"", ""-0x1.ee963e0b76f17p-41"", ""0x1.1729e4ad0b320p-34"", ""0x1.d29b7f038fe57p-35""]",True
SADDLE_POINT_LIKE_D16_C06_E1eM15,SADDLE_POINT_LIKE,16,6,1e-15,5879620402432723619,1811608.8194626672,1811608.8214662666,8.0010470419394e-17,5.841167091242396e-17,1.4494767388214087e-10,1.0581909831272947e-10,5.944917589541806e-10,2.5077121311704316e-10,5.590117059668849e-10,TRANSITION,"[""-0x1.9999999999992p-4"", ""0x1.9999999999999p-1"", ""0x1.3333333333331p-2"", ""-0x1.3333333333334p-1"", ""0x1.999999999999ap-4"", ""-0x1.3333333333334p-2"", ""0x1.ccccccccccccdp-1"", ""0x1.3333333333334p-1"", ""-0x1.ccccccccccccep-1"", ""-0x1.999999999999bp-1"", ""0x1.333333333332ep-2"", ""0x1.9999999999941p-4"", ""-0x1.99999999999bep-2"", ""-0x1.33333333332cbp-2"", ""0x1.ccccccccccbc9p-1"", ""0x1.99999999996a5p-1""]","[""-0x1.9999999999b66p-4"", ""0x1.99999999999ebp-1"", ""0x1.33333333331b9p-2"", ""-0x1.33333333332a5p-1"", ""0x1.999999999a5b0p-4"", ""-0x1.3333333332e9fp-2"", ""0x1.cccccccccad1bp-1"", ""0x1.3333333331710p-1"", ""-0x1.ccccccccccc15p-1"", ""-0x1.999999999998bp-1"", ""0x1.333333333530cp-2"", ""0x1.999999998ffdep-4"", ""-0x1.999999999c1afp-2"", ""-0x1.333333335885ap-2"", ""0x1.ccccccd543215p-1"", ""0x1.999999a136620p-1""]","[""-0x1.d400000000000p-48"", ""0x1.4800000000000p-47"", ""-0x1.7800000000000p-46"", ""0x1.1e00000000000p-46"", ""0x1.82c0000000000p-45"", ""0x1.2540000000000p-44"", ""-0x1.fb20000000000p-41"", ""-0x1.c240000000000p-41"", ""0x1.7200000000000p-46"", ""0x1.0000000000000p-49"", ""0x1.fde0000000000p-42"", ""-0x1.32c6000000000p-41"", ""-0x1.3f88000000000p-41"", ""-0x1.2ac7800000000p-37"", ""0x1.0ecc980000000p-30"", ""0x1.e73dec0000000p-31""]","[""-0x1.cd95a96dd4ebdp-48"", ""0x1.4289fa9018d07p-47"", ""-0x1.781caec6bdedfp-46"", ""0x1.1a0df22804b45p-46"", ""0x1.82ecddabef5adp-45"", ""0x1.2531c6fa3ad87p-44"", ""-0x1.fb07b994e1e17p-41"", ""-0x1.c2277382a3a80p-41"", ""0x1.709fa5d1f9006p-46"", ""0x1.0415a6671458bp-49"", ""0x1.fe6ca0eb0005ep-42"", ""-0x1.32aed9240ab32p-41"", ""-0x1.4180b0075bd02p-41"", ""-0x1.2ae28cb45c8a2p-37"", ""0x1.0ec8f7c39cca6p-30"", ""0x1.e74d552d82823p-31""]",True
SADDLE_POINT_LIKE_D16_C06_E1eM14,SADDLE_POINT_LIKE,16,6,1e-14,702517136353277760,1846393.4251474326,1846393.4457973656,6.491535677085484e-17,8.909793478646607e-17,1.198592879471725e-10,1.6450984285087555e-10,7.34983288088487e-10,2.8437357192360433e-10,3.976197770122475e-09,OBSERVABLE,"[""-0x1.6666666666666p-1"", ""0x1.0000000000000p-1"", ""0x1.999999999999cp-4"", ""-0x1.999999999999cp-1"", ""-0x1.0000000000000p-1"", ""-0x1.3333333333331p-1"", ""0x1.9999999999999p-2"", ""-0x1.ccccccccccccep-1"", ""0x1.ccccccccccccbp-1"", ""-0x1.ccccccccccccdp-1"", ""0x1.3333333333336p-2"", ""-0x1.cccccccccccc0p-1"", ""-0x1.3333333333342p-2"", ""-0x1.000000000006dp-1"", ""-0x1.3333333332fedp-1"", ""-0x1.66666666664e7p-1""]","[""-0x1.6666666666bfdp-1"", ""0x1.ffffffffff6aap-2"", ""0x1.999999999dc62p-4"", ""-0x1.99999999999b7p-1"", ""-0x1.fffffffffeb0ap-2"", ""-0x1.3333333332424p-1"", ""0x1.99999999b4388p-2"", ""-0x1.ccccccccbd2c8p-1"", ""0x1.ccccccccccf08p-1"", ""-0x1.ccccccccccc60p-1"", ""0x1.333333332b691p-2"", ""-0x1.cccccccccff56p-1"", ""-0x1.3333333367d05p-2"", ""-0x1.0000000015712p-1"", ""-0x1.3333336c876f7p-1"", ""-0x1.666666a98686ep-1""]","[""-0x1.65c0000000000p-43"", ""-0x1.2ac0000000000p-43"", ""0x1.0b18000000000p-42"", ""-0x1.b000000000000p-49"", ""0x1.4f60000000000p-42"", ""0x1.e1a0000000000p-42"", ""0x1.a9ef000000000p-38"", ""0x1.f40c000000000p-38"", ""0x1.1e80000000000p-44"", ""0x1.b400000000000p-47"", ""-0x1.f294000000000p-40"", ""-0x1.94b0000000000p-40"", ""-0x1.a4e1800000000p-37"", ""-0x1.56a5000000000p-37"", ""-0x1.caa3850000000p-28"", ""-0x1.0c80e1c000000p-27""]","[""-0x1.65a5b1479e837p-43"", ""-0x1.2b79e3fcdb05bp-43"", ""0x1.0b2ed70195526p-42"", ""-0x1.e6ba122773f9bp-49"", ""0x1.4f7e2c638b3bcp-42"", ""0x1.e1e593e527d3cp-42"", ""0x1.a9ee4751cec5ap-38"", ""0x1.f40fd6b842cb3p-38"", ""0x1.1e3a8a2adf407p-44"", ""0x1.bb81b4617fd27p-47"", ""-0x1.f2a0eb2bea5cep-40"", ""-0x1.93c104049f60cp-40"", ""-0x1.a51af51731531p-37"", ""-0x1.57454811dc23bp-37"", ""-0x1.caa222d2b965dp-28"", ""-0x1.0c82ae04de88cp-27""]",True
SADDLE_POINT_LIKE_D16_C06_E1eM12,SADDLE_POINT_LIKE,16,6,1e-12,15975045787500257041,1805824.5656208463,1805826.5529295811,8.187124364921637e-17,7.418295241264803e-17,1.478451030215428e-10,1.3396154525941703e-10,7.676443820478475e-10,2.8181111825701165e-10,4.859802973799883e-07,OBSERVABLE,"[""0x1.3333333333334p-1"", ""-0x1.cccccccccccc9p-1"", ""-0x1.ffffffffffffep-2"", ""-0x1.999999999999ap-3"", ""-0x1.6666666666667p-1"", ""0x1.9999999999999p-4"", ""-0x1.0000000000000p-1"", ""-0x1.cccccccccccccp-1"", ""0x1.fffffffffffffp-2"", ""-0x1.999999999999bp-1"", ""0x1.cccccccccccd6p-1"", ""-0x1.0000000000000p-1"", ""0x1.3333333333352p-1"", ""-0x1.9999999999996p-1"", ""0x1.cccccccccc80cp-1"", ""0x1.9999999999898p-1""]","[""0x1.333333330fc83p-1"", ""-0x1.cccccccca7e0ap-1"", ""-0x1.000000001ff0ep-1"", ""-0x1.999999998d902p-3"", ""-0x1.66666666f18e8p-1"", ""0x1.999999a0d72dcp-4"", ""-0x1.00000007d117bp-1"", ""-0x1.ccccccd389c97p-1"", ""0x1.000000005bca5p-1"", ""-0x1.99999999f3463p-1"", ""0x1.ccccccd01a938p-1"", ""-0x1.00000001e0840p-1"", ""0x1.3333336c8770ep-1"", ""-0x1.99999a127aaeep-1"", ""0x1.ccccede0558e4p-1"", ""0x1.9999b73e5fd13p-1""]","[""-0x1.1b58800000000p-36"", ""0x1.275f800000000p-36"", ""-0x1.ff0f000000000p-37"", ""0x1.8130000000000p-40"", ""-0x1.1650200000000p-34"", ""0x1.cf650c0000000p-34"", ""-0x1.f445ec0000000p-31"", ""-0x1.af3f2c0000000p-31"", ""0x1.6f29600000000p-35"", ""-0x1.66b2000000000p-35"", ""0x1.a6e3100000000p-32"", ""-0x1.e084000000000p-33"", ""0x1.caa1de0000000p-28"", ""-0x1.e384560000000p-27"", ""0x1.089c486c00000p-20"", ""0x1.da4c647b00000p-21""]","[""-0x1.1b5741562d22fp-36"", ""0x1.27619e5478424p-36"", ""-0x1.ff0ca3fc46ddfp-37"", ""0x1.813079a122b90p-40"", ""-0x1.16503bc918d57p-34"", ""0x1.cf65152286b69p-34"", ""-0x1.f445e774965f4p-31"", ""-0x1.af3f324444a1bp-31"", ""0x1.6f293e4e23dd7p-35"", ""-0x1.66b2564895734p-35"", ""0x1.a6e33483ac7dep-32"", ""-0x1.e0843b2ab71a1p-33"", ""0x1.caa1f23957a8ep-28"", ""-0x1.e384532a4a592p-27"", ""0x1.089c48814996bp-20"", ""0x1.da4c645342f90p-21""]",True
SADDLE_POINT_LIKE_D16_C06_E1eM8,SADDLE_POINT_LIKE,16,6,1e-8,10126522729066399354,1832419.8793385806,1853077.1112159316,2.7395107564344458e-17,1.0102454304942612e-16,5.019933970004348e-11,1.8720626843098629e-10,5.555684985067133e-10,2.377613682444799e-10,0.004562934274737222,OBSERVABLE,"[""0x1.0000000000000p-1"", ""-0x1.9999999999995p-4"", ""0x1.999999999999bp-3"", ""-0x1.999999999999bp-2"", ""0x1.9999999999998p-2"", ""-0x1.ccccccccccccep-1"", ""0x1.3333333333333p-2"", ""0x1.999999999999cp-4"", ""-0x1.3333333333333p-1"", ""-0x1.999999999999ap-1"", ""0x1.6666666666663p-1"", ""0x1.666666666666dp-1"", ""0x1.fffffffffffdap-2"", ""-0x1.ccccccccccc46p-1"", ""-0x1.0000000000166p-1"", ""-0x1.9999999999ae2p-1""]","[""0x1.0000051951a9bp-1"", ""-0x1.9999db147d674p-4"", ""0x1.99998e38fdd30p-3"", ""-0x1.9999a1c2129aep-2"", ""0x1.99997d5e98f4fp-2"", ""-0x1.ccccac58134e4p-1"", ""0x1.3334827490830p-2"", ""0x1.99a232f743d5cp-4"", ""-0x1.333336d911a56p-1"", ""-0x1.999998a877489p-1"", ""0x1.6666086c8b9abp-1"", ""0x1.66664bd8d23bbp-1"", ""0x1.000858b14859fp-1"", ""-0x1.ccdcebf7d9399p-1"", ""-0x1.02e8a67e375d8p-1"", ""-0x1.9e38099d1ab0ep-1""]","[""0x1.46546a6c00000p-23"", ""-0x1.05eb8f37c0000p-22"", ""-0x1.6c1378d600000p-24"", ""-0x1.050f202600000p-23"", ""-0x1.c3b00a4900000p-22"", ""0x1.03a5cbf500000p-20"", ""0x1.4f415d4fd0000p-18"", ""0x1.132bb54780000p-17"", ""-0x1.d2ef391800000p-24"", ""0x1.e244a22000000p-26"", ""-0x1.77e76b2e00000p-19"", ""-0x1.a8d942b200000p-21"", ""0x1.0b16290b64000p-14"", ""-0x1.01f2b0c753000p-13"", ""-0x1.74533f1ba3900p-8"", ""-0x1.279c00e040b00p-7""]","[""0x1.46546a66585d4p-23"", ""-0x1.05eb8f3970719p-22"", ""-0x1.6c1378cbc419dp-24"", ""-0x1.050f202a030abp-23"", ""-0x1.c3b00a4a5d923p-22"", ""0x1.03a5cbf35332bp-20"", ""0x1.4f415d4fd2baep-18"", ""0x1.132bb5478d4bbp-17"", ""-0x1.d2ef390e0f6c8p-24"", ""0x1.e244a233913fap-26"", ""-0x1.77e76b2e8995cp-19"", ""-0x1.a8d942a4d46d4p-21"", ""0x1.0b16290b96aa8p-14"", ""-0x1.01f2b0c6dcf43p-13"", ""-0x1.74533f1bad946p-8"", ""-0x1.279c00e0471c7p-7""]",True
SADDLE_POINT_LIKE_D16_C08_E1eM16,SADDLE_POINT_LIKE,16,8,1e-16,4921178944637922605,179068523.05925846,179068525.02888536,4.3666610457640345e-17,6.671031872038614e-17,7.81931550279532e-09,1.1945718520166577e-08,4.112838085983526e-08,1.976503848858003e-08,4.751683908079806e-09,RESOLUTION_LIMITED,"[""-0x1.9999999999996p-3"", ""0x1.6666666666665p-1"", ""-0x1.999999999999ap-4"", ""0x1.6666666666664p-1"", ""-0x1.3333333333331p-1"", ""-0x1.9999999999998p-3"", ""0x1.9999999999999p-4"", ""0x1.cccccccccccccp-1"", ""-0x1.999999999999ap-2"", ""-0x1.999999999991cp-4"", ""0x1.99999999999a8p-4"", ""0x1.0000000000070p-1"", ""0x1.9999999999754p-2"", ""-0x1.999999999a310p-3"", ""-0x1.999999999999dp-1"", ""0x1.ccccccccd0d77p-1""]","[""-0x1.9999999999b21p-3"", ""0x1.66666666665b7p-1"", ""-0x1.9999999999775p-4"", ""0x1.6666666666685p-1"", ""-0x1.33333333332b4p-1"", ""-0x1.9999999999845p-3"", ""0x1.999999999b02ap-4"", ""0x1.cccccccccad32p-1"", ""-0x1.9999999999935p-2"", ""-0x1.999999999ae58p-4"", ""0x1.999999999b9d9p-4"", ""0x1.fffffffff5b1ap-2"", ""0x1.999999998efbbp-2"", ""-0x1.9999999a7a99cp-3"", ""-0x1.9999999a4131ap-1"", ""0x1.cccccd21c1380p-1""]","[""-0x1.8b00000000000p-47"", ""-0x1.5c00000000000p-46"", ""0x1.1280000000000p-47"", ""0x1.0800000000000p-48"", ""0x1.f400000000000p-47"", ""0x1.5300000000000p-47"", ""0x1.6910000000000p-44"", ""-0x1.f9a0000000000p-41"", ""0x1.9400000000000p-48"", ""-0x1.53c0000000000p-44"", ""0x1.0188000000000p-43"", ""-0x1.4b8c000000000p-39"", ""-0x1.4f32000000000p-39"", ""-0x1.c0d1800000000p-36"", ""-0x1.4f2fa00000000p-34"", ""0x1.53c1824000000p-27""]","[""-0x1.855afeed5b99ep-47"", ""-0x1.5992e4f565ec4p-46"", ""0x1.12b12e38cbb82p-47"", ""0x1.eb869789c619ep-49"", ""0x1.f5789c9fe2614p-47"", ""0x1.5477e97046966p-47"", ""0x1.690523058c671p-44"", ""-0x1.f990df52713afp-41"", ""0x1.9893a99214d99p-48"", ""-0x1.56ac349216d2cp-44"", ""0x1.01c3ae8cf8ae0p-43"", ""-0x1.4c889afdf35a5p-39"", ""-0x1.4e58af510d6b7p-39"", ""-0x1.c067606671f60p-36"", ""-0x1.4f3d1d22f8713p-34"", ""0x1.53b97dbd1f297p-27""]",True
SADDLE_POINT_LIKE_D16_C08_E1eM15,SADDLE_POINT_LIKE,16,8,1e-15,7647256447932334264,179268017.7166658,179268037.45651785,5.700645537706699e-17,3.884860990653911e-17,1.0219434356937202e-08,6.964314104360774e-09,3.8806377985440825e-08,1.718375299890113e-08,3.89777917371169e-08,TRANSITION,"[""-0x1.6666666666668p-1"", ""-0x1.6666666666667p-1"", ""-0x1.9999999999999p-2"", ""-0x1.999999999999ap-1"", ""-0x1.9999999999998p-3"", ""0x1.999999999999ap-3"", ""-0x1.6666666666665p-1"", ""-0x1.999999999999ap-4"", ""0x1.6666666666667p-1"", ""0x1.99999999999a0p-3"", ""0x1.9999999999995p-2"", ""-0x1.33333333332bdp-1"", ""-0x1.99999999999c4p-1"", ""0x1.00000000001ecp-1"", ""0x1.9999999998640p-2"", ""0x1.9999999999aafp-1""]","[""-0x1.6666666666973p-1"", ""-0x1.66666666669edp-1"", ""-0x1.99999999993dbp-2"", ""-0x1.99999999991cfp-1"", ""-0x1.999999999830ep-3"", ""0x1.9999999995de3p-3"", ""-0x1.6666666667196p-1"", ""-0x1.9999999a26510p-4"", ""0x1.6666666666dbcp-1"", ""0x1.9999999997937p-3"", ""0x1.9999999991f98p-2"", ""-0x1.3333333354927p-1"", ""-0x1.99999999db4cfp-1"", ""0x1.00000003cabfbp-1"", ""0x1.999999a00900ap-2"", ""0x1.99999c8db5593p-1""]","[""-0x1.8580000000000p-44"", ""-0x1.c300000000000p-44"", ""0x1.6f80000000000p-44"", ""0x1.f2c0000000000p-43"", ""0x1.68a0000000000p-43"", ""-0x1.ddb8000000000p-42"", ""-0x1.6620000000000p-42"", ""-0x1.196ec00000000p-37"", ""0x1.d540000000000p-43"", ""-0x1.0348000000000p-42"", ""-0x1.e7f4000000000p-40"", ""-0x1.0b35000000000p-36"", ""-0x1.06c2c00000000p-35"", ""0x1.e550780000000p-32"", ""0x1.9c27280000000p-32"", ""0x1.7a0dd72000000p-24""]","[""-0x1.86495b22917bfp-44"", ""-0x1.c2ea6dd1dae50p-44"", ""0x1.6fe691ec492d7p-44"", ""0x1.f23ca21eee1e5p-43"", ""0x1.68a31b4436729p-43"", ""-0x1.ddbed6090e7b5p-42"", ""-0x1.66390a8acf873p-42"", ""-0x1.196ebb12ab3edp-37"", ""0x1.d5480d1ca4e89p-43"", ""-0x1.038cf1adc7fa6p-42"", ""-0x1.e8137bfa96993p-40"", ""-0x1.0b183d111adfap-36"", ""-0x1.06ca6ff909bcbp-35"", ""0x1.e565cf858e941p-32"", ""0x1.9c2328e7366f2p-32"", ""0x1.7a0d94bb5eb75p-24""]",True
SADDLE_POINT_LIKE_D16_C08_E1eM14,SADDLE_POINT_LIKE,16,8,1e-14,16418802293449855429,179304565.91338474,179304763.37800422,7.002062255283269e-17,2.8222739836942777e-17,1.2555017489449086e-08,5.060471713950371e-09,4.3826838792686507e-08,1.761549379774444e-08,1.7579907722354103e-07,TRANSITION,"[""-0x1.6666666666667p-1"", ""-0x1.9999999999998p-2"", ""-0x1.cccccccccccccp-1"", ""-0x1.ffffffffffffep-2"", ""0x1.3333333333333p-2"", ""-0x1.3333333333334p-2"", ""0x1.0000000000002p-1"", ""-0x1.3333333333332p-1"", ""0x1.ffffffffffffep-2"", ""0x1.9999999999998p-1"", ""0x1.6666666666666p-1"", ""0x1.666666666664dp-1"", ""-0x1.333333333332cp-1"", ""0x1.66666666664d2p-1"", ""0x1.cccccccccd253p-1"", ""0x1.9999999991653p-2""]","[""-0x1.6666666665877p-1"", ""-0x1.9999999999a86p-2"", ""-0x1.cccccccccd765p-1"", ""-0x1.00000000004adp-1"", ""0x1.33333333320fdp-2"", ""-0x1.3333333352058p-2"", ""0x1.ffffffffdbeeap-2"", ""-0x1.333333338adb6p-1"", ""0x1.fffffffffc2abp-2"", ""0x1.999999999ac9cp-1"", ""0x1.6666666661bf3p-1"", ""0x1.666666660997ap-1"", ""-0x1.33333332ee929p-1"", ""0x1.666666a15d1e0p-1"", ""0x1.cccccd1975fa1p-1"", ""0x1.9999b6f142db7p-2""]","[""0x1.be00000000000p-42"", ""-0x1.dc00000000000p-47"", ""-0x1.5320000000000p-42"", ""-0x1.2b80000000000p-43"", ""-0x1.2360000000000p-42"", ""-0x1.ed24000000000p-38"", ""-0x1.208d000000000p-37"", ""-0x1.5ea1000000000p-35"", ""-0x1.ea98000000000p-41"", ""0x1.3040000000000p-41"", ""-0x1.29cc000000000p-39"", ""-0x1.7334c00000000p-35"", ""0x1.1280c00000000p-35"", ""0x1.d7b6870000000p-28"", ""0x1.32a3538000000p-27"", ""0x1.d57b176400000p-22""]","[""0x1.bde95eac01550p-42"", ""-0x1.dc36c2be0d980p-47"", ""-0x1.52d82c0490fd0p-42"", ""-0x1.2b2887f7b9bc4p-43"", ""-0x1.2354a6f1b36e2p-42"", ""-0x1.ed24bc24ffc44p-38"", ""-0x1.2088f63b44a24p-37"", ""-0x1.5ea10f3a970f0p-35"", ""-0x1.ea9fad18247f9p-41"", ""0x1.30c140e2d8e0fp-41"", ""-0x1.29f948e7d4465p-39"", ""-0x1.733a6a11ea9abp-35"", ""0x1.127cd14bd6761p-35"", ""0x1.d7b57979f7b04p-28"", ""0x1.32a2734cd6272p-27"", ""0x1.d57b1697d8526p-22""]",True
SADDLE_POINT_LIKE_D16_C08_E1eM12,SADDLE_POINT_LIKE,16,8,1e-12,5074279213727355040,179447967.81788608,179467739.56871697,3.51923072589058e-17,4.072884312558303e-17,6.315188060314887e-09,7.309513464426252e-09,2.4104936094521405e-08,1.362491544213656e-08,5.6058365611297846e-05,OBSERVABLE,"[""-0x1.9999999999999p-4"", ""0x1.9999999999999p-3"", ""-0x1.ccccccccccccdp-1"", ""-0x1.9999999999999p-4"", ""0x1.9999999999997p-4"", ""-0x1.3333333333334p-1"", ""0x1.9999999999999p-4"", ""-0x1.999999999999ap-2"", ""-0x1.999999999999bp-4"", ""-0x1.9999999999998p-2"", ""0x1.999999999999ap-2"", ""-0x1.3333333333338p-2"", ""0x1.3333333333337p-2"", ""-0x1.3333333332e12p-1"", ""-0x1.9999999999442p-3"", ""0x1.ccccccccce02bp-1""]","[""-0x1.9999999942b42p-4"", ""0x1.9999999ce737ap-3"", ""-0x1.ccccccce688f1p-1"", ""-0x1.9999999130e60p-4"", ""0x1.99999997f0c0cp-4"", ""-0x1.3333332e141c9p-1"", ""0x1.999999a0deff5p-4"", ""-0x1.99999a34523d1p-2"", ""-0x1.9999999939d5dp-4"", ""-0x1.9999999ad05f2p-2"", ""0x1.999999d207e64p-2"", ""-0x1.3333345d1a079p-2"", ""0x1.333333767b79fp-2"", ""-0x1.33334c027c842p-1"", ""-0x1.99998efb32ffbp-3"", ""0x1.ccd9cc8bfb1f8p-1""]","[""0x1.5b95c00000000p-38"", ""0x1.a6cf080000000p-34"", ""-0x1.9bc2400000000p-33"", ""0x1.0d16720000000p-33"", ""-0x1.a8d8b00000000p-36"", ""0x1.47c5ac0000000p-31"", ""0x1.d159700000000p-34"", ""-0x1.357146e000000p-27"", ""0x1.7f0f800000000p-38"", ""-0x1.36c5a00000000p-34"", ""0x1.c372650000000p-29"", ""-0x1.29e6d41000000p-26"", ""0x1.0d211a0000000p-28"", ""-0x1.8cf49a3000000p-21"", ""0x1.53ccc88e00000p-24"", ""0x1.9ff7e5a39a000p-14""]","[""0x1.5b96a53334820p-38"", ""0x1.a6cf0460b50e3p-34"", ""-0x1.9bc235eccc1b9p-33"", ""0x1.0d166f66516dap-33"", ""-0x1.a8d8ac0316e54p-36"", ""0x1.47c5afd28ae22p-31"", ""0x1.d1595ef5dd9eap-34"", ""-0x1.357146fcf7843p-27"", ""0x1.7f0e8ea5f3283p-38"", ""-0x1.36c5873aaeb50p-34"", ""0x1.c3724cfc7ccb3p-29"", ""-0x1.29e6d62bbab60p-26"", ""0x1.0d210f74471d3p-28"", ""-0x1.8cf4990110e19p-21"", ""0x1.53cce0b8ba372p-24"", ""0x1.9ff7e5d925d0ap-14""]",True
SADDLE_POINT_LIKE_D16_C08_E1eM8,SADDLE_POINT_LIKE,16,8,1e-8,13013695716500282123,179742737.56637883,1731184252.5760567,5.4551195894824844e-17,2.7886348283540494e-17,9.805181383797205e-09,4.8276409340928236e-08,4.1408204383345216e-07,1.6848759412802533e-07,3.4744659662301194,OBSERVABLE,"[""0x1.999999999999cp-2"", ""0x1.9999999999998p-4"", ""0x1.3333333333332p-1"", ""-0x1.3333333333333p-2"", ""-0x1.9999999999999p-4"", ""0x1.9999999999999p-3"", ""-0x1.999999999999cp-1"", ""0x1.3333333333334p-1"", ""-0x1.ccccccccccccep-1"", ""0x1.cccccccccccccp-1"", ""0x1.ffffffffffff6p-2"", ""-0x1.999999999997ep-2"", ""-0x1.ccccccccccccap-1"", ""0x1.9999999999ab2p-1"", ""-0x1.ffffffffffee3p-2"", ""0x1.9999999998deap-1""]","[""0x1.9999b922d2c1fp-2"", ""0x1.9988f965a1aebp-4"", ""0x1.333543a66a31dp-1"", ""-0x1.3332f50104cf5p-2"", ""-0x1.99990eb5a34e6p-4"", ""0x1.999db3fa6583ep-3"", ""-0x1.9999f4bc728fbp-1"", ""0x1.3398b9afc4a77p-1"", ""-0x1.ccd00b06dd877p-1"", ""0x1.ccf87f28e5f3ap-1"", ""0x1.ffa38363c5eaep-2"", ""-0x1.9ab7e41836a11p-2"", ""-0x1.cc24b6ffb93ddp-1"", ""0x1.9055f9a4f16cep-1"", ""-0x1.f9994e0e1a3a1p-2"", ""-0x1.ef4b43f9b76e8p+2""]","[""0x1.f893928300000p-22"", ""-0x1.0a033f7ead000p-16"", ""0x1.08399b7f58000p-16"", ""0x1.f191731f00000p-21"", ""0x1.15c7ec9660000p-21"", ""0x1.069832fa94000p-17"", ""-0x1.6c8b63d7c0000p-19"", ""0x1.9619f245d0c00p-11"", ""-0x1.9f1d085d48000p-16"", ""0x1.5d92e0c937000p-12"", ""-0x1.71f270e852000p-12"", ""-0x1.1e4a7e9d09300p-10"", ""0x1.502b9a271da00p-10"", ""-0x1.2873fe9507c80p-6"", ""0x1.99ac7c796d080p-8"", ""-0x1.113f3b9675453p+3""]","[""0x1.f8939281be1adp-22"", ""-0x1.0a033f7eaecd7p-16"", ""0x1.08399b7f54295p-16"", ""0x1.f191731efd81cp-21"", ""0x1.15c7ec964130ep-21"", ""0x1.069832fa93ee8p-17"", ""-0x1.6c8b63d8311ecp-19"", ""0x1.9619f245d0a9cp-11"", ""-0x1.9f1d085d4cc25p-16"", ""0x1.5d92e0c93670fp-12"", ""-0x1.71f270e854f73p-12"", ""-0x1.1e4a7e9d0121ap-10"", ""0x1.502b9a271ff91p-10"", ""-0x1.2873fe950854bp-6"", ""0x1.99ac7c79c753cp-8"", ""-0x1.113f3b96750c8p+3""]",True
SADDLE_POINT_LIKE_D16_C10_E1eM16,SADDLE_POINT_LIKE,16,10,1e-16,11637052693587321250,17972984074.502995,17973003911.98813,6.473547582013178e-17,6.473562309940907e-17,1.163491029680403e-06,1.1634949609296173e-06,5.402417966921414e-06,2.3269861502476155e-06,3.813865600868295e-07,RESOLUTION_LIMITED,"[""0x1.3333333333334p-1"", ""-0x1.9999999999997p-1"", ""0x1.9999999999999p-4"", ""0x1.0000000000000p-1"", ""0x1.6666666666664p-1"", ""-0x1.ffffffffffffep-2"", ""-0x1.9999999999998p-3"", ""-0x1.ccccccccccccfp-1"", ""0x1.6666666666667p-1"", ""0x1.9999999999948p-3"", ""0x1.9999999999998p-3"", ""0x1.9999999999845p-3"", ""0x1.666666666681ep-1"", ""0x1.9999999994835p-2"", ""0x1.9999999997e20p-1"", ""0x1.99999999c2d1ap-1""]","[""0x1.333333333381dp-1"", ""-0x1.9999999999f08p-1"", ""0x1.999999999c425p-4"", ""0x1.0000000000002p-1"", ""0x1.6666666665dd6p-1"", ""-0x1.0000000000be7p-1"", ""-0x1.99999999a1f10p-3"", ""-0x1.ccccccccde6f9p-1"", ""0x1.6666666666506p-1"", ""0x1.99999999b2f10p-3"", ""0x1.9999999989c46p-3"", ""0x1.99999999aceebp-3"", ""0x1.6666666997c5fp-1"", ""0x1.999999d494dc7p-2"", ""0x1.999999faa3cbdp-1"", ""0x1.9999b74ee373fp-1""]","[""0x1.3a40000000000p-43"", ""-0x1.5c40000000000p-43"", ""0x1.5460000000000p-43"", ""0x1.0000000000000p-52"", ""-0x1.11c0000000000p-42"", ""-0x1.7d00000000000p-42"", ""-0x1.0af0000000000p-40"", ""-0x1.1a2a000000000p-37"", ""-0x1.6100000000000p-45"", ""0x1.95c8000000000p-39"", ""-0x1.faa4000000000p-40"", ""0x1.36a6000000000p-39"", ""0x1.98a2080000000p-32"", ""0x1.d802c90000000p-29"", ""0x1.842fa74000000p-27"", ""0x1.db520a2500000p-21""]","[""0x1.3a4f301f57b27p-43"", ""-0x1.5bfe6cd0da583p-43"", ""0x1.545896ade9815p-43"", ""0x1.12a937bbd2a10p-52"", ""-0x1.11fa1737530a9p-42"", ""-0x1.7cc111964c6b6p-42"", ""-0x1.0aed91689c66ep-40"", ""-0x1.1a2aed3f5d544p-37"", ""-0x1.6172db24018d2p-45"", ""0x1.95e4f202fb26dp-39"", ""-0x1.faaa1983d969cp-40"", ""0x1.35f2cdd9e621dp-39"", ""0x1.988f276e87037p-32"", ""0x1.d814023ad5243p-29"", ""0x1.84319ca53d988p-27"", ""0x1.db534a462bb0ep-21""]",True
SADDLE_POINT_LIKE_D16_C10_E1eM15,SADDLE_POINT_LIKE,16,10,1e-15,10177814008493086234,17953986329.28,17954184292.276863,6.213565766411692e-17,5.110301283580952e-17,1.1155839927886337e-06,9.175137521754272e-07,5.375229917517729e-06,2.0330986754301526e-06,3.3337304279373642e-06,TRANSITION,"[""-0x1.9999999999998p-2"", ""0x1.ccccccccccccap-1"", ""0x1.6666666666666p-1"", ""-0x1.0000000000002p-1"", ""-0x1.9999999999998p-1"", ""0x1.9999999999998p-1"", ""-0x1.3333333333332p-1"", ""-0x1.ccccccccccccap-1"", ""0x1.9999999999996p-4"", ""0x1.99999999999abp-1"", ""-0x1.99999999999bap-2"", ""-0x1.ccccccccccc0bp-1"", ""0x1.6666666666004p-1"", ""-0x1.999999997b25ep-3"", ""-0x1.9999999998815p-3"", ""-0x1.99999999d38a4p-1""]","[""-0x1.9999999999f59p-2"", ""0x1.cccccccccad9dp-1"", ""0x1.6666666669eefp-1"", ""-0x1.0000000000013p-1"", ""-0x1.999999999988fp-1"", ""0x1.999999999fa88p-1"", ""-0x1.333333332ec7ep-1"", ""-0x1.cccccccc1cea2p-1"", ""0x1.99999999a0a7dp-4"", ""0x1.99999999c50f1p-1"", ""-0x1.9999999a54976p-2"", ""-0x1.cccccccbf4d40p-1"", ""0x1.666666574f15dp-1"", ""-0x1.99999cd62e738p-3"", ""-0x1.999999c45dcb5p-3"", ""-0x1.999ac158589e8p-1""]","[""-0x1.7040000000000p-44"", ""-0x1.f2d0000000000p-41"", ""0x1.c448000000000p-40"", ""-0x1.1000000000000p-49"", ""0x1.0900000000000p-45"", ""0x1.83c0000000000p-39"", ""0x1.1ad0000000000p-39"", ""0x1.5fc5000000000p-34"", ""0x1.c39c000000000p-42"", ""0x1.5ba3000000000p-36"", ""-0x1.75f7800000000p-35"", ""0x1.afd9600000000p-34"", ""-0x1.e2dd4e0000000p-30"", ""-0x1.9e59a6d000000p-26"", ""-0x1.562a500000000p-30"", ""-0x1.27be851440000p-17""]","[""-0x1.6f84c1369fc82p-44"", ""-0x1.f2f3f0ae771fbp-41"", ""0x1.c445f1c34cfe1p-40"", ""-0x1.2086636607211p-49"", ""0x1.09f2227238a4cp-45"", ""0x1.83bdeec7e8ed0p-39"", ""0x1.1ad1dd005e072p-39"", ""0x1.5fc52fd1a6538p-34"", ""0x1.c385982850b9ep-42"", ""0x1.5baaaebfd655fp-36"", ""-0x1.75f6566fb1d0ap-35"", ""0x1.afdde69e982d3p-34"", ""-0x1.e2e9fdb585062p-30"", ""-0x1.9e54b4a6c738fp-26"", ""-0x1.566093ab9e86fp-30"", ""-0x1.27beb43e4ca56p-17""]",True
SADDLE_POINT_LIKE_D16_C10_E1eM14,SADDLE_POINT_LIKE,16,10,1e-14,9097582008677315621,17963388531.69356,17965371319.90184,6.880626282919445e-17,7.247448740318474e-17,1.2359951602967928e-06,1.3020327727048962e-06,5.407863013557702e-06,2.5380358692147416e-06,2.5901010708986935e-05,OBSERVABLE,"[""0x1.3333333333335p-2"", ""-0x1.999999999999ap-3"", ""-0x1.9999999999997p-4"", ""0x1.cccccccccccccp-1"", ""-0x1.9999999999998p-1"", ""0x1.3333333333333p-1"", ""-0x1.999999999999ap-4"", ""0x1.9999999999999p-1"", ""0x1.ffffffffffffep-2"", ""-0x1.0000000000000p-1"", ""-0x1.6666666666668p-1"", ""0x1.999999999979cp-4"", ""0x1.999999999934ep-1"", ""-0x1.99999999947dep-3"", ""-0x1.99999999997a6p-4"", ""0x1.000000001b006p-1""]","[""0x1.33333333065dep-2"", ""-0x1.9999999941be0p-3"", ""-0x1.999999993e886p-4"", ""0x1.cccccccce2adap-1"", ""-0x1.99999999c1dbfp-1"", ""0x1.333333335f6cap-1"", ""-0x1.999999993dca3p-4"", ""0x1.999999954d733p-1"", ""0x1.0000000027a97p-1"", ""-0x1.00000000f48c0p-1"", ""-0x1.66666666d2cbap-1"", ""0x1.9999992fae0b9p-4"", ""0x1.99999aa0686e4p-1"", ""-0x1.9999ac7c56f02p-3"", ""-0x1.9999b2f8b983ap-4"", ""0x1.00073bcb02227p-1""]","[""-0x1.66ab800000000p-37"", ""0x1.5f6e800000000p-37"", ""0x1.6c44400000000p-38"", ""0x1.5e0e000000000p-37"", ""-0x1.4213800000000p-36"", ""0x1.61cb800000000p-36"", ""0x1.6f3dc00000000p-38"", ""-0x1.1309980000000p-31"", ""0x1.3d4c000000000p-36"", ""-0x1.e918000000000p-34"", ""-0x1.b194800000000p-35"", ""-0x1.a7adb8c000000p-30"", ""0x1.06cf396000000p-25"", ""-0x1.2e2c272400000p-23"", ""-0x1.95f2009400000p-24"", ""0x1.cef2b9c884000p-15""]","[""-0x1.66aa1420f64dfp-37"", ""0x1.5f6f1b8a84745p-37"", ""0x1.6c44be2982afap-38"", ""0x1.5e0de86366a75p-37"", ""-0x1.4212a07eb1920p-36"", ""0x1.61cb859572453p-36"", ""0x1.6f3dbc6057940p-38"", ""-0x1.13099c9cabde8p-31"", ""0x1.3d4b95d881b16p-36"", ""-0x1.e91830a11cb72p-34"", ""-0x1.b19498ecd885fp-35"", ""-0x1.a7ae1c799201ap-30"", ""0x1.06cee93deaf7bp-25"", ""-0x1.2e2c086fea8acp-23"", ""-0x1.95f1c01016ff5p-24"", ""0x1.cef2bed4daa58p-15""]",True
SADDLE_POINT_LIKE_D16_C10_E1eM12,SADDLE_POINT_LIKE,16,10,1e-12,10963118296066030789,17962799873.07087,18163225947.432076,8.332564816967603e-17,7.456037708904034e-17,1.4967641826654696e-06,1.3542588098084176e-06,6.272944678982421e-06,2.8513384904465716e-06,0.001541083685334027,OBSERVABLE,"[""-0x1.6666666666664p-1"", ""0x1.9999999999998p-3"", ""0x1.6666666666668p-1"", ""-0x1.999999999999cp-2"", ""0x1.9999999999998p-4"", ""-0x1.6666666666667p-1"", ""0x1.9999999999998p-2"", ""-0x1.999999999999ap-3"", ""-0x1.999999999999bp-1"", ""0x1.99999999999a5p-3"", ""0x1.999999999998dp-3"", ""0x1.ccccccccccd73p-1"", ""0x1.66666666666c7p-1"", ""0x1.cccccccccd3edp-1"", ""-0x1.99999999901f8p-3"", ""-0x1.3333333332ed4p-2""]","[""-0x1.6666666378079p-1"", ""0x1.999999b1221d3p-3"", ""0x1.6666666b98714p-1"", ""-0x1.99999992b4d8ap-2"", ""0x1.9999997ff181cp-4"", ""-0x1.666666b9018e0p-1"", ""0x1.999999c919b29p-2"", ""-0x1.99999580b2350p-3"", ""-0x1.9999999dc3b7fp-1"", ""0x1.99999834d5c1fp-3"", ""0x1.9999995564751p-3"", ""0x1.cccccb1f23114p-1"", ""0x1.666659fa03f8bp-1"", ""0x1.ccdb33568235dp-1"", ""-0x1.99ab7d12ae524p-3"", ""-0x1.36ab750017eb4p-2""]","[""0x1.772f580000000p-32"", ""0x1.78883b0000000p-31"", ""0x1.4c82b00000000p-31"", ""0x1.b930480000000p-32"", ""-0x1.9a817c0000000p-32"", ""-0x1.4a6c9e4000000p-27"", ""0x1.7c00c88000000p-29"", ""0x1.0639d92800000p-25"", ""-0x1.0a87900000000p-31"", ""-0x1.64c3d86000000p-27"", ""-0x1.10d48f0000000p-29"", ""-0x1.ada9c5f000000p-25"", ""-0x1.8d8c4e7800000p-22"", ""0x1.ccd1369ee0000p-14"", ""-0x1.1e3791e32c000p-15"", ""-0x1.bc20e6727f000p-9""]","[""0x1.772f7eb6b3004p-32"", ""0x1.7888392c53aeep-31"", ""0x1.4c82bb0c2bdb1p-31"", ""0x1.b930322cdbf22p-32"", ""-0x1.9a817bb750ee3p-32"", ""-0x1.4a6c9eaa0f61bp-27"", ""0x1.7c00c7eee52dep-29"", ""0x1.0639d926f8726p-25"", ""-0x1.0a8799a5f163cp-31"", ""-0x1.64c3d841c5204p-27"", ""-0x1.10d485f6ea640p-29"", ""-0x1.ada9b55a5ed90p-25"", ""-0x1.8d8c5065508c5p-22"", ""0x1.ccd136dbbc9cfp-14"", ""-0x1.1e379154580cfp-15"", ""-0x1.bc20e6827ebfdp-9""]",True
SADDLE_POINT_LIKE_D16_C10_E1eM8,SADDLE_POINT_LIKE,16,10,1e-8,6098442964881399951,17929914126.032776,2623073672.496548,4.462528709743422e-17,1.9470868848364714e-17,8.001282057111873e-07,5.1073526065283594e-08,1.9522098446196963e-06,1.0449939714700438e-06,5.016077012541743,OBSERVABLE,"[""0x1.999999999998fp-4"", ""0x1.3333333333333p-2"", ""-0x1.999999999999ap-4"", ""0x1.0000000000000p-1"", ""-0x1.999999999999ap-3"", ""0x1.6666666666666p-1"", ""0x1.3333333333333p-2"", ""-0x1.999999999999ap-3"", ""0x1.ccccccccccccep-1"", ""-0x1.9999999999993p-1"", ""0x1.9999999999999p-4"", ""-0x1.6666666666688p-1"", ""-0x1.333333333327bp-2"", ""0x1.000000000328cp-1"", ""0x1.3333333333677p-2"", ""0x1.33333333407b6p-2""]","[""0x1.9996ac8a92c5ep-4"", ""0x1.33397e59eeb17p-2"", ""-0x1.998f8cdae65aep-4"", ""0x1.fffdec4088843p-2"", ""-0x1.99955e1df3a1ap-3"", ""0x1.66c7c5538d883p-1"", ""0x1.33aa5aa41d111p-2"", ""-0x1.999b19f1ba5f4p-3"", ""0x1.cccbf9389d630p-1"", ""-0x1.99df722e73f76p-1"", ""0x1.98a522cbd9be6p-4"", ""-0x1.66fec976a2d3ap-1"", ""-0x1.464129e83008ep-2"", ""-0x1.daedac0f946a6p+2"", ""-0x1.2cb8928689c74p+2"", ""0x1.e622fe81d8423p-8""]","[""-0x1.7687836988000p-19"", ""0x1.92c9aedf90000p-16"", ""0x1.4197d667d8000p-17"", ""-0x1.09dfbbbde8000p-17"", ""0x1.0edee97e00000p-17"", ""0x1.857bb49c87400p-11"", ""0x1.dc9dc3a777800p-12"", ""-0x1.805820c5a0000p-19"", ""-0x1.a7285ed3c0000p-18"", ""-0x1.1762536978c00p-11"", ""-0x1.e8ed9b7fb6600p-13"", ""-0x1.30c62078d6400p-10"", ""-0x1.30df6b4fce130p-6"", ""-0x1.faedac0f94cf8p+2"", ""-0x1.3febc5b9bcfdbp+2"", ""-0x1.2b9aa739391a5p-2""]","[""-0x1.76878369410c9p-19"", ""0x1.92c9aedf93300p-16"", ""0x1.4197d667d6221p-17"", ""-0x1.09dfbbbdf1e86p-17"", ""0x1.0edee97dff074p-17"", ""0x1.857bb49c86c2bp-11"", ""0x1.dc9dc3a7751edp-12"", ""-0x1.805820c5ce328p-19"", ""-0x1.a7285ed3f2074p-18"", ""-0x1.176253697857cp-11"", ""-0x1.e8ed9b7fb8611p-13"", ""-0x1.30c62078d73aap-10"", ""-0x1.30df6b4fce191p-6"", ""-0x1.faedac0f94335p+2"", ""-0x1.3febc5b9bb8fdp+2"", ""-0x1.2b9aa7393917cp-2""]",True
