dataset,system_id,lane,family,dimension,condition_exponent,epsilon,parent,inverse_frobenius,inverse_spectral,norm_majorant_inflation,parent_bound,parent_error,parent_effectivity,directional_alignment_inflation,factorization_relative_residual,status
development,NONSYMMETRIC_D02_C02_E1eM12,decimal-source,NONSYMMETRIC,2,2,1e-12,z,100.0055999072056,100.00060008220782,1.000049997949949,1.110285196306368e-15,1.1102230246251566e-17,100.00559992720675,100.00060010220795,0.0,FINITE
development,NONSYMMETRIC_D02_C02_E1eM12,decimal-source,NONSYMMETRIC,2,2,1e-12,zg,100.00559989720601,100.00060007220776,1.0000499979499586,7.252661717671774e-15,7.414356791684991e-17,97.81916249033829,97.81427197726272,0.0,FINITE
development,NONSYMMETRIC_D02_C02_E1eM12,binary64-operand,NONSYMMETRIC,2,2,1e-12,z,100.0055999072056,100.00060008220782,1.000049997949949,8.70333427769873e-17,7.182827031614842e-18,12.11686462640887,12.116258838305901,0.0,FINITE
development,NONSYMMETRIC_D02_C02_E1eM12,binary64-operand,NONSYMMETRIC,2,2,1e-12,zg,100.00559989720601,100.00060007220776,1.0000499979499586,3.5619571585638934e-15,3.793797428742433e-17,93.88896548819187,93.88427146708516,0.0,FINITE
development,NONSYMMETRIC_D02_C02_E1eM14,decimal-source,NONSYMMETRIC,2,2,1e-14,z,100.00484984239543,99.9998500048879,1.0000499984500706,1.6629381960408125e-15,1.8619006149354548e-17,89.31401508229592,89.30954974323227,0.0,FINITE
development,NONSYMMETRIC_D02_C02_E1eM14,decimal-source,NONSYMMETRIC,2,2,1e-14,zg,100.00484984229544,99.9998500047879,1.0000499984500706,2.033276458398024e-15,2.6075094596786852e-17,77.97772126389823,77.97382269361748,0.0,FINITE
development,NONSYMMETRIC_D02_C02_E1eM14,binary64-operand,NONSYMMETRIC,2,2,1e-14,z,100.00484984239543,99.9998500048879,1.0000499984500706,5.266307368517608e-16,6.395111959932975e-18,82.34894715702212,82.34483004314865,0.0,FINITE
development,NONSYMMETRIC_D02_C02_E1eM14,binary64-operand,NONSYMMETRIC,2,2,1e-14,zg,100.00484984229544,99.9998500047879,1.0000499984500706,1.0567783500860506e-15,1.0855555622835424e-17,97.34907975258706,97.34421269282907,0.0,FINITE
development,NONSYMMETRIC_D02_C02_E1eM15,decimal-source,NONSYMMETRIC,2,2,1e-15,z,100.00360012718834,99.99860020221367,1.0000499999496448,6.167820234957308e-16,1.7772239894833365e-16,3.4704799572002054,3.4703064420528507,0.0,FINITE
development,NONSYMMETRIC_D02_C02_E1eM15,decimal-source,NONSYMMETRIC,2,2,1e-15,zg,100.00360012717836,99.99860020220368,1.000049999949645,1.1834541496237526e-15,1.163945743203045e-16,10.167605805808634,10.167097451448026,0.0,FINITE
development,NONSYMMETRIC_D02_C02_E1eM15,binary64-operand,NONSYMMETRIC,2,2,1e-15,z,100.00360012718834,99.99860020221367,1.0000499999496448,4.651295901300881e-16,1.1035333247887496e-16,4.2149120437221805,4.214701308868969,0.0,FINITE
development,NONSYMMETRIC_D02_C02_E1eM15,binary64-operand,NONSYMMETRIC,2,2,1e-15,zg,100.00360012717836,99.99860020220368,1.000049999949645,2.419988212431067e-16,1.1246164508558614e-16,2.1518342636633094,2.1517266774377877,0.0,FINITE
development,NONSYMMETRIC_D02_C02_E1eM16,decimal-source,NONSYMMETRIC,2,2,1e-16,z,100.0045998822054,99.99960000720041,1.000049998950042,8.165537979862877e-16,1.5565409952966683e-16,5.245951121452197,5.245688842517825,0.0,FINITE
development,NONSYMMETRIC_D02_C02_E1eM16,decimal-source,NONSYMMETRIC,2,2,1e-16,zg,100.0045998822044,99.99960000719942,1.000049998950042,6.15275550800403e-17,5.0787127259455394e-17,1.2114793334483254,1.211418763782075,0.0,FINITE
development,NONSYMMETRIC_D02_C02_E1eM16,binary64-operand,NONSYMMETRIC,2,2,1e-16,z,100.0045998822054,99.99960000720041,1.000049998950042,4.0026138385153327e-16,1.0859464751798634e-16,3.6858297623300325,3.685645483925609,0.0,FINITE
development,NONSYMMETRIC_D02_C02_E1eM16,binary64-operand,NONSYMMETRIC,2,2,1e-16,zg,100.0045998822044,99.99960000719942,1.000049998950042,6.206879278234329e-16,5.3331135114430414e-17,11.638378341125657,11.637796463521678,0.0,FINITE
development,NONSYMMETRIC_D02_C02_E1eM8,decimal-source,NONSYMMETRIC,2,2,1e-8,z,100.01734981724594,100.01235140452596,1.0000499779542205,4.2987395173508025e-15,1.1957467920563633e-16,35.95024921587392,35.94845258575629,0.0,FINITE
development,NONSYMMETRIC_D02_C02_E1eM8,decimal-source,NONSYMMETRIC,2,2,1e-8,zg,100.01724980578639,100.01225138816797,1.0000499780531789,2.783950242647475e-15,5.896850950926012e-17,47.21079548755251,47.20843610182252,0.0,FINITE
development,NONSYMMETRIC_D02_C02_E1eM8,binary64-operand,NONSYMMETRIC,2,2,1e-8,z,100.01734981724594,100.01235140452596,1.0000499779542205,4.801355588214837e-15,1.0483354497118587e-16,45.79980186241455,45.7975129964066,0.0,FINITE
development,NONSYMMETRIC_D02_C02_E1eM8,binary64-operand,NONSYMMETRIC,2,2,1e-8,zg,100.01724980578639,100.01225138816797,1.0000499780531789,1.975009175936044e-15,4.216053995505044e-17,46.84496873241436,46.84262762907967,0.0,FINITE
development,NONSYMMETRIC_D02_C04_E1eM12,decimal-source,NONSYMMETRIC,2,4,1e-12,z,10000.735083019117,10000.73503302524,1.0000000049990203,6.599650810981669e-13,1.1102230246251565e-16,5944.436986622487,5944.4369569061255,0.0,FINITE
development,NONSYMMETRIC_D02_C04_E1eM12,decimal-source,NONSYMMETRIC,2,4,1e-12,zg,10000.734983006867,10000.73493301299,1.0000000049990203,1.44336038942105e-13,5.807424135714783e-17,2485.3710624381665,2485.3710500137463,0.0,FINITE
development,NONSYMMETRIC_D02_C04_E1eM12,binary64-operand,NONSYMMETRIC,2,4,1e-12,z,10000.735083019117,10000.73503302524,1.0000000049990203,2.7222587906352197e-13,3.385139076644409e-17,8041.793051923043,8041.793011721957,0.0,FINITE
development,NONSYMMETRIC_D02_C04_E1eM12,binary64-operand,NONSYMMETRIC,2,4,1e-12,zg,10000.734983006867,10000.73493301299,1.0000000049990203,9.54660096204292e-13,9.797343277026178e-17,9744.071114083321,9744.071065372511,0.0,FINITE
development,NONSYMMETRIC_D02_C04_E1eM14,decimal-source,NONSYMMETRIC,2,4,1e-14,z,9999.760058317746,9999.760008319749,1.0000000049999198,1.776452986323179e-15,2.2204460492503132e-17,80.00433007246274,80.0043296724475,0.0,FINITE
development,NONSYMMETRIC_D02_C04_E1eM14,decimal-source,NONSYMMETRIC,2,4,1e-14,zg,9999.760057317828,9999.760007319826,1.00000000499992,3.978902527171206e-13,7.506061739960338e-17,5300.918997226675,5300.918970722504,0.0,FINITE
development,NONSYMMETRIC_D02_C04_E1eM14,binary64-operand,NONSYMMETRIC,2,4,1e-14,z,9999.760058317746,9999.760008319749,1.0000000049999198,1.6136705543352125e-13,6.109644983722859e-17,2641.1854676242356,2641.1854544185203,0.0,FINITE
development,NONSYMMETRIC_D02_C04_E1eM14,binary64-operand,NONSYMMETRIC,2,4,1e-14,zg,9999.760057317828,9999.760007319826,1.00000000499992,1.9833658423134897e-13,1.9932609290601235e-17,9950.35729340614,9950.35724365515,0.0,FINITE
development,NONSYMMETRIC_D02_C04_E1eM15,decimal-source,NONSYMMETRIC,2,4,1e-15,z,10000.035046262077,10000.034996264701,1.00000000499972,5.543362990445919e-13,5.661048867003676e-17,9792.11294704819,9792.112898090367,0.0,FINITE
development,NONSYMMETRIC_D02_C04_E1eM15,decimal-source,NONSYMMETRIC,2,4,1e-15,zg,10000.035046162078,10000.034996164703,1.00000000499972,6.610850306781649e-13,6.726818241118525e-17,9827.60358585578,9827.603536720515,0.0,FINITE
development,NONSYMMETRIC_D02_C04_E1eM15,binary64-operand,NONSYMMETRIC,2,4,1e-15,z,10000.035046262077,10000.034996264701,1.00000000499972,1.223886398102867e-13,1.4193495104884655e-17,8622.868356657758,8622.868313545832,0.0,FINITE
development,NONSYMMETRIC_D02_C04_E1eM15,binary64-operand,NONSYMMETRIC,2,4,1e-15,zg,10000.035046162078,10000.034996164703,1.00000000499972,3.2197968374794386e-13,3.609999436693426e-17,8919.106204705138,8919.106160112105,0.0,FINITE
development,NONSYMMETRIC_D02_C04_E1eM16,decimal-source,NONSYMMETRIC,2,4,1e-16,z,10000.060050220301,10000.060000220801,1.00000000499992,2.2160184753916922e-13,3.14018491736755e-17,7056.968088520735,7056.968053236459,0.0,FINITE
development,NONSYMMETRIC_D02_C04_E1eM16,decimal-source,NONSYMMETRIC,2,4,1e-16,zg,10000.0600502103,10000.0600002108,1.00000000499992,2.774330604561365e-13,9.943365698538468e-17,2790.132324077301,2790.132310126862,0.0,FINITE
development,NONSYMMETRIC_D02_C04_E1eM16,binary64-operand,NONSYMMETRIC,2,4,1e-16,z,10000.060050220301,10000.060000220801,1.00000000499992,2.1119344307527644e-13,2.114619838144701e-17,9987.300755703243,9987.300705767539,0.0,FINITE
development,NONSYMMETRIC_D02_C04_E1eM16,binary64-operand,NONSYMMETRIC,2,4,1e-16,zg,10000.0600502103,10000.0600002108,1.00000000499992,1.3297777055814384e-13,5.1310436002988444e-17,2591.632052208617,2591.632039250664,0.0,FINITE
development,NONSYMMETRIC_D02_C04_E1eM8,decimal-source,NONSYMMETRIC,2,4,1e-8,z,10000.735083019117,10000.73503302524,1.0000000049990203,8.638171206824224e-14,4.518280359883027e-17,1911.827181757233,1911.82717219997,0.0,FINITE
development,NONSYMMETRIC_D02_C04_E1eM8,decimal-source,NONSYMMETRIC,2,4,1e-8,zg,9999.735060512161,9999.735010513286,1.00000000500002,3.762418049933732e-14,5.572282489740429e-17,675.2023173378267,675.2023139618017,0.0,FINITE
development,NONSYMMETRIC_D02_C04_E1eM8,binary64-operand,NONSYMMETRIC,2,4,1e-8,z,10000.735083019117,10000.73503302524,1.0000000049990203,1.785508750901204e-14,6.5234058885789504e-18,2737.0805701776694,2737.0805564949483,0.0,FINITE
development,NONSYMMETRIC_D02_C04_E1eM8,binary64-operand,NONSYMMETRIC,2,4,1e-8,zg,9999.735060512161,9999.735010513286,1.00000000500002,4.537042128006633e-14,4.1385557822275445e-17,1096.2863295187015,1096.286324037248,0.0,FINITE
development,NONSYMMETRIC_D02_C06_E1eM12,decimal-source,NONSYMMETRIC,2,6,1e-12,z,1000003.4996268902,1000003.49962639,1.0000000000005,1.0480542030696463e-11,8.950904182623619e-17,117089.19922349663,117089.19922343807,0.0,FINITE
development,NONSYMMETRIC_D02_C06_E1eM12,decimal-source,NONSYMMETRIC,2,6,1e-12,zg,1000002.4996453902,1000002.4996448902,1.0000000000005,1.3743139119080592e-11,2.3798528041206094e-17,577478.5354491235,577478.5354488348,0.0,FINITE
development,NONSYMMETRIC_D02_C06_E1eM12,binary64-operand,NONSYMMETRIC,2,6,1e-12,z,1000003.4996268902,1000003.49962639,1.0000000000005,8.572339528883673e-12,4.46351080354967e-17,192053.7421364904,192053.74213639434,0.0,FINITE
development,NONSYMMETRIC_D02_C06_E1eM12,binary64-operand,NONSYMMETRIC,2,6,1e-12,zg,1000002.4996453902,1000002.4996448902,1.0000000000005,2.1288209143083355e-12,4.793251412076442e-17,44412.8782593135,44412.87825929129,0.0,FINITE
development,NONSYMMETRIC_D02_C06_E1eM14,decimal-source,NONSYMMETRIC,2,6,1e-14,z,1000096.005632877,1000096.0056323772,1.0000000000004998,2.3272508673965532e-11,1.350644602892852e-16,172306.67952264985,172306.67952256373,0.0,FINITE
development,NONSYMMETRIC_D02_C06_E1eM14,decimal-source,NONSYMMETRIC,2,6,1e-14,zg,1000095.995631277,1000095.9956307771,1.0000000000004998,3.5353391712240505e-11,1.8009827268277993e-16,196300.55960898072,196300.5596088826,0.0,FINITE
development,NONSYMMETRIC_D02_C06_E1eM14,binary64-operand,NONSYMMETRIC,2,6,1e-14,z,1000096.005632877,1000096.0056323772,1.0000000000004998,1.7026904604600732e-11,7.198432066149741e-17,236536.2963508245,236536.29635070628,0.0,FINITE
development,NONSYMMETRIC_D02_C06_E1eM14,binary64-operand,NONSYMMETRIC,2,6,1e-14,zg,1000095.995631277,1000095.9956307771,1.0000000000004998,3.390391509060989e-11,1.4994842453876453e-16,226103.84333744756,226103.84333733455,0.0,FINITE
development,NONSYMMETRIC_D02_C06_E1eM15,decimal-source,NONSYMMETRIC,2,6,1e-15,z,1000026.0006225151,1000026.0006220152,1.0000000000004998,1.0836058458099091e-11,1.336885555457667e-16,81054.49575591752,81054.49575587701,0.0,FINITE
development,NONSYMMETRIC_D02_C06_E1eM15,decimal-source,NONSYMMETRIC,2,6,1e-15,zg,1000025.9996224652,1000025.9996219653,1.0000000000004998,2.680594645419159e-11,2.291019254230811e-16,117004.45731605797,117004.45731599949,0.0,FINITE
development,NONSYMMETRIC_D02_C06_E1eM15,binary64-operand,NONSYMMETRIC,2,6,1e-15,z,1000026.0006225151,1000026.0006220152,1.0000000000004998,2.3499869090428995e-11,7.830391192817601e-17,300111.0482447437,300111.0482445937,0.0,FINITE
development,NONSYMMETRIC_D02_C06_E1eM15,binary64-operand,NONSYMMETRIC,2,6,1e-15,zg,1000025.9996224652,1000025.9996219653,1.0000000000004998,6.401989959234427e-12,7.674999996597547e-17,83413.54999443042,83413.54999438873,0.0,FINITE
development,NONSYMMETRIC_D02_C06_E1eM16,decimal-source,NONSYMMETRIC,2,6,1e-16,z,999998.4999993752,999998.4999988753,1.0000000000004998,2.273733343895122e-11,1.7901808365247238e-16,127011.37770579189,127011.3777057284,0.0,FINITE
development,NONSYMMETRIC_D02_C06_E1eM16,decimal-source,NONSYMMETRIC,2,6,1e-16,zg,999998.4998993758,999998.499898876,1.0000000000004998,6.240420702428402e-11,1.0528632063549333e-16,592709.5433444825,592709.5433441863,0.0,FINITE
development,NONSYMMETRIC_D02_C06_E1eM16,binary64-operand,NONSYMMETRIC,2,6,1e-16,z,999998.4999993752,999998.4999988753,1.0000000000004998,9.813662928657975e-12,1.3212043020776993e-16,74278.16359078763,74278.16359075051,0.0,FINITE
development,NONSYMMETRIC_D02_C06_E1eM16,binary64-operand,NONSYMMETRIC,2,6,1e-16,zg,999998.4998993758,999998.499898876,1.0000000000004998,9.48059651947236e-12,9.1652908848918e-17,103440.21415730857,103440.21415725687,0.0,FINITE
development,NONSYMMETRIC_D02_C06_E1eM8,decimal-source,NONSYMMETRIC,2,6,1e-8,z,1000188.5160363443,1000188.5160358448,1.0000000000004994,1.2547885210494282e-11,1.1157603309187458e-16,112460.39909092333,112460.39909086717,0.0,FINITE
development,NONSYMMETRIC_D02_C06_E1eM8,decimal-source,NONSYMMETRIC,2,6,1e-8,zg,990284.6396341475,990284.6396336429,1.0000000000005096,1.7265016906510714e-11,1.7564023060249766e-17,982976.2149187932,982976.2149182922,0.0,FINITE
development,NONSYMMETRIC_D02_C06_E1eM8,binary64-operand,NONSYMMETRIC,2,6,1e-8,z,1000188.5160363443,1000188.5160358448,1.0000000000004994,7.51623876303191e-12,9.703544114984623e-17,77458.69626567695,77458.69626563827,0.0,FINITE
development,NONSYMMETRIC_D02_C06_E1eM8,binary64-operand,NONSYMMETRIC,2,6,1e-8,zg,990284.6396341475,990284.6396336429,1.0000000000005096,2.4728955364389003e-13,3.512854842134618e-17,7039.560834617985,7039.560834614398,0.0,FINITE
development,NONSYMMETRIC_D02_C08_E1eM12,decimal-source,NONSYMMETRIC,2,8,1e-12,z,99999600.00219999,99999600.0022,0.9999999999999999,1.096895960752395e-09,6.75322301446426e-17,16242554.975646881,16242554.975646883,0.0,FINITE
development,NONSYMMETRIC_D02_C08_E1eM12,decimal-source,NONSYMMETRIC,2,8,1e-12,zg,99989601.10208319,99989601.10208319,1.0,2.3745281099421485e-10,2.090307400986999e-17,11359707.710076263,11359707.710076263,0.0,FINITE
development,NONSYMMETRIC_D02_C08_E1eM12,binary64-operand,NONSYMMETRIC,2,8,1e-12,z,99999600.00219999,99999600.0022,0.9999999999999999,1.2183261183508704e-09,8.201974630728772e-17,14854058.60420978,14854058.604209783,0.0,FINITE
development,NONSYMMETRIC_D02_C08_E1eM12,binary64-operand,NONSYMMETRIC,2,8,1e-12,zg,99989601.10208319,99989601.10208319,1.0,2.1366966270918306e-09,2.1402925194996503e-17,99831990.60992558,99831990.60992558,0.0,FINITE
development,NONSYMMETRIC_D02_C08_E1eM14,decimal-source,NONSYMMETRIC,2,8,1e-14,z,99999849.99988751,99999849.99988751,1.0,1.0635920621992285e-09,1.5582722720639762e-16,6825457.150633056,6825457.150633056,0.0,FINITE
development,NONSYMMETRIC_D02_C08_E1eM14,decimal-source,NONSYMMETRIC,2,8,1e-14,zg,99999750.00073752,99999750.0007375,1.0000000000000002,3.752320221126006e-10,1.426013457894437e-16,2631335.770607978,2631335.7706079776,0.0,FINITE
development,NONSYMMETRIC_D02_C08_E1eM14,binary64-operand,NONSYMMETRIC,2,8,1e-14,z,99999849.99988751,99999849.99988751,1.0,1.2717585670659819e-09,1.4159486383014059e-16,8981671.599272156,8981671.599272156,0.0,FINITE
development,NONSYMMETRIC_D02_C08_E1eM14,binary64-operand,NONSYMMETRIC,2,8,1e-14,zg,99999750.00073752,99999750.0007375,1.0000000000000002,7.271703325455904e-11,1.1843460971985712e-16,613984.6572430346,613984.6572430345,0.0,FINITE
development,NONSYMMETRIC_D02_C08_E1eM15,decimal-source,NONSYMMETRIC,2,8,1e-15,z,100002850.06738912,100002850.06738913,0.9999999999999999,2.2005247494579254e-09,7.021666937153402e-17,31339064.771278124,31339064.771278128,0.0,FINITE
development,NONSYMMETRIC_D02_C08_E1eM15,decimal-source,NONSYMMETRIC,2,8,1e-15,zg,100002840.06686512,100002840.06686509,1.0000000000000002,7.120291984470343e-09,7.207279402399173e-17,98793061.66623881,98793061.6662388,0.0,FINITE
development,NONSYMMETRIC_D02_C08_E1eM15,binary64-operand,NONSYMMETRIC,2,8,1e-15,z,100002850.06738912,100002850.06738913,0.9999999999999999,9.480880944703493e-10,7.559003155161386e-17,12542501.636912037,12542501.636912039,0.0,FINITE
development,NONSYMMETRIC_D02_C08_E1eM15,binary64-operand,NONSYMMETRIC,2,8,1e-15,zg,100002840.06686512,100002840.06686509,1.0000000000000002,3.4855056245934885e-10,2.08341120758624e-17,16729801.64406268,16729801.644062676,0.0,FINITE
development,NONSYMMETRIC_D02_C08_E1eM16,decimal-source,NONSYMMETRIC,2,8,1e-16,z,100000349.96263902,100000349.96263903,0.9999999999999999,4.503080346923305e-09,9.930136612989092e-17,45347617.282858536,45347617.28285854,0.0,FINITE
development,NONSYMMETRIC_D02_C08_E1eM16,decimal-source,NONSYMMETRIC,2,8,1e-16,zg,100000348.96265653,100000348.96265651,1.0000000000000002,1.0490577797772708e-08,1.3289677688155458e-16,78937789.49298768,78937789.49298766,0.0,FINITE
development,NONSYMMETRIC_D02_C08_E1eM16,binary64-operand,NONSYMMETRIC,2,8,1e-16,z,100000349.96263902,100000349.96263903,0.9999999999999999,2.5254886635019195e-09,4.7294018112294185e-17,53399748.304435425,53399748.30443543,0.0,FINITE
development,NONSYMMETRIC_D02_C08_E1eM16,binary64-operand,NONSYMMETRIC,2,8,1e-16,zg,100000348.96265653,100000348.96265651,1.0000000000000002,5.4681450336943515e-09,6.31127704056405e-17,86640865.20920105,86640865.20920104,0.0,FINITE
development,NONSYMMETRIC_D02_C08_E1eM8,decimal-source,NONSYMMETRIC,2,8,1e-8,z,100000600.00219999,100000600.00219999,1.0,2.209357075115582e-09,5.978733960281817e-17,36953594.0182801,36953594.0182801,0.0,FINITE
development,NONSYMMETRIC_D02_C08_E1eM8,decimal-source,NONSYMMETRIC,2,8,1e-8,zg,50000200.00029701,50000200.00029701,1.0,2.9747579040816557e-09,6.167529983250156e-17,48232564.935404204,48232564.935404204,0.0,FINITE
development,NONSYMMETRIC_D02_C08_E1eM8,binary64-operand,NONSYMMETRIC,2,8,1e-8,z,100000600.00219999,100000600.00219999,1.0,9.783899107767033e-11,1.8201501211911885e-17,5375325.36127515,5375325.36127515,0.0,FINITE
development,NONSYMMETRIC_D02_C08_E1eM8,binary64-operand,NONSYMMETRIC,2,8,1e-8,zg,50000200.00029701,50000200.00029701,1.0,3.6423709471968106e-09,7.288485267818381e-17,49974319.949295305,49974319.949295305,0.0,FINITE
development,NONSYMMETRIC_D02_C10_E1eM12,decimal-source,NONSYMMETRIC,2,10,1e-12,z,9999285075.829939,9999285075.829939,1.0,8.181758715960123e-08,1.3877787807814457e-17,5895578480.709331,5895578480.709331,0.0,FINITE
development,NONSYMMETRIC_D02_C10_E1eM12,decimal-source,NONSYMMETRIC,2,10,1e-12,zg,9900297542.460537,9900297542.460539,0.9999999999999998,1.889647560290327e-08,1.7298504929963018e-17,1092376230.1661332,1092376230.1661334,0.0,FINITE
development,NONSYMMETRIC_D02_C10_E1eM12,binary64-operand,NONSYMMETRIC,2,10,1e-12,z,9999285075.829939,9999285075.829939,1.0,5.0594796944353134e-08,1.818437306026134e-17,2782322864.6204424,2782322864.6204424,0.0,FINITE
development,NONSYMMETRIC_D02_C10_E1eM12,binary64-operand,NONSYMMETRIC,2,10,1e-12,zg,9900297542.460537,9900297542.460539,0.9999999999999998,1.0006579823854794e-07,1.938000671338334e-17,5163352093.652529,5163352093.65253,0.0,FINITE
development,NONSYMMETRIC_D02_C10_E1eM14,decimal-source,NONSYMMETRIC,2,10,1e-14,z,9999835003.36368,9999835003.363678,1.0000000000000002,2.2270706408752995e-07,3.14018491736755e-17,7092163995.049935,7092163995.049933,0.0,FINITE
development,NONSYMMETRIC_D02_C10_E1eM14,decimal-source,NONSYMMETRIC,2,10,1e-14,zg,9998835140.846708,9998835140.846708,1.0,1.818423171270366e-08,8.529120099916204e-18,2132017312.416824,2132017312.416824,0.0,FINITE
development,NONSYMMETRIC_D02_C10_E1eM14,binary64-operand,NONSYMMETRIC,2,10,1e-14,z,9999835003.36368,9999835003.363678,1.0000000000000002,2.3831931777013659e-07,3.375144156890281e-17,7061011521.052014,7061011521.052012,0.0,FINITE
development,NONSYMMETRIC_D02_C10_E1eM14,binary64-operand,NONSYMMETRIC,2,10,1e-14,zg,9998835140.846708,9998835140.846708,1.0,1.8275868935970343e-09,9.593540002596731e-18,190501826.55227917,190501826.55227917,0.0,FINITE
development,NONSYMMETRIC_D02_C10_E1eM15,decimal-source,NONSYMMETRIC,2,10,1e-15,z,10000584949.093088,10000584949.09309,0.9999999999999998,2.3071783954681725e-07,7.021666937153402e-17,3285798680.16854,3285798680.168541,0.0,FINITE
development,NONSYMMETRIC_D02_C10_E1eM15,decimal-source,NONSYMMETRIC,2,10,1e-15,zg,10000484946.84368,10000484946.843681,0.9999999999999998,4.833270956622218e-07,9.03000599247321e-17,5352455979.155384,5352455979.155385,0.0,FINITE
development,NONSYMMETRIC_D02_C10_E1eM15,binary64-operand,NONSYMMETRIC,2,10,1e-15,z,10000584949.093088,10000584949.09309,0.9999999999999998,2.1683923995906356e-07,2.1733007558486433e-17,9977415200.152124,9977415200.152126,0.0,FINITE
development,NONSYMMETRIC_D02_C10_E1eM15,binary64-operand,NONSYMMETRIC,2,10,1e-15,zg,10000484946.84368,10000484946.843681,0.9999999999999998,5.629223941875728e-08,4.609772017390988e-17,1221150182.8373983,1221150182.8373985,0.0,FINITE
development,NONSYMMETRIC_D02_C10_E1eM16,decimal-source,NONSYMMETRIC,2,10,1e-16,z,9999685014.638004,9999685014.638004,1.0,6.707756223627606e-07,9.42055475210265e-17,7120340999.165093,7120340999.165093,0.0,FINITE
development,NONSYMMETRIC_D02_C10_E1eM16,decimal-source,NONSYMMETRIC,2,10,1e-16,zg,9999675015.522938,9999675015.522938,1.0,2.479890582346903e-07,7.934375260738155e-17,3125502009.740074,3125502009.740074,0.0,FINITE
development,NONSYMMETRIC_D02_C10_E1eM16,binary64-operand,NONSYMMETRIC,2,10,1e-16,z,9999685014.638004,9999685014.638004,1.0,4.973087388901003e-07,5.2255952127607874e-17,9516786483.493465,9516786483.493465,0.0,FINITE
development,NONSYMMETRIC_D02_C10_E1eM16,binary64-operand,NONSYMMETRIC,2,10,1e-16,zg,9999675015.522938,9999675015.522938,1.0,3.785182397566096e-07,4.422490908625937e-17,8558937657.018604,8558937657.018604,0.0,FINITE
development,NONSYMMETRIC_D02_C10_E1eM8,decimal-source,NONSYMMETRIC,2,10,1e-8,z,10000260006.220148,10000260006.22015,0.9999999999999998,1.6476138064137282e-07,9.036560719766054e-17,1823275311.822818,1823275311.8228185,0.0,FINITE
development,NONSYMMETRIC_D02_C10_E1eM8,decimal-source,NONSYMMETRIC,2,10,1e-8,zg,99010122.53685662,99010122.5368566,1.0000000000000002,2.4777815045321354e-11,9.221999472222823e-19,26868159.253265537,26868159.25326553,0.0,FINITE
development,NONSYMMETRIC_D02_C10_E1eM8,binary64-operand,NONSYMMETRIC,2,10,1e-8,z,10000260006.220148,10000260006.22015,0.9999999999999998,6.414480300913285e-08,7.645851361605314e-17,838949123.8509387,838949123.8509389,0.0,FINITE
development,NONSYMMETRIC_D02_C10_E1eM8,binary64-operand,NONSYMMETRIC,2,10,1e-8,zg,99010122.53685662,99010122.5368566,1.0000000000000002,1.9210246717819225e-10,1.9536382795754353e-18,98330621.99208134,98330621.99208133,0.0,FINITE
development,NONSYMMETRIC_D04_C02_E1eM12,decimal-source,NONSYMMETRIC,4,2,1e-12,z,101.02506170459824,100.02507587898563,1.0099973513324043,6.287249514649588e-16,6.304854800243424e-17,9.9720766200783,9.873369080545586,0.0,FINITE
development,NONSYMMETRIC_D04_C02_E1eM12,decimal-source,NONSYMMETRIC,4,2,1e-12,zg,101.02506169467327,100.02507586898143,1.0099973513341962,4.213677620952749e-15,2.9414829438503354e-16,14.325011232045899,14.183216632323544,0.0,FINITE
development,NONSYMMETRIC_D04_C02_E1eM12,binary64-operand,NONSYMMETRIC,4,2,1e-12,z,101.02506170459824,100.02507587898563,1.0099973513324043,9.731322655999542e-16,3.630484973540835e-17,26.804470275794923,26.539149078395152,0.0,FINITE
development,NONSYMMETRIC_D04_C02_E1eM12,binary64-operand,NONSYMMETRIC,4,2,1e-12,zg,101.02506169467327,100.02507586898143,1.0099973513341962,2.3464232227675854e-15,2.239191052848242e-16,10.478887988512389,10.37516383054855,0.0,FINITE
development,NONSYMMETRIC_D04_C02_E1eM14,decimal-source,NONSYMMETRIC,4,2,1e-14,z,101.01482033989257,100.01492050061438,1.009997506714731,2.2967895109023536e-15,7.691850745534256e-17,29.860037419938582,29.564466467908225,0.0,FINITE
development,NONSYMMETRIC_D04_C02_E1eM14,decimal-source,NONSYMMETRIC,4,2,1e-14,zg,101.01482033979335,100.01492050051432,1.0099975067147495,1.5829141401882494e-15,1.675849397962595e-16,9.44544385738163,9.351947697480087,0.0,FINITE
development,NONSYMMETRIC_D04_C02_E1eM14,binary64-operand,NONSYMMETRIC,4,2,1e-14,z,101.01482033989257,100.01492050061438,1.009997506714731,2.3753974009718064e-15,1.4874833259863792e-16,15.969237163694821,15.811164936078654,0.0,FINITE
development,NONSYMMETRIC_D04_C02_E1eM14,binary64-operand,NONSYMMETRIC,4,2,1e-14,zg,101.01482033979335,100.01492050051432,1.0099975067147495,6.168006680487394e-16,6.244021520608708e-17,9.878259804405825,9.780479395971135,0.0,FINITE
development,NONSYMMETRIC_D04_C02_E1eM15,decimal-source,NONSYMMETRIC,4,2,1e-15,z,100.9926476147843,99.99244894182269,1.010002742042487,1.3181826346015777e-15,7.195067539997723e-17,18.32064295816179,18.139201207625145,0.0,FINITE
development,NONSYMMETRIC_D04_C02_E1eM15,decimal-source,NONSYMMETRIC,4,2,1e-15,zg,100.9926476147744,99.99244894181277,1.0100027420424882,1.4971690844585225e-15,7.855714249726721e-17,19.058344497581555,18.869596788460818,0.0,FINITE
development,NONSYMMETRIC_D04_C02_E1eM15,binary64-operand,NONSYMMETRIC,4,2,1e-15,z,100.9926476147843,99.99244894182269,1.010002742042487,1.2858183432677602e-15,6.673459865684152e-17,19.267641810204253,19.076821287871052,0.0,FINITE
development,NONSYMMETRIC_D04_C02_E1eM15,binary64-operand,NONSYMMETRIC,4,2,1e-15,zg,100.9926476147744,99.99244894181277,1.0100027420424882,2.2853286391052774e-15,9.884182329275269e-17,23.12106922933344,22.89208560223968,0.0,FINITE
development,NONSYMMETRIC_D04_C02_E1eM16,decimal-source,NONSYMMETRIC,4,2,1e-16,z,100.99781548613745,99.99744926908483,1.0100039173435387,2.261109962348324e-15,5.438959822042073e-17,41.57247040481692,41.16070214277855,0.0,FINITE
development,NONSYMMETRIC_D04_C02_E1eM16,decimal-source,NONSYMMETRIC,4,2,1e-16,zg,100.99781548613647,99.99744926908383,1.010003917343539,7.977222501114464e-15,1.6496777443817933e-16,48.35624732334544,47.87728690253954,0.0,FINITE
development,NONSYMMETRIC_D04_C02_E1eM16,binary64-operand,NONSYMMETRIC,4,2,1e-16,z,100.99781548613745,99.99744926908483,1.0100039173435387,7.851291360001065e-15,8.221264167662007e-17,95.49980635440211,94.5538969844601,0.0,FINITE
development,NONSYMMETRIC_D04_C02_E1eM16,binary64-operand,NONSYMMETRIC,4,2,1e-16,zg,100.99781548613647,99.99744926908383,1.010003917343539,4.486864630209935e-15,8.108290000183913e-17,55.33675571678077,54.78865454534543,0.0,FINITE
development,NONSYMMETRIC_D04_C02_E1eM8,decimal-source,NONSYMMETRIC,4,2,1e-8,z,101.00644019820504,100.00640535316437,1.0099997079337981,6.706208905832206e-15,1.5700924586837752e-16,42.712191047997834,42.28931029631294,0.0,FINITE
development,NONSYMMETRIC_D04_C02_E1eM8,decimal-source,NONSYMMETRIC,4,2,1e-8,zg,101.00634098050877,100.0063053434385,1.0099997258536446,4.463644232572462e-15,7.087734996789753e-17,62.977019239491604,62.353501320274,0.0,FINITE
development,NONSYMMETRIC_D04_C02_E1eM8,binary64-operand,NONSYMMETRIC,4,2,1e-8,z,101.00644019820504,100.00640535316437,1.0099997079337981,3.9665427501106885e-15,1.72146615697316e-16,23.04165396481002,22.813525374128442,0.0,FINITE
development,NONSYMMETRIC_D04_C02_E1eM8,binary64-operand,NONSYMMETRIC,4,2,1e-8,zg,101.00634098050877,100.0063053434385,1.0099997258536446,1.1645696494030473e-14,1.2892157637341775e-16,90.33163277727103,89.43728445165999,0.0,FINITE
development,NONSYMMETRIC_D04_C04_E1eM12,decimal-source,NONSYMMETRIC,4,4,1e-12,z,10050.523074900651,10000.631952102069,1.0049887970117823,1.1772597713327085e-13,5.353301558149145e-17,2199.1284416634567,2188.2118966920925,0.0,FINITE
development,NONSYMMETRIC_D04_C04_E1eM12,decimal-source,NONSYMMETRIC,4,4,1e-12,zg,10050.522975286221,10000.631852090713,1.004988797101363,2.1752210021447347e-13,8.848691003514863e-17,2458.240434975859,2446.0376494405054,0.0,FINITE
development,NONSYMMETRIC_D04_C04_E1eM12,binary64-operand,NONSYMMETRIC,4,4,1e-12,z,10050.523074900651,10000.631952102069,1.0049887970117823,3.710193515839691e-14,4.5721265349510045e-17,811.4809350698448,807.4527173662923,0.0,FINITE
development,NONSYMMETRIC_D04_C04_E1eM12,binary64-operand,NONSYMMETRIC,4,4,1e-12,zg,10050.522975286221,10000.631852090713,1.004988797101363,2.4631110428765306e-13,4.7654003638743244e-17,5168.738940696251,5143.081152351327,0.0,FINITE
development,NONSYMMETRIC_D04_C04_E1eM14,decimal-source,NONSYMMETRIC,4,4,1e-14,z,10050.013944012066,10000.125106006737,1.0049888213873805,3.1900964432373333e-13,1.818360945611186e-16,1754.3802020918795,1745.6713594783762,0.0,FINITE
development,NONSYMMETRIC_D04_C04_E1eM14,decimal-source,NONSYMMETRIC,4,4,1e-14,zg,10050.01394301607,10000.125105006773,1.0049888213882765,3.0990732614746845e-13,1.2819222072515172e-16,2417.5205359139522,2405.5198271503414,0.0,FINITE
development,NONSYMMETRIC_D04_C04_E1eM14,binary64-operand,NONSYMMETRIC,4,4,1e-14,z,10050.013944012066,10000.125106006737,1.0049888213873805,1.822429359540003e-13,1.8924803997949073e-16,962.9845359230692,958.2042261859941,0.0,FINITE
development,NONSYMMETRIC_D04_C04_E1eM14,binary64-operand,NONSYMMETRIC,4,4,1e-14,zg,10050.01394301607,10000.125105006773,1.0049888213882765,4.140928631094995e-13,1.0123294114956067e-16,4090.4952321569153,4070.18978231655,0.0,FINITE
development,NONSYMMETRIC_D04_C04_E1eM15,decimal-source,NONSYMMETRIC,4,4,1e-15,z,10051.035182392245,10001.145401071344,1.0049884067594455,2.287577297934974e-13,5.0876810486276013e-17,4496.306423438329,4473.988349712941,0.0,FINITE
development,NONSYMMETRIC_D04_C04_E1eM15,decimal-source,NONSYMMETRIC,4,4,1e-15,zg,10051.035182292626,10001.145400971325,1.0049884067595354,1.3892654876700803e-12,1.6087359762870008e-16,8635.758186228524,8592.89333901223,0.0,FINITE
development,NONSYMMETRIC_D04_C04_E1eM15,binary64-operand,NONSYMMETRIC,4,4,1e-15,z,10051.035182392245,10001.145401071344,1.0049884067594455,3.4997763373981923e-14,4.237166601954028e-17,825.9709060729928,821.8710788279745,0.0,FINITE
development,NONSYMMETRIC_D04_C04_E1eM15,binary64-operand,NONSYMMETRIC,4,4,1e-15,zg,10051.035182292626,10001.145400971325,1.0049884067595354,5.097607178657965e-13,6.947104373372626e-17,7337.74376299347,7301.321799972942,0.0,FINITE
development,NONSYMMETRIC_D04_C04_E1eM16,decimal-source,NONSYMMETRIC,4,4,1e-16,z,10051.00351488209,10001.137310020427,1.004986053417315,8.907625130494831e-13,1.0235750533041807e-16,8702.464076024828,8659.288401499018,0.0,FINITE
development,NONSYMMETRIC_D04_C04_E1eM16,decimal-source,NONSYMMETRIC,4,4,1e-16,zg,10051.003514872127,10001.137310010423,1.004986053417324,1.8884858122543808e-14,7.890392157439123e-17,239.33991803866195,238.15247706654014,0.0,FINITE
development,NONSYMMETRIC_D04_C04_E1eM16,binary64-operand,NONSYMMETRIC,4,4,1e-16,z,10051.00351488209,10001.137310020427,1.004986053417315,5.195497781353811e-13,9.307324547812192e-17,5582.160324016078,5554.465462515346,0.0,FINITE
development,NONSYMMETRIC_D04_C04_E1eM16,binary64-operand,NONSYMMETRIC,4,4,1e-16,zg,10051.003514872127,10001.137310010423,1.004986053417324,5.1659206722519e-13,1.1563659333555323e-16,4467.375355188368,4445.211294224075,0.0,FINITE
development,NONSYMMETRIC_D04_C04_E1eM8,decimal-source,NONSYMMETRIC,4,4,1e-8,z,10050.123077670989,10000.24232242704,1.004987954655067,7.192926386938948e-14,7.216449660063518e-17,996.7403260283586,991.793305990877,0.0,FINITE
development,NONSYMMETRIC_D04_C04_E1eM8,decimal-source,NONSYMMETRIC,4,4,1e-8,zg,10049.127166588352,9999.242443333736,1.0049888502591386,1.8353609166802586e-13,1.0541770009449139e-16,1741.0367661551418,1732.3941113438339,0.0,FINITE
development,NONSYMMETRIC_D04_C04_E1eM8,binary64-operand,NONSYMMETRIC,4,4,1e-8,z,10050.123077670989,10000.24232242704,1.004987954655067,2.9538654675363835e-14,3.223204700029015e-17,916.437441131118,911.8889802471897,0.0,FINITE
development,NONSYMMETRIC_D04_C04_E1eM8,binary64-operand,NONSYMMETRIC,4,4,1e-8,zg,10049.127166588352,9999.242443333736,1.0049888502591386,8.877682888528087e-14,9.575872859513074e-17,927.0886339837547,922.4864870338639,0.0,FINITE
development,NONSYMMETRIC_D04_C06_E1eM12,decimal-source,NONSYMMETRIC,4,6,1e-12,z,1000310.7752620534,1000260.7882430645,1.0000499739863606,1.0474496504997064e-11,1.0026641665932503e-16,104466.6484949416,104461.42814095647,0.0,FINITE
development,NONSYMMETRIC_D04_C06_E1eM12,decimal-source,NONSYMMETRIC,4,6,1e-12,zg,1000309.7749011548,1000259.7878331732,1.0000499740853224,3.234359752047843e-11,1.1484720946313023e-16,281622.8419625798,281608.7688219392,0.0,FINITE
development,NONSYMMETRIC_D04_C06_E1eM12,binary64-operand,NONSYMMETRIC,4,6,1e-12,z,1000310.7752620534,1000260.7882430645,1.0000499739863606,1.5730517115094985e-11,3.632101404522774e-17,433096.8594518587,433075.21695687337,0.0,FINITE
development,NONSYMMETRIC_D04_C06_E1eM12,binary64-operand,NONSYMMETRIC,4,6,1e-12,zg,1000309.7749011548,1000259.7878331732,1.0000499740853224,1.0939313797214708e-11,3.024676565389207e-17,361668.8780014093,361650.80483323167,0.0,FINITE
development,NONSYMMETRIC_D04_C06_E1eM14,decimal-source,NONSYMMETRIC,4,6,1e-14,z,1000211.7524940446,1000161.7530674182,1.0000499913403738,2.203262418359974e-11,4.0029660424867215e-17,550407.4716035472,550379.9573717633,0.0,FINITE
development,NONSYMMETRIC_D04_C06_E1eM14,decimal-source,NONSYMMETRIC,4,6,1e-14,zg,1000211.7424924136,1000161.7430652976,1.0000499913413632,9.16681722799667e-11,2.652137419437537e-16,345638.84815368126,345621.5700677895,0.0,FINITE
development,NONSYMMETRIC_D04_C06_E1eM14,binary64-operand,NONSYMMETRIC,4,6,1e-14,z,1000211.7524940446,1000161.7530674182,1.0000499913403738,2.915370644476737e-11,5.1223741160334016e-17,569144.4198406781,569115.9689705612,0.0,FINITE
development,NONSYMMETRIC_D04_C06_E1eM14,binary64-operand,NONSYMMETRIC,4,6,1e-14,zg,1000211.7424924136,1000161.7430652976,1.0000499913413632,3.331860031248083e-11,2.1104707350502105e-16,157872.83736814355,157864.9454877644,0.0,FINITE
development,NONSYMMETRIC_D04_C06_E1eM15,decimal-source,NONSYMMETRIC,4,6,1e-15,z,1000111.6796623855,1000061.6802403241,1.0000499963382752,4.525830863265077e-11,1.4895204919483638e-16,303844.8203787431,303829.63000978314,0.0,FINITE
development,NONSYMMETRIC_D04_C06_E1eM15,decimal-source,NONSYMMETRIC,4,6,1e-15,zg,1000111.678662373,1000061.6792402626,1.0000499963383742,9.388659725184848e-11,1.113785974605708e-16,842950.0765179355,842907.9342076385,0.0,FINITE
development,NONSYMMETRIC_D04_C06_E1eM15,binary64-operand,NONSYMMETRIC,4,6,1e-15,z,1000111.6796623855,1000061.6802403241,1.0000499963382752,3.242038107477153e-11,8.640115648334601e-17,375230.86951990763,375212.11028831673,0.0,FINITE
development,NONSYMMETRIC_D04_C06_E1eM15,binary64-operand,NONSYMMETRIC,4,6,1e-15,zg,1000111.678662373,1000061.6792402626,1.0000499963383742,4.090931482791238e-12,1.356259532755856e-16,30163.338092663256,30161.83011159901,0.0,FINITE
development,NONSYMMETRIC_D04_C06_E1eM16,decimal-source,NONSYMMETRIC,4,6,1e-16,z,1000050.017516729,1000000.0050758178,1.0000500124406573,8.361015737093476e-12,6.359601310784502e-17,131470.7530944591,131464.1782500458,0.0,FINITE
development,NONSYMMETRIC_D04_C06_E1eM16,decimal-source,NONSYMMETRIC,4,6,1e-16,zg,1000050.0174167338,1000000.0049758182,1.0000500124406668,6.244240264002848e-12,6.574428758856729e-17,94977.68540865139,94972.93558034573,0.0,FINITE
development,NONSYMMETRIC_D04_C06_E1eM16,binary64-operand,NONSYMMETRIC,4,6,1e-16,z,1000050.017516729,1000000.0050758178,1.0000500124406573,2.454286895845306e-12,6.058054142408303e-17,40512.79236123887,40510.76631894236,0.0,FINITE
development,NONSYMMETRIC_D04_C06_E1eM16,binary64-operand,NONSYMMETRIC,4,6,1e-16,zg,1000050.0174167338,1000000.0049758182,1.0000500124406668,1.033871653511863e-11,3.381264392450668e-17,305764.80674512853,305749.5154656274,0.0,FINITE
development,NONSYMMETRIC_D04_C06_E1eM8,decimal-source,NONSYMMETRIC,4,6,1e-8,z,1000299.2284994598,1000249.2472256284,1.000049968819242,6.646136994523325e-11,7.301351988545593e-17,910261.1413543447,910215.6589526113,0.0,FINITE
development,NONSYMMETRIC_D04_C06_E1eM8,decimal-source,NONSYMMETRIC,4,6,1e-8,zg,990394.7727339166,990344.3016883321,1.0000509631301948,3.250182197745857e-11,7.236922312102823e-17,449111.10795128264,449088.2210098064,0.0,FINITE
development,NONSYMMETRIC_D04_C06_E1eM8,binary64-operand,NONSYMMETRIC,4,6,1e-8,z,1000299.2284994598,1000249.2472256284,1.000049968819242,5.257929037460766e-11,7.651264183912108e-17,687197.4239912307,687163.0872631335,0.0,FINITE
development,NONSYMMETRIC_D04_C06_E1eM8,binary64-operand,NONSYMMETRIC,4,6,1e-8,zg,990394.7727339166,990344.3016883321,1.0000509631301948,1.9067576089803054e-12,4.4764514644133327e-17,42595.29281482332,42593.1221359945,0.0,FINITE
development,NONSYMMETRIC_D04_C08_E1eM12,decimal-source,NONSYMMETRIC,4,8,1e-12,z,100021274.24670391,100021224.26225525,1.0000004997384209,4.373552675301985e-09,1.2072877792441453e-16,36226264.7770705,36226246.67342319,0.0,FINITE
development,NONSYMMETRIC_D04_C08_E1eM12,decimal-source,NONSYMMETRIC,4,8,1e-12,zg,100011272.1273762,100011222.13793857,1.0000004998382837,1.585587927004499e-08,1.878375305281639e-16,84412732.77742329,84412690.58472891,0.0,FINITE
development,NONSYMMETRIC_D04_C08_E1eM12,binary64-operand,NONSYMMETRIC,4,8,1e-12,z,100021274.24670391,100021224.26225525,1.0000004997384209,1.7015149143700998e-09,8.084366949064192e-17,21046977.766973566,21046967.24899539,0.0,FINITE
development,NONSYMMETRIC_D04_C08_E1eM12,binary64-operand,NONSYMMETRIC,4,8,1e-12,zg,100011272.1273762,100011222.13793857,1.0000004998382837,6.9603642006988595e-09,1.1013688924538094e-16,63197392.339558676,63197360.75109835,0.0,FINITE
development,NONSYMMETRIC_D04_C08_E1eM14,decimal-source,NONSYMMETRIC,4,8,1e-14,z,100003824.73627593,100003774.72815646,1.0000005000623187,1.1441291262707196e-09,4.518280359883027e-17,25322225.164007746,25322212.50132345,0.0,FINITE
development,NONSYMMETRIC_D04_C08_E1eM14,decimal-source,NONSYMMETRIC,4,8,1e-14,zg,100003724.735101,100003674.72693165,1.0000005000633176,3.928091150207691e-09,6.414360932110019e-17,61239010.27370994,61238979.650342606,0.0,FINITE
development,NONSYMMETRIC_D04_C08_E1eM14,binary64-operand,NONSYMMETRIC,4,8,1e-14,z,100003824.73627593,100003774.72815646,1.0000005000623187,1.2655650971957586e-09,3.809661723338808e-17,33219881.162745614,33219864.55074312,0.0,FINITE
development,NONSYMMETRIC_D04_C08_E1eM14,binary64-operand,NONSYMMETRIC,4,8,1e-14,zg,100003724.735101,100003674.72693165,1.0000005000633176,3.566864741148575e-09,6.206375447080663e-17,57470979.18200141,57470950.44288727,0.0,FINITE
development,NONSYMMETRIC_D04_C08_E1eM15,decimal-source,NONSYMMETRIC,4,8,1e-15,z,100010017.75630376,100009967.76129839,1.0000004999002248,2.195131078078782e-09,4.0029660424867215e-17,54837614.27851442,54837586.86519242,0.0,FINITE
development,NONSYMMETRIC_D04_C08_E1eM15,decimal-source,NONSYMMETRIC,4,8,1e-15,zg,100010007.75506689,100009957.76005661,1.0000004999003238,1.3421948674260432e-08,1.3701328623360873e-16,97960928.04734209,97960879.07666692,0.0,FINITE
development,NONSYMMETRIC_D04_C08_E1eM15,binary64-operand,NONSYMMETRIC,4,8,1e-15,z,100010017.75630376,100009967.76129839,1.0000004999002248,1.7604366674222343e-09,4.940879580387102e-17,35630025.76323283,35630007.95178384,0.0,FINITE
development,NONSYMMETRIC_D04_C08_E1eM15,binary64-operand,NONSYMMETRIC,4,8,1e-15,zg,100010007.75506689,100009957.76005661,1.0000004999003238,7.456449004140586e-09,7.953666711595975e-17,93748572.50769038,93748525.64277206,0.0,FINITE
development,NONSYMMETRIC_D04_C08_E1eM16,decimal-source,NONSYMMETRIC,4,8,1e-16,z,100004934.4445419,100004884.42827302,1.00000050013826,2.2183449829339135e-09,1.1322097734007353e-16,19593056.29619177,19593046.49695959,0.0,FINITE
development,NONSYMMETRIC_D04_C08_E1eM16,decimal-source,NONSYMMETRIC,4,8,1e-16,zg,100004933.44451775,100004883.42824836,1.00000050013827,4.911515957886734e-09,1.2488570509964216e-16,39328087.661978595,39328067.99250671,0.0,FINITE
development,NONSYMMETRIC_D04_C08_E1eM16,binary64-operand,NONSYMMETRIC,4,8,1e-16,z,100004934.4445419,100004884.42827302,1.00000050013826,2.9513998949549075e-09,9.406295923538999e-17,31376855.66078258,31376839.968024436,0.0,FINITE
development,NONSYMMETRIC_D04_C08_E1eM16,binary64-operand,NONSYMMETRIC,4,8,1e-16,zg,100004933.44451775,100004883.42824836,1.00000050013827,5.742080024489723e-09,1.387660769728406e-16,41379565.88348006,41379545.18798592,0.0,FINITE
development,NONSYMMETRIC_D04_C08_E1eM8,decimal-source,NONSYMMETRIC,4,8,1e-8,z,100008729.91459924,100008679.91514038,1.0000004999511933,4.4013171448550724e-09,1.0235750533041807e-16,42999456.95869858,42999435.46107951,0.0,FINITE
development,NONSYMMETRIC_D04_C08_E1eM8,decimal-source,NONSYMMETRIC,4,8,1e-8,zg,50003824.15937122,50003724.35896318,1.000001995859495,5.752388307954262e-09,1.9118020390499756e-16,30088828.18648302,30088768.13352945,0.0,FINITE
development,NONSYMMETRIC_D04_C08_E1eM8,binary64-operand,NONSYMMETRIC,4,8,1e-8,z,100008729.91459924,100008679.91514038,1.0000004999511933,2.397528261037832e-09,8.323456253609387e-17,28804479.62945882,28804465.228632055,0.0,FINITE
development,NONSYMMETRIC_D04_C08_E1eM8,binary64-operand,NONSYMMETRIC,4,8,1e-8,zg,50003824.15937122,50003724.35896318,1.000001995859495,4.627018978188224e-09,1.430349994089596e-16,32348858.652132045,32348794.088484213,0.0,FINITE
development,NONSYMMETRIC_D04_C10_E1eM12,decimal-source,NONSYMMETRIC,4,10,1e-12,z,10002143906.414942,10002138908.491978,1.0000004996854184,5.2358297432714567e-08,4.685680459230494e-17,1117410755.7755466,1117410197.4219646,0.0,FINITE
development,NONSYMMETRIC_D04_C10_E1eM12,decimal-source,NONSYMMETRIC,4,10,1e-12,zg,9903103025.335165,9903097977.528908,1.0000005097199147,9.04633227385444e-08,2.9149199153303695e-17,3103458254.985764,3103456673.0920935,0.0,FINITE
development,NONSYMMETRIC_D04_C10_E1eM12,binary64-operand,NONSYMMETRIC,4,10,1e-12,z,10002143906.414942,10002138908.491978,1.0000004996854184,1.9391687502765523e-08,3.9578590476293145e-17,489953969.29005826,489953724.46732646,0.0,FINITE
development,NONSYMMETRIC_D04_C10_E1eM12,binary64-operand,NONSYMMETRIC,4,10,1e-12,zg,9903103025.335165,9903097977.528908,1.0000005097199147,3.505785284857169e-08,4.3828667137370726e-17,799884074.4732445,799883666.7566102,0.0,FINITE
development,NONSYMMETRIC_D04_C10_E1eM14,decimal-source,NONSYMMETRIC,4,10,1e-14,z,10004013435.030983,10004008438.534391,1.000000499449458,4.488016687947471e-08,1.6625566625485463e-16,269946690.4825821,269946555.6579212,0.0,FINITE
development,NONSYMMETRIC_D04_C10_E1eM14,decimal-source,NONSYMMETRIC,4,10,1e-14,zg,10003012883.732542,10003007886.737173,1.0000004995492782,8.720218813631522e-08,1.389103380521477e-16,627758807.2932271,627758493.6969247,0.0,FINITE
development,NONSYMMETRIC_D04_C10_E1eM14,binary64-operand,NONSYMMETRIC,4,10,1e-14,z,10004013435.030983,10004008438.534391,1.000000499449458,4.661053335266948e-08,1.4952082508051268e-16,311732719.02138746,311732563.3267277,0.0,FINITE
development,NONSYMMETRIC_D04_C10_E1eM14,binary64-operand,NONSYMMETRIC,4,10,1e-14,zg,10003012883.732542,10003007886.737173,1.0000004995492782,8.094065810074143e-08,8.931697291729647e-17,906218106.7834538,906217654.0830789,0.0,FINITE
development,NONSYMMETRIC_D04_C10_E1eM15,decimal-source,NONSYMMETRIC,4,10,1e-15,z,10001122244.062305,10001117245.371824,1.0000004998132068,2.1007780083904275e-07,1.1389935954777104e-16,1844415997.3606617,1844415075.4976482,0.0,FINITE
development,NONSYMMETRIC_D04_C10_E1eM15,decimal-source,NONSYMMETRIC,4,10,1e-15,zg,10001022229.01452,10001017230.274155,1.000000499823193,1.6191027010984445e-07,2.758699961481135e-17,5869078637.4215,5869075703.921342,0.0,FINITE
development,NONSYMMETRIC_D04_C10_E1eM15,binary64-operand,NONSYMMETRIC,4,10,1e-15,z,10001122244.062305,10001117245.371824,1.0000004998132068,7.87862402712093e-08,8.243289218900949e-17,955762174.2854924,955761696.5831739,0.0,FINITE
development,NONSYMMETRIC_D04_C10_E1eM15,binary64-operand,NONSYMMETRIC,4,10,1e-15,zg,10001022229.01452,10001017230.274155,1.000000499823193,5.41337573426097e-07,6.138837066275888e-17,8818243057.793,8818238650.2328,0.0,FINITE
development,NONSYMMETRIC_D04_C10_E1eM16,decimal-source,NONSYMMETRIC,4,10,1e-16,z,10001977502.79981,10001972502.632816,1.0000004999180905,8.819136026754826e-07,1.6946818973100073e-16,5204006746.489454,5204004144.913639,0.0,FINITE
development,NONSYMMETRIC_D04_C10_E1eM16,decimal-source,NONSYMMETRIC,4,10,1e-16,zg,10001967499.848469,10001962499.676485,1.0000004999190892,4.713597961124935e-08,1.4702795861929826e-16,320591947.6396953,320591787.3697409,0.0,FINITE
development,NONSYMMETRIC_D04_C10_E1eM16,binary64-operand,NONSYMMETRIC,4,10,1e-16,z,10001977502.79981,10001972502.632816,1.0000004999180905,4.3426651235651705e-07,1.0516582127022438e-16,4129350269.0447874,4129348204.708918,0.0,FINITE
development,NONSYMMETRIC_D04_C10_E1eM16,binary64-operand,NONSYMMETRIC,4,10,1e-16,zg,10001967499.848469,10001962499.676485,1.0000004999190892,4.053944250083149e-07,7.701137284510137e-17,5264085160.820526,5264082529.205182,0.0,FINITE
development,NONSYMMETRIC_D04_C10_E1eM8,decimal-source,NONSYMMETRIC,4,10,1e-8,z,10001632709.250385,10001627710.060377,1.0000004998376417,8.300747424387238e-09,7.070865672341163e-17,117393651.76822631,117393593.09048958,0.0,FINITE
development,NONSYMMETRIC_D04_C10_E1eM8,decimal-source,NONSYMMETRIC,4,10,1e-8,zg,99437347.40340662,99020908.2604076,1.0042055677968926,1.5709946916007144e-09,4.568226200344497e-17,34389599.43538355,34245577.33814426,0.0,FINITE
development,NONSYMMETRIC_D04_C10_E1eM8,binary64-operand,NONSYMMETRIC,4,10,1e-8,z,10001632709.250385,10001627710.060377,1.0000004998376417,3.395685724491157e-07,4.2327655445415025e-17,8022380849.490167,8022376839.604246,0.0,FINITE
development,NONSYMMETRIC_D04_C10_E1eM8,binary64-operand,NONSYMMETRIC,4,10,1e-8,zg,99437347.40340662,99020908.2604076,1.0042055677968926,4.851380236273164e-09,5.3016454676388093e-17,91507066.36054674,91123838.87823121,0.0,FINITE
development,NONSYMMETRIC_D08_C02_E1eM12,decimal-source,NONSYMMETRIC,8,2,1e-12,z,142.87257439964932,100.0422373293793,1.4281225431739928,1.599987334146844e-14,1.3115794395791203e-16,121.98935770602446,85.41939085626639,0.0,FINITE
development,NONSYMMETRIC_D08_C02_E1eM12,decimal-source,NONSYMMETRIC,8,2,1e-12,zg,142.872574385614,100.0422373193725,1.4281225431765479,8.879326662770086e-15,2.4969156721118716e-16,35.56117958625339,24.90064998704893,0.0,FINITE
development,NONSYMMETRIC_D08_C02_E1eM12,binary64-operand,NONSYMMETRIC,8,2,1e-12,z,142.87257439964932,100.0422373293793,1.4281225431739928,1.435831675106978e-14,1.2163608697411007e-16,118.04323131609709,82.65623414482822,0.0,FINITE
development,NONSYMMETRIC_D08_C02_E1eM12,binary64-operand,NONSYMMETRIC,8,2,1e-12,zg,142.872574385614,100.0422373193725,1.4281225431765479,4.931426852460596e-15,2.4193741752382263e-16,20.383068079888957,14.272632399283648,0.0,FINITE
development,NONSYMMETRIC_D08_C02_E1eM14,decimal-source,NONSYMMETRIC,8,2,1e-14,z,142.8506471490914,100.75290468664764,1.4178315512924642,1.2984655667670064e-14,2.4273040365536063e-16,53.494146065468804,37.72954975977556,1.3282626007161653e-16,FINITE
development,NONSYMMETRIC_D08_C02_E1eM14,decimal-source,NONSYMMETRIC,8,2,1e-14,zg,142.85064714895105,100.75290468654615,1.4178315512924995,2.7591866012686686e-14,2.4389767875902847e-16,113.12885859790211,79.79005580371907,0.0,FINITE
development,NONSYMMETRIC_D08_C02_E1eM14,binary64-operand,NONSYMMETRIC,8,2,1e-14,z,142.8506471490914,100.75290468664764,1.4178315512924642,9.74894182324684e-15,1.4694311020446684e-16,66.34500800807527,46.79329356692381,0.0,FINITE
development,NONSYMMETRIC_D08_C02_E1eM14,binary64-operand,NONSYMMETRIC,8,2,1e-14,zg,142.85064714895105,100.75290468654615,1.4178315512924995,2.347721720942322e-14,1.721783990837366e-16,136.35402195838398,96.17081932905447,0.0,FINITE
development,NONSYMMETRIC_D08_C02_E1eM15,decimal-source,NONSYMMETRIC,8,2,1e-15,z,142.8539834610543,100.49297906325079,1.4215319795738295,1.9957253867017142e-14,1.646258976510597e-16,121.22791220442392,85.27976432916243,1.1722427992687491e-16,FINITE
development,NONSYMMETRIC_D08_C02_E1eM15,decimal-source,NONSYMMETRIC,8,2,1e-15,zg,142.8539834610403,100.49297906324071,1.4215319795738326,9.487533805175333e-15,1.1321700847001346e-16,83.79954508061562,58.950165233523805,0.0,FINITE
development,NONSYMMETRIC_D08_C02_E1eM15,binary64-operand,NONSYMMETRIC,8,2,1e-15,z,142.8539834610543,100.49297906325079,1.4215319795738295,1.5234690527183705e-14,1.4038266869004653e-16,108.52258807546006,76.34199556171419,0.0,FINITE
development,NONSYMMETRIC_D08_C02_E1eM15,binary64-operand,NONSYMMETRIC,8,2,1e-15,zg,142.8539834610403,100.49297906324071,1.4215319795738326,7.922606761456973e-15,8.389467120515806e-17,94.43516075154331,66.43196361987891,0.0,FINITE
development,NONSYMMETRIC_D08_C02_E1eM16,decimal-source,NONSYMMETRIC,8,2,1e-16,z,142.87991971929307,100.26470984391914,1.4250270104178482,1.300714352011839e-14,2.1812421540521875e-16,59.6318180260475,41.84609666350267,1.191549678142852e-16,FINITE
development,NONSYMMETRIC_D08_C02_E1eM16,decimal-source,NONSYMMETRIC,8,2,1e-16,zg,142.87991971929162,100.26470984391814,1.4250270104178477,9.708073773083414e-15,2.4111908242338315e-16,40.262569330937154,28.253899074608647,0.0,FINITE
development,NONSYMMETRIC_D08_C02_E1eM16,binary64-operand,NONSYMMETRIC,8,2,1e-16,z,142.87991971929307,100.26470984391914,1.4250270104178482,9.854688873675407e-15,1.567628828200125e-16,62.863661961295264,44.11401433216505,0.0,FINITE
development,NONSYMMETRIC_D08_C02_E1eM16,binary64-operand,NONSYMMETRIC,8,2,1e-16,zg,142.87991971929162,100.26470984391814,1.4250270104178477,8.102990891076597e-15,1.884839049522033e-16,42.99035980356728,30.168101719673093,0.0,FINITE
development,NONSYMMETRIC_D08_C02_E1eM8,decimal-source,NONSYMMETRIC,8,2,1e-8,z,142.8775016727205,100.77379055437467,1.417804181888225,2.5737740863964167e-14,3.360259227790839e-16,76.59450988513504,54.023334719697914,0.0,FINITE
development,NONSYMMETRIC_D08_C02_E1eM8,decimal-source,NONSYMMETRIC,8,2,1e-8,zg,142.87736129254623,100.77368901259847,1.4178042174747028,2.1075183443750573e-14,1.9529458303323263e-16,107.9148387856937,76.11406247465136,1.3168582629700355e-16,FINITE
development,NONSYMMETRIC_D08_C02_E1eM8,binary64-operand,NONSYMMETRIC,8,2,1e-8,z,142.8775016727205,100.77379055437467,1.417804181888225,1.9053514201237164e-14,2.009108949981637e-16,94.83564443536679,66.88909910610161,1.4984718878445655e-16,FINITE
development,NONSYMMETRIC_D08_C02_E1eM8,binary64-operand,NONSYMMETRIC,8,2,1e-8,zg,142.87736129254623,100.77368901259847,1.4178042174747028,3.3483882221820235e-14,2.5856046270320946e-16,129.50116917239183,91.33924668601323,0.0,FINITE
development,NONSYMMETRIC_D08_C04_E1eM12,decimal-source,NONSYMMETRIC,8,4,1e-12,z,10102.423847923561,10001.884613733955,1.0100520289997699,3.5628296406147023e-13,1.7483809675615383e-16,2037.7879345047836,2017.5078867202076,0.0,FINITE
development,NONSYMMETRIC_D08_C04_E1eM12,decimal-source,NONSYMMETRIC,8,4,1e-12,zg,10102.423748696518,10001.884513709796,1.0100520291799922,3.4501175982532716e-13,2.2351459367560723e-16,1543.575988268811,1528.2143331982202,0.0,FINITE
development,NONSYMMETRIC_D08_C04_E1eM12,binary64-operand,NONSYMMETRIC,8,4,1e-12,z,10102.423847923561,10001.884613733955,1.0100520289997699,1.8747543009009726e-13,1.32321521764513e-16,1416.817367198507,1402.7172130940098,0.0,FINITE
development,NONSYMMETRIC_D08_C04_E1eM12,binary64-operand,NONSYMMETRIC,8,4,1e-12,zg,10102.423748696518,10001.884513709796,1.0100520291799922,8.399263306907962e-13,2.3115557156305265e-16,3633.597602736944,3597.436070384285,0.0,FINITE
development,NONSYMMETRIC_D08_C04_E1eM14,decimal-source,NONSYMMETRIC,8,4,1e-14,z,10101.654425020994,10001.140370757674,1.010050259324148,2.1300380268730084e-13,2.9610139274965344e-16,719.361029373443,712.2032024968609,0.0,FINITE
development,NONSYMMETRIC_D08_C04_E1eM14,decimal-source,NONSYMMETRIC,8,4,1e-14,zg,10101.654424028902,10001.140369757608,1.0100502593259504,1.0041059467778123e-13,2.3568432923155277e-16,426.03848548254916,421.79929320236283,0.0,FINITE
development,NONSYMMETRIC_D08_C04_E1eM14,binary64-operand,NONSYMMETRIC,8,4,1e-14,z,10101.654425020994,10001.140370757674,1.010050259324148,2.072923799655094e-13,2.4863155893283254e-16,833.733178745459,825.4373196273742,0.0,FINITE
development,NONSYMMETRIC_D08_C04_E1eM14,binary64-operand,NONSYMMETRIC,8,4,1e-14,zg,10101.654424028902,10001.140369757608,1.0100502593259504,9.809853073571509e-14,2.0503795048899067e-16,478.44084717859295,473.68023794962136,0.0,FINITE
development,NONSYMMETRIC_D08_C04_E1eM15,decimal-source,NONSYMMETRIC,8,4,1e-15,z,10102.537276089632,10002.022987033553,1.0100493959258425,1.7719111664431296e-13,1.7772239894833365e-16,997.0106058259142,987.0909381733984,0.0,FINITE
development,NONSYMMETRIC_D08_C04_E1eM15,decimal-source,NONSYMMETRIC,8,4,1e-15,zg,10102.537275990398,10002.022986933523,1.0100493959260226,3.4072565677217217e-13,1.7029403810545498e-16,2000.8079000462542,1980.9010411930349,0.0,FINITE
development,NONSYMMETRIC_D08_C04_E1eM15,binary64-operand,NONSYMMETRIC,8,4,1e-15,z,10102.537276089632,10002.022987033553,1.0100493959258425,1.708185965138927e-13,1.6465416291191623e-16,1037.438674449271,1027.1167713518828,0.0,FINITE
development,NONSYMMETRIC_D08_C04_E1eM15,binary64-operand,NONSYMMETRIC,8,4,1e-15,zg,10102.537275990398,10002.022986933523,1.0100493959260226,1.8304642608153296e-13,2.0679146646046024e-16,885.1739833110208,876.3670241092369,0.0,FINITE
development,NONSYMMETRIC_D08_C04_E1eM16,decimal-source,NONSYMMETRIC,8,4,1e-16,z,10101.752378296602,10001.254834214928,1.0100484934888236,2.857457277634095e-13,2.820163168744236e-16,1013.2240961456373,1003.1440100918767,0.0,FINITE
development,NONSYMMETRIC_D08_C04_E1eM16,decimal-source,NONSYMMETRIC,8,4,1e-16,zg,10101.752378286677,10001.254834204929,1.0100484934888412,8.273318532109469e-13,4.675747007026111e-16,1769.4110737123697,1751.808042008547,0.0,FINITE
development,NONSYMMETRIC_D08_C04_E1eM16,binary64-operand,NONSYMMETRIC,8,4,1e-16,z,10101.752378296602,10001.254834214928,1.0100484934888236,1.4165466715467975e-13,2.830278025452151e-16,500.4973570822595,495.51814621640995,0.0,FINITE
development,NONSYMMETRIC_D08_C04_E1eM16,binary64-operand,NONSYMMETRIC,8,4,1e-16,zg,10101.752378286677,10001.254834204929,1.0100484934888412,3.354480044561889e-13,2.8629095791040887e-16,1171.7031054860038,1160.0463869202815,0.0,FINITE
development,NONSYMMETRIC_D08_C04_E1eM8,decimal-source,NONSYMMETRIC,8,4,1e-8,z,10104.380291140988,10003.877410388139,1.0100463926765522,1.8634232214453786e-13,1.7806883670196604e-16,1046.4622872581526,1036.053685103613,0.0,FINITE
development,NONSYMMETRIC_D08_C04_E1eM8,decimal-source,NONSYMMETRIC,8,4,1e-8,zg,10103.387757065979,10002.876906287749,1.010048194306485,9.74336982051505e-13,3.2299354992938955e-16,3016.583403180984,2986.5737300309893,0.0,FINITE
development,NONSYMMETRIC_D08_C04_E1eM8,binary64-operand,NONSYMMETRIC,8,4,1e-8,z,10104.380291140988,10003.877410388139,1.0100463926765522,2.819317612067762e-13,1.8945435779513003e-16,1488.1249736765008,1473.323388377314,0.0,FINITE
development,NONSYMMETRIC_D08_C04_E1eM8,binary64-operand,NONSYMMETRIC,8,4,1e-8,zg,10103.387757065979,10002.876906287749,1.010048194306485,6.885270566823837e-13,2.8069296406293934e-16,2452.954454989461,2428.5518936783983,0.0,FINITE
development,NONSYMMETRIC_D08_C06_E1eM12,decimal-source,NONSYMMETRIC,8,6,1e-12,z,1005190.9049941854,1000152.738514594,1.0050373970750448,1.1026931431591022e-11,2.379868647731211e-16,46334.20185649017,46101.96793804525,0.0,FINITE
development,NONSYMMETRIC_D08_C06_E1eM12,decimal-source,NONSYMMETRIC,8,6,1e-12,zg,1005189.9089303805,1000151.7384341221,1.0050374061281404,7.370026802207484e-11,1.4858593606119655e-16,496011.06252559915,493524.9767831613,0.0,FINITE
development,NONSYMMETRIC_D08_C06_E1eM12,binary64-operand,NONSYMMETRIC,8,6,1e-12,z,1005190.9049941854,1000152.738514594,1.0050373970750448,5.218146315145679e-12,1.9552197569435378e-16,26688.2855321739,26554.519871444267,0.0,FINITE
development,NONSYMMETRIC_D08_C06_E1eM12,binary64-operand,NONSYMMETRIC,8,6,1e-12,zg,1005189.9089303805,1000151.7384341221,1.0050374061281404,4.129718124677664e-11,1.829864529346116e-16,225684.36397602494,224553.19831872068,0.0,FINITE
development,NONSYMMETRIC_D08_C06_E1eM14,decimal-source,NONSYMMETRIC,8,6,1e-14,z,1005053.1097808369,1000014.3595762233,1.005038677851335,4.873248802677948e-11,2.4140969350288682e-16,201866.32657398543,200854.28652910554,0.0,FINITE
development,NONSYMMETRIC_D08_C06_E1eM14,decimal-source,NONSYMMETRIC,8,6,1e-14,zg,1005053.0998213536,1000014.3495765671,1.0050386779418916,1.2124726124915332e-10,2.727099625496047e-16,444601.5103943956,442372.5376468558,0.0,FINITE
development,NONSYMMETRIC_D08_C06_E1eM14,binary64-operand,NONSYMMETRIC,8,6,1e-14,z,1005053.1097808369,1000014.3595762233,1.005038677851335,2.755455814809939e-11,1.9215052858131285e-16,143400.8969506376,142681.96847629125,0.0,FINITE
development,NONSYMMETRIC_D08_C06_E1eM14,binary64-operand,NONSYMMETRIC,8,6,1e-14,zg,1005053.0998213536,1000014.3495765671,1.0050386779418916,1.0533122218016873e-10,2.5233924286613274e-16,417419.11001947284,415326.4139786736,0.0,FINITE
development,NONSYMMETRIC_D08_C06_E1eM15,decimal-source,NONSYMMETRIC,8,6,1e-15,z,1005182.2572634149,1000142.0374791615,1.005039503985811,8.671621073699755e-12,4.44236636874393e-16,19520.27445262611,19422.395214528493,0.0,FINITE
development,NONSYMMETRIC_D08_C06_E1eM15,decimal-source,NONSYMMETRIC,8,6,1e-15,zg,1005182.2562672775,1000142.0364790057,1.0050395039948685,3.0433920213473505e-11,3.7234626919302434e-16,81735.53149715207,81325.69035571898,0.0,FINITE
development,NONSYMMETRIC_D08_C06_E1eM15,binary64-operand,NONSYMMETRIC,8,6,1e-15,z,1005182.2572634149,1000142.0374791615,1.005039503985811,9.546622157424355e-12,4.22530216518385e-16,22593.93952008392,22480.648203856967,0.0,FINITE
development,NONSYMMETRIC_D08_C06_E1eM15,binary64-operand,NONSYMMETRIC,8,6,1e-15,zg,1005182.2562672775,1000142.0364790057,1.0050395039948685,1.6392414342340357e-11,3.4490477188312677e-16,47527.36314096296,47289.04978565461,0.0,FINITE
development,NONSYMMETRIC_D08_C06_E1eM16,decimal-source,NONSYMMETRIC,8,6,1e-16,z,1005221.9596462697,1000183.7934258278,1.0050372404087704,2.1826522413168883e-11,1.8285005833896367e-16,119368.41919244743,118770.1454165994,0.0,FINITE
development,NONSYMMETRIC_D08_C06_E1eM16,decimal-source,NONSYMMETRIC,8,6,1e-16,zg,1005221.9595466519,1000183.7933258087,1.0050372404096755,6.291138873113969e-11,1.3348524670693626e-16,471298.44146192557,468936.2965991329,0.0,FINITE
development,NONSYMMETRIC_D08_C06_E1eM16,binary64-operand,NONSYMMETRIC,8,6,1e-16,z,1005221.9596462697,1000183.7934258278,1.0050372404087704,5.420368486632305e-11,1.5918059383380979e-16,340516.91579259734,338810.24712487444,0.0,FINITE
development,NONSYMMETRIC_D08_C06_E1eM16,binary64-operand,NONSYMMETRIC,8,6,1e-16,zg,1005221.9595466519,1000183.7933258087,1.0050372404096755,1.2095726923441392e-10,2.1296576713961694e-16,567965.785576779,565119.1445853923,0.0,FINITE
development,NONSYMMETRIC_D08_C06_E1eM8,decimal-source,NONSYMMETRIC,8,6,1e-8,z,1005251.528793445,1000214.4141374148,1.00503603485896,9.00755255416714e-11,2.9017521804697583e-16,310417.70606023725,308862.2649274453,0.0,FINITE
development,NONSYMMETRIC_D08_C06_E1eM8,decimal-source,NONSYMMETRIC,8,6,1e-8,zg,995387.6171788113,990310.4232860241,1.0051268711036487,9.084511913126035e-11,1.801120716517823e-16,504381.06839887315,501808.3616101647,0.0,FINITE
development,NONSYMMETRIC_D08_C06_E1eM8,binary64-operand,NONSYMMETRIC,8,6,1e-8,z,1005251.528793445,1000214.4141374148,1.00503603485896,5.287220043893677e-11,2.4582995560861704e-16,215076.312844127,213998.60839249348,0.0,FINITE
development,NONSYMMETRIC_D08_C06_E1eM8,binary64-operand,NONSYMMETRIC,8,6,1e-8,zg,995387.6171788113,990310.4232860241,1.0051268711036487,7.311376727573851e-11,1.8312299978693962e-16,399260.42802272295,397223.912225456,0.0,FINITE
development,NONSYMMETRIC_D08_C08_E1eM12,decimal-source,NONSYMMETRIC,8,8,1e-12,z,100517519.47899584,100013797.65478913,1.005036523319966,3.442972120924121e-09,1.2406462878493125e-16,27751440.15376525,27612369.80930118,0.0,FINITE
development,NONSYMMETRIC_D08_C08_E1eM12,decimal-source,NONSYMMETRIC,8,8,1e-12,zg,100507558.51230153,100003796.5226664,1.005037428649231,4.571566874785833e-09,3.230351731652151e-16,14151916.74018644,14080984.784026003,0.0,FINITE
development,NONSYMMETRIC_D08_C08_E1eM12,binary64-operand,NONSYMMETRIC,8,8,1e-12,z,100517519.47899584,100013797.65478913,1.005036523319966,2.0480618776518805e-09,8.632367858565995e-17,23725377.685562436,23606483.083012458,0.0,FINITE
development,NONSYMMETRIC_D08_C08_E1eM12,binary64-operand,NONSYMMETRIC,8,8,1e-12,zg,100507558.51230153,100003796.5226664,1.005037428649231,3.997442249099197e-10,2.688501733562349e-16,1486866.1601353928,1479413.7190828198,0.0,FINITE
development,NONSYMMETRIC_D08_C08_E1eM14,decimal-source,NONSYMMETRIC,8,8,1e-14,z,100513772.45740768,100009832.2516107,1.0050389066199925,1.0638234530042201e-09,1.1541114112329938e-16,9217684.20838752,9171470.027351635,0.0,FINITE
development,NONSYMMETRIC_D08_C08_E1eM14,decimal-source,NONSYMMETRIC,8,8,1e-14,zg,100513672.85417052,100009732.24661905,1.0050389156758142,2.1728891972554653e-09,1.3416435929887507e-16,16195725.963368308,16114526.224567018,0.0,FINITE
development,NONSYMMETRIC_D08_C08_E1eM14,binary64-operand,NONSYMMETRIC,8,8,1e-14,z,100513772.45740768,100009832.2516107,1.0050389066199925,9.828679800054028e-10,1.0478316736678471e-16,9380017.847379586,9332989.78337581,0.0,FINITE
development,NONSYMMETRIC_D08_C08_E1eM14,binary64-operand,NONSYMMETRIC,8,8,1e-14,zg,100513672.85417052,100009732.24661905,1.0050389156758142,1.7517048994162357e-09,1.0624628880744716e-16,16487210.227087507,16404549.08753566,0.0,FINITE
development,NONSYMMETRIC_D08_C08_E1eM15,decimal-source,NONSYMMETRIC,8,8,1e-15,z,100509915.61748317,100006174.52255568,1.0050370999324034,1.7848936045154608e-08,2.578730484556354e-16,69215981.08856012,68869080.64708799,0.0,FINITE
development,NONSYMMETRIC_D08_C08_E1eM15,decimal-source,NONSYMMETRIC,8,8,1e-15,zg,100509905.65876785,100006164.52368502,1.005037100837554,2.493251273820068e-08,3.012636164548345e-16,82759787.0316961,82345006.92832902,0.0,FINITE
development,NONSYMMETRIC_D08_C08_E1eM15,binary64-operand,NONSYMMETRIC,8,8,1e-15,z,100509915.61748317,100006174.52255568,1.0050370999324034,1.584322427717925e-08,2.0824757418552283e-16,76078793.90261179,75697498.04034963,0.0,FINITE
development,NONSYMMETRIC_D08_C08_E1eM15,binary64-operand,NONSYMMETRIC,8,8,1e-15,zg,100509905.65876785,100006164.52368502,1.005037100837554,1.4067389688402198e-08,1.9452138302381281e-16,72317960.47162642,71955513.29533982,0.0,FINITE
development,NONSYMMETRIC_D08_C08_E1eM16,decimal-source,NONSYMMETRIC,8,8,1e-16,z,100523877.46170735,100019957.60628898,1.0050381930514505,1.750714983767652e-09,1.4059781274682258e-16,12451936.125921113,12389515.35574496,0.0,FINITE
development,NONSYMMETRIC_D08_C08_E1eM16,decimal-source,NONSYMMETRIC,8,8,1e-16,zg,100523876.46547067,100019956.60603443,1.0050381931420058,7.451179058533755e-10,2.1286146371369357e-16,3500482.8626734726,3482935.162623094,0.0,FINITE
development,NONSYMMETRIC_D08_C08_E1eM16,binary64-operand,NONSYMMETRIC,8,8,1e-16,z,100523877.46170735,100019957.60628898,1.0050381930514505,1.0504138834679855e-09,1.1590691671819874e-16,9062564.281835118,9017134.218869613,0.0,FINITE
development,NONSYMMETRIC_D08_C08_E1eM16,binary64-operand,NONSYMMETRIC,8,8,1e-16,zg,100523876.46547067,100019956.60603443,1.0050381931420058,2.0551651266926156e-09,1.389946276138244e-16,14785932.103811825,14711811.157730462,0.0,FINITE
development,NONSYMMETRIC_D08_C08_E1eM8,decimal-source,NONSYMMETRIC,8,8,1e-8,z,100527629.23716043,100023817.09525096,1.0050369217706387,2.5638783465917445e-09,3.7679152296787343e-16,6804501.137384531,6770399.166427239,0.0,FINITE
development,NONSYMMETRIC_D08_C08_E1eM8,decimal-source,NONSYMMETRIC,8,8,1e-8,zg,50840822.18270919,50011294.7135822,1.0165868025188658,6.465033716705442e-09,4.790637410242457e-16,13495143.053162612,13274954.012510082,0.0,FINITE
development,NONSYMMETRIC_D08_C08_E1eM8,binary64-operand,NONSYMMETRIC,8,8,1e-8,z,100527629.23716043,100023817.09525096,1.0050369217706387,6.307188947804498e-09,3.184901947435058e-16,19803400.707151927,19704152.43279122,0.0,FINITE
development,NONSYMMETRIC_D08_C08_E1eM8,binary64-operand,NONSYMMETRIC,8,8,1e-8,zg,50840822.18270919,50011294.7135822,1.0165868025188658,2.7070441649462565e-09,4.2229742259235993e-16,6410278.680671331,6305687.487569335,0.0,FINITE
development,NONSYMMETRIC_D08_C10_E1eM12,decimal-source,NONSYMMETRIC,8,10,1e-12,z,10049987653.263573,10000093821.805622,1.0049893363349407,6.614157653804132e-07,2.277987190955421e-16,2903509589.5469275,2889094923.2711577,0.0,FINITE
development,NONSYMMETRIC_D08_C10_E1eM12,decimal-source,NONSYMMETRIC,8,10,1e-12,zg,9951390214.448793,9901100407.108826,1.0050792139532148,1.4270288895928243e-06,2.601802888352005e-16,5484769411.170543,5457051877.132793,0.0,FINITE
development,NONSYMMETRIC_D08_C10_E1eM12,binary64-operand,NONSYMMETRIC,8,10,1e-12,z,10049987653.263573,10000093821.805622,1.0049893363349407,4.0252537376012646e-07,2.6896986001517037e-16,1496544533.7906013,1489114839.0173924,0.0,FINITE
development,NONSYMMETRIC_D08_C10_E1eM12,binary64-operand,NONSYMMETRIC,8,10,1e-12,zg,9951390214.448793,9901100407.108826,1.0050792139532148,1.789762649761258e-06,2.9048387043582655e-16,6161315074.313742,6130178585.705528,0.0,FINITE
development,NONSYMMETRIC_D08_C10_E1eM14,decimal-source,NONSYMMETRIC,8,10,1e-14,z,10053087017.807432,10003228850.884123,1.0049842073660948,2.179589213719745e-07,2.6541065096545682e-16,821213921.0658197,817141120.275006,0.0,FINITE
development,NONSYMMETRIC_D08_C10_E1eM14,decimal-source,NONSYMMETRIC,8,10,1e-14,zg,10052090616.28642,10002228482.02784,1.0049851025047243,3.017693414568251e-07,1.7702978996717826e-16,1704624636.9764876,1696169060.3453243,0.0,FINITE
development,NONSYMMETRIC_D08_C10_E1eM14,binary64-operand,NONSYMMETRIC,8,10,1e-14,z,10053087017.807432,10003228850.884123,1.0049842073660948,1.1010626737570121e-07,2.412276493862518e-16,456441322.7747369,454177607.3984263,0.0,FINITE
development,NONSYMMETRIC_D08_C10_E1eM14,binary64-operand,NONSYMMETRIC,8,10,1e-14,zg,10052090616.28642,10002228482.02784,1.0049851025047243,5.490427503065938e-07,2.1373688867334978e-16,2568778621.764659,2556036517.718016,0.0,FINITE
development,NONSYMMETRIC_D08_C10_E1eM15,decimal-source,NONSYMMETRIC,8,10,1e-15,z,10050104123.884396,10000219567.212841,1.0049883461394296,1.9839744912936654e-07,1.8779677617472315e-16,1056447576.8464773,1051203808.3871555,0.0,FINITE
development,NONSYMMETRIC_D08_C10_E1eM15,decimal-source,NONSYMMETRIC,8,10,1e-15,zg,10050004539.302078,10000119585.85931,1.00498843568964,5.607957499297935e-07,4.564741190852837e-16,1228537887.4350142,1222439824.9836287,0.0,FINITE
development,NONSYMMETRIC_D08_C10_E1eM15,binary64-operand,NONSYMMETRIC,8,10,1e-15,z,10050104123.884396,10000219567.212841,1.0049883461394296,2.1888027841654006e-07,1.493071765436585e-16,1465972925.6385603,1458696442.8691742,0.0,FINITE
development,NONSYMMETRIC_D08_C10_E1eM15,binary64-operand,NONSYMMETRIC,8,10,1e-15,zg,10050004539.302078,10000119585.85931,1.00498843568964,1.978807120569487e-07,3.2951172427791675e-16,600527075.2977887,597546254.2369425,0.0,FINITE
development,NONSYMMETRIC_D08_C10_E1eM16,decimal-source,NONSYMMETRIC,8,10,1e-16,z,10051144903.92986,10001250316.0116,1.0049888350297942,8.928706987292603e-07,1.1420331686685095e-16,7818255399.449156,7779445031.563334,0.0,FINITE
development,NONSYMMETRIC_D08_C10_E1eM16,decimal-source,NONSYMMETRIC,8,10,1e-16,zg,10051134942.289042,10001240314.676922,1.00498884398757,1.6013596982626198e-06,3.3071844664830594e-16,4842063436.411652,4818027051.125693,0.0,FINITE
development,NONSYMMETRIC_D08_C10_E1eM16,binary64-operand,NONSYMMETRIC,8,10,1e-16,z,10051144903.92986,10001250316.0116,1.0049888350297942,8.187312803056766e-07,1.420358312995631e-16,5764258728.3410015,5735644543.921836,0.0,FINITE
development,NONSYMMETRIC_D08_C10_E1eM16,binary64-operand,NONSYMMETRIC,8,10,1e-16,zg,10051134942.289042,10001240314.676922,1.00498884398757,9.24186702854037e-07,2.842451023442458e-16,3251372478.3013697,3235232408.551575,0.0,FINITE
development,NONSYMMETRIC_D08_C10_E1eM8,decimal-source,NONSYMMETRIC,8,10,1e-8,z,10049996376.418139,10000126271.20878,1.0049869475501463,1.0776529215316136e-07,1.699674944388148e-16,634034716.5143092,630888508.6118717,0.0,FINITE
development,NONSYMMETRIC_D08_C10_E1eM8,decimal-source,NONSYMMETRIC,8,10,1e-8,zg,134736810.3375453,99018184.32942207,1.3607279435592505,4.5889171662806366e-11,1.5995997164764257e-16,286879.0935015314,210827.66386875464,0.0,FINITE
development,NONSYMMETRIC_D08_C10_E1eM8,binary64-operand,NONSYMMETRIC,8,10,1e-8,z,10049996376.418139,10000126271.20878,1.0049869475501463,1.05565654941877e-07,1.4397377910807295e-16,733228339.1869214,729589912.5598695,0.0,FINITE
development,NONSYMMETRIC_D08_C10_E1eM8,binary64-operand,NONSYMMETRIC,8,10,1e-8,zg,134736810.3375453,99018184.32942207,1.3607279435592505,2.6858788104862e-10,1.7046797884257754e-16,1575591.3977055682,1157903.3157681029,0.0,FINITE
development,NONSYMMETRIC_D16_C02_E1eM12,decimal-source,NONSYMMETRIC,16,2,1e-12,z,202.042400787741,100.7050421799389,2.006278895417504,4.4582996045966484e-14,2.736001554795667e-16,162.9494543518126,81.21974204284446,0.0,FINITE
development,NONSYMMETRIC_D16_C02_E1eM12,decimal-source,NONSYMMETRIC,16,2,1e-12,zg,202.04240076789608,100.70504216980063,2.0062788954224224,2.698859213242305e-14,2.41039925428882e-16,111.96731033003053,55.8084474623633,0.0,FINITE
development,NONSYMMETRIC_D16_C02_E1eM12,binary64-operand,NONSYMMETRIC,16,2,1e-12,z,202.042400787741,100.7050421799389,2.006278895417504,3.742817607822543e-14,2.4490644822756224e-16,152.82642147277357,76.17406623866748,0.0,FINITE
development,NONSYMMETRIC_D16_C02_E1eM12,binary64-operand,NONSYMMETRIC,16,2,1e-12,zg,202.04240076789608,100.70504216980063,2.0062788954224224,2.190701807538471e-14,1.7612676085762552e-16,124.38210961645714,61.99642028845071,0.0,FINITE
development,NONSYMMETRIC_D16_C02_E1eM14,decimal-source,NONSYMMETRIC,16,2,1e-14,z,202.08601768939116,100.94972854713438,2.0018480544505404,2.4378984358377505e-14,3.016687616114497e-16,80.81375157358093,40.36957320207921,0.0,FINITE
development,NONSYMMETRIC_D16_C02_E1eM14,decimal-source,NONSYMMETRIC,16,2,1e-14,zg,202.0860176891926,100.94972854703254,2.001848054450593,5.639151537601224e-14,5.550997228322449e-16,101.5880805853945,50.747148545834726,0.0,FINITE
development,NONSYMMETRIC_D16_C02_E1eM14,binary64-operand,NONSYMMETRIC,16,2,1e-14,z,202.08601768939116,100.94972854713438,2.0018480544505404,2.221885507076612e-14,2.592692696283151e-16,85.69798920874335,42.80943751860598,0.0,FINITE
development,NONSYMMETRIC_D16_C02_E1eM14,binary64-operand,NONSYMMETRIC,16,2,1e-14,zg,202.0860176891926,100.94972854703254,2.001848054450593,5.195354349782932e-14,4.304589772486941e-16,120.6933674142277,60.290973206431474,0.0,FINITE
development,NONSYMMETRIC_D16_C02_E1eM15,decimal-source,NONSYMMETRIC,16,2,1e-15,z,202.0619257921294,100.80902047930934,2.0044032253403534,4.987141443655489e-14,4.686420245113992e-16,106.41686367873274,53.09154482160786,0.0,FINITE
development,NONSYMMETRIC_D16_C02_E1eM15,decimal-source,NONSYMMETRIC,16,2,1e-15,zg,202.06192579210955,100.8090204792992,2.0044032253403583,6.610014477201993e-14,5.76675434370027e-16,114.6227857689641,57.18549257946866,0.0,FINITE
development,NONSYMMETRIC_D16_C02_E1eM15,binary64-operand,NONSYMMETRIC,16,2,1e-15,z,202.0619257921294,100.80902047930934,2.0044032253403534,4.282554641157252e-14,4.0064527261973274e-16,106.89143074507166,53.3283070959543,0.0,FINITE
development,NONSYMMETRIC_D16_C02_E1eM15,binary64-operand,NONSYMMETRIC,16,2,1e-15,zg,202.06192579210955,100.8090204792992,2.0044032253403583,4.377029685518342e-14,4.3020536814794514e-16,101.74279564110662,50.759644743552116,0.0,FINITE
development,NONSYMMETRIC_D16_C02_E1eM16,decimal-source,NONSYMMETRIC,16,2,1e-16,z,202.1278086309846,101.38301812562202,1.993704787724226,2.1438639481997655e-14,3.8312749397741946e-16,55.956932924425395,28.0668097247733,0.0,FINITE
development,NONSYMMETRIC_D16_C02_E1eM16,decimal-source,NONSYMMETRIC,16,2,1e-16,zg,202.12780863098257,101.383018125621,1.9937047877242258,2.8832480989431085e-14,4.679873063719435e-16,61.60953640592084,30.902035640014137,0.0,FINITE
development,NONSYMMETRIC_D16_C02_E1eM16,binary64-operand,NONSYMMETRIC,16,2,1e-16,z,202.1278086309846,101.38301812562202,1.993704787724226,1.4594664106492297e-14,2.646899143202937e-16,55.13872390631292,27.656413449883253,0.0,FINITE
development,NONSYMMETRIC_D16_C02_E1eM16,binary64-operand,NONSYMMETRIC,16,2,1e-16,zg,202.12780863098257,101.383018125621,1.9937047877242258,1.0001644542105016e-14,3.1360171889796013e-16,31.89282436732866,15.996763695257854,0.0,FINITE
development,NONSYMMETRIC_D16_C02_E1eM8,decimal-source,NONSYMMETRIC,16,2,1e-8,z,202.09492512852518,101.19670511243332,1.9970504464941834,2.2467304338000743e-14,3.972442522218699e-16,56.557909176373045,28.320721329629052,0.0,FINITE
development,NONSYMMETRIC_D16_C02_E1eM8,decimal-source,NONSYMMETRIC,16,2,1e-8,zg,202.0947265516727,101.19660273982362,1.9970505044646416,2.341023295907938e-14,4.044225818388863e-16,57.88557318593436,28.98553294296982,0.0,FINITE
development,NONSYMMETRIC_D16_C02_E1eM8,binary64-operand,NONSYMMETRIC,16,2,1e-8,z,202.09492512852518,101.19670511243332,1.9970504464941834,2.2398715484724878e-14,3.246492869198922e-16,68.99357672161406,34.54773856250457,0.0,FINITE
development,NONSYMMETRIC_D16_C02_E1eM8,binary64-operand,NONSYMMETRIC,16,2,1e-8,zg,202.0947265516727,101.19660273982362,1.9970505044646416,2.9590135973253025e-14,4.296178216096048e-16,68.87548533808656,34.48860466177861,0.0,FINITE
development,NONSYMMETRIC_D16_C04_E1eM12,decimal-source,NONSYMMETRIC,16,4,1e-12,z,14293.607576076969,10083.180561291456,1.4175693363013864,9.025818618143462e-13,7.178989156685113e-16,1257.254805816021,886.9088612599044,0.0,FINITE
development,NONSYMMETRIC_D16_C04_E1eM12,decimal-source,NONSYMMETRIC,16,4,1e-12,zg,14293.60743562597,10083.18045965326,1.4175693366612123,1.0396137624459806e-12,5.06530545860194e-16,2052.4206702687607,1447.844995788924,0.0,FINITE
development,NONSYMMETRIC_D16_C04_E1eM12,binary64-operand,NONSYMMETRIC,16,4,1e-12,z,14293.607576076969,10083.180561291456,1.4175693363013864,6.974274529431728e-13,6.204087239016327e-16,1124.141918181266,793.006655402332,0.0,FINITE
development,NONSYMMETRIC_D16_C04_E1eM12,binary64-operand,NONSYMMETRIC,16,4,1e-12,zg,14293.60743562597,10083.18045965326,1.4175693366612123,8.484971496700141e-13,4.553911107764316e-16,1863.2272997673265,1314.3817741965047,0.0,FINITE
development,NONSYMMETRIC_D16_C04_E1eM14,decimal-source,NONSYMMETRIC,16,4,1e-14,z,14285.710014762832,10003.257512246817,1.4281057942648263,1.083657475722538e-12,3.105649233492295e-16,3489.3105893480697,2443.313796051314,0.0,FINITE
development,NONSYMMETRIC_D16_C04_E1eM14,decimal-source,NONSYMMETRIC,16,4,1e-14,zg,14285.710013359963,10003.257511246456,1.4281057942674007,2.4836994346635897e-12,5.03600969117152e-16,4931.879775802834,3453.4414716332853,0.0,FINITE
development,NONSYMMETRIC_D16_C04_E1eM14,binary64-operand,NONSYMMETRIC,16,4,1e-14,z,14285.710014762832,10003.257512246817,1.4281057942648263,1.2594786815900403e-12,3.956262898417974e-16,3183.506035692621,2229.1808131283833,0.0,FINITE
development,NONSYMMETRIC_D16_C04_E1eM14,binary64-operand,NONSYMMETRIC,16,4,1e-14,zg,14285.710013359963,10003.257511246456,1.4281057942674007,2.546880747683765e-12,4.47687070902154e-16,5688.975432217493,3983.581227002767,0.0,FINITE
development,NONSYMMETRIC_D16_C04_E1eM15,decimal-source,NONSYMMETRIC,16,4,1e-15,z,14285.843374791619,10027.512199762486,1.424664771300901,2.048911065130081e-12,7.544719042900746e-16,2715.6890183445835,1906.1951085270482,0.0,FINITE
development,NONSYMMETRIC_D16_C04_E1eM15,decimal-source,NONSYMMETRIC,16,4,1e-15,zg,14285.843374651353,10027.512199661965,1.4246647713011946,9.415106175215076e-13,6.048680834390297e-16,1556.555294120443,1092.576531318865,1.4607491060683024e-16,FINITE
development,NONSYMMETRIC_D16_C04_E1eM15,binary64-operand,NONSYMMETRIC,16,4,1e-15,z,14285.843374791619,10027.512199762486,1.424664771300901,2.7600288383928583e-12,6.766678717363136e-16,4078.8530883115377,2863.026566303751,0.0,FINITE
development,NONSYMMETRIC_D16_C04_E1eM15,binary64-operand,NONSYMMETRIC,16,4,1e-15,zg,14285.843374651353,10027.512199661965,1.4246647713011946,1.0907451486949818e-12,4.73013928066912e-16,2305.9472120674773,1618.5893401163962,0.0,FINITE
development,NONSYMMETRIC_D16_C04_E1eM16,decimal-source,NONSYMMETRIC,16,4,1e-16,z,14292.611504008511,10028.132135111664,1.4252516133054884,6.204025540301022e-13,4.29862097171045e-16,1443.259496738648,1012.6348802310036,0.0,FINITE
development,NONSYMMETRIC_D16_C04_E1eM16,decimal-source,NONSYMMETRIC,16,4,1e-16,zg,14292.61150399447,10028.132135101614,1.4252516133055166,3.648277027628069e-12,5.977927339794286e-16,6102.9129667434445,4281.9898674517235,0.0,FINITE
development,NONSYMMETRIC_D16_C04_E1eM16,binary64-operand,NONSYMMETRIC,16,4,1e-16,z,14292.611504008511,10028.132135111664,1.4252516133054884,6.233946978551866e-13,3.2509439428196837e-16,1917.580582193889,1345.4330198908358,0.0,FINITE
development,NONSYMMETRIC_D16_C04_E1eM16,binary64-operand,NONSYMMETRIC,16,4,1e-16,zg,14292.61150399447,10028.132135101614,1.4252516133055166,2.3510843040203185e-12,4.705056017684587e-16,4996.9315884517655,3505.999601616044,0.0,FINITE
development,NONSYMMETRIC_D16_C04_E1eM8,decimal-source,NONSYMMETRIC,16,4,1e-8,z,14296.481372745808,10083.096242969723,1.4178662018339654,7.262516779324915e-13,4.198254456206082e-16,1729.8896136676703,1220.0654839152753,0.0,FINITE
development,NONSYMMETRIC_D16_C04_E1eM8,decimal-source,NONSYMMETRIC,16,4,1e-8,zg,14295.076595587072,10082.08007156617,1.4178697743040685,9.33940408128734e-13,4.498060389837487e-16,2076.318073093894,1464.3926478459637,0.0,FINITE
development,NONSYMMETRIC_D16_C04_E1eM8,binary64-operand,NONSYMMETRIC,16,4,1e-8,z,14296.481372745808,10083.096242969723,1.4178662018339654,3.99602103664682e-13,3.882827439618554e-16,1029.1523635259427,725.8458958925507,0.0,FINITE
development,NONSYMMETRIC_D16_C04_E1eM8,binary64-operand,NONSYMMETRIC,16,4,1e-8,zg,14295.076595587072,10082.08007156617,1.4178697743040685,7.593379648236039e-13,4.711649347535947e-16,1611.6181591924176,1136.647517564472,1.4108408629322536e-16,FINITE
development,NONSYMMETRIC_D16_C06_E1eM12,decimal-source,NONSYMMETRIC,16,6,1e-12,z,1421988.7859291572,1005418.1897578303,1.414325700902292,4.298848001501659e-11,7.991967259421067e-16,53789.60976640769,38031.98211846941,1.3526697155418585e-16,FINITE
development,NONSYMMETRIC_D16_C06_E1eM12,decimal-source,NONSYMMETRIC,16,6,1e-12,zg,1421987.376711733,1005417.1794131919,1.4143257205349036,4.8116072091351564e-11,4.087541977187105e-16,117713.95219887934,83229.73307334003,1.2362098932657695e-16,FINITE
development,NONSYMMETRIC_D16_C06_E1eM12,binary64-operand,NONSYMMETRIC,16,6,1e-12,z,1421988.7859291572,1005418.1897578303,1.414325700902292,4.1962374649651436e-11,7.19701091076302e-16,58305.28141467361,41224.79099225646,0.0,FINITE
development,NONSYMMETRIC_D16_C06_E1eM12,binary64-operand,NONSYMMETRIC,16,6,1e-12,zg,1421987.376711733,1005417.1794131919,1.4143257205349036,2.5463981288978322e-11,3.1000024150621883e-16,82141.81113296808,58078.42559909165,0.0,FINITE
development,NONSYMMETRIC_D16_C06_E1eM14,decimal-source,NONSYMMETRIC,16,6,1e-14,z,1422314.0240862505,1000928.8860911416,1.4209940824474705,3.1523217312634496e-11,6.185696031258737e-16,50961.47168133605,35863.253978905945,0.0,FINITE
development,NONSYMMETRIC_D16_C06_E1eM14,decimal-source,NONSYMMETRIC,16,6,1e-14,zg,1422314.009987148,1000928.8760766686,1.4209940825787528,4.393258785100829e-11,5.620103531138527e-16,78170.42445498932,55011.083728884594,0.0,FINITE
development,NONSYMMETRIC_D16_C06_E1eM14,binary64-operand,NONSYMMETRIC,16,6,1e-14,z,1422314.0240862505,1000928.8860911416,1.4209940824474705,3.5121058531487746e-11,5.571633980322974e-16,63035.4733557926,44360.12375732241,0.0,FINITE
development,NONSYMMETRIC_D16_C06_E1eM14,binary64-operand,NONSYMMETRIC,16,6,1e-14,zg,1422314.009987148,1000928.8760766686,1.4209940825787528,1.817526989419444e-11,4.960574574890955e-16,36639.4449267885,25784.37544250499,0.0,FINITE
development,NONSYMMETRIC_D16_C06_E1eM15,decimal-source,NONSYMMETRIC,16,6,1e-15,z,1421507.6548456093,1002601.3243748148,1.4178194465601859,5.648627345857413e-11,5.498827159211281e-16,102724.22068031719,72452.25824031366,0.0,FINITE
development,NONSYMMETRIC_D16_C06_E1eM15,decimal-source,NONSYMMETRIC,16,6,1e-15,zg,1421507.653437352,1002601.3233699256,1.4178194465766372,2.557789489968717e-10,5.885625148343753e-16,434582.4658385682,306514.6742682076,1.3393927617661744e-16,FINITE
development,NONSYMMETRIC_D16_C06_E1eM15,binary64-operand,NONSYMMETRIC,16,6,1e-15,z,1421507.6548456093,1002601.3243748148,1.4178194465601859,3.143107723568359e-11,5.684587706870771e-16,55291.74472529274,38997.733356978344,0.0,FINITE
development,NONSYMMETRIC_D16_C06_E1eM15,binary64-operand,NONSYMMETRIC,16,6,1e-15,zg,1421507.653437352,1002601.3233699256,1.4178194465766372,1.652732366034705e-10,4.863215231100227e-16,339843.5577075621,239694.52424151992,0.0,FINITE
development,NONSYMMETRIC_D16_C06_E1eM16,decimal-source,NONSYMMETRIC,16,6,1e-16,z,1422085.7140013273,1005397.0752184489,1.4144518111834987,1.3451995701168898e-10,3.323722936859386e-16,404726.74638397514,286136.8221836646,1.4381965470165453e-16,FINITE
development,NONSYMMETRIC_D16_C06_E1eM16,decimal-source,NONSYMMETRIC,16,6,1e-16,zg,1422085.7138603847,1005397.0751174093,1.414451811185461,5.514721986344139e-11,6.149615365023371e-16,89675.88473434842,63399.74541740698,0.0,FINITE
development,NONSYMMETRIC_D16_C06_E1eM16,binary64-operand,NONSYMMETRIC,16,6,1e-16,z,1422085.7140013273,1005397.0752184489,1.4144518111834987,1.1650567696175766e-10,3.137192525341617e-16,371369.22908188764,262553.4685208936,1.5673797491884419e-16,FINITE
development,NONSYMMETRIC_D16_C06_E1eM16,binary64-operand,NONSYMMETRIC,16,6,1e-16,zg,1422085.7138603847,1005397.0751174093,1.414451811185461,1.463697158807459e-10,6.271942599268607e-16,233372.21851777565,164991.282610176,1.2470991895085791e-16,FINITE
development,NONSYMMETRIC_D16_C06_E1eM8,decimal-source,NONSYMMETRIC,16,6,1e-8,z,1421551.196420164,1005034.7531353533,1.414429891091255,1.9634329206605596e-10,3.4808634655971465e-16,564064.9051782703,398793.1170933367,0.0,FINITE
development,NONSYMMETRIC_D16_C06_E1eM8,decimal-source,NONSYMMETRIC,16,6,1e-8,zg,1407606.1431998033,995037.2614987411,1.4146265649184275,1.3311110091385248e-10,5.045733837047123e-16,263809.20043089724,186486.81353308915,0.0,FINITE
development,NONSYMMETRIC_D16_C06_E1eM8,binary64-operand,NONSYMMETRIC,16,6,1e-8,z,1421551.196420164,1005034.7531353533,1.414429891091255,1.804588614203969e-10,3.177370482895662e-16,567950.3299720266,401540.10711258656,0.0,FINITE
development,NONSYMMETRIC_D16_C06_E1eM8,binary64-operand,NONSYMMETRIC,16,6,1e-8,zg,1407606.1431998033,995037.2614987411,1.4146265649184275,1.3787838938642664e-10,5.510092958326623e-16,250228.79002081184,176886.81679411337,1.163088805820989e-16,FINITE
development,NONSYMMETRIC_D16_C08_E1eM12,decimal-source,NONSYMMETRIC,16,8,1e-12,z,101022768.29100952,100017018.0546152,1.0100557910639278,8.962743225276161e-09,2.6338564235134047e-16,34028974.18880717,33690192.650609165,0.0,FINITE
development,NONSYMMETRIC_D16_C08_E1eM12,decimal-source,NONSYMMETRIC,16,8,1e-12,zg,101012849.66898738,100007019.72008829,1.0100575934740814,8.709043855026388e-09,2.9246984700867295e-16,29777578.59177917,29481069.974791765,0.0,FINITE
development,NONSYMMETRIC_D16_C08_E1eM12,binary64-operand,NONSYMMETRIC,16,8,1e-12,z,101022768.29100952,100017018.0546152,1.0100557910639278,4.530360635210846e-09,2.809497658917345e-16,16125162.52089224,15964625.581629535,0.0,FINITE
development,NONSYMMETRIC_D16_C08_E1eM12,binary64-operand,NONSYMMETRIC,16,8,1e-12,zg,101012849.66898738,100007019.72008829,1.0100575934740814,3.829190890353715e-09,3.1266407270785286e-16,12246980.78417099,12125032.140046235,0.0,FINITE
development,NONSYMMETRIC_D16_C08_E1eM14,decimal-source,NONSYMMETRIC,16,8,1e-14,z,101056302.80108596,100051508.5245107,1.0100427698831658,1.5322841188195702e-09,2.907851926738657e-16,5269470.92707752,5217077.023072056,0.0,FINITE
development,NONSYMMETRIC_D16_C08_E1eM14,decimal-source,NONSYMMETRIC,16,8,1e-14,zg,101056203.53162235,100051408.45820434,1.0100427878917642,6.717246467024868e-09,4.746690539115518e-16,14151431.216488231,14010724.48230252,0.0,FINITE
development,NONSYMMETRIC_D16_C08_E1eM14,binary64-operand,NONSYMMETRIC,16,8,1e-14,z,101056302.80108596,100051508.5245107,1.0100427698831658,3.5482691324863757e-09,2.4399997140721044e-16,14542088.312644454,14397497.557778245,0.0,FINITE
development,NONSYMMETRIC_D16_C08_E1eM14,binary64-operand,NONSYMMETRIC,16,8,1e-14,zg,101056203.53162235,100051408.45820434,1.0100427878917642,4.174492298981318e-09,3.4283245369009587e-16,12176479.367833883,12055409.447801245,0.0,FINITE
development,NONSYMMETRIC_D16_C08_E1eM15,decimal-source,NONSYMMETRIC,16,8,1e-15,z,101051929.4000944,100046831.4211125,1.0100462749764787,2.010030663774485e-08,3.924642317871956e-16,51215639.56596117,50706230.82804186,0.0,FINITE
development,NONSYMMETRIC_D16_C08_E1eM15,decimal-source,NONSYMMETRIC,16,8,1e-15,zg,101051919.47506592,100046821.41639408,1.0100462767776361,9.774455957009637e-09,5.283258222240893e-16,18500810.571518503,18316794.979475476,0.0,FINITE
development,NONSYMMETRIC_D16_C08_E1eM15,binary64-operand,NONSYMMETRIC,16,8,1e-15,z,101051929.4000944,100046831.4211125,1.0100462749764787,1.9744750516137292e-08,3.9353249244062486e-16,50173113.77183506,49674074.36159641,0.0,FINITE
development,NONSYMMETRIC_D16_C08_E1eM15,binary64-operand,NONSYMMETRIC,16,8,1e-15,zg,101051919.47506592,100046821.41639408,1.0100462767776361,1.6092982466465307e-08,5.130348999339946e-16,31368202.179882456,31056202.969191514,0.0,FINITE
development,NONSYMMETRIC_D16_C08_E1eM16,decimal-source,NONSYMMETRIC,16,8,1e-16,z,101023377.7225657,100017817.4517285,1.0100538113753834,1.7693958853551706e-09,6.081575342952883e-16,2909436.7586935917,2880476.986401181,0.0,FINITE
development,NONSYMMETRIC_D16_C08_E1eM16,decimal-source,NONSYMMETRIC,16,8,1e-16,zg,101023376.73039867,100017816.45158939,1.0100538115556241,1.4911261976016101e-09,3.8664085056813516e-16,3856618.345967659,3818230.575287793,0.0,FINITE
development,NONSYMMETRIC_D16_C08_E1eM16,binary64-operand,NONSYMMETRIC,16,8,1e-16,z,101023377.7225657,100017817.4517285,1.0100538113753834,1.6852482776171074e-09,5.551618997278045e-16,3035597.8651333665,3005382.3181953183,0.0,FINITE
development,NONSYMMETRIC_D16_C08_E1eM16,binary64-operand,NONSYMMETRIC,16,8,1e-16,zg,101023376.73039867,100017816.45158939,1.0100538115556241,1.4434763071191884e-09,3.212408938498117e-16,4493438.832834435,4448712.317528816,0.0,FINITE
development,NONSYMMETRIC_D16_C08_E1eM8,decimal-source,NONSYMMETRIC,16,8,1e-8,z,101056628.02705403,100051633.74382606,1.0100447563485186,3.976513814738839e-09,5.505407804403645e-16,7222923.271111943,7151092.29141887,0.0,FINITE
development,NONSYMMETRIC_D16_C08_E1eM8,decimal-source,NONSYMMETRIC,16,8,1e-8,zg,51669700.6105303,50024103.30387568,1.0328960880449631,7.712522482623901e-09,6.460691454921558e-16,11937611.533435382,11557417.703101732,0.0,FINITE
development,NONSYMMETRIC_D16_C08_E1eM8,binary64-operand,NONSYMMETRIC,16,8,1e-8,z,101056628.02705403,100051633.74382606,1.0100447563485186,4.965688012727567e-09,5.154887302179287e-16,9632971.045997972,9537172.472260317,0.0,FINITE
development,NONSYMMETRIC_D16_C08_E1eM8,binary64-operand,NONSYMMETRIC,16,8,1e-8,zg,51669700.6105303,50024103.30387568,1.0328960880449631,5.396002755313369e-09,5.270418791305133e-16,10238280.806480536,9912207.941322798,0.0,FINITE
development,NONSYMMETRIC_D16_C10_E1eM12,decimal-source,NONSYMMETRIC,16,10,1e-12,z,10102818056.027828,10002752851.91944,1.0100037665220518,4.533571946062127e-07,4.1172849513358256e-16,1101107161.5510216,1090201044.8363814,0.0,FINITE
development,NONSYMMETRIC_D16_C10_E1eM12,decimal-source,NONSYMMETRIC,16,10,1e-12,zg,10004580647.120995,9903724843.6729,1.0101836233376909,2.3608543131076079e-07,1.6894973502439812e-16,1397370829.1206706,1383283986.037802,0.0,FINITE
development,NONSYMMETRIC_D16_C10_E1eM12,binary64-operand,NONSYMMETRIC,16,10,1e-12,z,10102818056.027828,10002752851.91944,1.0100037665220518,2.137429363453074e-07,4.1456286557098255e-16,515586305.7124439,510479587.10873467,0.0,FINITE
development,NONSYMMETRIC_D16_C10_E1eM12,binary64-operand,NONSYMMETRIC,16,10,1e-12,zg,10004580647.120995,9903724843.6729,1.0101836233376909,2.350044742804592e-07,2.0721527594215276e-16,1134107865.4165642,1122674966.4278088,0.0,FINITE
development,NONSYMMETRIC_D16_C10_E1eM14,decimal-source,NONSYMMETRIC,16,10,1e-14,z,10107392047.567585,10007403955.10263,1.0099914116501685,3.6566340509470604e-07,3.6953502780769317e-16,989522988.5622591,979734062.2387401,0.0,FINITE
development,NONSYMMETRIC_D16_C10_E1eM14,decimal-source,NONSYMMETRIC,16,10,1e-14,zg,10106398971.304413,10006402956.050194,1.0099932029215113,1.6497914306685213e-07,2.475682264934844e-16,666398695.0328382,659805128.4951326,0.0,FINITE
development,NONSYMMETRIC_D16_C10_E1eM14,binary64-operand,NONSYMMETRIC,16,10,1e-14,z,10107392047.567585,10007403955.10263,1.0099914116501685,3.393274463941368e-07,3.5281182064635375e-16,961780265.1070095,952265785.6422863,0.0,FINITE
development,NONSYMMETRIC_D16_C10_E1eM14,binary64-operand,NONSYMMETRIC,16,10,1e-14,zg,10106398971.304413,10006402956.050194,1.0099932029215113,1.606468909154349e-07,3.4276341914549566e-16,468681551.012431,464044262.5323819,0.0,FINITE
development,NONSYMMETRIC_D16_C10_E1eM15,decimal-source,NONSYMMETRIC,16,10,1e-15,z,10100993998.12016,10000911490.68096,1.0100073385843338,4.017341964665637e-07,4.697995015182298e-16,855118396.6102507,846645726.1675133,0.0,FINITE
development,NONSYMMETRIC_D16_C10_E1eM15,decimal-source,NONSYMMETRIC,16,10,1e-15,zg,10100894813.168154,10000811513.403685,1.0100075178529593,6.59390807582637e-07,4.828972777107393e-16,1365488765.4546258,1351959011.5104656,0.0,FINITE
development,NONSYMMETRIC_D16_C10_E1eM15,binary64-operand,NONSYMMETRIC,16,10,1e-15,z,10100993998.12016,10000911490.68096,1.0100073385843338,3.701826134546853e-07,4.169184100145214e-16,887901816.1893874,879104321.5922626,0.0,FINITE
development,NONSYMMETRIC_D16_C10_E1eM15,binary64-operand,NONSYMMETRIC,16,10,1e-15,zg,10100894813.168154,10000811513.403685,1.0100075178529593,1.22851434152302e-07,3.922755818427876e-16,313176348.05405045,310073284.1274196,0.0,FINITE
development,NONSYMMETRIC_D16_C10_E1eM16,decimal-source,NONSYMMETRIC,16,10,1e-16,z,10105020538.146513,10005022238.856163,1.009994810296572,8.855646347680954e-07,5.348406517645675e-16,1655754161.2560778,1639368979.3018708,0.0,FINITE
development,NONSYMMETRIC_D16_C10_E1eM16,decimal-source,NONSYMMETRIC,16,10,1e-16,zg,10105010612.344467,10005012233.851307,1.009994828207688,1.046709998342106e-06,5.094034940540391e-16,2054775851.676957,2034441953.8497157,0.0,FINITE
development,NONSYMMETRIC_D16_C10_E1eM16,binary64-operand,NONSYMMETRIC,16,10,1e-16,z,10105020538.146513,10005022238.856163,1.009994810296572,5.447371103958035e-07,5.295938165034945e-16,1028594166.7376114,1018415299.0207722,0.0,FINITE
development,NONSYMMETRIC_D16_C10_E1eM16,binary64-operand,NONSYMMETRIC,16,10,1e-16,zg,10105010612.344467,10005012233.851307,1.009994828207688,1.589326222806471e-06,3.917629372553635e-16,4056857021.5984926,4016710688.3088613,0.0,FINITE
development,NONSYMMETRIC_D16_C10_E1eM8,decimal-source,NONSYMMETRIC,16,10,1e-8,z,10103943061.838194,10003882802.196852,1.0100021423301129,1.1363347883102447e-06,3.2918159485457785e-16,3451999765.6984496,3417814300.605894,0.0,FINITE
development,NONSYMMETRIC_D16_C10_E1eM8,decimal-source,NONSYMMETRIC,16,10,1e-8,zg,170350848.50120282,99046699.49719635,1.7199043417496698,2.01148084052173e-09,2.1755013250062925e-16,9246056.6095767,5375913.290718615,0.0,FINITE
development,NONSYMMETRIC_D16_C10_E1eM8,binary64-operand,NONSYMMETRIC,16,10,1e-8,z,10103943061.838194,10003882802.196852,1.0100021423301129,1.3070633367657236e-06,3.279415955550752e-16,3985658893.1738997,3946188553.5993366,0.0,FINITE
development,NONSYMMETRIC_D16_C10_E1eM8,binary64-operand,NONSYMMETRIC,16,10,1e-8,zg,170350848.50120282,99046699.49719635,1.7199043417496698,8.786417875877305e-10,2.5908459307148266e-16,3391331.6773155597,1971814.1265144642,0.0,FINITE
development,SADDLE_POINT_LIKE_D02_C02_E1eM12,decimal-source,SADDLE_POINT_LIKE,2,2,1e-12,z,110.90536506409416,110.90169943749473,1.0000330529344277,2.1626705669388797e-15,2.0014830212433607e-17,108.0534055989836,108.04983423489772,0.0,FINITE
development,SADDLE_POINT_LIKE_D02_C02_E1eM12,decimal-source,SADDLE_POINT_LIKE,2,2,1e-12,zg,110.90536507639294,110.90169944979392,1.0000330529344204,6.907130457495228e-15,2.550070318295399e-16,27.08603918856762,27.08514394508104,0.0,FINITE
development,SADDLE_POINT_LIKE_D02_C02_E1eM12,binary64-operand,SADDLE_POINT_LIKE,2,2,1e-12,z,110.90536506409416,110.90169943749473,1.0000330529344277,1.0773847861753883e-16,1.0729962352006131e-16,1.0040899966195638,1.0040568095956746,0.0,FINITE
development,SADDLE_POINT_LIKE_D02_C02_E1eM12,binary64-operand,SADDLE_POINT_LIKE,2,2,1e-12,zg,110.90536507639294,110.90169944979392,1.0000330529344204,2.786099523842623e-15,5.0547386446979793e-17,55.1185673420528,55.116745571875946,0.0,FINITE
development,SADDLE_POINT_LIKE_D02_C02_E1eM14,decimal-source,SADDLE_POINT_LIKE,2,2,1e-14,z,110.90536506409416,110.90169943749473,1.0000330529344277,2.6891930181928527e-15,9.681883197664364e-16,2.7775516015743587,2.7774597983777674,0.0,FINITE
development,SADDLE_POINT_LIKE_D02_C02_E1eM14,decimal-source,SADDLE_POINT_LIKE,2,2,1e-14,zg,110.90536506421715,110.90169943761772,1.0000330529344277,3.0447801179979895e-15,1.8407911907437218e-15,1.6540605655374896,1.654005895789073,0.0,FINITE
development,SADDLE_POINT_LIKE_D02_C02_E1eM14,binary64-operand,SADDLE_POINT_LIKE,2,2,1e-14,z,110.90536506409416,110.90169943749473,1.0000330529344277,6.0487264320878764e-15,1.2287917140018449e-16,49.224993651599405,49.22336667488839,0.0,FINITE
development,SADDLE_POINT_LIKE_D02_C02_E1eM14,binary64-operand,SADDLE_POINT_LIKE,2,2,1e-14,zg,110.90536506421715,110.90169943761772,1.0000330529344277,5.573289284675878e-15,8.170532991283377e-16,6.821206512012945,6.820981058573284,0.0,FINITE
development,SADDLE_POINT_LIKE_D02_C02_E1eM15,decimal-source,SADDLE_POINT_LIKE,2,2,1e-15,z,110.90536506409416,110.90169943749473,1.0000330529344277,1.08466005389891e-14,4.9051256466313745e-16,22.112788377680133,22.112057509293216,0.0,FINITE
development,SADDLE_POINT_LIKE_D02_C02_E1eM15,decimal-source,SADDLE_POINT_LIKE,2,2,1e-15,zg,110.90536506410648,110.90169943750708,1.0000330529344275,1.448265978636704e-14,1.9678006079542202e-15,7.359820770369419,7.359577514736411,0.0,FINITE
development,SADDLE_POINT_LIKE_D02_C02_E1eM15,binary64-operand,SADDLE_POINT_LIKE,2,2,1e-15,z,110.90536506409416,110.90169943749473,1.0000330529344277,1.6803932418522717e-15,9.298407810339752e-16,1.8071838492431882,1.8071241184881972,0.0,FINITE
development,SADDLE_POINT_LIKE_D02_C02_E1eM15,binary64-operand,SADDLE_POINT_LIKE,2,2,1e-15,zg,110.90536506410648,110.90169943750708,1.0000330529344275,6.412858711416961e-15,2.2259653334928532e-16,28.809337750800825,28.80838554912231,0.0,FINITE
development,SADDLE_POINT_LIKE_D02_C02_E1eM16,decimal-source,SADDLE_POINT_LIKE,2,2,1e-16,z,110.90536506409416,110.90169943749473,1.0000330529344277,1.0447900638882317e-14,5.493080158226685e-16,19.020113193205578,19.019484543430117,0.0,FINITE
development,SADDLE_POINT_LIKE_D02_C02_E1eM16,decimal-source,SADDLE_POINT_LIKE,2,2,1e-16,zg,110.90536506409539,110.90169943749598,1.0000330529344277,1.583197692867212e-15,1.0956469146796057e-15,1.4449889573505332,1.4449411978038704,0.0,FINITE
development,SADDLE_POINT_LIKE_D02_C02_E1eM16,binary64-operand,SADDLE_POINT_LIKE,2,2,1e-16,z,110.90536506409416,110.90169943749473,1.0000330529344277,4.2742144575665216e-15,4.836802272210498e-16,8.836860010018842,8.836567935518303,0.0,FINITE
development,SADDLE_POINT_LIKE_D02_C02_E1eM16,binary64-operand,SADDLE_POINT_LIKE,2,2,1e-16,zg,110.90536506409539,110.90169943749598,1.0000330529344277,8.2757086214131875e-16,4.377971038511562e-16,1.8903068450235323,1.8902443669004207,0.0,FINITE
development,SADDLE_POINT_LIKE_D02_C02_E1eM8,decimal-source,SADDLE_POINT_LIKE,2,2,1e-8,z,110.90536506409416,110.90169943749473,1.0000330529344277,7.139929639425894e-16,1.5565409952966683e-16,4.587048886601963,4.5868972761870666,0.0,FINITE
development,SADDLE_POINT_LIKE_D02_C02_E1eM8,decimal-source,SADDLE_POINT_LIKE,2,2,1e-8,zg,110.90548805196872,110.9018224295005,1.0000330528605204,1.6642637014617144e-15,9.159275749438114e-17,18.170254362784203,18.169653803751324,0.0,FINITE
development,SADDLE_POINT_LIKE_D02_C02_E1eM8,binary64-operand,SADDLE_POINT_LIKE,2,2,1e-8,z,110.90536506409416,110.90169943749473,1.0000330529344277,4.037810272407748e-16,8.96434196857513e-17,4.5043019181580295,4.504153042682858,0.0,FINITE
development,SADDLE_POINT_LIKE_D02_C02_E1eM8,binary64-operand,SADDLE_POINT_LIKE,2,2,1e-8,zg,110.90548805196872,110.9018224295005,1.0000330528605204,6.883067762368572e-16,3.633554195348026e-17,18.943071693222134,18.94244559121009,0.0,FINITE
development,SADDLE_POINT_LIKE_D02_C04_E1eM12,decimal-source,SADDLE_POINT_LIKE,2,4,1e-12,z,11000.909053346455,11000.909015790028,1.0000000034139385,3.9086133319432153e-13,1.333007572750556e-15,293.2176389574517,293.2176379564247,0.0,FINITE
development,SADDLE_POINT_LIKE_D02_C04_E1eM12,decimal-source,SADDLE_POINT_LIKE,2,4,1e-12,zg,11000.909174366458,11000.909136810029,1.0000000034139387,2.0891464920701356e-12,1.3710371233403747e-14,152.37709151012407,152.37709098991803,0.0,FINITE
development,SADDLE_POINT_LIKE_D02_C04_E1eM12,binary64-operand,SADDLE_POINT_LIKE,2,4,1e-12,z,11000.909053346455,11000.909015790028,1.0000000034139385,5.023697053233429e-14,5.339663532337553e-15,9.40826518901313,9.408265156893892,0.0,FINITE
development,SADDLE_POINT_LIKE_D02_C04_E1eM12,binary64-operand,SADDLE_POINT_LIKE,2,4,1e-12,zg,11000.909174366458,11000.909136810029,1.0000000034139387,9.63733555946404e-13,3.4803661494700386e-15,276.9057951253644,276.905794180025,0.0,FINITE
development,SADDLE_POINT_LIKE_D02_C04_E1eM14,decimal-source,SADDLE_POINT_LIKE,2,4,1e-14,z,11000.909053346455,11000.909015790028,1.0000000034139385,1.0155964107887602e-12,5.457341904261104e-16,1860.9726650913703,1860.9726587381242,0.0,FINITE
development,SADDLE_POINT_LIKE_D02_C04_E1eM14,decimal-source,SADDLE_POINT_LIKE,2,4,1e-14,zg,11000.909054556656,11000.909017000226,1.000000003413939,6.34179317761843e-13,1.3578690357009821e-14,46.70401202826282,46.70401186881817,0.0,FINITE
development,SADDLE_POINT_LIKE_D02_C04_E1eM14,binary64-operand,SADDLE_POINT_LIKE,2,4,1e-14,z,11000.909053346455,11000.909015790028,1.0000000034139385,5.755639771215624e-14,2.9421646582561475e-16,195.6260250446708,195.6260243768156,0.0,FINITE
development,SADDLE_POINT_LIKE_D02_C04_E1eM14,binary64-operand,SADDLE_POINT_LIKE,2,4,1e-14,zg,11000.909054556656,11000.909017000226,1.000000003413939,2.4534196513309534e-13,1.513134443237312e-14,16.214155075882914,16.21415502052878,0.0,FINITE
development,SADDLE_POINT_LIKE_D02_C04_E1eM15,decimal-source,SADDLE_POINT_LIKE,2,4,1e-15,z,11000.909053346455,11000.909015790028,1.0000000034139385,7.743489351034018e-13,2.1542904430527387e-15,359.4450031566357,359.4450019295126,0.0,FINITE
development,SADDLE_POINT_LIKE_D02_C04_E1eM15,decimal-source,SADDLE_POINT_LIKE,2,4,1e-15,zg,11000.909053467478,11000.909015911051,1.0000000034139385,6.950103499482464e-13,1.8823354238364074e-14,36.922768447492665,36.92276832144061,0.0,FINITE
development,SADDLE_POINT_LIKE_D02_C04_E1eM15,binary64-operand,SADDLE_POINT_LIKE,2,4,1e-15,z,11000.909053346455,11000.909015790028,1.0000000034139385,2.0951784694049567e-13,2.981279595474248e-15,70.27782542051932,70.27782518059514,0.0,FINITE
development,SADDLE_POINT_LIKE_D02_C04_E1eM15,binary64-operand,SADDLE_POINT_LIKE,2,4,1e-15,zg,11000.909053467478,11000.909015911051,1.0000000034139385,7.188710822676535e-13,5.9736996909904094e-15,120.33934068561592,120.33934027478482,0.0,FINITE
development,SADDLE_POINT_LIKE_D02_C04_E1eM16,decimal-source,SADDLE_POINT_LIKE,2,4,1e-16,z,11000.909053346455,11000.909015790028,1.0000000034139385,1.0363466605995201e-14,7.394385398192324e-15,1.401531844489566,1.4015318397048224,0.0,FINITE
development,SADDLE_POINT_LIKE_D02_C04_E1eM16,decimal-source,SADDLE_POINT_LIKE,2,4,1e-16,zg,11000.909053358559,11000.90901580213,1.0000000034139387,4.952687398249693e-13,3.225417605593997e-16,1535.518188299093,1535.5181830569281,0.0,FINITE
development,SADDLE_POINT_LIKE_D02_C04_E1eM16,binary64-operand,SADDLE_POINT_LIKE,2,4,1e-16,z,11000.909053346455,11000.909015790028,1.0000000034139385,4.0494259464505923e-13,3.647690926549118e-15,111.0134062339962,111.01340585500326,0.0,FINITE
development,SADDLE_POINT_LIKE_D02_C04_E1eM16,binary64-operand,SADDLE_POINT_LIKE,2,4,1e-16,zg,11000.909053358559,11000.90901580213,1.0000000034139387,8.531206071868058e-13,3.573493221744759e-15,238.73575637293905,238.7357555579098,0.0,FINITE
development,SADDLE_POINT_LIKE_D02_C04_E1eM8,decimal-source,SADDLE_POINT_LIKE,2,4,1e-8,z,11000.909053346455,11000.909015790028,1.0000000034139385,6.876569872972098e-13,1.078974574669485e-15,637.3245518856226,637.3245497098358,0.0,FINITE
development,SADDLE_POINT_LIKE_D02_C04_E1eM8,decimal-source,SADDLE_POINT_LIKE,2,4,1e-8,zg,11002.119386481707,11002.11934892941,1.0000000034131877,5.708862423664026e-13,8.427035348579052e-15,67.74461228083779,67.74461204961271,0.0,FINITE
development,SADDLE_POINT_LIKE_D02_C04_E1eM8,binary64-operand,SADDLE_POINT_LIKE,2,4,1e-8,z,11000.909053346455,11000.909015790028,1.0000000034139385,1.0149857659416986e-14,7.391609953301436e-15,1.3731592607756027,1.3731592560877215,0.0,FINITE
development,SADDLE_POINT_LIKE_D02_C04_E1eM8,binary64-operand,SADDLE_POINT_LIKE,2,4,1e-8,zg,11002.119386481707,11002.11934892941,1.0000000034131877,7.306473220907742e-13,6.974648367348251e-15,104.7575854162473,104.75758505869,0.0,FINITE
development,SADDLE_POINT_LIKE_D02_C06_E1eM12,decimal-source,SADDLE_POINT_LIKE,2,6,1e-12,z,1100000.9090905334,1100000.9090901578,1.0000000000003415,5.441873674913352e-11,4.947153797729698e-14,1100.0009090905335,1100.0009090901578,0.0,FINITE
development,SADDLE_POINT_LIKE_D02_C06_E1eM12,decimal-source,SADDLE_POINT_LIKE,2,6,1e-12,zg,1100002.1190938645,1100002.1190934891,1.0000000000003413,9.684084186546708e-11,3.694332593161466e-14,2621.335232369928,2621.3352323690333,0.0,FINITE
development,SADDLE_POINT_LIKE_D02_C06_E1eM12,binary64-operand,SADDLE_POINT_LIKE,2,6,1e-12,z,1100000.9090905334,1100000.9090901578,1.0000000000003415,1.7113477567497796e-11,1.5557694021950396e-14,1100.0009090905337,1100.000909090158,0.0,FINITE
development,SADDLE_POINT_LIKE_D02_C06_E1eM12,binary64-operand,SADDLE_POINT_LIKE,2,6,1e-12,zg,1100002.1190938645,1100002.1190934891,1.0000000000003413,1.0640236243575426e-11,4.142095071525845e-14,256.8805413646826,256.88054136459493,0.0,FINITE
development,SADDLE_POINT_LIKE_D02_C06_E1eM14,decimal-source,SADDLE_POINT_LIKE,2,6,1e-14,z,1100000.9090905334,1100000.9090901578,1.0000000000003415,8.129235411451239e-11,4.8222664877235947e-14,1685.770670730546,1685.7706707299703,0.0,FINITE
development,SADDLE_POINT_LIKE_D02_C06_E1eM14,decimal-source,SADDLE_POINT_LIKE,2,6,1e-14,zg,1100000.9211905536,1100000.921190178,1.0000000000003415,3.469532730116075e-11,7.821323685665118e-14,443.599174456239,443.5991744560875,0.0,FINITE
development,SADDLE_POINT_LIKE_D02_C06_E1eM14,binary64-operand,SADDLE_POINT_LIKE,2,6,1e-14,z,1100000.9090905334,1100000.9090901578,1.0000000000003415,5.7058286088442436e-11,7.025361294423543e-14,812.1758255156653,812.1758255153879,0.0,FINITE
development,SADDLE_POINT_LIKE_D02_C06_E1eM14,binary64-operand,SADDLE_POINT_LIKE,2,6,1e-14,zg,1100000.9211905536,1100000.921190178,1.0000000000003415,5.453333961724974e-11,6.017865677287128e-14,906.1907084944032,906.1907084940938,0.0,FINITE
development,SADDLE_POINT_LIKE_D02_C06_E1eM15,decimal-source,SADDLE_POINT_LIKE,2,6,1e-15,z,1100000.9090905334,1100000.9090901578,1.0000000000003415,2.4205105467912948e-11,3.421707542008781e-14,707.3984310682165,707.3984310679749,0.0,FINITE
development,SADDLE_POINT_LIKE_D02_C06_E1eM15,decimal-source,SADDLE_POINT_LIKE,2,6,1e-15,zg,1100000.9103005358,1100000.91030016,1.0000000000003417,1.5832267873771892e-11,2.421680269107383e-14,653.7720142390049,653.7720142387815,0.0,FINITE
development,SADDLE_POINT_LIKE_D02_C06_E1eM15,binary64-operand,SADDLE_POINT_LIKE,2,6,1e-15,z,1100000.9090905334,1100000.9090901578,1.0000000000003415,2.4777572814312382e-11,1.0414014204525676e-15,23792.52834468447,23792.528344676346,0.0,FINITE
development,SADDLE_POINT_LIKE_D02_C06_E1eM15,binary64-operand,SADDLE_POINT_LIKE,2,6,1e-15,zg,1100000.9103005358,1100000.91030016,1.0000000000003417,2.1113871869241788e-11,2.6408180848746884e-14,799.520118033563,799.5201180332898,0.0,FINITE
development,SADDLE_POINT_LIKE_D02_C06_E1eM16,decimal-source,SADDLE_POINT_LIKE,2,6,1e-16,z,1100000.9090905334,1100000.9090901578,1.0000000000003415,1.0917964377190111e-10,1.2057038608755763e-13,905.5262018702949,905.5262018699857,0.0,FINITE
development,SADDLE_POINT_LIKE_D02_C06_E1eM16,decimal-source,SADDLE_POINT_LIKE,2,6,1e-16,zg,1100000.9092115336,1100000.9092111578,1.0000000000003417,3.8182419277866064e-11,2.1057482584660003e-13,181.32471022761888,181.32471022755692,0.0,FINITE
development,SADDLE_POINT_LIKE_D02_C06_E1eM16,binary64-operand,SADDLE_POINT_LIKE,2,6,1e-16,z,1100000.9090905334,1100000.9090901578,1.0000000000003415,7.30192845894411e-11,1.0573845052864986e-13,690.5651087600958,690.56510875986,0.0,FINITE
development,SADDLE_POINT_LIKE_D02_C06_E1eM16,binary64-operand,SADDLE_POINT_LIKE,2,6,1e-16,zg,1100000.9092115336,1100000.9092111578,1.0000000000003417,2.4658059865793697e-11,1.0574294360814987e-13,233.18870294710842,233.18870294702873,0.0,FINITE
development,SADDLE_POINT_LIKE_D02_C06_E1eM8,decimal-source,SADDLE_POINT_LIKE,2,6,1e-8,z,1100000.9090905334,1100000.9090901578,1.0000000000003415,1.3221214868181885e-10,4.691807230888527e-14,2817.936504539227,2817.9365045382647,0.0,FINITE
development,SADDLE_POINT_LIKE_D02_C06_E1eM8,decimal-source,SADDLE_POINT_LIKE,2,6,1e-8,zg,1112235.5098096551,1112235.5098092835,1.0000000000003342,4.2576878314667626e-11,9.401293317390863e-14,452.8832031642639,452.88320316411256,0.0,FINITE
development,SADDLE_POINT_LIKE_D02_C06_E1eM8,binary64-operand,SADDLE_POINT_LIKE,2,6,1e-8,z,1100000.9090905334,1100000.9090901578,1.0000000000003415,2.258639654929994e-11,7.659433736323831e-14,294.8833729337849,294.8833729336842,0.0,FINITE
development,SADDLE_POINT_LIKE_D02_C06_E1eM8,binary64-operand,SADDLE_POINT_LIKE,2,6,1e-8,zg,1112235.5098096551,1112235.5098092835,1.0000000000003342,1.4191781450840767e-11,1.828743288840031e-14,776.0401111214791,776.0401111212198,0.0,FINITE
development,SADDLE_POINT_LIKE_D02_C08_E1eM12,decimal-source,SADDLE_POINT_LIKE,2,8,1e-12,z,110000000.90909089,110000000.90909089,1.0,1.2605694607007835e-09,1.2965184671711817e-13,9722.726614539984,9722.726614539984,0.0,FINITE
development,SADDLE_POINT_LIKE_D02_C08_E1eM12,decimal-source,SADDLE_POINT_LIKE,2,8,1e-12,zg,110012102.24043736,110012102.24043733,1.0000000000000002,1.530982041433014e-09,9.55019487263361e-15,160308.98446063045,160308.98446063043,0.0,FINITE
development,SADDLE_POINT_LIKE_D02_C08_E1eM12,binary64-operand,SADDLE_POINT_LIKE,2,8,1e-12,z,110000000.90909089,110000000.90909089,1.0,8.386793104312064e-10,2.0527494794196408e-13,4085.6388898869445,4085.6388898869445,0.0,FINITE
development,SADDLE_POINT_LIKE_D02_C08_E1eM12,binary64-operand,SADDLE_POINT_LIKE,2,8,1e-12,zg,110012102.24043736,110012102.24043733,1.0000000000000002,1.3103164251129317e-10,1.5499159359657636e-13,845.4112863201605,845.4112863201602,0.0,FINITE
development,SADDLE_POINT_LIKE_D02_C08_E1eM14,decimal-source,SADDLE_POINT_LIKE,2,8,1e-14,z,110000000.90909089,110000000.90909089,1.0,1.4921267410940454e-08,1.57450998939661e-12,9476.768970299541,9476.768970299541,0.0,FINITE
development,SADDLE_POINT_LIKE_D02_C08_E1eM14,decimal-source,SADDLE_POINT_LIKE,2,8,1e-14,zg,110000121.909226,110000121.90922599,1.0000000000000002,1.737819034070636e-08,1.808862105957229e-14,960724.9929927645,960724.9929927642,0.0,FINITE
development,SADDLE_POINT_LIKE_D02_C08_E1eM14,binary64-operand,SADDLE_POINT_LIKE,2,8,1e-14,z,110000000.90909089,110000000.90909089,1.0,5.030104528382218e-09,1.4301620104045576e-12,3517.1571414900927,3517.1571414900927,0.0,FINITE
development,SADDLE_POINT_LIKE_D02_C08_E1eM14,binary64-operand,SADDLE_POINT_LIKE,2,8,1e-14,zg,110000121.909226,110000121.90922599,1.0000000000000002,8.102461073985717e-09,1.8220960489654752e-13,44467.804420003115,44467.80442000311,0.0,FINITE
development,SADDLE_POINT_LIKE_D02_C08_E1eM15,decimal-source,SADDLE_POINT_LIKE,2,8,1e-15,z,110000000.90909089,110000000.90909089,1.0,1.2603630554739788e-10,9.884537672746477e-13,127.50854892779012,127.50854892779012,0.0,FINITE
development,SADDLE_POINT_LIKE_D02_C08_E1eM15,decimal-source,SADDLE_POINT_LIKE,2,8,1e-15,zg,110000013.00909247,110000013.00909244,1.0000000000000002,7.911236449111961e-09,1.93864842390006e-12,4080.7999798109836,4080.7999798109827,0.0,FINITE
development,SADDLE_POINT_LIKE_D02_C08_E1eM15,binary64-operand,SADDLE_POINT_LIKE,2,8,1e-15,z,110000000.90909089,110000000.90909089,1.0,4.28381250737321e-09,1.5155115478412621e-12,2826.644583127852,2826.644583127852,0.0,FINITE
development,SADDLE_POINT_LIKE_D02_C08_E1eM15,binary64-operand,SADDLE_POINT_LIKE,2,8,1e-15,zg,110000013.00909247,110000013.00909244,1.0000000000000002,7.158624751319052e-09,4.1958326217977526e-13,17061.273402874343,17061.27340287434,0.0,FINITE
development,SADDLE_POINT_LIKE_D02_C08_E1eM16,decimal-source,SADDLE_POINT_LIKE,2,8,1e-16,z,110000000.90909089,110000000.90909089,1.0,2.1363550014269415e-09,1.0262069006147911e-13,20817.975401910382,20817.975401910382,0.0,FINITE
development,SADDLE_POINT_LIKE_D02_C08_E1eM16,decimal-source,SADDLE_POINT_LIKE,2,8,1e-16,zg,110000002.1190909,110000002.1190909,1.0,2.390831125138374e-10,2.6111640928436105e-15,91561.8873471376,91561.8873471376,0.0,FINITE
development,SADDLE_POINT_LIKE_D02_C08_E1eM16,binary64-operand,SADDLE_POINT_LIKE,2,8,1e-16,z,110000000.90909089,110000000.90909089,1.0,7.939094213826231e-10,5.668926820635282e-14,14004.58052294375,14004.58052294375,0.0,FINITE
development,SADDLE_POINT_LIKE_D02_C08_E1eM16,binary64-operand,SADDLE_POINT_LIKE,2,8,1e-16,zg,110000002.1190909,110000002.1190909,1.0,4.815286935633578e-10,5.6698794229472175e-14,8492.750156458495,8492.750156458495,0.0,FINITE
development,SADDLE_POINT_LIKE_D02_C08_E1eM8,decimal-source,SADDLE_POINT_LIKE,2,8,1e-8,z,110000000.90909089,110000000.90909089,1.0,6.723444119242949e-09,1.2152503053237896e-13,55325.590866250095,55325.590866250095,0.0,FINITE
development,SADDLE_POINT_LIKE_D02_C08_E1eM8,decimal-source,SADDLE_POINT_LIKE,2,8,1e-8,zg,1099999909.0909195,1099999909.0909195,1.0,5.466465828734582e-09,3.992518150725586e-13,13691.774520151215,13691.774520151215,0.0,FINITE
development,SADDLE_POINT_LIKE_D02_C08_E1eM8,binary64-operand,SADDLE_POINT_LIKE,2,8,1e-8,z,110000000.90909089,110000000.90909089,1.0,2.2020635830377753e-09,4.580207129421469e-13,4807.78165880878,4807.78165880878,0.0,FINITE
development,SADDLE_POINT_LIKE_D02_C08_E1eM8,binary64-operand,SADDLE_POINT_LIKE,2,8,1e-8,zg,1099999909.0909195,1099999909.0909195,1.0,3.063275714021075e-08,1.9425985833677476e-12,15768.958858759632,15768.958858759632,0.0,FINITE
development,SADDLE_POINT_LIKE_D02_C10_E1eM12,decimal-source,SADDLE_POINT_LIKE,2,10,1e-12,z,11000000000.909088,11000000000.909086,1.0000000000000002,1.1386305234233128e-06,6.746248006464812e-12,168779.81988390925,168779.81988390922,0.0,FINITE
development,SADDLE_POINT_LIKE_D02_C10_E1eM12,decimal-source,SADDLE_POINT_LIKE,2,10,1e-12,zg,11122345804.771688,11122345804.77169,0.9999999999999998,1.4791508370487294e-06,4.326176717084231e-12,341907.16972043895,341907.169720439,0.0,FINITE
development,SADDLE_POINT_LIKE_D02_C10_E1eM12,binary64-operand,SADDLE_POINT_LIKE,2,10,1e-12,z,11000000000.909088,11000000000.909086,1.0000000000000002,6.061320802013335e-07,4.133253007278175e-12,146647.70802416542,146647.7080241654,0.0,FINITE
development,SADDLE_POINT_LIKE_D02_C10_E1eM12,binary64-operand,SADDLE_POINT_LIKE,2,10,1e-12,zg,11122345804.771688,11122345804.77169,0.9999999999999998,2.4858160923397213e-07,6.759788732320325e-13,367735.76671921444,367735.7667192145,0.0,FINITE
development,SADDLE_POINT_LIKE_D02_C10_E1eM14,decimal-source,SADDLE_POINT_LIKE,2,10,1e-14,z,11000000000.909088,11000000000.909086,1.0000000000000002,6.00962613335436e-08,1.285538342551582e-12,46747.933798895814,46747.93379889581,0.0,FINITE
development,SADDLE_POINT_LIKE_D02_C10_E1eM14,decimal-source,SADDLE_POINT_LIKE,2,10,1e-14,zg,11001210134.023933,11001210134.023933,1.0,3.9192914631905266e-07,9.641899302370704e-13,406485.4174764997,406485.4174764997,0.0,FINITE
development,SADDLE_POINT_LIKE_D02_C10_E1eM14,binary64-operand,SADDLE_POINT_LIKE,2,10,1e-14,z,11000000000.909088,11000000000.909086,1.0000000000000002,1.0109038162981281e-07,4.433726692834585e-14,2280031.8701012074,2280031.870101207,0.0,FINITE
development,SADDLE_POINT_LIKE_D02_C10_E1eM14,binary64-operand,SADDLE_POINT_LIKE,2,10,1e-14,zg,11001210134.023933,11001210134.023933,1.0,2.483108177551613e-07,5.257051333036306e-13,472338.5830279593,472338.5830279593,0.0,FINITE
development,SADDLE_POINT_LIKE_D02_C10_E1eM15,decimal-source,SADDLE_POINT_LIKE,2,10,1e-15,z,11000000000.909088,11000000000.909086,1.0000000000000002,7.743538034267828e-07,2.7303825881354914e-12,283606.33663268754,283606.3366326875,0.0,FINITE
development,SADDLE_POINT_LIKE_D02_C10_E1eM15,decimal-source,SADDLE_POINT_LIKE,2,10,1e-15,zg,11000121002.240126,11000121002.240124,1.0000000000000002,1.7629904261012284e-06,1.9078513767278352e-11,92407.11554402846,92407.11554402845,0.0,FINITE
development,SADDLE_POINT_LIKE_D02_C10_E1eM15,binary64-operand,SADDLE_POINT_LIKE,2,10,1e-15,z,11000000000.909088,11000000000.909086,1.0000000000000002,6.966863931562238e-08,3.5461938997129547e-12,19646.032136387603,19646.0321363876,0.0,FINITE
development,SADDLE_POINT_LIKE_D02_C10_E1eM15,binary64-operand,SADDLE_POINT_LIKE,2,10,1e-15,zg,11000121002.240126,11000121002.240124,1.0000000000000002,3.292243816721858e-08,8.34251214221398e-12,3946.3458495466393,3946.3458495466384,0.0,FINITE
development,SADDLE_POINT_LIKE_D02_C10_E1eM16,decimal-source,SADDLE_POINT_LIKE,2,10,1e-16,z,11000000000.909088,11000000000.909086,1.0000000000000002,5.996314601266738e-08,7.872591467898808e-12,7616.697279056388,7616.697279056386,0.0,FINITE
development,SADDLE_POINT_LIKE_D02_C10_E1eM16,decimal-source,SADDLE_POINT_LIKE,2,10,1e-16,zg,11000012100.922401,11000012100.922401,1.0,1.0015027993451688e-06,1.5872548188353297e-11,63096.53544350462,63096.53544350462,0.0,FINITE
development,SADDLE_POINT_LIKE_D02_C10_E1eM16,binary64-operand,SADDLE_POINT_LIKE,2,10,1e-16,z,11000000000.909088,11000000000.909086,1.0000000000000002,4.323986197295317e-07,7.753360919766277e-14,5576918.502880248,5576918.502880247,0.0,FINITE
development,SADDLE_POINT_LIKE_D02_C10_E1eM16,binary64-operand,SADDLE_POINT_LIKE,2,10,1e-16,zg,11000012100.922401,11000012100.922401,1.0,4.939377151006586e-07,7.747295781208278e-14,6375614.524731925,6375614.524731925,0.0,FINITE
development,SADDLE_POINT_LIKE_D02_C10_E1eM8,decimal-source,SADDLE_POINT_LIKE,2,10,1e-8,z,11000000000.909088,11000000000.909086,1.0000000000000002,1.4831536001705977e-07,4.835465364320113e-13,306724.06654269056,306724.0665426905,0.0,FINITE
development,SADDLE_POINT_LIKE_D02_C10_E1eM8,decimal-source,SADDLE_POINT_LIKE,2,10,1e-8,zg,100917431.19258404,100917431.19258405,0.9999999999999999,2.0263037057988834e-09,9.237410869261162e-15,219358.40404606293,219358.40404606296,0.0,FINITE
development,SADDLE_POINT_LIKE_D02_C10_E1eM8,binary64-operand,SADDLE_POINT_LIKE,2,10,1e-8,z,11000000000.909088,11000000000.909086,1.0000000000000002,5.31291855259647e-08,1.446333330905471e-12,36733.707500679244,36733.70750067924,0.0,FINITE
development,SADDLE_POINT_LIKE_D02_C10_E1eM8,binary64-operand,SADDLE_POINT_LIKE,2,10,1e-8,zg,100917431.19258404,100917431.19258405,0.9999999999999999,2.379727449721129e-09,1.962012957129594e-14,121290.0985731841,121290.09857318412,0.0,FINITE
development,SADDLE_POINT_LIKE_D04_C02_E1eM12,decimal-source,SADDLE_POINT_LIKE,4,2,1e-12,z,110.92028608286942,110.90263461261524,1.000159161865864,8.686363610925699e-15,1.4141731344682326e-16,61.42362203898045,61.413847296454854,0.0,FINITE
development,SADDLE_POINT_LIKE_D04_C02_E1eM12,decimal-source,SADDLE_POINT_LIKE,4,2,1e-12,zg,110.92028609516694,110.90263462491467,1.0001591618658292,2.848382757476004e-14,1.295017993131393e-15,21.994928044115646,21.9914278474272,0.0,FINITE
development,SADDLE_POINT_LIKE_D04_C02_E1eM12,binary64-operand,SADDLE_POINT_LIKE,4,2,1e-12,z,110.92028608286942,110.90263461261524,1.000159161865864,1.0851695876076072e-14,8.137250524037323e-16,13.335826203236973,13.333703986031678,0.0,FINITE
development,SADDLE_POINT_LIKE_D04_C02_E1eM12,binary64-operand,SADDLE_POINT_LIKE,4,2,1e-12,zg,110.92028609516694,110.90263462491467,1.0001591618658292,8.839745656292e-15,1.7753905868806596e-16,49.7904276479427,49.782504171693084,0.0,FINITE
development,SADDLE_POINT_LIKE_D04_C02_E1eM14,decimal-source,SADDLE_POINT_LIKE,4,2,1e-14,z,111.00632250886561,110.98869181541475,1.000158851259191,1.2159779507506219e-14,1.9301603260928014e-16,62.998805555811536,62.98879970566336,0.0,FINITE
development,SADDLE_POINT_LIKE_D04_C02_E1eM14,decimal-source,SADDLE_POINT_LIKE,4,2,1e-14,zg,111.00632250898879,110.98869181553802,1.0001588512591901,1.576195275815261e-14,3.21449361688302e-16,49.03401479899784,49.026226921118074,0.0,FINITE
development,SADDLE_POINT_LIKE_D04_C02_E1eM14,binary64-operand,SADDLE_POINT_LIKE,4,2,1e-14,z,111.00632250886561,110.98869181541475,1.000158851259191,8.956805536485441e-15,7.177144647370745e-16,12.479622435597216,12.477640346716408,0.0,FINITE
development,SADDLE_POINT_LIKE_D04_C02_E1eM14,binary64-operand,SADDLE_POINT_LIKE,4,2,1e-14,zg,111.00632250898879,110.98869181553802,1.0001588512591901,1.1298633528468268e-14,2.15715059772504e-16,52.3775833749575,52.36926445135654,0.0,FINITE
development,SADDLE_POINT_LIKE_D04_C02_E1eM15,decimal-source,SADDLE_POINT_LIKE,4,2,1e-15,z,111.03091540845566,111.01328551027433,1.0001588089038198,4.2675413537524337e-14,1.0586778466540426e-15,40.31010346764148,40.30370288076711,0.0,FINITE
development,SADDLE_POINT_LIKE_D04_C02_E1eM15,decimal-source,SADDLE_POINT_LIKE,4,2,1e-15,zg,111.030915408468,111.01328551028675,1.0001588089038191,5.4219033037411765e-14,4.414893470771551e-15,12.280938010478517,12.27898799785457,0.0,FINITE
development,SADDLE_POINT_LIKE_D04_C02_E1eM15,binary64-operand,SADDLE_POINT_LIKE,4,2,1e-15,z,111.03091540845566,111.01328551027433,1.0001588089038198,3.087351074607515e-14,3.187529052319846e-16,96.85719012852847,96.84181078671351,0.0,FINITE
development,SADDLE_POINT_LIKE_D04_C02_E1eM15,binary64-operand,SADDLE_POINT_LIKE,4,2,1e-15,zg,111.030915408468,111.01328551028675,1.0001588089038191,3.2539649513984045e-14,2.2976586362861582e-15,14.162090486417863,14.159841777466932,0.0,FINITE
development,SADDLE_POINT_LIKE_D04_C02_E1eM16,decimal-source,SADDLE_POINT_LIKE,4,2,1e-16,z,110.91946236351895,110.90181050536971,1.000159166546234,5.657612861551262e-15,8.748247467812181e-16,6.467138569602164,6.466109381304371,0.0,FINITE
development,SADDLE_POINT_LIKE_D04_C02_E1eM16,decimal-source,SADDLE_POINT_LIKE,4,2,1e-16,zg,110.91946236352017,110.90181050537099,1.0001591665462335,5.4017118856163785e-15,1.2726908284221384e-15,4.244323731250058,4.2436482844092,0.0,FINITE
development,SADDLE_POINT_LIKE_D04_C02_E1eM16,binary64-operand,SADDLE_POINT_LIKE,4,2,1e-16,z,110.91946236351895,110.90181050536971,1.000159166546234,6.5988182066189624e-15,8.002707404462064e-16,8.245732191757584,8.2444199559075,0.0,FINITE
development,SADDLE_POINT_LIKE_D04_C02_E1eM16,binary64-operand,SADDLE_POINT_LIKE,4,2,1e-16,zg,110.91946236352017,110.90181050537099,1.0001591665462335,4.727769212128173e-15,6.983011053147322e-16,6.77038769686225,6.769310249129513,0.0,FINITE
development,SADDLE_POINT_LIKE_D04_C02_E1eM8,decimal-source,SADDLE_POINT_LIKE,4,2,1e-8,z,110.96464216025751,110.94699781401769,1.0001590340125237,1.3435891186870064e-14,1.669077333725807e-15,8.049891347381564,8.048611344424216,0.0,FINITE
development,SADDLE_POINT_LIKE_D04_C02_E1eM8,decimal-source,SADDLE_POINT_LIKE,4,2,1e-8,zg,110.96476523350664,110.94712090651754,1.0001590336625676,1.1552295293592206e-14,2.208790661185136e-15,5.230144937046127,5.229313300199283,0.0,FINITE
development,SADDLE_POINT_LIKE_D04_C02_E1eM8,binary64-operand,SADDLE_POINT_LIKE,4,2,1e-8,z,110.96464216025751,110.94699781401769,1.0001590340125237,1.123007002976717e-14,1.1174888437730037e-15,10.049379993674767,10.047782054577665,0.0,FINITE
development,SADDLE_POINT_LIKE_D04_C02_E1eM8,binary64-operand,SADDLE_POINT_LIKE,4,2,1e-8,zg,110.96476523350664,110.94712090651754,1.0001590336625676,1.0670990059042227e-14,1.1129986389341452e-15,9.587603870981567,9.586079361671016,0.0,FINITE
development,SADDLE_POINT_LIKE_D04_C04_E1eM12,decimal-source,SADDLE_POINT_LIKE,4,4,1e-12,z,11000.708941806324,11000.708763308727,1.0000000162260088,1.569308415517054e-12,1.0543461668038344e-14,148.84185715534835,148.8418547402391,0.0,FINITE
development,SADDLE_POINT_LIKE_D04_C04_E1eM12,decimal-source,SADDLE_POINT_LIKE,4,4,1e-12,zg,11000.709062821918,11000.70888432432,1.0000000162260088,1.7357130200170115e-12,7.853628705307061e-15,221.00777680565798,221.00777321958392,0.0,FINITE
development,SADDLE_POINT_LIKE_D04_C04_E1eM12,binary64-operand,SADDLE_POINT_LIKE,4,4,1e-12,z,11000.708941806324,11000.708763308727,1.0000000162260088,1.1929636034587017e-12,5.92657047910004e-15,201.29071402519713,201.2907107590523,0.0,FINITE
development,SADDLE_POINT_LIKE_D04_C04_E1eM12,binary64-operand,SADDLE_POINT_LIKE,4,4,1e-12,zg,11000.709062821918,11000.70888432432,1.0000000162260088,8.46280146497387e-13,5.4660559699425025e-15,154.82463976787434,154.82463725568843,0.0,FINITE
development,SADDLE_POINT_LIKE_D04_C04_E1eM14,decimal-source,SADDLE_POINT_LIKE,4,4,1e-14,z,11000.909304368026,11000.909125800525,1.0000000162320677,2.8976114614367214e-12,1.7098328501670522e-14,169.46752784364986,169.46752509284153,0.0,FINITE
development,SADDLE_POINT_LIKE_D04_C04_E1eM14,decimal-source,SADDLE_POINT_LIKE,4,4,1e-14,zg,11000.909305578227,11000.909127010727,1.0000000162320675,2.788373053573251e-12,1.9726348225481308e-14,141.35272386459238,141.35272157014546,0.0,FINITE
development,SADDLE_POINT_LIKE_D04_C04_E1eM14,binary64-operand,SADDLE_POINT_LIKE,4,4,1e-14,z,11000.909304368026,11000.909125800525,1.0000000162320677,1.7882118404323102e-12,1.2220225958725789e-14,146.3321420137446,146.3321396384714,0.0,FINITE
development,SADDLE_POINT_LIKE_D04_C04_E1eM14,binary64-operand,SADDLE_POINT_LIKE,4,4,1e-14,zg,11000.909305578227,11000.909127010727,1.0000000162320675,1.6494641112648938e-12,1.5486075772397405e-14,106.51272378538411,106.51272205646242,0.0,FINITE
development,SADDLE_POINT_LIKE_D04_C04_E1eM15,decimal-source,SADDLE_POINT_LIKE,4,4,1e-15,z,11005.160494388305,11005.160315924673,1.0000000162163591,1.9732561944515728e-12,2.0572748882184537e-14,95.91602005896067,95.91601850355207,0.0,FINITE
development,SADDLE_POINT_LIKE_D04_C04_E1eM15,decimal-source,SADDLE_POINT_LIKE,4,4,1e-15,zg,11005.160494509419,11005.160316045789,1.000000016216359,3.296653974007448e-12,3.443257132068736e-14,95.74231164161685,95.74231008902518,0.0,FINITE
development,SADDLE_POINT_LIKE_D04_C04_E1eM15,binary64-operand,SADDLE_POINT_LIKE,4,4,1e-15,z,11005.160494388305,11005.160315924673,1.0000000162163591,6.872064395254845e-13,1.0558377483643657e-14,65.08636772932768,65.08636667386378,0.0,FINITE
development,SADDLE_POINT_LIKE_D04_C04_E1eM15,binary64-operand,SADDLE_POINT_LIKE,4,4,1e-15,zg,11005.160494509419,11005.160316045789,1.000000016216359,8.763625999686643e-13,1.5698938642458454e-14,55.823047654858904,55.82304674961234,0.0,FINITE
development,SADDLE_POINT_LIKE_D04_C04_E1eM16,decimal-source,SADDLE_POINT_LIKE,4,4,1e-16,z,10999.759318695891,10999.759140128019,1.0000000162337983,1.014047853323352e-12,5.419457915377024e-15,187.11241403796495,187.11241100041983,0.0,FINITE
development,SADDLE_POINT_LIKE_D04_C04_E1eM16,decimal-source,SADDLE_POINT_LIKE,4,4,1e-16,zg,10999.759318707991,10999.75914014012,1.0000000162337983,5.662471299596768e-13,9.44743784641112e-15,59.93658166005103,59.93658068705267,0.0,FINITE
development,SADDLE_POINT_LIKE_D04_C04_E1eM16,binary64-operand,SADDLE_POINT_LIKE,4,4,1e-16,z,10999.759318695891,10999.759140128019,1.0000000162337983,9.119660840167755e-13,4.610748553624204e-15,197.79132898061408,197.7913257697096,0.0,FINITE
development,SADDLE_POINT_LIKE_D04_C04_E1eM16,binary64-operand,SADDLE_POINT_LIKE,4,4,1e-16,zg,10999.759318707991,10999.75914014012,1.0000000162337983,5.955840767388569e-13,4.629501363491554e-15,128.64972487872203,128.64972279024838,0.0,FINITE
development,SADDLE_POINT_LIKE_D04_C04_E1eM8,decimal-source,SADDLE_POINT_LIKE,4,4,1e-8,z,11000.909285259104,11000.909106692769,1.0000000162319618,1.7270531678258432e-12,5.5676218020063194e-15,310.19584828902913,310.1958432539421,0.0,FINITE
development,SADDLE_POINT_LIKE_D04_C04_E1eM8,decimal-source,SADDLE_POINT_LIKE,4,4,1e-8,zg,11002.119618398852,11002.11943985216,1.0000000162283906,2.530763752922834e-12,1.8597102848218227e-15,1360.8376388396994,1360.837616755495,0.0,FINITE
development,SADDLE_POINT_LIKE_D04_C04_E1eM8,binary64-operand,SADDLE_POINT_LIKE,4,4,1e-8,z,11000.909285259104,11000.909106692769,1.0000000162319618,1.3408819294805194e-12,1.1401677343547206e-14,117.60391818484437,117.60391627590211,0.0,FINITE
development,SADDLE_POINT_LIKE_D04_C04_E1eM8,binary64-operand,SADDLE_POINT_LIKE,4,4,1e-8,zg,11002.119618398852,11002.11943985216,1.0000000162283906,2.127849074734127e-12,8.871750500545898e-16,2398.4545942801205,2398.4545553570633,0.0,FINITE
development,SADDLE_POINT_LIKE_D04_C06_E1eM12,decimal-source,SADDLE_POINT_LIKE,4,6,1e-12,z,1100746.1646450516,1100746.1646432679,1.0000000000016205,6.578189993812406e-11,1.4812326901102105e-13,444.10240455353164,444.102404552812,0.0,FINITE
development,SADDLE_POINT_LIKE_D04_C06_E1eM12,decimal-source,SADDLE_POINT_LIKE,4,6,1e-12,zg,1100747.3762885043,1100747.3762867206,1.0000000000016205,1.2135404814752126e-10,1.29732075501855e-13,935.4205402023807,935.4205402008649,0.0,FINITE
development,SADDLE_POINT_LIKE_D04_C06_E1eM12,binary64-operand,SADDLE_POINT_LIKE,4,6,1e-12,z,1100746.1646450516,1100746.1646432679,1.0000000000016205,9.100346248870202e-11,1.1696835181613641e-13,778.017823417322,778.0178234160612,0.0,FINITE
development,SADDLE_POINT_LIKE_D04_C06_E1eM12,binary64-operand,SADDLE_POINT_LIKE,4,6,1e-12,zg,1100747.3762885043,1100747.3762867206,1.0000000000016205,5.4221258260991436e-11,2.8153747713240433e-14,1925.8984208163415,1925.8984208132206,0.0,FINITE
development,SADDLE_POINT_LIKE_D04_C06_E1eM14,decimal-source,SADDLE_POINT_LIKE,4,6,1e-14,z,1100861.2101250142,1100861.2101232305,1.0000000000016203,1.1014240138143621e-10,2.782242158475671e-14,3958.7640150554257,3958.7640150490115,0.0,FINITE
development,SADDLE_POINT_LIKE_D04_C06_E1eM14,decimal-source,SADDLE_POINT_LIKE,4,6,1e-14,zg,1100861.2222439684,1100861.2222421842,1.0000000000016207,8.969780066122706e-11,4.2996539690143184e-14,2086.163242615312,2086.163242611931,0.0,FINITE
development,SADDLE_POINT_LIKE_D04_C06_E1eM14,binary64-operand,SADDLE_POINT_LIKE,4,6,1e-14,z,1100861.2101250142,1100861.2101232305,1.0000000000016203,6.414075109552755e-11,2.1952058116880692e-14,2921.855925946397,2921.8559259416625,0.0,FINITE
development,SADDLE_POINT_LIKE_D04_C06_E1eM14,binary64-operand,SADDLE_POINT_LIKE,4,6,1e-14,zg,1100861.2222439684,1100861.2222421842,1.0000000000016207,3.579817862031673e-11,4.363623887599079e-15,8203.772722495874,8203.77272248258,0.0,FINITE
development,SADDLE_POINT_LIKE_D04_C06_E1eM15,decimal-source,SADDLE_POINT_LIKE,4,6,1e-15,z,1099940.7809635152,1099940.780961731,1.000000000001622,3.630757710002224e-11,1.5876220307298866e-14,2286.915676228702,2286.9156762249927,0.0,FINITE
development,SADDLE_POINT_LIKE_D04_C06_E1eM15,decimal-source,SADDLE_POINT_LIKE,4,6,1e-15,zg,1099940.782173385,1099940.7821716005,1.0000000000016223,1.0488044178749359e-10,4.739760620646782e-15,22127.792979802794,22127.7929797669,0.0,FINITE
development,SADDLE_POINT_LIKE_D04_C06_E1eM15,binary64-operand,SADDLE_POINT_LIKE,4,6,1e-15,z,1099940.7809635152,1099940.780961731,1.000000000001622,5.96130890784519e-11,1.4760935948563278e-14,4038.5710829030595,4038.571082896509,0.0,FINITE
development,SADDLE_POINT_LIKE_D04_C06_E1eM15,binary64-operand,SADDLE_POINT_LIKE,4,6,1e-15,zg,1099940.782173385,1099940.7821716005,1.0000000000016223,9.396081628474727e-11,1.4862437916593284e-14,6322.0325502483,6322.032550238044,0.0,FINITE
development,SADDLE_POINT_LIKE_D04_C06_E1eM16,decimal-source,SADDLE_POINT_LIKE,4,6,1e-16,z,1099665.9991936486,1099665.9991918625,1.0000000000016243,7.305481488211684e-11,3.71591795610119e-14,1965.9964440863841,1965.996444083191,0.0,FINITE
development,SADDLE_POINT_LIKE_D04_C06_E1eM16,decimal-source,SADDLE_POINT_LIKE,4,6,1e-16,zg,1099665.999314575,1099665.9993127885,1.0000000000016247,3.577239134893917e-11,2.2141541594377013e-14,1615.6233384410684,1615.6233384384436,0.0,FINITE
development,SADDLE_POINT_LIKE_D04_C06_E1eM16,binary64-operand,SADDLE_POINT_LIKE,4,6,1e-16,z,1099665.9991936486,1099665.9991918625,1.0000000000016243,4.0559176800698576e-11,4.893374058254946e-14,828.8591127072476,828.8591127059013,0.0,FINITE
development,SADDLE_POINT_LIKE_D04_C06_E1eM16,binary64-operand,SADDLE_POINT_LIKE,4,6,1e-16,zg,1099665.999314575,1099665.9993127885,1.0000000000016247,9.49955825126163e-12,4.834638047496352e-14,196.48954395212763,196.4895439518084,0.0,FINITE
development,SADDLE_POINT_LIKE_D04_C06_E1eM8,decimal-source,SADDLE_POINT_LIKE,4,6,1e-8,z,1099765.9590412464,1099765.9590394604,1.000000000001624,1.4503772925049857e-10,3.863610102199058e-14,3753.9432140926224,3753.943214086526,0.0,FINITE
development,SADDLE_POINT_LIKE_D04_C06_E1eM8,decimal-source,SADDLE_POINT_LIKE,4,6,1e-8,zg,1111995.304870288,1111995.3048685219,1.000000000001588,5.45815817716613e-11,3.7299714527400625e-15,14633.243836642583,14633.243836619344,0.0,FINITE
development,SADDLE_POINT_LIKE_D04_C06_E1eM8,binary64-operand,SADDLE_POINT_LIKE,4,6,1e-8,z,1099765.9590412464,1099765.9590394604,1.000000000001624,1.740864171904569e-10,5.113522841919446e-14,3404.4321805573604,3404.4321805518316,0.0,FINITE
development,SADDLE_POINT_LIKE_D04_C06_E1eM8,binary64-operand,SADDLE_POINT_LIKE,4,6,1e-8,zg,1111995.304870288,1111995.3048685219,1.000000000001588,6.274326769864221e-11,1.597399965104138e-14,3927.8370520404915,3927.8370520342537,0.0,FINITE
development,SADDLE_POINT_LIKE_D04_C08_E1eM12,decimal-source,SADDLE_POINT_LIKE,4,8,1e-12,z,110062000.90955645,110062000.90955642,1.0000000000000002,9.634577478481164e-09,8.274714378965145e-13,11643.395816746108,11643.395816746106,0.0,FINITE
development,SADDLE_POINT_LIKE_D04_C08_E1eM12,decimal-source,SADDLE_POINT_LIKE,4,8,1e-12,zg,110074115.88699932,110074115.88699926,1.0000000000000004,1.512688287263517e-08,1.1858175543862049e-12,12756.501045782754,12756.501045782748,0.0,FINITE
development,SADDLE_POINT_LIKE_D04_C08_E1eM12,binary64-operand,SADDLE_POINT_LIKE,4,8,1e-12,z,110062000.90955645,110062000.90955642,1.0000000000000002,1.0084101873056711e-08,4.992837729986728e-13,20197.135213291855,20197.13521329185,0.0,FINITE
development,SADDLE_POINT_LIKE_D04_C08_E1eM12,binary64-operand,SADDLE_POINT_LIKE,4,8,1e-12,zg,110074115.88699932,110074115.88699926,1.0000000000000004,1.097449663757447e-08,5.00174089304541e-13,21941.35376511363,21941.353765113618,0.0,FINITE
development,SADDLE_POINT_LIKE_D04_C08_E1eM14,decimal-source,SADDLE_POINT_LIKE,4,8,1e-14,z,110034510.31210127,110034510.31210127,1.0,7.355542350451623e-09,8.109957260091302e-13,9069.767095626858,9069.767095626858,0.0,FINITE
development,SADDLE_POINT_LIKE_D04_C08_E1eM14,decimal-source,SADDLE_POINT_LIKE,4,8,1e-14,zg,110034631.38816911,110034631.38816908,1.0000000000000002,3.011857284733525e-09,5.569700966990795e-13,5407.5744866438945,5407.574486643894,0.0,FINITE
development,SADDLE_POINT_LIKE_D04_C08_E1eM14,binary64-operand,SADDLE_POINT_LIKE,4,8,1e-14,z,110034510.31210127,110034510.31210127,1.0,1.8203711297232682e-09,8.758583857711485e-13,2078.385226763028,2078.385226763028,0.0,FINITE
development,SADDLE_POINT_LIKE_D04_C08_E1eM14,binary64-operand,SADDLE_POINT_LIKE,4,8,1e-14,zg,110034631.38816911,110034631.38816908,1.0000000000000002,1.03249847233991e-08,5.401536295259881e-13,19114.903906986223,19114.90390698622,0.0,FINITE
development,SADDLE_POINT_LIKE_D04_C08_E1eM15,decimal-source,SADDLE_POINT_LIKE,4,8,1e-15,z,110037981.3154585,110037981.31545848,1.0000000000000002,7.678302430796377e-09,2.5746072994309044e-13,29823.19840580582,29823.19840580581,0.0,FINITE
development,SADDLE_POINT_LIKE_D04_C08_E1eM15,decimal-source,SADDLE_POINT_LIKE,4,8,1e-15,zg,110037993.42381719,110037993.42381716,1.0000000000000002,2.8797892619634493e-09,3.9790634903914503e-13,7237.354389839462,7237.35438983946,0.0,FINITE
development,SADDLE_POINT_LIKE_D04_C08_E1eM15,binary64-operand,SADDLE_POINT_LIKE,4,8,1e-15,z,110037981.3154585,110037981.31545848,1.0000000000000002,4.521600131164399e-09,4.428171970069277e-13,10210.985846364183,10210.985846364181,0.0,FINITE
development,SADDLE_POINT_LIKE_D04_C08_E1eM15,binary64-operand,SADDLE_POINT_LIKE,4,8,1e-15,zg,110037993.42381719,110037993.42381716,1.0000000000000002,1.3141889729221807e-08,1.0482905051667448e-13,125364.96004160041,125364.96004160038,0.0,FINITE
development,SADDLE_POINT_LIKE_D04_C08_E1eM16,decimal-source,SADDLE_POINT_LIKE,4,8,1e-16,z,110000000.90932365,110000000.9093236,1.0000000000000004,2.6239483364485938e-09,1.1892709172577175e-13,22063.503768334213,22063.5037683342,0.0,FINITE
development,SADDLE_POINT_LIKE_D04_C08_E1eM16,decimal-source,SADDLE_POINT_LIKE,4,8,1e-16,zg,110000002.11932367,110000002.11932363,1.0000000000000004,5.306973614671168e-09,2.582859815676799e-14,205468.8985619824,205468.89856198232,0.0,FINITE
development,SADDLE_POINT_LIKE_D04_C08_E1eM16,binary64-operand,SADDLE_POINT_LIKE,4,8,1e-16,z,110000000.90932365,110000000.9093236,1.0000000000000004,1.6527187408127987e-09,4.041625679801446e-15,408924.24775319424,408924.24775319407,0.0,FINITE
development,SADDLE_POINT_LIKE_D04_C08_E1eM16,binary64-operand,SADDLE_POINT_LIKE,4,8,1e-16,zg,110000002.11932367,110000002.11932363,1.0000000000000004,4.596177763892844e-09,1.0943098271414635e-14,420006.9897845016,420006.98978450143,0.0,FINITE
development,SADDLE_POINT_LIKE_D04_C08_E1eM8,decimal-source,SADDLE_POINT_LIKE,4,8,1e-8,z,109988502.10897027,109988502.10897022,1.0000000000000004,4.267778029151081e-09,2.749911494997985e-13,15519.69231342192,15519.692313421912,0.0,FINITE
development,SADDLE_POINT_LIKE_D04_C08_E1eM8,decimal-source,SADDLE_POINT_LIKE,4,8,1e-8,zg,1101151112.6397448,1101151112.6397448,1.0,2.063090898306985e-08,9.827872532941944e-13,20992.2431471484,20992.2431471484,0.0,FINITE
development,SADDLE_POINT_LIKE_D04_C08_E1eM8,binary64-operand,SADDLE_POINT_LIKE,4,8,1e-8,z,109988502.10897027,109988502.10897022,1.0000000000000004,2.4707674023516668e-09,4.3847526798781856e-13,5634.907103632372,5634.907103632369,0.0,FINITE
development,SADDLE_POINT_LIKE_D04_C08_E1eM8,binary64-operand,SADDLE_POINT_LIKE,4,8,1e-8,zg,1101151112.6397448,1101151112.6397448,1.0,2.234882928618983e-08,1.3767691572391569e-12,16232.807924754841,16232.807924754841,0.0,FINITE
development,SADDLE_POINT_LIKE_D04_C10_E1eM12,decimal-source,SADDLE_POINT_LIKE,4,10,1e-12,z,10998650100.92292,10998650100.922915,1.0000000000000004,1.1970693690814118e-06,8.468170611127603e-12,141361.0358190472,141361.03581904713,0.0,FINITE
development,SADDLE_POINT_LIKE_D04_C10_E1eM12,decimal-source,SADDLE_POINT_LIKE,4,10,1e-12,zg,11120965711.568829,11120965711.568827,1.0000000000000002,3.5423184737943407e-06,9.032601917139796e-12,392170.3299104349,392170.32991043484,0.0,FINITE
development,SADDLE_POINT_LIKE_D04_C10_E1eM12,binary64-operand,SADDLE_POINT_LIKE,4,10,1e-12,z,10998650100.92292,10998650100.922915,1.0000000000000004,1.586231865096342e-06,3.4935281091958582e-12,454048.6910412928,454048.6910412926,0.0,FINITE
development,SADDLE_POINT_LIKE_D04_C10_E1eM12,binary64-operand,SADDLE_POINT_LIKE,4,10,1e-12,zg,11120965711.568829,11120965711.568827,1.0000000000000002,1.6544708946631928e-06,6.854891644673899e-12,241356.24316522645,241356.2431652264,0.0,FINITE
development,SADDLE_POINT_LIKE_D04_C10_E1eM14,decimal-source,SADDLE_POINT_LIKE,4,10,1e-14,z,11008200000.909649,11008200000.909647,1.0000000000000002,1.207261367276743e-06,8.939071887084725e-13,1350544.4217548002,1350544.4217548,0.0,FINITE
development,SADDLE_POINT_LIKE_D04_C10_E1eM14,decimal-source,SADDLE_POINT_LIKE,4,10,1e-14,zg,11009411938.994818,11009411938.994814,1.0000000000000004,5.580678140133012e-07,4.791005699545392e-13,1164823.9409655784,1164823.940965578,0.0,FINITE
development,SADDLE_POINT_LIKE_D04_C10_E1eM14,binary64-operand,SADDLE_POINT_LIKE,4,10,1e-14,z,11008200000.909649,11008200000.909647,1.0000000000000002,1.394945083244237e-06,3.661676641591028e-12,380958.01999548543,380958.0199954854,0.0,FINITE
development,SADDLE_POINT_LIKE_D04_C10_E1eM14,binary64-operand,SADDLE_POINT_LIKE,4,10,1e-14,zg,11009411938.994818,11009411938.994814,1.0000000000000004,3.232559238742164e-07,3.552532490785013e-12,90993.09428209778,90993.09428209774,0.0,FINITE
development,SADDLE_POINT_LIKE_D04_C10_E1eM15,decimal-source,SADDLE_POINT_LIKE,4,10,1e-15,z,11005250941.045347,11005250941.045347,1.0,1.0875563944262326e-07,1.3552253764204363e-11,8024.911674092178,8024.911674092178,0.0,FINITE
development,SADDLE_POINT_LIKE_D04_C10_E1eM15,decimal-source,SADDLE_POINT_LIKE,4,10,1e-15,zg,11005372057.926544,11005372057.926542,1.0000000000000002,2.1783253197702205e-07,6.144504669984416e-12,35451.6016630474,35451.60166304739,0.0,FINITE
development,SADDLE_POINT_LIKE_D04_C10_E1eM15,binary64-operand,SADDLE_POINT_LIKE,4,10,1e-15,z,11005250941.045347,11005250941.045347,1.0,1.5832190215089926e-07,1.1736571029174147e-11,13489.62160731197,13489.62160731197,0.0,FINITE
development,SADDLE_POINT_LIKE_D04_C10_E1eM15,binary64-operand,SADDLE_POINT_LIKE,4,10,1e-15,zg,11005372057.926544,11005372057.926542,1.0000000000000002,4.226901608396805e-07,7.624836262145288e-12,55435.96561387069,55435.96561387068,0.0,FINITE
development,SADDLE_POINT_LIKE_D04_C10_E1eM16,decimal-source,SADDLE_POINT_LIKE,4,10,1e-16,z,11002050000.909231,11002050000.909227,1.0000000000000004,5.547039093563195e-07,9.204748075005315e-12,60262.801853596546,60262.80185359652,0.0,FINITE
development,SADDLE_POINT_LIKE_D04_C10_E1eM16,decimal-source,SADDLE_POINT_LIKE,4,10,1e-16,zg,11002062105.432972,11002062105.432972,1.0,1.00838622107594e-06,1.2210227683049156e-12,825853.7410205968,825853.7410205968,0.0,FINITE
development,SADDLE_POINT_LIKE_D04_C10_E1eM16,binary64-operand,SADDLE_POINT_LIKE,4,10,1e-16,z,11002050000.909231,11002050000.909227,1.0000000000000004,2.40478992347587e-07,1.6299977427505243e-11,14753.3328446083,14753.332844608292,0.0,FINITE
development,SADDLE_POINT_LIKE_D04_C10_E1eM16,binary64-operand,SADDLE_POINT_LIKE,4,10,1e-16,zg,11002062105.432972,11002062105.432972,1.0,1.4368701764945474e-06,1.6326268737154496e-11,88009.7099727748,88009.7099727748,0.0,FINITE
development,SADDLE_POINT_LIKE_D04_C10_E1eM8,decimal-source,SADDLE_POINT_LIKE,4,10,1e-8,z,11003450941.147776,11003450941.147774,1.0000000000000002,1.603441564623472e-06,1.3059198168826877e-11,122782.54329970942,122782.54329970939,0.0,FINITE
development,SADDLE_POINT_LIKE_D04_C10_E1eM8,decimal-source,SADDLE_POINT_LIKE,4,10,1e-8,zg,100917140.82577854,100917140.82577856,0.9999999999999999,2.265321527206244e-08,5.6409112000001494e-14,401587.8724001512,401587.8724001513,0.0,FINITE
development,SADDLE_POINT_LIKE_D04_C10_E1eM8,binary64-operand,SADDLE_POINT_LIKE,4,10,1e-8,z,11003450941.147776,11003450941.147774,1.0000000000000002,1.987675155602112e-06,9.247091368248444e-12,214951.39135611366,214951.3913561136,0.0,FINITE
development,SADDLE_POINT_LIKE_D04_C10_E1eM8,binary64-operand,SADDLE_POINT_LIKE,4,10,1e-8,zg,100917140.82577854,100917140.82577856,0.9999999999999999,2.0154904353133915e-08,1.3647255851342072e-13,147684.66695926918,147684.6669592692,0.0,FINITE
development,SADDLE_POINT_LIKE_D08_C02_E1eM12,decimal-source,SADDLE_POINT_LIKE,8,2,1e-12,z,155.1473988917507,111.06261580743492,1.3969362936737582,6.757277076433346e-14,2.0353468480281333e-15,33.199634170362025,23.76603308304874,0.0,FINITE
development,SADDLE_POINT_LIKE_D08_C02_E1eM12,decimal-source,SADDLE_POINT_LIKE,8,2,1e-12,zg,155.1473989087671,111.0626158197698,1.3969362936718255,1.3784973247575972e-14,2.9517044304330592e-15,4.670173986747552,3.343154593307954,0.0,FINITE
development,SADDLE_POINT_LIKE_D08_C02_E1eM12,binary64-operand,SADDLE_POINT_LIKE,8,2,1e-12,z,155.1473988917507,111.06261580743492,1.3969362936737582,6.559674667036127e-14,1.676851397958467e-15,39.11899811171342,28.00342312592911,0.0,FINITE
development,SADDLE_POINT_LIKE_D08_C02_E1eM12,binary64-operand,SADDLE_POINT_LIKE,8,2,1e-12,zg,155.1473989087671,111.0626158197698,1.3969362936718255,3.05290231370324e-14,2.7188039705075862e-15,11.22884307518971,8.038192669241107,0.0,FINITE
development,SADDLE_POINT_LIKE_D08_C02_E1eM14,decimal-source,SADDLE_POINT_LIKE,8,2,1e-14,z,155.33640373488404,112.70763795061472,1.3782242850564221,4.204022789891948e-14,6.71254695379526e-16,62.62932414223192,45.44204076310264,1.1345208422598483e-16,FINITE
development,SADDLE_POINT_LIKE_D08_C02_E1eM14,decimal-source,SADDLE_POINT_LIKE,8,2,1e-14,zg,155.3364037350548,112.70763795074177,1.3782242850563835,2.447990942409395e-14,1.0251628044164533e-15,23.87904566829118,17.325950447400718,1.4877955041218942e-16,FINITE
development,SADDLE_POINT_LIKE_D08_C02_E1eM14,binary64-operand,SADDLE_POINT_LIKE,8,2,1e-14,z,155.33640373488404,112.70763795061472,1.3782242850564221,4.17684002215944e-14,5.776237865847273e-16,72.31073441167524,52.466594295075105,0.0,FINITE
development,SADDLE_POINT_LIKE_D08_C02_E1eM14,binary64-operand,SADDLE_POINT_LIKE,8,2,1e-14,zg,155.3364037350548,112.70763795074177,1.3782242850563835,2.7041183364670504e-14,9.44548817876813e-16,28.62867736731124,20.77214694133766,0.0,FINITE
development,SADDLE_POINT_LIKE_D08_C02_E1eM15,decimal-source,SADDLE_POINT_LIKE,8,2,1e-15,z,155.26368614057697,112.78029962274695,1.3766915557055448,2.6507444322301147e-14,5.538402390425115e-16,47.86117449343816,34.76535778481596,1.48459109764955e-16,FINITE
development,SADDLE_POINT_LIKE_D08_C02_E1eM15,decimal-source,SADDLE_POINT_LIKE,8,2,1e-15,zg,155.26368614059405,112.78029962275974,1.3766915557055401,2.2662866475267857e-14,1.9904912313299765e-16,113.8556458755426,82.70236379650979,1.2481466866154456e-16,FINITE
development,SADDLE_POINT_LIKE_D08_C02_E1eM15,binary64-operand,SADDLE_POINT_LIKE,8,2,1e-15,z,155.26368614057697,112.78029962274695,1.3766915557055448,2.4348756024395778e-14,2.538228745003714e-16,95.92813914949241,69.68019724674632,0.0,FINITE
development,SADDLE_POINT_LIKE_D08_C02_E1eM15,binary64-operand,SADDLE_POINT_LIKE,8,2,1e-15,zg,155.26368614059405,112.78029962275974,1.3766915557055401,2.513065389861889e-14,2.480012602776807e-16,101.33276689997757,73.60600599314752,0.0,FINITE
development,SADDLE_POINT_LIKE_D08_C02_E1eM16,decimal-source,SADDLE_POINT_LIKE,8,2,1e-16,z,155.13151315507716,111.64312641606693,1.3895303556525238,2.5320385043419907e-14,8.471090800829056e-16,29.890347817947873,21.511115389711193,0.0,FINITE
development,SADDLE_POINT_LIKE_D08_C02_E1eM16,decimal-source,SADDLE_POINT_LIKE,8,2,1e-16,zg,155.13151315507884,111.6431264160682,1.3895303556525231,2.1603590927525542e-14,1.138900448743528e-15,18.96881413240229,13.651241266690096,0.0,FINITE
development,SADDLE_POINT_LIKE_D08_C02_E1eM16,binary64-operand,SADDLE_POINT_LIKE,8,2,1e-16,z,155.13151315507716,111.64312641606693,1.3895303556525238,3.056377560090442e-14,4.703757383254857e-16,64.97736407432481,46.76210477158768,0.0,FINITE
development,SADDLE_POINT_LIKE_D08_C02_E1eM16,binary64-operand,SADDLE_POINT_LIKE,8,2,1e-16,zg,155.13151315507884,111.6431264160682,1.3895303556525231,1.8344810944831428e-14,4.982908657941485e-16,36.81546703769992,26.49489943701977,0.0,FINITE
development,SADDLE_POINT_LIKE_D08_C02_E1eM8,decimal-source,SADDLE_POINT_LIKE,8,2,1e-8,z,155.25119003257666,113.13501193801864,1.3722647602462048,4.406197315090911e-14,2.6121462184363913e-15,16.868111302469217,12.292169697225793,0.0,FINITE
development,SADDLE_POINT_LIKE_D08_C02_E1eM8,decimal-source,SADDLE_POINT_LIKE,8,2,1e-8,zg,155.2513606327779,113.13513993347262,1.3722647156672196,3.897372330418651e-14,3.868261285502997e-15,10.075256149383582,7.3420645698704075,0.0,FINITE
development,SADDLE_POINT_LIKE_D08_C02_E1eM8,binary64-operand,SADDLE_POINT_LIKE,8,2,1e-8,z,155.25119003257666,113.13501193801864,1.3722647602462048,2.955153594430262e-14,1.9317033733380436e-15,15.298174839979,11.148121909968946,1.1611560581449655e-16,FINITE
development,SADDLE_POINT_LIKE_D08_C02_E1eM8,binary64-operand,SADDLE_POINT_LIKE,8,2,1e-8,zg,155.2513606327779,113.13513993347262,1.3722647156672196,4.0140751115590675e-14,1.977144882618249e-15,20.302382222204162,14.794800150736792,0.0,FINITE
development,SADDLE_POINT_LIKE_D08_C04_E1eM12,decimal-source,SADDLE_POINT_LIKE,8,4,1e-12,z,11000.993673675835,10999.94961741291,1.0000949146404519,1.7070770118133215e-12,1.5723070088256667e-14,108.57148141114709,108.56117736603036,0.0,FINITE
development,SADDLE_POINT_LIKE_D08_C04_E1eM12,decimal-source,SADDLE_POINT_LIKE,8,4,1e-12,zg,11000.993794663467,10999.949738411804,1.000094914638384,2.481162082365675e-12,2.9824067185585713e-15,831.9328369689453,831.8538818585604,0.0,FINITE
development,SADDLE_POINT_LIKE_D08_C04_E1eM12,binary64-operand,SADDLE_POINT_LIKE,8,4,1e-12,z,11000.993673675835,10999.94961741291,1.0000949146404519,1.6788977873840208e-12,1.4130210905749159e-14,118.81618742866235,118.80491110324107,0.0,FINITE
development,SADDLE_POINT_LIKE_D08_C04_E1eM12,binary64-operand,SADDLE_POINT_LIKE,8,4,1e-12,zg,11000.993794663467,10999.949738411804,1.000094914638384,2.234739394110615e-12,8.027721288092992e-15,278.37780036350557,278.3513807428587,0.0,FINITE
development,SADDLE_POINT_LIKE_D08_C04_E1eM14,decimal-source,SADDLE_POINT_LIKE,8,4,1e-14,z,11014.250087818016,11013.20199322691,1.0000951671086893,2.9056944948120695e-12,2.485999524485469e-15,1168.823431458003,1168.7122084962305,0.0,FINITE
development,SADDLE_POINT_LIKE_D08_C04_E1eM14,decimal-source,SADDLE_POINT_LIKE,8,4,1e-14,zg,11014.250089030811,11013.201994439816,1.0000951671086686,4.4003501453735424e-13,9.852556959933352e-16,446.6201173226517,446.57761782196746,0.0,FINITE
development,SADDLE_POINT_LIKE_D08_C04_E1eM14,binary64-operand,SADDLE_POINT_LIKE,8,4,1e-14,z,11014.250087818016,11013.20199322691,1.0000951671086893,1.8247673313856293e-12,1.9555675476539375e-15,933.1139359388393,933.0251426336804,0.0,FINITE
development,SADDLE_POINT_LIKE_D08_C04_E1eM14,binary64-operand,SADDLE_POINT_LIKE,8,4,1e-14,zg,11014.250089030811,11013.201994439816,1.0000951671086686,1.1278127402299959e-12,1.4370800179506868e-15,784.7946712377826,784.7199917050575,0.0,FINITE
development,SADDLE_POINT_LIKE_D08_C04_E1eM15,decimal-source,SADDLE_POINT_LIKE,8,4,1e-15,z,11003.017240948431,11001.973289880048,1.000094887620691,2.341996886875996e-12,2.432359880952562e-14,96.28496610291162,96.2758307184047,0.0,FINITE
development,SADDLE_POINT_LIKE_D08_C04_E1eM15,decimal-source,SADDLE_POINT_LIKE,8,4,1e-15,zg,11003.01724106946,11001.97329000109,1.0000948876206888,2.6195819944897763e-12,2.829873106248259e-14,92.56888546365674,92.56010265574503,0.0,FINITE
development,SADDLE_POINT_LIKE_D08_C04_E1eM15,binary64-operand,SADDLE_POINT_LIKE,8,4,1e-15,z,11003.017240948431,11001.973289880048,1.000094887620691,2.5327820115094726e-12,1.3915615060833286e-14,182.01006570224905,181.99279683877413,0.0,FINITE
development,SADDLE_POINT_LIKE_D08_C04_E1eM15,binary64-operand,SADDLE_POINT_LIKE,8,4,1e-15,zg,11003.01724106946,11001.97329000109,1.0000948876206888,2.36830388925763e-12,8.049461045637667e-15,294.21893911035335,294.1910240240557,0.0,FINITE
development,SADDLE_POINT_LIKE_D08_C04_E1eM16,decimal-source,SADDLE_POINT_LIKE,8,4,1e-16,z,10998.633114162832,10997.583986953789,1.0000953961533996,2.131629988509018e-12,9.8568923986374e-15,216.25781253366335,216.23718433805556,0.0,FINITE
development,SADDLE_POINT_LIKE_D08_C04_E1eM16,decimal-source,SADDLE_POINT_LIKE,8,4,1e-16,zg,10998.633114174923,10997.583986965881,1.0000953961533994,2.864218181092687e-12,3.4505210879825735e-15,830.0827927318416,830.0036135797984,0.0,FINITE
development,SADDLE_POINT_LIKE_D08_C04_E1eM16,binary64-operand,SADDLE_POINT_LIKE,8,4,1e-16,z,10998.633114162832,10997.583986953789,1.0000953961533996,1.23043437908334e-12,2.6694723045831122e-15,460.92794331331163,460.88397675476574,0.0,FINITE
development,SADDLE_POINT_LIKE_D08_C04_E1eM16,binary64-operand,SADDLE_POINT_LIKE,8,4,1e-16,zg,10998.633114174923,10997.583986965881,1.0000953961533994,2.1351021783529137e-12,2.6578168665376102e-15,803.3293058051637,803.2526785894186,0.0,FINITE
development,SADDLE_POINT_LIKE_D08_C04_E1eM8,decimal-source,SADDLE_POINT_LIKE,8,4,1e-8,z,11022.101865054736,11021.055037088838,1.0000949843696791,3.59987542878984e-12,2.4258627142341378e-15,1483.9567827424835,1483.8158434298755,0.0,FINITE
development,SADDLE_POINT_LIKE_D08_C04_E1eM8,decimal-source,SADDLE_POINT_LIKE,8,4,1e-8,zg,11023.31652236932,11022.269807510658,1.0000949636396985,2.448592989475624e-12,2.800197229360966e-15,874.4359018005379,874.3528700696152,0.0,FINITE
development,SADDLE_POINT_LIKE_D08_C04_E1eM8,binary64-operand,SADDLE_POINT_LIKE,8,4,1e-8,z,11022.101865054736,11021.055037088838,1.0000949843696791,3.302325521225751e-12,1.580407222059758e-15,2089.540894986422,2089.342440111704,0.0,FINITE
development,SADDLE_POINT_LIKE_D08_C04_E1eM8,binary64-operand,SADDLE_POINT_LIKE,8,4,1e-8,zg,11023.31652236932,11022.269807510658,1.0000949636396985,9.106874085852114e-13,6.906019448415399e-15,131.8686423326205,131.85612079547323,0.0,FINITE
development,SADDLE_POINT_LIKE_D08_C06_E1eM12,decimal-source,SADDLE_POINT_LIKE,8,6,1e-12,z,1100505.0323692493,1100452.511900046,1.0000477262477347,1.082984394506901e-10,9.104667595167983e-14,1189.48262875809,1189.4258619247416,0.0,FINITE
development,SADDLE_POINT_LIKE_D08_C06_E1eM12,decimal-source,SADDLE_POINT_LIKE,8,6,1e-12,zg,1100506.2433096487,1100453.7228971096,1.0000477261437226,1.6953331673470889e-10,1.3740389347769832e-13,1233.831971160449,1233.7730879287335,0.0,FINITE
development,SADDLE_POINT_LIKE_D08_C06_E1eM12,binary64-operand,SADDLE_POINT_LIKE,8,6,1e-12,z,1100505.0323692493,1100452.511900046,1.0000477262477347,1.6267276660592862e-10,7.732797869651349e-14,2103.6728147824083,2103.5724191640033,0.0,FINITE
development,SADDLE_POINT_LIKE_D08_C06_E1eM12,binary64-operand,SADDLE_POINT_LIKE,8,6,1e-12,zg,1100506.2433096487,1100453.7228971096,1.0000477261437226,1.3212166277857527e-10,7.071682381555656e-14,1868.3200920218737,1868.2309285640702,0.0,FINITE
development,SADDLE_POINT_LIKE_D08_C06_E1eM14,decimal-source,SADDLE_POINT_LIKE,8,6,1e-14,z,1100159.6694211368,1100107.19514686,1.000047699237409,2.5956301620498525e-10,9.126793845767966e-14,2843.9671213275283,2843.8314727349593,0.0,FINITE
development,SADDLE_POINT_LIKE_D08_C06_E1eM14,decimal-source,SADDLE_POINT_LIKE,8,6,1e-14,zg,1100159.6815229296,1100107.2072492186,1.00004769923637,1.8298359629674777e-10,4.348746683044314e-14,4207.731781899312,4207.531085879513,0.0,FINITE
development,SADDLE_POINT_LIKE_D08_C06_E1eM14,binary64-operand,SADDLE_POINT_LIKE,8,6,1e-14,z,1100159.6694211368,1100107.19514686,1.000047699237409,2.684711375168957e-10,6.896847593441264e-14,3892.6644946048286,3892.478826333182,0.0,FINITE
development,SADDLE_POINT_LIKE_D08_C06_E1eM14,binary64-operand,SADDLE_POINT_LIKE,8,6,1e-14,zg,1100159.6815229296,1100107.2072492186,1.00004769923637,1.85373450100328e-10,2.4487965591591896e-14,7569.981646984068,7569.620581862702,0.0,FINITE
development,SADDLE_POINT_LIKE_D08_C06_E1eM15,decimal-source,SADDLE_POINT_LIKE,8,6,1e-15,z,1100246.1160237633,1100193.541549695,1.0000477865685289,3.8262678117805603e-10,5.947130735313783e-14,6433.804774225597,6433.497339464104,0.0,FINITE
development,SADDLE_POINT_LIKE_D08_C06_E1eM15,decimal-source,SADDLE_POINT_LIKE,8,6,1e-15,zg,1100246.1172341323,1100193.542760121,1.0000477865684245,1.4954422324533166e-10,1.727680566422045e-14,8655.779670835307,8655.366060592813,0.0,FINITE
development,SADDLE_POINT_LIKE_D08_C06_E1eM15,binary64-operand,SADDLE_POINT_LIKE,8,6,1e-15,z,1100246.1160237633,1100193.541549695,1.0000477865685289,3.271958835279727e-10,9.682077347336118e-14,3379.3975382565586,3379.2360561611854,0.0,FINITE
development,SADDLE_POINT_LIKE_D08_C06_E1eM15,binary64-operand,SADDLE_POINT_LIKE,8,6,1e-15,zg,1100246.1172341323,1100193.542760121,1.0000477865684245,1.5943076030178168e-10,1.2986502764795114e-13,1227.6650857379384,1227.6064226396245,0.0,FINITE
development,SADDLE_POINT_LIKE_D08_C06_E1eM16,decimal-source,SADDLE_POINT_LIKE,8,6,1e-16,z,1099586.6470022642,1099534.075352734,1.0000478126605703,1.1595874706075837e-10,1.904232207659838e-14,6089.527663396849,6089.236520797947,0.0,FINITE
development,SADDLE_POINT_LIKE_D08_C06_E1eM16,decimal-source,SADDLE_POINT_LIKE,8,6,1e-16,zg,1099586.647123156,1099534.0754736315,1.0000478126605599,7.757498222075162e-11,3.007443800173938e-14,2579.4324807088665,2579.30915707566,0.0,FINITE
development,SADDLE_POINT_LIKE_D08_C06_E1eM16,binary64-operand,SADDLE_POINT_LIKE,8,6,1e-16,z,1099586.6470022642,1099534.075352734,1.0000478126605703,1.3658209691419492e-10,2.002741971233537e-14,6819.755059613132,6819.429004568854,0.0,FINITE
development,SADDLE_POINT_LIKE_D08_C06_E1eM16,binary64-operand,SADDLE_POINT_LIKE,8,6,1e-16,zg,1099586.647123156,1099534.0754736315,1.0000478126605599,3.872250475912754e-11,1.970405898537267e-14,1965.2044681693876,1965.110511007562,0.0,FINITE
development,SADDLE_POINT_LIKE_D08_C06_E1eM8,decimal-source,SADDLE_POINT_LIKE,8,6,1e-8,z,1101363.8840466752,1101311.4486141007,1.0000476118110282,2.886798390303305e-10,2.4646759321460274e-13,1171.2689496625749,1171.2131860816853,0.0,FINITE
development,SADDLE_POINT_LIKE_D08_C06_E1eM8,decimal-source,SADDLE_POINT_LIKE,8,6,1e-8,zg,1113627.250911102,1113575.3817826211,1.000046578910893,3.3224544199773157e-10,2.3249025508407585e-13,1429.0725513530926,1429.0059898104278,0.0,FINITE
development,SADDLE_POINT_LIKE_D08_C06_E1eM8,binary64-operand,SADDLE_POINT_LIKE,8,6,1e-8,z,1101363.8840466752,1101311.4486141007,1.0000476118110282,2.478881778919557e-10,1.6024388416688166e-13,1546.9431434512612,1546.8694941932183,0.0,FINITE
development,SADDLE_POINT_LIKE_D08_C06_E1eM8,binary64-operand,SADDLE_POINT_LIKE,8,6,1e-8,zg,1113627.250911102,1113575.3817826211,1.000046578910893,2.763841117836516e-10,1.824252478355105e-13,1515.054056732663,1514.983490451657,0.0,FINITE
development,SADDLE_POINT_LIKE_D08_C08_E1eM12,decimal-source,SADDLE_POINT_LIKE,8,8,1e-12,z,110122374.5803413,110117114.98407583,1.0000477636584124,2.539579414103462e-08,8.14872679717011e-13,31165.35229755656,31163.86379741133,0.0,FINITE
development,SADDLE_POINT_LIKE_D08_C08_E1eM12,decimal-source,SADDLE_POINT_LIKE,8,8,1e-12,zg,110134501.1269327,110129242.0984911,1.000047753242839,3.3716374428332824e-08,2.2565096862804263e-12,14941.825702467977,14941.112215908048,0.0,FINITE
development,SADDLE_POINT_LIKE_D08_C08_E1eM12,binary64-operand,SADDLE_POINT_LIKE,8,8,1e-12,z,110122374.5803413,110117114.98407583,1.0000477636584124,2.9170564173341385e-08,5.857913544349585e-13,49796.84994067329,49794.47157454218,0.0,FINITE
development,SADDLE_POINT_LIKE_D08_C08_E1eM12,binary64-operand,SADDLE_POINT_LIKE,8,8,1e-12,zg,110134501.1269327,110129242.0984911,1.000047753242839,3.413269376765648e-08,1.4726308362407359e-12,23178.03819373282,23176.931420098455,0.0,FINITE
development,SADDLE_POINT_LIKE_D08_C08_E1eM14,decimal-source,SADDLE_POINT_LIKE,8,8,1e-14,z,110253565.8681713,110248327.95567536,1.0000475101309296,8.322091533015395e-09,3.0523938576326193e-13,27264.14716176194,27262.85190009865,0.0,FINITE
development,SADDLE_POINT_LIKE_D08_C08_E1eM14,decimal-source,SADDLE_POINT_LIKE,8,8,1e-14,zg,110253687.4095816,110248449.50274746,1.0000475100271955,1.8939627009767997e-08,1.6075326263802795e-13,117817.99447775327,117812.39720755797,0.0,FINITE
development,SADDLE_POINT_LIKE_D08_C08_E1eM14,binary64-operand,SADDLE_POINT_LIKE,8,8,1e-14,z,110253565.8681713,110248327.95567536,1.0000475101309296,1.0064724948472249e-08,3.369519192361791e-13,29869.914293076337,29868.49523695696,0.0,FINITE
development,SADDLE_POINT_LIKE_D08_C08_E1eM14,binary64-operand,SADDLE_POINT_LIKE,8,8,1e-14,zg,110253687.4095816,110248449.50274746,1.0000475100271955,1.7501209567787568e-08,2.0394854131474304e-13,85811.88889592927,85807.81216443975,0.0,FINITE
development,SADDLE_POINT_LIKE_D08_C08_E1eM15,decimal-source,SADDLE_POINT_LIKE,8,8,1e-15,z,110109086.90233174,110103824.95805569,1.000047790749123,2.4835790409728763e-08,2.645970577784254e-13,93862.68546691985,93858.19991323467,0.0,FINITE
development,SADDLE_POINT_LIKE_D08_C08_E1eM15,decimal-source,SADDLE_POINT_LIKE,8,8,1e-15,zg,110109099.02461731,110103837.08090928,1.0000477907387022,3.001655318729953e-08,4.122608340292564e-13,72809.61641185003,72806.13695278301,0.0,FINITE
development,SADDLE_POINT_LIKE_D08_C08_E1eM15,binary64-operand,SADDLE_POINT_LIKE,8,8,1e-15,z,110109086.90233174,110103824.95805569,1.000047790749123,2.783578544122122e-08,1.225477989371632e-13,227142.27169020075,227131.41690963728,0.0,FINITE
development,SADDLE_POINT_LIKE_D08_C08_E1eM15,binary64-operand,SADDLE_POINT_LIKE,8,8,1e-15,zg,110109099.02461731,110103837.08090928,1.0000477907387022,1.8329648283435994e-08,4.618038760599171e-14,396914.1281321294,396895.1602192352,0.0,FINITE
development,SADDLE_POINT_LIKE_D08_C08_E1eM16,decimal-source,SADDLE_POINT_LIKE,8,8,1e-16,z,110069421.21285723,110064171.70732044,1.0000476949533654,7.342383638075544e-09,1.529095373002909e-13,48017.826537897556,48015.53643912628,0.0,FINITE
development,SADDLE_POINT_LIKE_D08_C08_E1eM16,decimal-source,SADDLE_POINT_LIKE,8,8,1e-16,zg,110069422.42421278,110064172.91873264,1.0000476949523258,1.986583998997106e-08,8.265412411858743e-13,24034.9047332093,24033.75844424609,0.0,FINITE
development,SADDLE_POINT_LIKE_D08_C08_E1eM16,binary64-operand,SADDLE_POINT_LIKE,8,8,1e-16,z,110069421.21285723,110064171.70732044,1.0000476949533654,1.0542889734554312e-08,5.592622702200927e-13,18851.423197930468,18850.524123061503,0.0,FINITE
development,SADDLE_POINT_LIKE_D08_C08_E1eM16,binary64-operand,SADDLE_POINT_LIKE,8,8,1e-16,zg,110069422.42421278,110064172.91873264,1.0000476949523258,2.3366026160804818e-08,5.635669810598429e-13,41460.956631743604,41458.979247704905,0.0,FINITE
development,SADDLE_POINT_LIKE_D08_C08_E1eM8,decimal-source,SADDLE_POINT_LIKE,8,8,1e-8,z,110096638.20336896,110091387.78295106,1.0000476914727268,2.6898293757851543e-08,7.725017982472943e-13,34819.71669047277,34818.05616609673,0.0,FINITE
development,SADDLE_POINT_LIKE_D08_C08_E1eM8,decimal-source,SADDLE_POINT_LIKE,8,8,1e-8,zg,1090944524.0730834,1090943982.639784,1.000000496297984,1.7839170816078072e-07,4.7143188917488486e-12,37840.39906019247,37840.38028008802,0.0,FINITE
development,SADDLE_POINT_LIKE_D08_C08_E1eM8,binary64-operand,SADDLE_POINT_LIKE,8,8,1e-8,z,110096638.20336896,110091387.78295106,1.0000476914727268,2.9179430017661247e-08,4.343576038139351e-13,67178.35663851019,67175.15295653505,0.0,FINITE
development,SADDLE_POINT_LIKE_D08_C08_E1eM8,binary64-operand,SADDLE_POINT_LIKE,8,8,1e-8,zg,1090944524.0730834,1090943982.639784,1.000000496297984,1.837270606179405e-07,4.1365449100247106e-12,44415.58465198507,44415.562608630884,0.0,FINITE
development,SADDLE_POINT_LIKE_D08_C10_E1eM12,decimal-source,SADDLE_POINT_LIKE,8,10,1e-12,z,11006641465.638077,11006641413.036074,1.0000000047791149,1.017867576573446e-06,6.161868583649019e-12,165188.1345334813,165188.13374402822,0.0,FINITE
development,SADDLE_POINT_LIKE_D08_C10_E1eM12,decimal-source,SADDLE_POINT_LIKE,8,10,1e-12,zg,11129135872.26964,11129135820.246494,1.0000000046745001,1.0750660593044134e-06,4.240292896722149e-12,253535.80176866223,253535.80058350912,0.0,FINITE
development,SADDLE_POINT_LIKE_D08_C10_E1eM12,binary64-operand,SADDLE_POINT_LIKE,8,10,1e-12,z,11006641465.638077,11006641413.036074,1.0000000047791149,1.0297805526972344e-06,7.1662696801571154e-12,143698.26962396107,143698.26893721052,0.0,FINITE
development,SADDLE_POINT_LIKE_D08_C10_E1eM12,binary64-operand,SADDLE_POINT_LIKE,8,10,1e-12,zg,11129135872.26964,11129135820.246494,1.0000000046745001,6.95858462843267e-07,5.892875757489246e-12,118084.69947103529,118084.69891904834,0.0,FINITE
development,SADDLE_POINT_LIKE_D08_C10_E1eM14,decimal-source,SADDLE_POINT_LIKE,8,10,1e-14,z,11005419623.27485,11005419570.816633,1.0000000047665805,2.7109460821913962e-06,5.78686132307609e-12,468465.70720142184,468465.7049684424,0.0,FINITE
development,SADDLE_POINT_LIKE_D08_C10_E1eM14,decimal-source,SADDLE_POINT_LIKE,8,10,1e-14,zg,11006630949.17987,11006630896.727432,1.0000000047655309,1.9246446613490605e-06,2.274537152490458e-12,846169.8061259233,846169.802093475,0.0,FINITE
development,SADDLE_POINT_LIKE_D08_C10_E1eM14,binary64-operand,SADDLE_POINT_LIKE,8,10,1e-14,z,11005419623.27485,11005419570.816633,1.0000000047665805,2.151790215673786e-06,3.89593532327025e-12,552316.7191255044,552316.7164928423,0.0,FINITE
development,SADDLE_POINT_LIKE_D08_C10_E1eM14,binary64-operand,SADDLE_POINT_LIKE,8,10,1e-14,zg,11006630949.17987,11006630896.727432,1.0000000047655309,1.4456037322775447e-06,7.027056400509208e-13,2057196.7120867148,2057196.7022830804,0.0,FINITE
development,SADDLE_POINT_LIKE_D08_C10_E1eM15,decimal-source,SADDLE_POINT_LIKE,8,10,1e-15,z,11009525843.286037,11009525790.946453,1.0000000047540272,3.1775842177299837e-06,1.0759455577088048e-12,2953294.611389593,2953294.5973495506,0.0,FINITE
development,SADDLE_POINT_LIKE_D08_C10_E1eM15,decimal-source,SADDLE_POINT_LIKE,8,10,1e-15,zg,11009647054.27808,11009647001.939068,1.0000000047539228,2.7083197183261896e-06,2.0665028931416854e-12,1310581.140396448,1310581.1341660465,0.0,FINITE
development,SADDLE_POINT_LIKE_D08_C10_E1eM15,binary64-operand,SADDLE_POINT_LIKE,8,10,1e-15,z,11009525843.286037,11009525790.946453,1.0000000047540272,2.6141906426017157e-06,1.2772817203891995e-12,2046682.889821008,2046682.880091022,0.0,FINITE
development,SADDLE_POINT_LIKE_D08_C10_E1eM15,binary64-operand,SADDLE_POINT_LIKE,8,10,1e-15,zg,11009647054.27808,11009647001.939068,1.0000000047539228,1.7107438683122435e-06,2.2242171352210224e-12,769144.2715831094,769144.2679266569,0.0,FINITE
development,SADDLE_POINT_LIKE_D08_C10_E1eM16,decimal-source,SADDLE_POINT_LIKE,8,10,1e-16,z,11004053343.479559,11004053290.975285,1.0000000047713578,3.837515957911368e-06,2.3797764662738126e-12,1612553.1167723676,1612553.1090783,0.0,FINITE
development,SADDLE_POINT_LIKE_D08_C10_E1eM16,decimal-source,SADDLE_POINT_LIKE,8,10,1e-16,zg,11004065452.411709,11004065399.907497,1.0000000047713467,1.320572398951924e-06,6.575087992509632e-12,200844.82526413724,200844.82430583696,0.0,FINITE
development,SADDLE_POINT_LIKE_D08_C10_E1eM16,binary64-operand,SADDLE_POINT_LIKE,8,10,1e-16,z,11004053343.479559,11004053290.975285,1.0000000047713578,3.6692018381713747e-06,7.567967528990444e-12,484833.18990413815,484833.18759082555,0.0,FINITE
development,SADDLE_POINT_LIKE_D08_C10_E1eM16,binary64-operand,SADDLE_POINT_LIKE,8,10,1e-16,zg,11004065452.411709,11004065399.907497,1.0000000047713467,1.0952102465864507e-06,7.785571860878124e-12,140671.77930625682,140671.778635063,0.0,FINITE
development,SADDLE_POINT_LIKE_D08_C10_E1eM8,decimal-source,SADDLE_POINT_LIKE,8,10,1e-8,z,10998849337.401836,10998849284.76149,1.0000000047859867,2.361542450484731e-06,2.2439447506550723e-12,1052406.682381698,1052406.6773448936,0.0,FINITE
development,SADDLE_POINT_LIKE_D08_C10_E1eM8,decimal-source,SADDLE_POINT_LIKE,8,10,1e-8,zg,100923390.55636449,100917528.05628592,1.0000580919904747,2.8205169099486833e-08,2.1702318529792807e-13,129963.85183807414,129956.30241779196,0.0,FINITE
development,SADDLE_POINT_LIKE_D08_C10_E1eM8,binary64-operand,SADDLE_POINT_LIKE,8,10,1e-8,z,10998849337.401836,10998849284.76149,1.0000000047859867,2.4048662663751436e-06,1.3277660837316663e-12,1811212.3030107107,1811212.2943422727,0.0,FINITE
development,SADDLE_POINT_LIKE_D08_C10_E1eM8,binary64-operand,SADDLE_POINT_LIKE,8,10,1e-8,zg,100923390.55636449,100917528.05628592,1.0000580919904747,2.7503278205869678e-08,1.0254533537455232e-13,268206.0388745376,268190.4591569389,0.0,FINITE
development,SADDLE_POINT_LIKE_D16_C02_E1eM12,decimal-source,SADDLE_POINT_LIKE,16,2,1e-12,z,218.20895006469718,112.1454114835697,1.945767973722819,7.219433817944659e-14,2.0467154173743872e-15,35.2732664085076,18.128197649907662,0.0,FINITE
development,SADDLE_POINT_LIKE_D16_C02_E1eM12,decimal-source,SADDLE_POINT_LIKE,16,2,1e-12,zg,218.20895008850812,112.14541149614635,1.945767973716931,5.6219365747801086e-14,3.3371976383715496e-15,16.846279974965586,8.657907932765868,0.0,FINITE
development,SADDLE_POINT_LIKE_D16_C02_E1eM12,binary64-operand,SADDLE_POINT_LIKE,16,2,1e-12,z,218.20895006469718,112.1454114835697,1.945767973722819,6.713590598939815e-14,1.7629693763320008e-15,38.081152679509266,19.571271186383527,0.0,FINITE
development,SADDLE_POINT_LIKE_D16_C02_E1eM12,binary64-operand,SADDLE_POINT_LIKE,16,2,1e-12,zg,218.20895008850812,112.14541149614635,1.945767973716931,6.368486657333152e-14,2.7065957118697426e-15,23.52950841311183,12.092658904321594,0.0,FINITE
development,SADDLE_POINT_LIKE_D16_C02_E1eM14,decimal-source,SADDLE_POINT_LIKE,16,2,1e-14,z,218.3008606309949,114.15079034068984,1.9123902688668468,5.9427319282748e-14,1.3043378317727683e-15,45.56129388808602,23.824265700265542,0.0,FINITE
development,SADDLE_POINT_LIKE_D16_C02_E1eM14,decimal-source,SADDLE_POINT_LIKE,16,2,1e-14,zg,218.30086063123346,114.15079034082015,1.9123902688667536,5.78935251048803e-14,1.2253713369860285e-15,47.2456987995798,24.705050830224476,0.0,FINITE
development,SADDLE_POINT_LIKE_D16_C02_E1eM14,binary64-operand,SADDLE_POINT_LIKE,16,2,1e-14,z,218.3008606309949,114.15079034068984,1.9123902688668468,5.5210610224788606e-14,1.1612393791491504e-15,47.54455559821083,24.86132478930805,0.0,FINITE
development,SADDLE_POINT_LIKE_D16_C02_E1eM14,binary64-operand,SADDLE_POINT_LIKE,16,2,1e-14,zg,218.30086063123346,114.15079034082015,1.9123902688667536,5.534838724213367e-14,1.4511937202096608e-15,38.13990266863698,19.943577045724023,0.0,FINITE
development,SADDLE_POINT_LIKE_D16_C02_E1eM15,decimal-source,SADDLE_POINT_LIKE,16,2,1e-15,z,218.61085278180911,115.89762920510357,1.886240937637597,6.984703127899335e-14,2.5818922112414176e-15,27.052651917412817,14.342097755175768,0.0,FINITE
development,SADDLE_POINT_LIKE_D16_C02_E1eM15,decimal-source,SADDLE_POINT_LIKE,16,2,1e-15,zg,218.61085278183305,115.89762920511697,1.8862409376375855,8.904800419682707e-14,1.5326964559201945e-15,58.09891701182591,30.80142936808044,0.0,FINITE
development,SADDLE_POINT_LIKE_D16_C02_E1eM15,binary64-operand,SADDLE_POINT_LIKE,16,2,1e-15,z,218.61085278180911,115.89762920510357,1.886240937637597,5.030798192370031e-14,1.2406469940757318e-15,40.549795521149996,21.497675462359634,0.0,FINITE
development,SADDLE_POINT_LIKE_D16_C02_E1eM15,binary64-operand,SADDLE_POINT_LIKE,16,2,1e-15,zg,218.61085278183305,115.89762920511697,1.8862409376375855,6.111147494547306e-14,1.4327472157575184e-15,42.653354529928265,22.61288771695798,0.0,FINITE
development,SADDLE_POINT_LIKE_D16_C02_E1eM16,decimal-source,SADDLE_POINT_LIKE,16,2,1e-16,z,218.39283001283113,114.30723993336245,1.91057740647178,8.283278319651983e-14,1.557451392152346e-15,53.184827220866055,27.837043943213622,0.0,FINITE
development,SADDLE_POINT_LIKE_D16_C02_E1eM16,decimal-source,SADDLE_POINT_LIKE,16,2,1e-16,zg,218.3928300128335,114.3072399333638,1.9105774064717784,9.328608137759614e-14,2.0801637615330257e-15,44.845546827931834,23.47224806282365,0.0,FINITE
development,SADDLE_POINT_LIKE_D16_C02_E1eM16,binary64-operand,SADDLE_POINT_LIKE,16,2,1e-16,z,218.39283001283113,114.30723993336245,1.91057740647178,9.370335131585476e-14,1.1726432096334864e-15,79.90781044572121,41.823906309708306,0.0,FINITE
development,SADDLE_POINT_LIKE_D16_C02_E1eM16,binary64-operand,SADDLE_POINT_LIKE,16,2,1e-16,zg,218.3928300128335,114.3072399333638,1.9105774064717784,1.0239450824348939e-13,1.2342358044146294e-15,82.96186828906072,43.42240623595806,0.0,FINITE
development,SADDLE_POINT_LIKE_D16_C02_E1eM8,decimal-source,SADDLE_POINT_LIKE,16,2,1e-8,z,218.67169539752135,115.82451182191062,1.8879569786898514,1.1679466692618216e-13,2.5719071799649128e-15,45.41169597254887,24.05335316701037,0.0,FINITE
development,SADDLE_POINT_LIKE_D16_C02_E1eM8,decimal-source,SADDLE_POINT_LIKE,16,2,1e-8,zg,218.6719350530675,115.82464597524141,1.8879568610968227,1.550589712537529e-13,4.758810250289316e-15,32.583558305214204,17.258634970231544,0.0,FINITE
development,SADDLE_POINT_LIKE_D16_C02_E1eM8,binary64-operand,SADDLE_POINT_LIKE,16,2,1e-8,z,218.67169539752135,115.82451182191062,1.8879569786898514,1.0362123170366013e-13,2.596315186803749e-15,39.910883020033225,21.139720592430766,0.0,FINITE
development,SADDLE_POINT_LIKE_D16_C02_E1eM8,binary64-operand,SADDLE_POINT_LIKE,16,2,1e-8,zg,218.6719350530675,115.82464597524141,1.8879568610968227,1.39486528449075e-13,4.8483013686965194e-15,28.77018523429297,15.23879376013852,0.0,FINITE
development,SADDLE_POINT_LIKE_D16_C04_E1eM12,decimal-source,SADDLE_POINT_LIKE,16,4,1e-12,z,15491.6167899801,11013.700783037151,1.4065768714036295,3.568535609912158e-12,2.752835783112784e-14,129.63125631406234,92.1608046808723,0.0,FINITE
development,SADDLE_POINT_LIKE_D16_C04_E1eM12,decimal-source,SADDLE_POINT_LIKE,16,4,1e-12,zg,15491.616959638483,11013.700904338768,1.406576871316314,7.591637731221133e-12,7.911147114637686e-15,959.6127617415459,682.2327178204724,1.1847157755102416e-16,FINITE
development,SADDLE_POINT_LIKE_D16_C04_E1eM12,binary64-operand,SADDLE_POINT_LIKE,16,4,1e-12,z,15491.6167899801,11013.700783037151,1.4065768714036295,2.976299093726889e-12,1.976473882199622e-14,150.58631032425075,107.05871352340664,0.0,FINITE
development,SADDLE_POINT_LIKE_D16_C04_E1eM12,binary64-operand,SADDLE_POINT_LIKE,16,4,1e-12,zg,15491.616959638483,11013.700904338768,1.406576871316314,6.964396231503857e-12,9.705293169853159e-15,717.5874143747508,510.1657996858802,0.0,FINITE
development,SADDLE_POINT_LIKE_D16_C04_E1eM14,decimal-source,SADDLE_POINT_LIKE,16,4,1e-14,z,15478.244444199245,11033.885292580364,1.402791857425548,5.3936496003831174e-12,1.163091095597147e-14,463.73406354847407,330.57938074971065,0.0,FINITE
development,SADDLE_POINT_LIKE_D16_C04_E1eM14,decimal-source,SADDLE_POINT_LIKE,16,4,1e-14,zg,15478.244445892993,11033.885293797832,1.4027918574242697,7.273704804105941e-12,1.5816013522874143e-14,459.8949535283489,327.8426169173687,1.2360087542753189e-16,FINITE
development,SADDLE_POINT_LIKE_D16_C04_E1eM14,binary64-operand,SADDLE_POINT_LIKE,16,4,1e-14,z,15478.244444199245,11033.885292580364,1.402791857425548,4.575355830789933e-12,1.6051461746392976e-14,285.04293895963025,203.196887300694,0.0,FINITE
development,SADDLE_POINT_LIKE_D16_C04_E1eM14,binary64-operand,SADDLE_POINT_LIKE,16,4,1e-14,zg,15478.244445892993,11033.885293797832,1.4027918574242697,6.204557387984045e-12,1.4655589816186684e-14,423.3577403436392,301.79654815004824,0.0,FINITE
development,SADDLE_POINT_LIKE_D16_C04_E1eM15,decimal-source,SADDLE_POINT_LIKE,16,4,1e-15,z,15496.572071726938,11124.240785108588,1.3930453656191395,3.1752850490155427e-12,3.562091576662445e-15,891.4102797970943,639.9003950606495,1.2753592851486277e-16,FINITE
development,SADDLE_POINT_LIKE_D16_C04_E1eM15,decimal-source,SADDLE_POINT_LIKE,16,4,1e-15,zg,15496.572071896762,11124.240785232343,1.3930453656189083,7.730128600083345e-12,1.3457697996689605e-14,574.4019966850826,412.33545644788444,0.0,FINITE
development,SADDLE_POINT_LIKE_D16_C04_E1eM15,binary64-operand,SADDLE_POINT_LIKE,16,4,1e-15,z,15496.572071726938,11124.240785108588,1.3930453656191395,1.9711783682909856e-12,1.0027475275098632e-14,196.5777340968409,141.11366287735495,0.0,FINITE
development,SADDLE_POINT_LIKE_D16_C04_E1eM15,binary64-operand,SADDLE_POINT_LIKE,16,4,1e-15,zg,15496.572071896762,11124.240785232343,1.3930453656189083,5.190846324301577e-12,1.4044799428539976e-14,369.59205795089025,265.3122913816136,0.0,FINITE
development,SADDLE_POINT_LIKE_D16_C04_E1eM16,decimal-source,SADDLE_POINT_LIKE,16,4,1e-16,z,15514.746929804254,11247.769732663452,1.3793620689752857,5.733381226807654e-12,7.705590661598041e-15,744.054736177567,539.4194554953348,1.5279364836202714e-16,FINITE
development,SADDLE_POINT_LIKE_D16_C04_E1eM16,decimal-source,SADDLE_POINT_LIKE,16,4,1e-16,zg,15514.746929821285,11247.7697326761,1.3793620689752486,4.9734948414122985e-12,5.224102855801554e-15,952.0285068447789,690.194785153152,0.0,FINITE
development,SADDLE_POINT_LIKE_D16_C04_E1eM16,binary64-operand,SADDLE_POINT_LIKE,16,4,1e-16,z,15514.746929804254,11247.769732663452,1.3793620689752857,6.089997384716307e-12,9.880196248711204e-15,616.384253046664,446.8618261371865,0.0,FINITE
development,SADDLE_POINT_LIKE_D16_C04_E1eM16,binary64-operand,SADDLE_POINT_LIKE,16,4,1e-16,zg,15514.746929821285,11247.7697326761,1.3793620689752486,5.194813855593694e-12,1.0003310341979759e-14,519.3094763633602,376.4852521638238,0.0,FINITE
development,SADDLE_POINT_LIKE_D16_C04_E1eM8,decimal-source,SADDLE_POINT_LIKE,16,4,1e-8,z,15506.543943622137,11033.875185875519,1.405357925697047,5.413471306387831e-12,1.967560003618427e-14,275.1362752054436,195.7766560209052,0.0,FINITE
development,SADDLE_POINT_LIKE_D16_C04_E1eM8,decimal-source,SADDLE_POINT_LIKE,16,4,1e-8,zg,15508.24401340637,11035.09278423998,1.4053569205648024,5.508126551179631e-12,1.6685851533390177e-14,330.10760884197487,234.89236364902027,0.0,FINITE
development,SADDLE_POINT_LIKE_D16_C04_E1eM8,binary64-operand,SADDLE_POINT_LIKE,16,4,1e-8,z,15506.543943622137,11033.875185875519,1.405357925697047,5.551097732058895e-12,1.1347139872123081e-14,489.2067776212465,348.10119804789485,1.161950763176411e-16,FINITE
development,SADDLE_POINT_LIKE_D16_C04_E1eM8,binary64-operand,SADDLE_POINT_LIKE,16,4,1e-8,zg,15508.24401340637,11035.09278423998,1.4053569205648024,4.289147794796436e-12,7.258832692921159e-15,590.886713641882,420.45312830879226,0.0,FINITE
development,SADDLE_POINT_LIKE_D16_C06_E1eM12,decimal-source,SADDLE_POINT_LIKE,16,6,1e-12,z,1549133.8819927687,1100497.5279109415,1.4076668440441362,8.995341801602317e-10,1.3813358758524912e-13,6512.059781297466,4626.1370784217215,0.0,FINITE
development,SADDLE_POINT_LIKE_D16_C06_E1eM12,decimal-source,SADDLE_POINT_LIKE,16,6,1e-12,zg,1549135.5787363502,1100498.7390070837,1.4076668367053702,7.538948334724155e-10,1.4190424376983013e-13,5312.701110582987,3774.118258704815,0.0,FINITE
development,SADDLE_POINT_LIKE_D16_C06_E1eM12,binary64-operand,SADDLE_POINT_LIKE,16,6,1e-12,z,1549133.8819927687,1100497.5279109415,1.4076668440441362,8.767376492011143e-10,1.4779770176157436e-13,5932.0113827984815,4214.073385259395,0.0,FINITE
development,SADDLE_POINT_LIKE_D16_C06_E1eM12,binary64-operand,SADDLE_POINT_LIKE,16,6,1e-12,zg,1549135.5787363502,1100498.7390070837,1.4076668367053702,7.07428684425625e-10,2.3461916233889606e-13,3015.22125206371,2141.9992099272613,0.0,FINITE
development,SADDLE_POINT_LIKE_D16_C06_E1eM14,decimal-source,SADDLE_POINT_LIKE,16,6,1e-14,z,1548571.946031075,1118390.7120855066,1.3846430673081973,4.470299048296674e-10,1.03059080971102e-13,4337.608104180704,3132.6543327972536,0.0,FINITE
development,SADDLE_POINT_LIKE_D16_C06_E1eM14,decimal-source,SADDLE_POINT_LIKE,16,6,1e-14,zg,1548571.9629975085,1118390.7245934843,1.3846430669928773,6.295769005180651e-10,2.475228775955654e-13,2543.5099439444484,1836.9426782805192,0.0,FINITE
development,SADDLE_POINT_LIKE_D16_C06_E1eM14,binary64-operand,SADDLE_POINT_LIKE,16,6,1e-14,z,1548571.946031075,1118390.7120855066,1.3846430673081973,5.254750569992627e-10,8.617756755958282e-14,6097.585159107111,4403.723459910189,1.4915653952196846e-16,FINITE
development,SADDLE_POINT_LIKE_D16_C06_E1eM14,binary64-operand,SADDLE_POINT_LIKE,16,6,1e-14,zg,1548571.9629975085,1118390.7245934843,1.3846430669928773,6.825174961190464e-10,1.4265489631436663e-13,4784.395865494809,3455.3279321907876,0.0,FINITE
development,SADDLE_POINT_LIKE_D16_C06_E1eM15,decimal-source,SADDLE_POINT_LIKE,16,6,1e-15,z,1550860.3834447174,1105982.4579041572,1.402246818980842,5.76137415741324e-10,8.903421211795881e-14,6470.966632220168,4614.713005320483,0.0,FINITE
development,SADDLE_POINT_LIKE_D16_C06_E1eM15,decimal-source,SADDLE_POINT_LIKE,16,6,1e-15,zg,1550860.3851453762,1105982.4591273544,1.4022468189676722,6.221716816072272e-10,1.9503568625000964e-13,3190.040210434548,2274.9491510938433,0.0,FINITE
development,SADDLE_POINT_LIKE_D16_C06_E1eM15,binary64-operand,SADDLE_POINT_LIKE,16,6,1e-15,z,1550860.3834447174,1105982.4579041572,1.402246818980842,6.752307089932445e-10,8.865236537228935e-14,7616.61244071335,5431.720248970956,0.0,FINITE
development,SADDLE_POINT_LIKE_D16_C06_E1eM15,binary64-operand,SADDLE_POINT_LIKE,16,6,1e-15,zg,1550860.3851453762,1105982.4591273544,1.4022468189676722,3.870998325578324e-10,8.462054863322177e-14,4574.537022156084,3262.290889362714,0.0,FINITE
development,SADDLE_POINT_LIKE_D16_C06_E1eM16,decimal-source,SADDLE_POINT_LIKE,16,6,1e-16,z,1549613.6854499734,1132778.9027636372,1.3679754113264164,2.869137422112087e-10,1.7836073046494562e-13,1608.614976308351,1175.9092765772782,1.4134748139982964e-16,FINITE
development,SADDLE_POINT_LIKE_D16_C06_E1eM16,decimal-source,SADDLE_POINT_LIKE,16,6,1e-16,zg,1549613.6856200488,1132778.902891956,1.3679754113215952,7.56001049455105e-10,1.31437186472753e-13,5751.804871537055,4204.611299248618,1.5812335816077223e-16,FINITE
development,SADDLE_POINT_LIKE_D16_C06_E1eM16,binary64-operand,SADDLE_POINT_LIKE,16,6,1e-16,z,1549613.6854499734,1132778.9027636372,1.3679754113264164,2.3959393268331547e-10,1.839858043272206e-13,1302.2414069359138,951.9479635041351,0.0,FINITE
development,SADDLE_POINT_LIKE_D16_C06_E1eM16,binary64-operand,SADDLE_POINT_LIKE,16,6,1e-16,zg,1549613.6856200488,1132778.902891956,1.3679754113215952,5.470512361024437e-10,1.8402760222740716e-13,2972.6586092581906,2173.03511792388,1.5297664840159483e-16,FINITE
development,SADDLE_POINT_LIKE_D16_C06_E1eM8,decimal-source,SADDLE_POINT_LIKE,16,6,1e-8,z,1547058.6757261935,1114752.3546001518,1.387804806459552,2.2646465786501912e-10,5.6019640717257786e-14,4042.5939003791736,2912.9412735587007,0.0,FINITE
development,SADDLE_POINT_LIKE_D16_C06_E1eM8,decimal-source,SADDLE_POINT_LIKE,16,6,1e-8,zg,1564176.9771914263,1127319.171609527,1.3875191840818042,6.103934497880012e-10,1.1246427368946183e-14,54274.43131615552,39116.166420482194,0.0,FINITE
development,SADDLE_POINT_LIKE_D16_C06_E1eM8,binary64-operand,SADDLE_POINT_LIKE,16,6,1e-8,z,1547058.6757261935,1114752.3546001518,1.387804806459552,2.792374540143179e-10,5.536355981848217e-14,5043.704829130212,3634.304194404166,0.0,FINITE
development,SADDLE_POINT_LIKE_D16_C06_E1eM8,binary64-operand,SADDLE_POINT_LIKE,16,6,1e-8,zg,1564176.9771914263,1127319.171609527,1.3875191840818042,7.835380827210108e-10,3.3268199829016755e-14,23552.163529978665,16974.297581020037,0.0,FINITE
development,SADDLE_POINT_LIKE_D16_C08_E1eM12,decimal-source,SADDLE_POINT_LIKE,16,8,1e-12,z,110179476.63619202,110168829.05071285,1.0000966478955156,8.846120344123133e-09,5.707145493806204e-13,15500.07854841543,15498.580643212785,0.0,FINITE
development,SADDLE_POINT_LIKE_D16_C08_E1eM12,decimal-source,SADDLE_POINT_LIKE,16,8,1e-12,zg,110191613.99452029,110180967.5588925,1.0000966268119047,2.2628927370871977e-08,2.432311842657887e-13,93034.64701361819,93025.65824083705,0.0,FINITE
development,SADDLE_POINT_LIKE_D16_C08_E1eM12,binary64-operand,SADDLE_POINT_LIKE,16,8,1e-12,z,110179476.63619202,110168829.05071285,1.0000966478955156,1.4023450009200125e-08,5.294780944046573e-13,26485.420562994255,26482.86105020652,0.0,FINITE
development,SADDLE_POINT_LIKE_D16_C08_E1eM12,binary64-operand,SADDLE_POINT_LIKE,16,8,1e-12,zg,110191613.99452029,110180967.5588925,1.0000966268119047,2.000758079967744e-08,6.188331532884373e-13,32331.13916628176,32328.015413217174,0.0,FINITE
development,SADDLE_POINT_LIKE_D16_C08_E1eM14,decimal-source,SADDLE_POINT_LIKE,16,8,1e-14,z,110138549.87207639,110127926.53567289,1.000096463601356,5.248270560600917e-08,1.8726770611107574e-12,28025.497132367094,28022.793952742355,0.0,FINITE
development,SADDLE_POINT_LIKE_D16_C08_E1eM14,decimal-source,SADDLE_POINT_LIKE,16,8,1e-14,zg,110138671.1423436,110128047.81740847,1.000096463390986,1.0244527782760598e-08,1.871939583660642e-12,5472.680781036252,5472.152918609729,0.0,FINITE
development,SADDLE_POINT_LIKE_D16_C08_E1eM14,binary64-operand,SADDLE_POINT_LIKE,16,8,1e-14,z,110138549.87207639,110127926.53567289,1.000096463601356,4.342298070693553e-08,1.289769856958629e-12,33667.23177213187,33663.984422958434,0.0,FINITE
development,SADDLE_POINT_LIKE_D16_C08_E1eM14,binary64-operand,SADDLE_POINT_LIKE,16,8,1e-14,zg,110138671.1423436,110128047.81740847,1.000096463390986,1.9434340612171837e-08,1.2374009458171596e-12,15705.774816050194,15704.259929884434,0.0,FINITE
development,SADDLE_POINT_LIKE_D16_C08_E1eM15,decimal-source,SADDLE_POINT_LIKE,16,8,1e-15,z,110124257.1273932,110113618.59098428,1.0000966141749317,2.920231670440971e-08,2.8238398803117994e-13,103413.50056004338,103403.51031520923,0.0,FINITE
development,SADDLE_POINT_LIKE_D16_C08_E1eM15,decimal-source,SADDLE_POINT_LIKE,16,8,1e-15,zg,110124269.25125529,110113630.71599464,1.0000966141538652,2.998140344017718e-08,3.736555344710348e-13,80238.08206834226,80230.33068282902,0.0,FINITE
development,SADDLE_POINT_LIKE_D16_C08_E1eM15,binary64-operand,SADDLE_POINT_LIKE,16,8,1e-15,z,110124257.1273932,110113618.59098428,1.0000966141749317,2.730922945547802e-08,1.8685083723068514e-13,146155.2426535942,146141.1233495382,0.0,FINITE
development,SADDLE_POINT_LIKE_D16_C08_E1eM15,binary64-operand,SADDLE_POINT_LIKE,16,8,1e-15,zg,110124269.25125529,110113630.71599464,1.0000966141538652,1.7296185284438118e-08,2.8866085066398596e-13,59918.70821641708,59912.91978036691,0.0,FINITE
development,SADDLE_POINT_LIKE_D16_C08_E1eM16,decimal-source,SADDLE_POINT_LIKE,16,8,1e-16,z,110003546.07731903,109992882.7222431,1.0000969458642415,2.4856311915368145e-08,1.8394411252467296e-12,13512.969550484579,13511.65965096238,0.0,FINITE
development,SADDLE_POINT_LIKE_D16_C08_E1eM16,decimal-source,SADDLE_POINT_LIKE,16,8,1e-16,zg,110003547.28704752,109992883.93208657,1.0000969458621298,3.359045239805559e-08,2.7512435519089684e-12,12209.188959206696,12208.005443594082,0.0,FINITE
development,SADDLE_POINT_LIKE_D16_C08_E1eM16,binary64-operand,SADDLE_POINT_LIKE,16,8,1e-16,z,110003546.07731903,109992882.7222431,1.0000969458642415,2.5659632894542864e-08,1.5120132914249769e-12,16970.507494917776,16968.86243388393,0.0,FINITE
development,SADDLE_POINT_LIKE_D16_C08_E1eM16,binary64-operand,SADDLE_POINT_LIKE,16,8,1e-16,zg,110003547.28704752,109992883.93208657,1.0000969458621298,3.469312347683368e-08,1.50879376805013e-12,22993.94669535843,22991.717743459943,0.0,FINITE
development,SADDLE_POINT_LIKE_D16_C08_E1eM8,decimal-source,SADDLE_POINT_LIKE,16,8,1e-8,z,110393284.10023984,110382646.35337004,1.0000963715513373,4.077831702087346e-08,3.3396932662602237e-13,122101.9829361062,122090.21691249924,0.0,FINITE
development,SADDLE_POINT_LIKE_D16_C08_E1eM8,decimal-source,SADDLE_POINT_LIKE,16,8,1e-8,zg,1063146714.2863772,1063145585.3982818,1.0000010618377304,4.992113847322922e-07,1.6415013078736632e-12,304118.7858564372,304118.46293197875,0.0,FINITE
development,SADDLE_POINT_LIKE_D16_C08_E1eM8,binary64-operand,SADDLE_POINT_LIKE,16,8,1e-8,z,110393284.10023984,110382646.35337004,1.0000963715513373,3.4187519329101685e-08,5.480362579017625e-13,62381.85674063544,62375.8454836402,0.0,FINITE
development,SADDLE_POINT_LIKE_D16_C08_E1eM8,binary64-operand,SADDLE_POINT_LIKE,16,8,1e-8,zg,1063146714.2863772,1063145585.3982818,1.0000010618377304,4.013665143414326e-07,7.250516113860251e-12,55356.957772174486,55356.8989921305,0.0,FINITE
development,SADDLE_POINT_LIKE_D16_C10_E1eM12,decimal-source,SADDLE_POINT_LIKE,16,10,1e-12,z,11035781622.291048,11034717892.637604,1.000096398445687,3.663135822427983e-06,1.0982413597444158e-12,3335456.081603477,3335134.579813826,0.0,FINITE
development,SADDLE_POINT_LIKE_D16_C10_E1eM12,decimal-source,SADDLE_POINT_LIKE,16,10,1e-12,zg,11158893747.218922,11157841526.169647,1.000094303279609,4.829634849572421e-06,7.368562843436917e-12,655437.8312555363,655376.0271467993,0.0,FINITE
development,SADDLE_POINT_LIKE_D16_C10_E1eM12,binary64-operand,SADDLE_POINT_LIKE,16,10,1e-12,z,11035781622.291048,11034717892.637604,1.000096398445687,4.001626874571384e-06,7.293444683353016e-13,5486607.561040301,5486078.711579588,0.0,FINITE
development,SADDLE_POINT_LIKE_D16_C10_E1eM12,binary64-operand,SADDLE_POINT_LIKE,16,10,1e-12,zg,11158893747.218922,11157841526.169647,1.000094303279609,4.459751630319657e-06,6.091183418359017e-12,732165.0529973907,732096.0139422873,0.0,FINITE
development,SADDLE_POINT_LIKE_D16_C10_E1eM14,decimal-source,SADDLE_POINT_LIKE,16,10,1e-14,z,11037784986.85145,11036722665.34883,1.000096253347559,2.1933296972286323e-06,1.2293876658337395e-11,178408.30505983415,178391.13431598138,0.0,FINITE
development,SADDLE_POINT_LIKE_D16_C10_E1eM14,decimal-source,SADDLE_POINT_LIKE,16,10,1e-14,zg,11039003098.84175,11037940892.273077,1.0000962323117182,2.1064446368359465e-06,3.1268570005787636e-12,673661.966775601,673597.1449651743,0.0,FINITE
development,SADDLE_POINT_LIKE_D16_C10_E1eM14,binary64-operand,SADDLE_POINT_LIKE,16,10,1e-14,z,11037784986.85145,11036722665.34883,1.000096253347559,2.5748913889427496e-06,1.2982300901778335e-11,198338.60025460026,198319.51133774774,0.0,FINITE
development,SADDLE_POINT_LIKE_D16_C10_E1eM14,binary64-operand,SADDLE_POINT_LIKE,16,10,1e-14,zg,11039003098.84175,11037940892.273077,1.0000962323117182,2.9969651954656275e-06,3.1831142285934985e-12,941519.8388245956,941429.242912231,0.0,FINITE
development,SADDLE_POINT_LIKE_D16_C10_E1eM15,decimal-source,SADDLE_POINT_LIKE,16,10,1e-15,z,11027071769.8124,11026008957.925282,1.0000963913498688,4.101494578228384e-06,2.6575469829621802e-11,154333.8501453975,154318.97513107426,0.0,FINITE
development,SADDLE_POINT_LIKE_D16_C10_E1eM15,decimal-source,SADDLE_POINT_LIKE,16,10,1e-15,zg,11027193332.539064,11026130532.139303,1.0000963892452264,4.068751462848643e-06,5.50285040992859e-12,739389.7997858609,739318.5374300561,0.0,FINITE
development,SADDLE_POINT_LIKE_D16_C10_E1eM15,binary64-operand,SADDLE_POINT_LIKE,16,10,1e-15,z,11027071769.8124,11026008957.925282,1.0000963913498688,3.87901737061474e-06,1.658279415244928e-11,233918.2006936876,233895.65517575675,0.0,FINITE
development,SADDLE_POINT_LIKE_D16_C10_E1eM15,binary64-operand,SADDLE_POINT_LIKE,16,10,1e-15,zg,11027193332.539064,11026130532.139303,1.0000963892452264,2.9386078579685226e-06,5.5893944809712816e-12,525747.0854799774,525696.4139994138,0.0,FINITE
development,SADDLE_POINT_LIKE_D16_C10_E1eM16,decimal-source,SADDLE_POINT_LIKE,16,10,1e-16,z,11038439335.407677,11037378195.127481,1.000096140610699,3.657487931444896e-06,1.8796109490023225e-11,194587.49872606626,194568.79276350702,0.0,FINITE
development,SADDLE_POINT_LIKE_D16_C10_E1eM16,decimal-source,SADDLE_POINT_LIKE,16,10,1e-16,zg,11038451516.644724,11037390377.512669,1.0000961404005622,4.216840801103051e-06,9.837031458135391e-12,428670.0534657386,428628.8449168958,0.0,FINITE
development,SADDLE_POINT_LIKE_D16_C10_E1eM16,binary64-operand,SADDLE_POINT_LIKE,16,10,1e-16,z,11038439335.407677,11037378195.127481,1.000096140610699,4.155493318881486e-06,1.846319408560041e-11,225069.03732991617,225047.4011353348,0.0,FINITE
development,SADDLE_POINT_LIKE_D16_C10_E1eM16,binary64-operand,SADDLE_POINT_LIKE,16,10,1e-16,zg,11038451516.644724,11037390377.512669,1.0000961404005622,3.0788949488479234e-06,1.851983337230524e-11,166248.52324277046,166232.54157963654,0.0,FINITE
development,SADDLE_POINT_LIKE_D16_C10_E1eM8,decimal-source,SADDLE_POINT_LIKE,16,10,1e-8,z,11014422146.754827,11013358502.362772,1.0000965776599233,2.1093540302617103e-06,3.344599259568311e-12,630674.6687894578,630613.7655876619,0.0,FINITE
development,SADDLE_POINT_LIKE_D16_C10_E1eM8,decimal-source,SADDLE_POINT_LIKE,16,10,1e-8,zg,1963633859.4398503,1611209643.9949713,1.2187326874304503,6.301008199217635e-07,2.3467316641227205e-11,26850.143523218463,22031.199950687074,0.0,FINITE
development,SADDLE_POINT_LIKE_D16_C10_E1eM8,binary64-operand,SADDLE_POINT_LIKE,16,10,1e-8,z,11014422146.754827,11013358502.362772,1.0000965776599233,1.8859761913314613e-06,3.3393734351806765e-12,564769.4778494939,564714.9390021613,0.0,FINITE
development,SADDLE_POINT_LIKE_D16_C10_E1eM8,binary64-operand,SADDLE_POINT_LIKE,16,10,1e-8,zg,1963633859.4398503,1611209643.9949713,1.2187326874304503,6.016734383002704e-07,1.6569644324991037e-12,363117.8958940001,297947.1213327264,0.0,FINITE
development,SPD_D02_C02_E1eM12,decimal-source,SPD,2,2,1e-12,z,100.00510086995563,100.0001010101,1.0000499985480527,2.2254891253681038e-15,4.965068306494546e-17,44.822930682686845,44.82068971327846,0.0,FINITE
development,SPD_D02_C02_E1eM12,decimal-source,SPD,2,2,1e-12,zg,100.0051008599561,100.00010100009997,1.0000499985480626,8.480856282507664e-15,8.851721509612639e-17,95.81024745635942,95.80545732259681,0.0,FINITE
development,SPD_D02_C02_E1eM12,binary64-operand,SPD,2,2,1e-12,z,100.00510086995563,100.0001010101,1.0000499985480527,2.285541859250024e-15,2.6931320372556175e-17,84.86557018493085,84.86132724178293,0.0,FINITE
development,SPD_D02_C02_E1eM12,binary64-operand,SPD,2,2,1e-12,zg,100.0051008599561,100.00010100009997,1.0000499985480626,1.3640859767567015e-15,2.0831478661491455e-17,65.4819563662716,65.4786825272162,0.0,FINITE
development,SPD_D02_C02_E1eM14,decimal-source,SPD,2,2,1e-14,z,100.00510086995563,100.0001010101,1.0000499985480527,5.613850777601169e-16,4.4754520913118096e-17,12.543650704024586,12.543023571057843,0.0,FINITE
development,SPD_D02_C02_E1eM14,decimal-source,SPD,2,2,1e-14,zg,100.00510086985564,100.00010100999997,1.000049998548053,3.329848714427394e-16,1.9334129465779851e-16,1.722264620354906,1.7221785139297212,0.0,FINITE
development,SPD_D02_C02_E1eM14,binary64-operand,SPD,2,2,1e-14,z,100.00510086995563,100.0001010101,1.0000499985480527,4.901910807347253e-16,5.024712415676215e-18,97.5560470297595,97.55116961291802,0.0,FINITE
development,SPD_D02_C02_E1eM14,binary64-operand,SPD,2,2,1e-14,zg,100.00510086985564,100.00010100999997,1.000049998548053,4.581602887148865e-16,1.8212095205795318e-16,2.5156923656378325,2.5155665909607534,0.0,FINITE
development,SPD_D02_C02_E1eM15,decimal-source,SPD,2,2,1e-15,z,100.00510086995563,100.0001010101,1.0000499985480527,2.237986416046408e-15,1.350644602892852e-16,16.569765364278805,16.568936941488953,0.0,FINITE
development,SPD_D02_C02_E1eM15,decimal-source,SPD,2,2,1e-15,zg,100.00510086994564,100.00010101008999,1.0000499985480529,5.57824082800368e-15,1.280048818468417e-16,43.57834441562991,43.57616567061667,0.0,FINITE
development,SPD_D02_C02_E1eM15,binary64-operand,SPD,2,2,1e-15,z,100.00510086995563,100.0001010101,1.0000499985480527,1.1752421757939701e-15,2.6623236920961355e-17,44.143474337211906,44.14126733793581,0.0,FINITE
development,SPD_D02_C02_E1eM15,binary64-operand,SPD,2,2,1e-15,zg,100.00510086994564,100.00010101008999,1.0000499985480529,9.375221646998054e-16,7.662293469744643e-17,12.23552932815362,12.23491760003807,0.0,FINITE
development,SPD_D02_C02_E1eM16,decimal-source,SPD,2,2,1e-16,z,100.00510086995563,100.0001010101,1.0000499985480527,2.222914100605639e-15,3.14018491736755e-17,70.78927385171734,70.7857346677611,0.0,FINITE
development,SPD_D02_C02_E1eM16,decimal-source,SPD,2,2,1e-16,zg,100.00510086995462,100.00010101009897,1.0000499985480529,1.1822807274206121e-14,1.1851215148332653e-16,99.76029568469586,99.7553080641321,0.0,FINITE
development,SPD_D02_C02_E1eM16,binary64-operand,SPD,2,2,1e-16,z,100.00510086995563,100.0001010101,1.0000499985480527,4.496189848642929e-15,9.228967076138673e-17,48.718234787810076,48.71579906858942,0.0,FINITE
development,SPD_D02_C02_E1eM16,binary64-operand,SPD,2,2,1e-16,zg,100.00510086995462,100.00010101009897,1.0000499985480529,5.0951255024636004e-15,6.413800806178943e-17,79.44003339728053,79.43606170953201,0.0,FINITE
development,SPD_D02_C02_E1eM8,decimal-source,SPD,2,2,1e-8,z,100.00510086995563,100.0001010101,1.0000499985480527,1.6704963015086396e-15,4.7428748402675475e-17,35.22117613827664,35.21941521865244,0.0,FINITE
development,SPD_D02_C02_E1eM8,decimal-source,SPD,2,2,1e-8,zg,100.00500087475325,100.00000100999794,1.0000499986470481,9.461668146561359e-17,5.161778412344977e-17,1.8330248590161695,1.8329332148352981,0.0,FINITE
development,SPD_D02_C02_E1eM8,binary64-operand,SPD,2,2,1e-8,z,100.00510086995563,100.0001010101,1.0000499985480527,4.902247395063174e-16,8.107573392879274e-18,60.4650387669475,60.46201575394747,0.0,FINITE
development,SPD_D02_C02_E1eM8,binary64-operand,SPD,2,2,1e-8,zg,100.00500087475325,100.00000100999794,1.0000499986470481,1.1524348229816337e-16,5.342722106216543e-18,21.570180894130992,21.56910246818954,0.0,FINITE
development,SPD_D02_C04_E1eM12,decimal-source,SPD,2,4,1e-12,z,10000.00005,10000.0,1.000000005,2.2204460631281008e-13,2.482534153247273e-17,8944.271965900858,8944.2719211795,0.0,FINITE
development,SPD_D02_C04_E1eM12,decimal-source,SPD,2,4,1e-12,zg,9999.999950000001,9999.9999,1.0000000050000002,8.848687682613716e-14,1.4723293513938672e-17,6009.9920403248,6009.992010274838,0.0,FINITE
development,SPD_D02_C04_E1eM12,binary64-operand,SPD,2,4,1e-12,z,10000.00005,10000.0,1.000000005,4.325966689846996e-18,4.325966668217163e-18,1.0000000049999997,0.9999999999999998,0.0,FINITE
development,SPD_D02_C04_E1eM12,binary64-operand,SPD,2,4,1e-12,zg,9999.999950000001,9999.9999,1.0000000050000002,2.2204460046368407e-13,2.7952019141215e-17,7943.776774833462,7943.776735114577,0.0,FINITE
development,SPD_D02_C04_E1eM14,decimal-source,SPD,2,4,1e-14,z,10000.000150009999,10000.000100010002,1.0000000049999997,1.1095570463493611e-13,6.75322301446426e-17,1643.0037094478855,1643.0037012328673,0.0,FINITE
development,SPD_D02_C04_E1eM14,decimal-source,SPD,2,4,1e-14,zg,10000.000149009998,10000.000099010002,1.0000000049999997,1.4004603246469676e-13,5.443646397614652e-17,2572.6511649629456,2572.6511520996905,0.0,FINITE
development,SPD_D02_C04_E1eM14,binary64-operand,SPD,2,4,1e-14,z,10000.000150009999,10000.000100010002,1.0000000049999997,1.4485056167717242e-13,2.1430675800502036e-17,6759.029114414541,6759.029080619398,0.0,FINITE
development,SPD_D02_C04_E1eM14,binary64-operand,SPD,2,4,1e-14,zg,10000.000149009998,10000.000099010002,1.0000000049999997,1.9791924745121573e-13,8.099329637208495e-17,2443.6497378989297,2443.6497256806815,0.0,FINITE
development,SPD_D02_C04_E1eM15,decimal-source,SPD,2,4,1e-15,z,10000.000450039997,10000.000400040004,1.000000004999999,2.220446193588189e-13,2.2204460492503132e-17,10000.000650040005,10000.000600040012,0.0,FINITE
development,SPD_D02_C04_E1eM15,decimal-source,SPD,2,4,1e-15,zg,10000.00044994,10000.000399940003,1.0000000049999995,8.729467089176871e-13,8.994570948764613e-17,9705.262362042791,9705.262313516485,0.0,FINITE
development,SPD_D02_C04_E1eM15,binary64-operand,SPD,2,4,1e-15,z,10000.000450039997,10000.000400040004,1.000000004999999,1.1018205209624078e-13,1.1992441328475488e-17,9187.624861221433,9187.624815283318,0.0,FINITE
development,SPD_D02_C04_E1eM15,binary64-operand,SPD,2,4,1e-15,zg,10000.00044994,10000.000399940003,1.0000000049999995,9.97460352360843e-14,1.0794218794261403e-16,924.0690515659447,924.0690469455999,0.0,FINITE
development,SPD_D02_C04_E1eM16,decimal-source,SPD,2,4,1e-16,z,10000.000150009999,10000.000100010002,1.0000000049999997,5.550227037963974e-13,1.0473823066688541e-16,5299.141490766812,5299.141464271106,0.0,FINITE
development,SPD_D02_C04_E1eM16,decimal-source,SPD,2,4,1e-16,zg,10000.000149999998,10000.000100000001,1.0000000049999997,9.998673938560444e-14,3.8062714592965436e-17,2626.894598949164,2626.8945858146917,0.0,FINITE
development,SPD_D02_C04_E1eM16,binary64-operand,SPD,2,4,1e-16,z,10000.000150009999,10000.000100010002,1.0000000049999997,4.482426218242059e-14,2.4656778984177563e-17,1817.928538483662,1817.9285293940197,0.0,FINITE
development,SPD_D02_C04_E1eM16,binary64-operand,SPD,2,4,1e-16,zg,10000.000149999998,10000.000100000001,1.0000000049999997,8.978829809094666e-14,2.8179851697262494e-17,3186.258716175893,3186.2587002446003,0.0,FINITE
development,SPD_D02_C04_E1eM8,decimal-source,SPD,2,4,1e-8,z,10000.000150009999,10000.000100010002,1.0000000049999997,8.32223269982372e-14,4.518280359883027e-17,1841.9026791066972,1841.9026698971843,0.0,FINITE
development,SPD_D02_C04_E1eM8,decimal-source,SPD,2,4,1e-8,zg,9999.000249985,9999.000199980002,1.0000000050009998,1.0946979375145443e-14,4.998945888276066e-17,218.9857545931671,218.98575349801936,0.0,FINITE
development,SPD_D02_C04_E1eM8,binary64-operand,SPD,2,4,1e-8,z,10000.000150009999,10000.000100010002,1.0000000049999997,2.2412130712515247e-14,1.1444665929593617e-17,1958.3036193797461,1958.3036095882285,0.0,FINITE
development,SPD_D02_C04_E1eM8,binary64-operand,SPD,2,4,1e-8,zg,9999.000249985,9999.000199980002,1.0000000050009998,1.0911398583480325e-14,7.42163978770913e-18,1470.2139817605448,1470.213974408005,0.0,FINITE
development,SPD_D02_C06_E1eM12,decimal-source,SPD,2,6,1e-12,z,1000000.0001005001,1000000.0001000003,1.0000000000004998,4.440336987448461e-11,5.568850360397649e-16,79735.25413836753,79735.25413832767,0.0,FINITE
development,SPD_D02_C06_E1eM12,decimal-source,SPD,2,6,1e-12,zg,999999.0001014997,999999.0001009997,1.0000000000005,1.3465719008493336e-11,4.770719055174056e-16,28225.763983920133,28225.763983906018,0.0,FINITE
development,SPD_D02_C06_E1eM12,binary64-operand,SPD,2,6,1e-12,z,1000000.0001005001,1000000.0001000003,1.0000000000004998,2.2749989015224804e-11,1.7069418527414103e-16,133279.22669824693,133279.2266981803,0.0,FINITE
development,SPD_D02_C06_E1eM12,binary64-operand,SPD,2,6,1e-12,zg,999999.0001014997,999999.0001009997,1.0000000000005,8.448930176456212e-12,3.439452932426187e-16,24564.750099651294,24564.75009963901,0.0,FINITE
development,SPD_D02_C06_E1eM14,decimal-source,SPD,2,6,1e-14,z,1000000.0001005001,1000000.0001000003,1.0000000000004998,2.2205348675330544e-11,9.155133597044475e-17,242545.32650947914,242545.32650935792,0.0,FINITE
development,SPD_D02_C06_E1eM14,decimal-source,SPD,2,6,1e-14,zg,999999.9901005003,999999.9901000002,1.0000000000005,2.2279681042248007e-11,3.559750265361399e-17,625877.6425706956,625877.6425703827,0.0,FINITE
development,SPD_D02_C06_E1eM14,binary64-operand,SPD,2,6,1e-14,z,1000000.0001005001,1000000.0001000003,1.0000000000004998,3.675652767619432e-11,1.460969764753824e-16,251589.92720419413,251589.92720406837,0.0,FINITE
development,SPD_D02_C06_E1eM14,binary64-operand,SPD,2,6,1e-14,zg,999999.9901005003,999999.9901000002,1.0000000000005,2.932835230395239e-12,3.3859533996180047e-16,8661.770805014961,8661.77080501063,0.0,FINITE
development,SPD_D02_C06_E1eM15,decimal-source,SPD,2,6,1e-15,z,1000000.0001005001,1000000.0001000003,1.0000000000004998,2.2208679351565105e-11,4.2246867316554245e-16,52568.81932843985,52568.81932841358,0.0,FINITE
development,SPD_D02_C06_E1eM15,decimal-source,SPD,2,6,1e-15,zg,999999.9991005003,999999.9991,1.0000000000005003,9.146277584418018e-11,1.2639835439660051e-15,72360.73308137947,72360.73308134326,0.0,FINITE
development,SPD_D02_C06_E1eM15,binary64-operand,SPD,2,6,1e-15,z,1000000.0001005001,1000000.0001000003,1.0000000000004998,4.004247240310835e-12,9.579298944513569e-17,41801.04685640091,41801.04685638002,0.0,FINITE
development,SPD_D02_C06_E1eM15,binary64-operand,SPD,2,6,1e-15,zg,999999.9991005003,999999.9991,1.0000000000005003,7.124529088332429e-12,8.84634540479852e-16,8053.641093945838,8053.641093941809,0.0,FINITE
development,SPD_D02_C06_E1eM16,decimal-source,SPD,2,6,1e-16,z,1000000.0000005,1000000.0,1.0000000000005,4.440892098503402e-11,4.965068306494546e-17,894427.191000475,894427.1910000277,0.0,FINITE
development,SPD_D02_C06_E1eM16,decimal-source,SPD,2,6,1e-16,zg,999999.9999004999,999999.9998999999,1.0000000000005,2.5591079012473623e-11,4.4676057411440534e-17,572814.1759868077,572814.1759865213,0.0,FINITE
development,SPD_D02_C06_E1eM16,binary64-operand,SPD,2,6,1e-16,z,1000000.0000005,1000000.0,1.0000000000005,2.2204460492514232e-17,2.2204460492503132e-17,1.0000000000004998,0.9999999999999998,0.0,FINITE
development,SPD_D02_C06_E1eM16,binary64-operand,SPD,2,6,1e-16,zg,999999.9999004999,999999.9998999999,1.0000000000005,6.829052679947441e-18,6.829052679944026e-18,1.0000000000005,1.0,0.0,FINITE
development,SPD_D02_C06_E1eM8,decimal-source,SPD,2,6,1e-8,z,1000000.0001005001,1000000.0001000003,1.0000000000004998,4.4409587126220775e-11,8.005932084973443e-17,554708.5168206006,554708.5168203233,0.0,FINITE
development,SPD_D02_C06_E1eM8,decimal-source,SPD,2,6,1e-8,zg,990099.009999525,990099.0099990201,1.00000000000051,4.291822236730141e-11,1.2198248846941337e-15,35183.92099212092,35183.920992102976,0.0,FINITE
development,SPD_D02_C06_E1eM8,binary64-operand,SPD,2,6,1e-8,z,1000000.0001005001,1000000.0001000003,1.0000000000004998,2.0756192068993523e-11,2.9051835421040016e-16,71445.37261821814,71445.37261818243,0.0,FINITE
development,SPD_D02_C06_E1eM8,binary64-operand,SPD,2,6,1e-8,zg,990099.009999525,990099.0099990201,1.00000000000051,6.162009505568688e-11,3.846108240531287e-16,160214.14687792282,160214.1468778411,0.0,FINITE
development,SPD_D02_C08_E1eM12,decimal-source,SPD,2,8,1e-12,z,100000000.00010002,100000000.0001,1.0000000000000002,2.2202761851298272e-09,1.6987863486701484e-15,1306977.8826913189,1306977.8826913186,0.0,FINITE
development,SPD_D02_C08_E1eM12,decimal-source,SPD,2,8,1e-12,zg,99990001.00000001,99990001.00000001,1.0,5.050434411741874e-09,1.6704924106169613e-14,302332.0776343188,302332.0776343188,0.0,FINITE
development,SPD_D02_C08_E1eM12,binary64-operand,SPD,2,8,1e-12,z,100000000.00010002,100000000.0001,1.0000000000000002,1.1503982548598089e-09,4.085160037450888e-15,281604.2075006808,281604.20750068076,0.0,FINITE
development,SPD_D02_C08_E1eM12,binary64-operand,SPD,2,8,1e-12,zg,99990001.00000001,99990001.00000001,1.0,4.2051943201753085e-10,6.297520482905875e-15,66775.39726293829,66775.39726293829,0.0,FINITE
development,SPD_D02_C08_E1eM14,decimal-source,SPD,2,8,1e-14,z,100000000.00010002,100000000.0001,1.0000000000000002,2.220408301670461e-09,3.7812833677378426e-16,5872102.367717612,5872102.367717611,0.0,FINITE
development,SPD_D02_C08_E1eM14,decimal-source,SPD,2,8,1e-14,zg,99999900.0002,99999900.00020002,0.9999999999999999,1.3132489910305575e-09,6.6835188197232696e-15,196490.65506558004,196490.65506558007,0.0,FINITE
development,SPD_D02_C08_E1eM14,binary64-operand,SPD,2,8,1e-14,z,100000000.00010002,100000000.0001,1.0000000000000002,3.5381776917803083e-09,1.182922535388006e-15,2991047.6687467652,2991047.668746765,0.0,FINITE
development,SPD_D02_C08_E1eM14,binary64-operand,SPD,2,8,1e-14,zg,99999900.0002,99999900.00020002,0.9999999999999999,3.1105832862119105e-09,5.3906421778564164e-15,577033.9012649567,577033.9012649568,0.0,FINITE
development,SPD_D02_C08_E1eM15,decimal-source,SPD,2,8,1e-15,z,100000000.0004,100000000.0004,1.0,2.2189433623974902e-09,7.513467129512048e-15,295328.8174618788,295328.8174618788,0.0,FINITE
development,SPD_D02_C08_E1eM15,decimal-source,SPD,2,8,1e-15,zg,99999990.000401,99999990.000401,1.0,1.0405268351796595e-08,1.4569429857606643e-14,714185.006104686,714185.006104686,0.0,FINITE
development,SPD_D02_C08_E1eM15,binary64-operand,SPD,2,8,1e-15,z,100000000.0004,100000000.0004,1.0,5.736115085019454e-10,1.6138859314086644e-16,3554225.8429706628,3554225.8429706628,0.0,FINITE
development,SPD_D02_C08_E1eM15,binary64-operand,SPD,2,8,1e-15,zg,99999990.000401,99999990.000401,1.0,2.1465558462612007e-09,6.329272383645511e-15,339147.33260773896,339147.33260773896,0.0,FINITE
development,SPD_D02_C08_E1eM16,decimal-source,SPD,2,8,1e-16,z,100000000.0004,100000000.0004,1.0,2.2169066582963508e-09,1.7696968942544915e-14,125270.41582622273,125270.41582622273,0.0,FINITE
development,SPD_D02_C08_E1eM16,decimal-source,SPD,2,8,1e-16,zg,99999999.00040002,99999999.00040004,0.9999999999999999,1.3606501958888477e-08,5.7338026716206135e-15,2373032.826231306,2373032.8262313064,0.0,FINITE
development,SPD_D02_C08_E1eM16,binary64-operand,SPD,2,8,1e-16,z,100000000.0004,100000000.0004,1.0,4.597374171911837e-09,8.561379278953801e-15,536989.8963842699,536989.8963842699,0.0,FINITE
development,SPD_D02_C08_E1eM16,binary64-operand,SPD,2,8,1e-16,zg,99999999.00040002,99999999.00040004,0.9999999999999999,5.226034529008785e-09,8.599197859854722e-15,607735.1183424306,607735.1183424307,0.0,FINITE
development,SPD_D02_C08_E1eM8,decimal-source,SPD,2,8,1e-8,z,100000000.00010002,100000000.0001,1.0000000000000002,3.075471571012892e-13,3.0753177782116835e-15,100.00500087510625,100.00500087510622,0.0,FINITE
development,SPD_D02_C08_E1eM8,decimal-source,SPD,2,8,1e-8,zg,50000000.000025004,50000000.000025,1.0000000000000002,1.977911820440247e-09,3.2835725015781413e-15,602365.8132992735,602365.8132992734,0.0,FINITE
development,SPD_D02_C08_E1eM8,binary64-operand,SPD,2,8,1e-8,z,100000000.00010002,100000000.0001,1.0000000000000002,2.8786462949450975e-10,4.227055923682824e-15,68100.5017893654,68100.50178936539,0.0,FINITE
development,SPD_D02_C08_E1eM8,binary64-operand,SPD,2,8,1e-8,zg,50000000.000025004,50000000.000025,1.0000000000000002,6.023226805503014e-10,1.1935955745085958e-15,504628.78165267844,504628.7816526783,0.0,FINITE
development,SPD_D02_C10_E1eM12,decimal-source,SPD,2,10,1e-12,z,10000000000.0001,10000000000.000101,0.9999999999999998,1.110274983062732e-07,5.195855616589294e-15,21368472.586456276,21368472.58645628,0.0,FINITE
development,SPD_D02_C10_E1eM12,decimal-source,SPD,2,10,1e-12,zg,9900990099.01,9900990099.01,1.0,1.3640474868492984e-07,1.732685828255452e-14,7872445.567484582,7872445.567484582,0.0,FINITE
development,SPD_D02_C10_E1eM12,binary64-operand,SPD,2,10,1e-12,z,10000000000.0001,10000000000.000101,0.9999999999999998,8.139648586630363e-08,1.4640222897799118e-14,5559784.6039994415,5559784.603999442,0.0,FINITE
development,SPD_D02_C10_E1eM12,binary64-operand,SPD,2,10,1e-12,zg,9900990099.01,9900990099.01,1.0,1.0298371163068121e-08,1.988651587239036e-14,517856.9855650766,517856.9855650766,0.0,FINITE
development,SPD_D02_C10_E1eM14,decimal-source,SPD,2,10,1e-14,z,10000000000.0001,10000000000.000101,0.9999999999999998,1.1103161723369525e-07,9.314777792949702e-15,11919942.665485203,11919942.665485205,0.0,FINITE
development,SPD_D02_C10_E1eM14,decimal-source,SPD,2,10,1e-14,zg,9999000099.990103,9999000099.9901,1.0000000000000002,1.996581149779613e-07,3.1436082176835865e-14,6351240.394869635,6351240.394869633,0.0,FINITE
development,SPD_D02_C10_E1eM14,binary64-operand,SPD,2,10,1e-14,z,10000000000.0001,10000000000.000101,0.9999999999999998,1.579160555345233e-07,5.608626553755152e-15,28155922.670371685,28155922.670371693,0.0,FINITE
development,SPD_D02_C10_E1eM14,binary64-operand,SPD,2,10,1e-14,zg,9999000099.990103,9999000099.9901,1.0000000000000002,2.705138028318939e-07,2.5318641118036463e-14,10684372.89231868,10684372.892318679,0.0,FINITE
development,SPD_D02_C10_E1eM15,decimal-source,SPD,2,10,1e-15,z,10000000000.0004,10000000000.000399,1.0000000000000002,5.554908200090451e-08,1.896538563055716e-14,2928971.9219525624,2928971.921952562,0.0,FINITE
development,SPD_D02_C10_E1eM15,decimal-source,SPD,2,10,1e-15,zg,9999900001.000391,9999900001.000391,1.0,1.4105418391593234e-07,1.7472585497880626e-14,8072885.603166275,8072885.603166275,0.0,FINITE
development,SPD_D02_C10_E1eM15,binary64-operand,SPD,2,10,1e-15,z,10000000000.0004,10000000000.000399,1.0000000000000002,3.354464833888815e-08,3.9275285874026025e-15,8540904.946301682,8540904.94630168,0.0,FINITE
development,SPD_D02_C10_E1eM15,binary64-operand,SPD,2,10,1e-15,zg,9999900001.000391,9999900001.000391,1.0,5.2836475130188435e-08,1.960516663347872e-14,2695028.107537854,2695028.107537854,0.0,FINITE
development,SPD_D02_C10_E1eM16,decimal-source,SPD,2,10,1e-16,z,10000000000.0001,10000000000.000101,0.9999999999999998,2.864376836006728e-11,2.864375403532904e-14,1000.0005000998899,1000.0005000998901,0.0,FINITE
development,SPD_D02_C10_E1eM16,decimal-source,SPD,2,10,1e-16,zg,9999990000.010098,9999990000.0101,0.9999999999999998,8.991666887055573e-07,2.1331446791227867e-14,42152166.11914583,42152166.11914584,0.0,FINITE
development,SPD_D02_C10_E1eM16,binary64-operand,SPD,2,10,1e-16,z,10000000000.0001,10000000000.000101,0.9999999999999998,2.6314925751820727e-07,9.208154134623404e-15,28577851.073185753,28577851.07318576,0.0,FINITE
development,SPD_D02_C10_E1eM16,binary64-operand,SPD,2,10,1e-16,zg,9999990000.010098,9999990000.0101,0.9999999999999998,1.3598955061047507e-07,9.20294609333698e-15,14776740.973081738,14776740.973081741,0.0,FINITE
development,SPD_D02_C10_E1eM8,decimal-source,SPD,2,10,1e-8,z,10000000000.0004,10000000000.000399,1.0000000000000002,2.2212116590483373e-07,3.8280496328883585e-14,5802463.060993224,5802463.060993223,0.0,FINITE
development,SPD_D02_C10_E1eM8,decimal-source,SPD,2,10,1e-8,zg,99009900.99009907,99009900.99009907,1.0,2.376507715866061e-09,2.4338582092790908e-15,976436.3868057799,976436.3868057799,0.0,FINITE
development,SPD_D02_C10_E1eM8,binary64-operand,SPD,2,10,1e-8,z,10000000000.0004,10000000000.000399,1.0000000000000002,1.6285914102488138e-07,5.864135795038586e-14,2777206.168429286,2777206.1684292858,0.0,FINITE
development,SPD_D02_C10_E1eM8,binary64-operand,SPD,2,10,1e-8,zg,99009900.99009907,99009900.99009907,1.0,3.625812869569361e-09,2.3112804447361326e-15,1568746.3967546795,1568746.3967546795,0.0,FINITE
development,SPD_D04_C02_E1eM12,decimal-source,SPD,4,2,1e-12,z,141.44327977648314,101.00521657585408,1.4003561852695046,9.888505141098252e-15,1.2212453270876723e-16,80.97066921582058,57.82148146847184,0.0,FINITE
development,SPD_D04_C02_E1eM12,decimal-source,SPD,4,2,1e-12,zg,141.44327976233657,101.00521656565209,1.400356185270889,1.847447427579973e-14,1.440563997610359e-16,128.24473127501187,91.58007985675718,0.0,FINITE
development,SPD_D04_C02_E1eM12,binary64-operand,SPD,4,2,1e-12,z,141.44327977648314,101.00521657585408,1.4003561852695046,7.025465921501757e-15,5.0862974648859426e-17,138.12534500789957,98.63586597528167,0.0,FINITE
development,SPD_D04_C02_E1eM12,binary64-operand,SPD,4,2,1e-12,zg,141.44327976233657,101.00521656565209,1.400356185270889,1.547473472129129e-14,1.3630096627044113e-16,113.53356578989428,81.07477724885545,0.0,FINITE
development,SPD_D04_C02_E1eM14,decimal-source,SPD,4,2,1e-14,z,141.44292388187995,101.005266778411,1.4003519657265253,3.4842276971730403e-15,5.551115123125783e-17,62.76626623464986,44.82177893190281,0.0,FINITE
development,SPD_D04_C02_E1eM14,decimal-source,SPD,4,2,1e-14,zg,141.4429238817385,101.00526677830896,1.4003519657265395,8.093053195131178e-15,7.672375937037753e-17,105.48301154095749,75.32607096118876,0.0,FINITE
development,SPD_D04_C02_E1eM14,binary64-operand,SPD,4,2,1e-14,z,141.44292388187995,101.005266778411,1.4003519657265253,3.608302988950251e-15,7.290214315181163e-17,49.49515656125926,35.34479743139459,0.0,FINITE
development,SPD_D04_C02_E1eM14,binary64-operand,SPD,4,2,1e-14,zg,141.4429238817385,101.00526677830896,1.4003519657265395,7.050509410124297e-15,5.354070313570288e-17,131.68503581759578,94.0370985584857,0.0,FINITE
development,SPD_D04_C02_E1eM15,decimal-source,SPD,4,2,1e-15,z,141.44292683158164,101.00527039567245,1.4003519447797224,3.1394991536560165e-15,3.3306690738754695e-17,94.26031479023483,67.31187480520272,0.0,FINITE
development,SPD_D04_C02_E1eM15,decimal-source,SPD,4,2,1e-15,zg,141.44292683156752,101.00527039566221,1.4003519447797246,1.1729019327311082e-14,8.629648138446473e-17,135.91538309721355,97.05801716767212,0.0,FINITE
development,SPD_D04_C02_E1eM15,binary64-operand,SPD,4,2,1e-15,z,141.44292683158164,101.00527039567245,1.4003519447797224,4.678759572113241e-15,4.17164263720713e-17,112.15628899712321,80.09150086535251,0.0,FINITE
development,SPD_D04_C02_E1eM15,binary64-operand,SPD,4,2,1e-15,zg,141.44292683156752,101.00527039566221,1.4003519447797246,5.4292924351122816e-15,4.625739252730917e-17,117.37134625361703,83.81560556341395,0.0,FINITE
development,SPD_D04_C02_E1eM16,decimal-source,SPD,4,2,1e-16,z,141.48546771667884,102.02015305822611,1.3868384184439384,3.1424655024013604e-15,4.5775667985222376e-17,68.64925495824185,49.50054313844849,0.0,FINITE
development,SPD_D04_C02_E1eM16,decimal-source,SPD,4,2,1e-16,zg,141.4854677166774,102.02015305822503,1.386838418443939,1.6613325809131408e-14,1.2705663786297894e-16,130.75527645432925,94.28299267988216,0.0,FINITE
development,SPD_D04_C02_E1eM16,binary64-operand,SPD,4,2,1e-16,z,141.48546771667884,102.02015305822611,1.3868384184439384,6.944100342717725e-15,7.681343253319849e-17,90.40216162344404,65.18579267862881,0.0,FINITE
development,SPD_D04_C02_E1eM16,binary64-operand,SPD,4,2,1e-16,zg,141.4854677166774,102.02015305822503,1.386838418443939,7.955728896062146e-15,7.791880329838766e-17,102.10281163579896,73.62271644476102,0.0,FINITE
development,SPD_D04_C02_E1eM8,decimal-source,SPD,4,2,1e-8,z,141.48520434534126,102.0201520546152,1.3868358505248939,6.9121948959497474e-15,5.438959822042073e-17,127.08670632088884,91.63788654063758,1.1182015119126751e-16,FINITE
development,SPD_D04_C02_E1eM8,decimal-source,SPD,4,2,1e-8,zg,141.48506273266665,102.02004797360712,1.3868358772902092,2.4619055426683204e-14,2.2038259730462244e-16,111.71052400591174,80.55064469790551,1.2721142293137899e-16,FINITE
development,SPD_D04_C02_E1eM8,binary64-operand,SPD,4,2,1e-8,z,141.48520434534126,102.0201520546152,1.3868358505248939,6.283260496850565e-15,5.5318539724114926e-17,113.58326752995458,81.9010176921553,0.0,FINITE
development,SPD_D04_C02_E1eM8,binary64-operand,SPD,4,2,1e-8,zg,141.48506273266665,102.02004797360712,1.3868358772902092,2.3038424917904522e-14,1.9464101544966746e-16,118.36366998332922,85.34800110205141,0.0,FINITE
development,SPD_D04_C04_E1eM12,decimal-source,SPD,4,4,1e-12,z,10001.050883302058,10000.050093128819,1.0001000785159992,1.6301434095347647e-14,1.7342238036525468e-16,93.99844507389574,93.9890387903734,0.0,FINITE
development,SPD_D04_C04_E1eM12,decimal-source,SPD,4,4,1e-12,zg,10001.050783310862,10000.049993127817,1.0001000785179808,2.1311916835851103e-13,1.2886046089455035e-16,1653.8755711335818,1653.7100702805783,0.0,FINITE
development,SPD_D04_C04_E1eM12,binary64-operand,SPD,4,4,1e-12,z,10001.050883302058,10000.050093128819,1.0001000785159992,6.802616921274433e-14,2.3052656662245826e-16,295.09036728141297,295.06083803061335,0.0,FINITE
development,SPD_D04_C04_E1eM12,binary64-operand,SPD,4,4,1e-12,zg,10001.050783310862,10000.049993127817,1.0001000785179808,1.6663187602187266e-13,9.055769997195022e-17,1840.0630324476663,1839.8789000940808,0.0,FINITE
development,SPD_D04_C04_E1eM14,decimal-source,SPD,4,4,1e-14,z,10001.021512902225,10000.02071222614,1.0001000798603208,2.2175347511200353e-13,7.385278330912555e-17,3002.6420830181873,3002.3416090893143,0.0,FINITE
development,SPD_D04_C04_E1eM14,decimal-source,SPD,4,4,1e-14,zg,10001.02151190232,10000.020711226136,1.0001000798603408,1.0278825962457721e-13,7.494742188662051e-17,1371.471586842226,1371.3343438926088,0.0,FINITE
development,SPD_D04_C04_E1eM14,binary64-operand,SPD,4,4,1e-14,z,10001.021512902225,10000.02071222614,1.0001000798603208,1.2553531711833924e-14,5.4938735494013e-17,228.50055792059425,228.47769190510198,0.0,FINITE
development,SPD_D04_C04_E1eM14,binary64-operand,SPD,4,4,1e-14,zg,10001.02151190232,10000.020711226136,1.0001000798603408,2.6504585437264196e-13,1.2284203237934941e-16,2157.615347441923,2157.399435207748,0.0,FINITE
development,SPD_D04_C04_E1eM15,decimal-source,SPD,4,4,1e-15,z,10001.020305059503,10000.020304060397,1.00009999989687,5.564064463068795e-13,1.6600061940936416e-16,3351.833555119207,3351.4984056242847,0.0,FINITE
development,SPD_D04_C04_E1eM15,decimal-source,SPD,4,4,1e-15,zg,10001.020304959511,10000.020303960404,1.0000999998968714,4.752204442413258e-13,1.25652032004713e-16,3782.035488479017,3781.6573231367006,0.0,FINITE
development,SPD_D04_C04_E1eM15,binary64-operand,SPD,4,4,1e-15,z,10001.020305059503,10000.020304060397,1.00009999989687,8.084441696801403e-13,9.26594772501348e-17,8724.894567424986,8724.022166108083,0.0,FINITE
development,SPD_D04_C04_E1eM15,binary64-operand,SPD,4,4,1e-15,zg,10001.020304959511,10000.020303960404,1.0000999998968714,7.741760633348683e-13,1.5061086165980734e-16,5140.240582937108,5139.72661080608,0.0,FINITE
development,SPD_D04_C04_E1eM16,decimal-source,SPD,4,4,1e-16,z,10001.0206101402,10000.020610182231,1.0000999997896955,4.4372049802672035e-13,2.710968215929816e-16,1636.7602372443594,1636.5965779307498,0.0,FINITE
development,SPD_D04_C04_E1eM16,decimal-source,SPD,4,4,1e-16,zg,10001.020610130201,10000.02061017223,1.0000999997896958,4.2041614191541936e-13,1.849315562400982e-16,2273.3607528267894,2273.1334399608427,0.0,FINITE
development,SPD_D04_C04_E1eM16,binary64-operand,SPD,4,4,1e-16,z,10001.0206101402,10000.020610182231,1.0000999997896955,4.852192097002666e-13,2.1611782206657046e-16,2245.160556683776,2244.9360635495414,0.0,FINITE
development,SPD_D04_C04_E1eM16,binary64-operand,SPD,4,4,1e-16,zg,10001.020610130201,10000.02061017223,1.0000999997896958,1.6188986183561004e-13,4.1126802312395785e-17,3936.3590829626883,3935.965487241714,0.0,FINITE
development,SPD_D04_C04_E1eM8,decimal-source,SPD,4,4,1e-8,z,10001.051200411142,10000.051002457549,1.0001000192852365,8.619041276105855e-14,1.4752290795525882e-16,584.2510424699507,584.1926119424637,0.0,FINITE
development,SPD_D04_C04_E1eM8,decimal-source,SPD,4,4,1e-8,zg,10000.05138821156,9999.051092248563,1.0001000390890864,1.4492351046532216e-14,1.4505488889050085e-16,99.90942847484591,99.89943462640564,0.0,FINITE
development,SPD_D04_C04_E1eM8,binary64-operand,SPD,4,4,1e-8,z,10001.051200411142,10000.051002457549,1.0001000192852365,2.851786933420894e-14,1.4408973883407558e-16,197.91741983131965,197.8976262521919,0.0,FINITE
development,SPD_D04_C04_E1eM8,binary64-operand,SPD,4,4,1e-8,zg,10000.05138821156,9999.051092248563,1.0001000390890864,1.4556296604821812e-14,1.3511644162890596e-16,107.73149758339795,107.72072130056331,0.0,FINITE
development,SPD_D04_C06_E1eM12,decimal-source,SPD,4,6,1e-12,z,1000054.0827551584,1000004.079207638,1.0000500033435464,2.2164551674618772e-11,1.286542038382367e-15,17228.004226342546,17227.142811602214,0.0,FINITE
development,SPD_D04_C06_E1eM12,decimal-source,SPD,4,6,1e-12,zg,1000053.0827970013,1000003.0792004797,1.000050003442551,1.3859681316781663e-10,1.4853680453421576e-15,93308.06166352566,93303.39617251533,0.0,FINITE
development,SPD_D04_C06_E1eM12,binary64-operand,SPD,4,6,1e-12,z,1000054.0827551584,1000004.079207638,1.0000500033435464,5.201202789424927e-11,6.779092819190138e-16,76724.17133309419,76720.33505982319,0.0,FINITE
development,SPD_D04_C06_E1eM12,binary64-operand,SPD,4,6,1e-12,zg,1000053.0827970013,1000003.0792004797,1.000050003442551,2.872220010327061e-11,7.00712649568581e-16,40989.983727216095,40987.93418940357,0.0,FINITE
development,SPD_D04_C06_E1eM14,decimal-source,SPD,4,6,1e-14,z,1000051.0246123768,1000001.0206101628,1.0000500039511795,8.881499289145772e-11,7.754095183824737e-16,114539.46693448942,114533.73979495632,0.0,FINITE
development,SPD_D04_C06_E1eM14,decimal-source,SPD,4,6,1e-14,zg,1000051.0146128464,1000001.010610142,1.0000500039521698,4.230538093193636e-11,5.741583157156688e-16,73682.43178574213,73678.74755717335,0.0,FINITE
development,SPD_D04_C06_E1eM14,binary64-operand,SPD,4,6,1e-14,z,1000051.0246123768,1000001.0206101628,1.0000500039511795,5.350734813285087e-11,1.7446945971247664e-16,306686.0424800436,306670.707732946,0.0,FINITE
development,SPD_D04_C06_E1eM14,binary64-operand,SPD,4,6,1e-14,zg,1000051.0146128464,1000001.010610142,1.0000500039521698,2.2958664183958396e-12,3.7669548095104786e-16,6094.7543426840075,6094.449596117902,0.0,FINITE
development,SPD_D04_C06_E1eM15,decimal-source,SPD,4,6,1e-15,z,1000054.083950126,1000004.0808078746,1.0000500029381991,2.219278242182863e-11,6.451723700070583e-16,34398.22201559226,34396.50208942402,0.0,FINITE
development,SPD_D04_C06_E1eM15,decimal-source,SPD,4,6,1e-15,zg,1000054.0829501668,1000004.079807866,1.0000500029382984,1.1166203447581289e-10,1.703404751590491e-15,65552.26194570176,65548.98430388409,0.0,FINITE
development,SPD_D04_C06_E1eM15,binary64-operand,SPD,4,6,1e-15,z,1000054.083950126,1000004.0808078746,1.0000500029381991,1.1989343407694414e-11,8.347442781912153e-16,14362.893787872134,14362.175636891357,0.0,FINITE
development,SPD_D04_C06_E1eM15,binary64-operand,SPD,4,6,1e-15,zg,1000054.0829501668,1000004.079807866,1.0000500029382984,3.531942579923748e-11,5.865217114369335e-16,60218.44564407953,60215.434695413845,0.0,FINITE
development,SPD_D04_C06_E1eM16,decimal-source,SPD,4,6,1e-16,z,1000051.0241145238,1000001.0204112132,1.0000500036522864,1.3322024171859306e-10,1.3414875847488986e-16,993078.4543453632,993028.7992785737,0.0,FINITE
development,SPD_D04_C06_E1eM16,decimal-source,SPD,4,6,1e-16,zg,1000051.0240145284,1000001.020311213,1.0000500036522961,1.0942523062920093e-10,9.29374598446052e-16,117740.7159741227,117734.8288026801,0.0,FINITE
development,SPD_D04_C06_E1eM16,binary64-operand,SPD,4,6,1e-16,z,1000051.0241145238,1000001.0204112132,1.0000500036522864,1.0579582786700092e-10,2.893155173327475e-16,365676.2998485251,365658.0156122567,0.0,FINITE
development,SPD_D04_C06_E1eM16,binary64-operand,SPD,4,6,1e-16,zg,1000051.0240145284,1000001.020311213,1.0000500036522961,8.010010491860347e-12,2.8125658481035255e-16,28479.37052660078,28477.946525264622,0.0,FINITE
development,SPD_D04_C06_E1eM8,decimal-source,SPD,4,6,1e-8,z,1000054.082358882,1000004.0788085127,1.0000500033464153,8.882310733203248e-11,1.4936523181711915e-16,594670.5685884539,594640.8345568109,0.0,FINITE
development,SPD_D04_C06_E1eM8,decimal-source,SPD,4,6,1e-8,zg,990153.5018052933,990103.0083407,1.0000509981932868,6.798119551909967e-11,1.6940459915729395e-16,401294.8636416796,401274.3993722993,0.0,FINITE
development,SPD_D04_C06_E1eM8,binary64-operand,SPD,4,6,1e-8,z,1000054.082358882,1000004.0788085127,1.0000500033464153,5.595056952757684e-11,5.795011345408881e-17,965495.42688823,965447.1512998779,0.0,FINITE
development,SPD_D04_C06_E1eM8,binary64-operand,SPD,4,6,1e-8,zg,990153.5018052933,990103.0083407,1.0000509981932868,6.90752929333324e-13,7.297390824562543e-17,9465.75215635011,9465.269444709458,0.0,FINITE
development,SPD_D04_C08_E1eM12,decimal-source,SPD,4,8,1e-12,z,100004999.91545448,100000000.04000023,1.0000499987545224,5.72479733532663e-10,1.7909122513916553e-15,319658.1703474355,319642.1886361109,0.0,FINITE
development,SPD_D04_C08_E1eM12,decimal-source,SPD,4,8,1e-12,zg,99995001.40530853,99990001.0398922,1.0000500086545088,5.214390490713809e-10,1.2031127279388653e-15,433408.3057742177,433386.6326918347,0.0,FINITE
development,SPD_D04_C08_E1eM12,binary64-operand,SPD,4,8,1e-12,z,100004999.91545448,100000000.04000023,1.0000499987545224,3.441375988778551e-10,5.671104175224074e-16,606826.4455118349,606796.1064622628,0.0,FINITE
development,SPD_D04_C08_E1eM12,binary64-operand,SPD,4,8,1e-12,zg,99995001.40530853,99990001.0398922,1.0000500086545088,1.1764493269188233e-09,3.3785221589961387e-16,3482141.810987506,3481967.682468663,0.0,FINITE
development,SPD_D04_C08_E1eM14,decimal-source,SPD,4,8,1e-14,z,100005403.85535508,100000404.04049979,1.000049997946541,1.1117910189314437e-09,2.963671689316103e-15,375139.73728581273,375120.982007008,0.0,FINITE
development,SPD_D04_C08_E1eM14,decimal-source,SPD,4,8,1e-14,zg,100005303.85954659,100000304.03979169,1.000049998045535,5.188573063123355e-09,1.1648575942855945e-15,4454255.257103336,4454032.564180378,0.0,FINITE
development,SPD_D04_C08_E1eM14,binary64-operand,SPD,4,8,1e-14,z,100005403.85535508,100000404.04049979,1.000049997946541,3.4610648178707275e-09,1.2273088493576832e-15,2820043.8868195964,2819902.8974652784,0.0,FINITE
development,SPD_D04_C08_E1eM14,binary64-operand,SPD,4,8,1e-14,zg,100005303.85954659,100000304.03979169,1.000049998045535,2.5995553620857604e-09,2.427965605993897e-15,1070672.2350877875,1070618.706244962,0.0,FINITE
development,SPD_D04_C08_E1eM15,decimal-source,SPD,4,8,1e-15,z,100005403.86494654,100000404.05039176,1.0000499979435309,5.564868961487336e-10,7.868350779691515e-16,707247.1877906682,707211.8286535948,0.0,FINITE
development,SPD_D04_C08_E1eM15,decimal-source,SPD,4,8,1e-15,zg,100005393.8653567,100000394.05031192,1.0000499979534307,4.004978820541653e-10,1.2275733540192076e-15,326251.6905754691,326235.3794741587,0.0,FINITE
development,SPD_D04_C08_E1eM15,binary64-operand,SPD,4,8,1e-15,z,100005403.86494654,100000404.05039176,1.0000499979435309,3.045048249387133e-10,8.088572164060264e-16,376463.0132023936,376444.1917669511,0.0,FINITE
development,SPD_D04_C08_E1eM15,binary64-operand,SPD,4,8,1e-15,zg,100005393.8653567,100000394.05031192,1.0000499979534307,4.5063298169001205e-10,8.082620505415178e-16,557533.2670735907,557505.3929449168,0.0,FINITE
development,SPD_D04_C08_E1eM16,decimal-source,SPD,4,8,1e-16,z,100005403.86494216,100000404.05038737,1.000049997943531,6.657812522068573e-09,8.660259103934051e-15,768777.5206453307,768739.0852719551,0.0,FINITE
development,SPD_D04_C08_E1eM16,decimal-source,SPD,4,8,1e-16,zg,100005402.86498308,100000403.05037925,1.0000499979445214,1.3977753211688301e-09,2.873310923297479e-15,486468.5230670095,486444.2018567923,0.0,FINITE
development,SPD_D04_C08_E1eM16,binary64-operand,SPD,4,8,1e-16,z,100005403.86494216,100000404.05038737,1.000049997943531,4.616845698782954e-09,4.148170606220811e-15,1112983.562406834,1112927.9182996207,0.0,FINITE
development,SPD_D04_C08_E1eM16,binary64-operand,SPD,4,8,1e-16,zg,100005402.86498308,100000403.05037925,1.0000499979445214,4.387244898961295e-10,4.4258486600480765e-15,99127.76590317568,99122.80996642217,0.0,FINITE
development,SPD_D04_C08_E1eM8,decimal-source,SPD,4,8,1e-8,z,100005100.9100128,100000101.04970804,1.0000499985525242,2.2210396848533e-09,8.704629974016354e-15,255156.12857561855,255143.37177634359,0.0,FINITE
development,SPD_D04_C08_E1eM8,decimal-source,SPD,4,8,1e-8,zg,50009827.23843927,50000025.26241425,1.000196039421452,8.859735841471381e-09,1.1331092378427871e-14,781896.00310192,781742.7507053475,0.0,FINITE
development,SPD_D04_C08_E1eM8,binary64-operand,SPD,4,8,1e-8,z,100005100.9100128,100000101.04970804,1.0000499985525242,5.065233336710782e-10,1.1572459076829543e-14,43769.72347089502,43767.5351574896,0.0,FINITE
development,SPD_D04_C08_E1eM8,binary64-operand,SPD,4,8,1e-8,zg,50009827.23843927,50000025.26241425,1.000196039421452,4.7604256412109365e-09,4.202537283707382e-15,1132750.3648013796,1132528.3445999264,0.0,FINITE
development,SPD_D04_C10_E1eM12,decimal-source,SPD,4,10,1e-12,z,10000000051.0051,10000000001.000103,1.0000000050004998,4.4388290435961263e-07,8.032471255744171e-15,55261063.52913291,55261063.25279997,0.0,FINITE
development,SPD_D04_C10_E1eM12,decimal-source,SPD,4,10,1e-12,zg,9900990150.495245,9900990099.990292,1.0000000051010003,4.4483956014354577e-07,3.7852354785084404e-14,11751965.304912373,11751965.244965596,0.0,FINITE
development,SPD_D04_C10_E1eM12,binary64-operand,SPD,4,10,1e-12,z,10000000051.0051,10000000001.000103,1.0000000050004998,1.703357287993359e-07,1.0659820807985146e-14,15979230.032810628,15979229.952906493,0.0,FINITE
development,SPD_D04_C10_E1eM12,binary64-operand,SPD,4,10,1e-12,zg,9900990150.495245,9900990099.990292,1.0000000051010003,4.516172037912566e-07,1.3822614458461465e-14,32672343.220482484,32672343.053820852,0.0,FINITE
development,SPD_D04_C10_E1eM14,decimal-source,SPD,4,10,1e-14,z,10000000453.88739,10000000403.88199,1.0000000050005398,2.2239875473271408e-07,1.770694900365498e-13,1255997.0364561824,1255997.0301755192,0.0,FINITE
development,SPD_D04_C10_E1eM14,decimal-source,SPD,4,10,1e-14,zg,9999000553.801626,9999000503.791231,1.0000000050015394,3.7374795580136736e-08,8.794894630865245e-14,424960.1291295947,424960.1270041399,0.0,FINITE
development,SPD_D04_C10_E1eM14,binary64-operand,SPD,4,10,1e-14,z,10000000453.88739,10000000403.88199,1.0000000050005398,3.161676349918941e-07,2.128734138764701e-14,14852377.722253537,14852377.647983631,0.0,FINITE
development,SPD_D04_C10_E1eM14,binary64-operand,SPD,4,10,1e-14,zg,9999000553.801626,9999000503.791231,1.0000000050015394,5.920646874511177e-08,2.297508397345441e-13,257698.59563307528,257698.5943441856,0.0,FINITE
development,SPD_D04_C10_E1eM15,decimal-source,SPD,4,10,1e-15,z,10000000450.047106,10000000400.041704,1.00000000500054,4.5799193209471443e-11,4.9540146833747086e-14,924.4864243775862,924.4864197546549,0.0,FINITE
development,SPD_D04_C10_E1eM15,decimal-source,SPD,4,10,1e-15,zg,9999900451.039597,9999900401.0337,1.0000000050006395,3.3891841349950166e-07,8.090186754757617e-14,4189253.2740383656,4189253.2530894205,0.0,FINITE
development,SPD_D04_C10_E1eM15,binary64-operand,SPD,4,10,1e-15,z,10000000450.047106,10000000400.041704,1.00000000500054,1.1768687754481758e-07,1.3338603845769454e-14,8823028.17488232,8823028.130762415,0.0,FINITE
development,SPD_D04_C10_E1eM15,binary64-operand,SPD,4,10,1e-15,zg,9999900451.039597,9999900401.0337,1.0000000050006395,3.2991620119246957e-07,3.8061281355243964e-14,8668026.65189344,8668026.608547764,0.0,FINITE
development,SPD_D04_C10_E1eM16,decimal-source,SPD,4,10,1e-16,z,10000000051.005507,10000000001.000402,1.0000000050005105,4.438288154612225e-07,1.6906478624912374e-13,2625199.6368257487,2625199.6236984106,0.0,FINITE
development,SPD_D04_C10_E1eM16,decimal-source,SPD,4,10,1e-16,zg,9999990051.015553,9999990001.010405,1.0000000050005198,3.37691003296845e-07,2.878371692287381e-14,11732015.159879824,11732015.10121365,0.0,FINITE
development,SPD_D04_C10_E1eM16,binary64-operand,SPD,4,10,1e-16,z,10000000051.005507,10000000001.000402,1.0000000050005105,7.83192951915412e-08,4.6281269490352365e-14,1692246.0436800977,1692246.0352180037,0.0,FINITE
development,SPD_D04_C10_E1eM16,binary64-operand,SPD,4,10,1e-16,zg,9999990051.015553,9999990001.010405,1.0000000050005198,3.201380860374036e-09,4.6572132385626675e-14,68740.26797540544,68740.26763166838,0.0,FINITE
development,SPD_D04_C10_E1eM8,decimal-source,SPD,4,10,1e-8,z,10000000051.00551,10000000001.000408,1.0000000050005102,8.878328372651651e-07,7.009961326641885e-14,12665302.9295738,12665302.866240824,0.0,FINITE
development,SPD_D04_C10_E1eM8,decimal-source,SPD,4,10,1e-8,zg,99014851.8762656,99009900.99019706,1.000050003949292,5.667036908354368e-09,1.0252873010883664e-15,5527267.237523254,5526990.866152245,0.0,FINITE
development,SPD_D04_C10_E1eM8,binary64-operand,SPD,4,10,1e-8,z,10000000051.00551,10000000001.000408,1.0000000050005102,6.952717548263202e-07,3.792752637932266e-14,18331587.139976747,18331587.04830946,0.0,FINITE
development,SPD_D04_C10_E1eM8,binary64-operand,SPD,4,10,1e-8,zg,99014851.8762656,99009900.99019706,1.000050003949292,5.16663849645669e-09,8.800207041768255e-16,5871041.97882433,5870748.418218118,0.0,FINITE
development,SPD_D08_C02_E1eM12,decimal-source,SPD,8,2,1e-12,z,200.1852982504616,104.81581220679509,1.9098768977290226,1.4567676728353204e-14,1.1921980955184336e-16,122.19174634747569,63.978859837914285,0.0,FINITE
development,SPD_D08_C02_E1eM12,decimal-source,SPD,8,2,1e-12,zg,200.1852982304009,104.81581219580872,1.9098768977378178,3.609264048319545e-14,2.7035024951085334e-16,133.50326307631718,69.90150162790445,0.0,FINITE
development,SPD_D08_C02_E1eM12,binary64-operand,SPD,8,2,1e-12,z,200.1852982504616,104.81581220679509,1.9098768977290226,1.8709376865655967e-14,1.4433726743686023e-16,129.62263452742937,67.86962797526886,0.0,FINITE
development,SPD_D08_C02_E1eM12,binary64-operand,SPD,8,2,1e-12,zg,200.1852982304009,104.81581219580872,1.9098768977378178,2.3470645237238662e-14,1.9201541228283872e-16,122.23313200852023,64.00052911959985,0.0,FINITE
development,SPD_D08_C02_E1eM14,decimal-source,SPD,8,2,1e-14,z,200.11175012089575,103.36071818012114,1.9360522415505261,1.4968017696733906e-14,2.0516609092276292e-16,72.95561186262883,37.682666974007304,0.0,FINITE
development,SPD_D08_C02_E1eM14,decimal-source,SPD,8,2,1e-14,zg,200.11175012069538,103.3607181800143,1.9360522415505887,3.214683217617741e-14,1.727461065801406e-16,186.0929476940993,96.11979661512493,0.0,FINITE
development,SPD_D08_C02_E1eM14,binary64-operand,SPD,8,2,1e-14,z,200.11175012089575,103.36071818012114,1.9360522415505261,2.164900948505301e-14,1.9019104399251497e-16,113.82770203367207,58.79371413165529,0.0,FINITE
development,SPD_D08_C02_E1eM14,binary64-operand,SPD,8,2,1e-14,zg,200.11175012069538,103.3607181800143,1.9360522415505887,4.008249958931843e-14,2.0432376970026473e-16,196.17149609229483,101.32551791845277,0.0,FINITE
development,SPD_D08_C02_E1eM15,decimal-source,SPD,8,2,1e-15,z,200.16341747248615,104.1844130181967,1.92124149547712,2.3083367702599954e-14,1.486414085038566e-16,155.29567389696152,80.83089724147119,0.0,FINITE
development,SPD_D08_C02_E1eM15,decimal-source,SPD,8,2,1e-15,zg,200.1634174724661,104.1844130181859,1.9212414954771269,4.0886763607505594e-14,2.5783749228023595e-16,158.57571079332007,82.53814586382276,0.0,FINITE
development,SPD_D08_C02_E1eM15,binary64-operand,SPD,8,2,1e-15,z,200.16341747248615,104.1844130181967,1.92124149547712,2.000086576272018e-14,1.2542032708578362e-16,159.47068730764997,83.00397825211823,0.0,FINITE
development,SPD_D08_C02_E1eM15,binary64-operand,SPD,8,2,1e-15,zg,200.1634174724661,104.1844130181859,1.9212414954771269,2.3042603130811812e-14,2.4506700252690105e-16,94.02572722242532,48.94008766923634,0.0,FINITE
development,SPD_D08_C02_E1eM16,decimal-source,SPD,8,2,1e-16,z,200.11262233227043,103.53187825742549,1.9328599625586143,2.2496882644781164e-14,2.504777312823609e-16,89.81589912047178,46.46787706315693,0.0,FINITE
development,SPD_D08_C02_E1eM16,decimal-source,SPD,8,2,1e-16,zg,200.11262233226844,103.5318782574244,1.9328599625586154,3.342376054234202e-14,4.106924909788059e-16,81.38390955890858,42.105435021364386,0.0,FINITE
development,SPD_D08_C02_E1eM16,binary64-operand,SPD,8,2,1e-16,z,200.11262233227043,103.53187825742549,1.9328599625586143,2.4615119042058187e-14,1.8292473973530875e-16,134.56418786040723,69.61921218662863,0.0,FINITE
development,SPD_D08_C02_E1eM16,binary64-operand,SPD,8,2,1e-16,zg,200.11262233226844,103.5318782574244,1.9328599625586154,3.540546771480281e-14,2.796141377367798e-16,126.62259498528086,65.51048572482443,0.0,FINITE
development,SPD_D08_C02_E1eM8,decimal-source,SPD,8,2,1e-8,z,200.13133120961336,103.30459445323193,1.9372936147599598,1.618674032196211e-14,1.2139693544093742e-16,133.33730594737588,68.82658618781285,0.0,FINITE
development,SPD_D08_C02_E1eM8,decimal-source,SPD,8,2,1e-8,zg,200.13113079760862,103.30448773494986,1.9372936760607011,2.049284241154852e-14,1.3489815895586535e-16,151.91343284568595,78.41528350755121,0.0,FINITE
development,SPD_D08_C02_E1eM8,binary64-operand,SPD,8,2,1e-8,z,200.13133120961336,103.30459445323193,1.9372936147599598,1.2307922197598389e-14,1.5623767753937735e-16,78.77691470737821,40.66338427339475,0.0,FINITE
development,SPD_D08_C02_E1eM8,binary64-operand,SPD,8,2,1e-8,zg,200.13113079760862,103.30448773494986,1.9372936760607011,1.3981027950603239e-14,8.542924004296355e-17,163.65623694617892,84.47673110612637,0.0,FINITE
development,SPD_D08_C04_E1eM12,decimal-source,SPD,8,4,1e-12,z,14145.023138168648,10100.521971408036,1.4004249659779513,2.5111526337170532e-12,3.0059429347689146e-16,8353.959766405549,5965.303368161373,0.0,FINITE
development,SPD_D08_C04_E1eM12,decimal-source,SPD,8,4,1e-12,zg,14145.022996710544,10100.52186938749,1.4004249661179455,2.799339121532013e-12,2.9522365361839254e-16,9482.096326707113,6770.870668631395,0.0,FINITE
development,SPD_D08_C04_E1eM12,binary64-operand,SPD,8,4,1e-12,z,14145.023138168648,10100.521971408036,1.4004249659779513,1.8821774949190505e-12,3.06657706923795e-16,6137.714632382532,4382.75150864396,0.0,FINITE
development,SPD_D08_C04_E1eM12,binary64-operand,SPD,8,4,1e-12,zg,14145.022996710544,10100.52186938749,1.4004249661179455,1.1857652271564827e-12,1.4211521391709356e-16,8343.68956337235,5957.9697343596445,0.0,FINITE
development,SPD_D08_C04_E1eM14,decimal-source,SPD,8,4,1e-14,z,14149.292058008481,10202.020721298433,1.3869107350928485,2.541050738591805e-12,2.644947623298464e-16,9607.187364349047,6927.040883929622,0.0,FINITE
development,SPD_D08_C04_E1eM14,decimal-source,SPD,8,4,1e-14,zg,14149.292056592409,10202.020720257622,1.386910735095538,3.057891795512313e-12,3.173078119500904e-16,9636.98869157779,6948.52844362326,0.0,FINITE
development,SPD_D08_C04_E1eM14,binary64-operand,SPD,8,4,1e-14,z,14149.292058008481,10202.020721298433,1.3869107350928485,3.277034658846005e-12,3.609743587876937e-16,9078.30315109275,6545.701119318967,0.0,FINITE
development,SPD_D08_C04_E1eM14,binary64-operand,SPD,8,4,1e-14,zg,14149.292056592409,10202.020720257622,1.386910735095538,2.7717233375041223e-12,4.0473728895861653e-16,6848.20354614651,4937.739230690119,0.0,FINITE
development,SPD_D08_C04_E1eM15,decimal-source,SPD,8,4,1e-15,z,14145.067193003859,10100.594588875181,1.4004192593358087,8.818092837061841e-13,3.3027968761353313e-16,2669.8865136932272,1906.4908568591823,0.0,FINITE
development,SPD_D08_C04_E1eM15,decimal-source,SPD,8,4,1e-15,zg,14145.067192862398,10100.594588773161,1.4004192593359484,1.3009806271007889e-12,2.8308465608264765e-16,4595.729931476621,3281.681468488106,0.0,FINITE
development,SPD_D08_C04_E1eM15,binary64-operand,SPD,8,4,1e-15,z,14145.067193003859,10100.594588875181,1.4004192593358087,1.6262824224909819e-12,2.247123067009104e-16,7237.175597398614,5167.863515980966,1.256698403310601e-16,FINITE
development,SPD_D08_C04_E1eM15,binary64-operand,SPD,8,4,1e-15,zg,14145.067192862398,10100.594588773161,1.4004192593359484,1.2379755006457326e-12,1.7203828028489258e-16,7195.93045568501,5138.411520487929,1.2639014612132598e-16,FINITE
development,SPD_D08_C04_E1eM16,decimal-source,SPD,8,4,1e-16,z,14149.309645831041,10202.084741111845,1.3869037559365558,4.0413766590275244e-13,2.6648243639956117e-16,1516.5639858410493,1093.4889889435306,1.4992685937819905e-16,FINITE
development,SPD_D08_C04_E1eM16,decimal-source,SPD,8,4,1e-16,zg,14149.30964581688,10202.084741101442,1.3869037559365818,1.1937963455668038e-12,1.7520987091998442e-16,6813.5222022507605,4912.757769301418,1.3348378045535513e-16,FINITE
development,SPD_D08_C04_E1eM16,binary64-operand,SPD,8,4,1e-16,z,14149.309645831041,10202.084741111845,1.3869037559365558,4.916596267558999e-13,1.51576438478939e-16,3243.641503189259,2338.764668640525,1.4019655083317346e-16,FINITE
development,SPD_D08_C04_E1eM16,binary64-operand,SPD,8,4,1e-16,zg,14149.30964581688,10202.084741101442,1.3869037559365818,1.0509371126197234e-12,1.2237509369557264e-16,8587.83499879555,6192.091529088224,0.0,FINITE
development,SPD_D08_C04_E1eM8,decimal-source,SPD,8,4,1e-8,z,14149.294830738208,10202.103619097352,1.3868997374474903,1.2794223856106502e-12,5.29309815580535e-16,2417.152200752991,1742.8456690038904,0.0,FINITE
development,SPD_D08_C04_E1eM8,decimal-source,SPD,8,4,1e-8,zg,14147.878900075804,10201.062896090441,1.3869024281281492,1.1519692372422918e-12,2.575971711759676e-16,4471.979377659269,3224.4369084384207,0.0,FINITE
development,SPD_D08_C04_E1eM8,binary64-operand,SPD,8,4,1e-8,z,14149.294830738208,10202.103619097352,1.3868997374474903,1.346903900934333e-12,4.3063241783958955e-16,3127.7345716133577,2255.1987625073566,0.0,FINITE
development,SPD_D08_C04_E1eM8,binary64-operand,SPD,8,4,1e-8,zg,14147.878900075804,10201.062896090441,1.3869024281281492,4.960584823212368e-13,1.933037059529147e-16,2566.212995637382,1850.3197799580641,0.0,FINITE
development,SPD_D08_C06_E1eM12,decimal-source,SPD,8,6,1e-12,z,1414288.627973842,1000005.3472680307,1.4142810654339142,1.0682721489945043e-10,3.3063787949788377e-15,32309.430202516818,22845.126751805867,0.0,FINITE
development,SPD_D08_C06_E1eM12,decimal-source,SPD,8,6,1e-12,zg,1414287.2138222915,1000004.3472583359,1.4142810655771398,2.1989668030777393e-10,1.038153413228334e-15,211815.2071801832,149768.82059419047,1.3740198753518284e-16,FINITE
development,SPD_D08_C06_E1eM12,binary64-operand,SPD,8,6,1e-12,z,1414288.627973842,1000005.3472680307,1.4142810654339142,4.1039894529494115e-11,7.751193432155706e-16,52946.549313607306,37437.07711830451,0.0,FINITE
development,SPD_D08_C06_E1eM12,binary64-operand,SPD,8,6,1e-12,zg,1414287.2138222915,1000004.3472583359,1.4142810655771398,2.243307929662138e-10,1.737948364852458e-15,129077.9389669947,91267.52956585796,1.1273743092603753e-16,FINITE
development,SPD_D08_C06_E1eM14,decimal-source,SPD,8,6,1e-14,z,1414430.1836244036,1010055.3587232076,1.4003491703785016,9.488969168724275e-11,7.164864093732197e-16,132437.53188598788,94574.64944274664,0.0,FINITE
development,SPD_D08_C06_E1eM14,decimal-source,SPD,8,6,1e-14,zg,1414430.1694779224,1010055.3485210892,1.4003491705171542,1.5190705181237623e-10,9.913023158521598e-16,153239.8839215778,109429.76733794596,0.0,FINITE
development,SPD_D08_C06_E1eM14,binary64-operand,SPD,8,6,1e-14,z,1414430.1836244036,1010055.3587232076,1.4003491703785016,4.940752406139353e-11,7.788304216785955e-16,63438.10242402527,45301.63174008846,0.0,FINITE
development,SPD_D08_C06_E1eM14,binary64-operand,SPD,8,6,1e-14,zg,1414430.1694779224,1010055.3485210892,1.4003491705171542,9.591395072243076e-11,3.1048996076718528e-16,308911.60050855856,220596.1248896776,0.0,FINITE
development,SPD_D08_C06_E1eM15,decimal-source,SPD,8,6,1e-15,z,1414854.2391887994,1020203.0857855987,1.386835875034923,6.950751986276689e-11,2.3546414395875363e-15,29519.364899541797,21285.406175982032,0.0,FINITE
development,SPD_D08_C06_E1eM15,decimal-source,SPD,8,6,1e-15,zg,1414854.2377726668,1020203.084744784,1.3868358750616887,1.3957266093188317e-10,2.3159216909125074e-15,60266.57182734425,43456.16731660009,0.0,FINITE
development,SPD_D08_C06_E1eM15,binary64-operand,SPD,8,6,1e-15,z,1414854.2391887994,1020203.0857855987,1.386835875034923,7.005314624950361e-11,9.427436797552493e-16,74307.73364366704,53580.76970845295,0.0,FINITE
development,SPD_D08_C06_E1eM15,binary64-operand,SPD,8,6,1e-15,zg,1414854.2377726668,1020203.084744784,1.3868358750616887,3.3320730982536223e-11,2.2247312696869294e-15,14977.418368028428,10799.70502447682,1.2144879436824476e-16,FINITE
development,SPD_D08_C06_E1eM16,decimal-source,SPD,8,6,1e-16,z,1414290.1210953505,1000008.1331948083,1.4142786184918332,1.1390493443297168e-10,6.211437376259643e-15,18337.934930861706,12966.281672572424,0.0,FINITE
development,SPD_D08_C06_E1eM16,decimal-source,SPD,8,6,1e-16,zg,1414290.120953935,1000008.1330948069,1.4142786184918474,2.955893253818602e-10,8.512682149239762e-15,34723.406818174015,24552.026993947075,0.0,FINITE
development,SPD_D08_C06_E1eM16,binary64-operand,SPD,8,6,1e-16,z,1414290.1210953505,1000008.1331948083,1.4142786184918332,4.4734562678116424e-11,2.1051849014114823e-15,21249.70716259785,15025.120852960528,0.0,FINITE
development,SPD_D08_C06_E1eM16,binary64-operand,SPD,8,6,1e-16,zg,1414290.120953935,1000008.1330948069,1.4142786184918474,9.688144108986204e-11,2.122563506501319e-15,45643.60067113112,32273.414922870255,0.0,FINITE
development,SPD_D08_C06_E1eM8,decimal-source,SPD,8,6,1e-8,z,1414427.2236048037,1010051.1298396285,1.4003521027983803,4.441960339321562e-11,3.490146374045133e-16,127271.46266284706,90885.3297742156,0.0,FINITE
development,SPD_D08_C06_E1eM8,decimal-source,SPD,8,6,1e-8,zg,1400420.9280687997,999951.1123316785,1.400489394729817,3.476329036976495e-11,2.581310481838763e-15,13467.302989837073,9616.14064377488,0.0,FINITE
development,SPD_D08_C06_E1eM8,binary64-operand,SPD,8,6,1e-8,z,1414427.2236048037,1010051.1298396285,1.4003521027983803,8.421911128389916e-11,4.291791720000774e-16,196232.9879416515,140131.17668728542,1.4831262960429224e-16,FINITE
development,SPD_D08_C06_E1eM8,binary64-operand,SPD,8,6,1e-8,zg,1400420.9280687997,999951.1123316785,1.400489394729817,2.9559277755466524e-11,1.5694151123341004e-15,18834.582082942172,13448.571730581187,0.0,FINITE
development,SPD_D08_C08_E1eM12,decimal-source,SPD,8,8,1e-12,z,100010522.82666774,100000514.3487439,1.0001000842644563,1.1110966778933196e-08,2.822643788574346e-15,3936368.7419251353,3935974.8127810797,0.0,FINITE
development,SPD_D08_C08_E1eM12,decimal-source,SPD,8,8,1e-12,zg,100000524.70442994,99990515.24578935,1.000100104081032,7.226100801750991e-09,1.2831618415283184e-15,5631480.432074177,5630916.754327117,0.0,FINITE
development,SPD_D08_C08_E1eM12,binary64-operand,SPD,8,8,1e-12,z,100010522.82666774,100000514.3487439,1.0001000842644563,1.0974818372795963e-08,1.762882685676306e-15,6225495.582870067,6224872.571077457,0.0,FINITE
development,SPD_D08_C08_E1eM12,binary64-operand,SPD,8,8,1e-12,zg,100000524.70442994,99990515.24578935,1.000100104081032,2.917582014346423e-09,1.0400300646970441e-15,2805286.22525571,2805005.4327645735,0.0,FINITE
development,SPD_D08_C08_E1eM14,decimal-source,SPD,8,8,1e-14,z,100010519.71986432,100000517.3023162,1.0001000236580564,1.1232934868809707e-09,1.6176286646941102e-15,694407.5061215505,694338.0558892726,0.0,FINITE
development,SPD_D08_C08_E1eM14,decimal-source,SPD,8,8,1e-14,zg,100010419.72873111,100000417.30138163,1.0001000238560938,3.871731495576382e-10,1.4659326731317798e-15,264113.8687020951,264087.4536566344,0.0,FINITE
development,SPD_D08_C08_E1eM14,binary64-operand,SPD,8,8,1e-14,z,100010519.71986432,100000517.3023162,1.0001000236580564,4.42233837878673e-11,1.5330246636945133e-15,28847.144364456046,28844.25925613132,0.0,FINITE
development,SPD_D08_C08_E1eM14,binary64-operand,SPD,8,8,1e-14,zg,100010419.72873111,100000417.30138163,1.0001000238560938,4.72057472427056e-10,8.005657105611211e-16,589654.8730474457,589595.8993920514,0.0,FINITE
development,SPD_D08_C08_E1eM15,decimal-source,SPD,8,8,1e-15,z,100010526.99037074,100000518.54378729,1.0001000839468555,1.1127544995989995e-08,5.7070377179047264e-15,1949793.4911275383,1949598.3676281231,0.0,FINITE
development,SPD_D08_C08_E1eM15,decimal-source,SPD,8,8,1e-15,zg,100010516.99124874,100000508.5436846,1.0001000839666707,5.7006092520413564e-09,2.801915778577334e-16,20345398.30078628,20343362.25639624,0.0,FINITE
development,SPD_D08_C08_E1eM15,binary64-operand,SPD,8,8,1e-15,z,100010526.99037074,100000518.54378729,1.0001000839468555,1.2808000171561272e-08,2.6747704949320477e-15,4788448.27839581,4787969.079552907,0.0,FINITE
development,SPD_D08_C08_E1eM15,binary64-operand,SPD,8,8,1e-15,zg,100010516.99124874,100000508.5436846,1.0001000839666707,1.875912164162152e-09,1.7265047921939475e-15,1086537.478866969,1086428.7447686875,0.0,FINITE
development,SPD_D08_C08_E1eM16,decimal-source,SPD,8,8,1e-16,z,100010211.40477212,100000202.88424419,1.0001000850022226,8.359812953789648e-10,1.8779677617472315e-16,4451521.013338274,4451075.527434218,0.0,FINITE
development,SPD_D08_C08_E1eM16,decimal-source,SPD,8,8,1e-16,zg,100010210.40486616,100000201.88424012,1.0001000850042046,6.546775086829185e-10,6.456506605625804e-16,1013981.0096569445,1013879.5355193692,0.0,FINITE
development,SPD_D08_C08_E1eM16,binary64-operand,SPD,8,8,1e-16,z,100010211.40477212,100000202.88424419,1.0001000850022226,1.2265313427168694e-09,1.2419042542394292e-15,987621.5002323391,987522.6640243154,0.0,FINITE
development,SPD_D08_C08_E1eM16,binary64-operand,SPD,8,8,1e-16,zg,100010210.40486616,100000201.88424012,1.0001000850042046,7.443037171866641e-10,2.264150699626194e-15,328734.1771506406,328701.27908174164,0.0,FINITE
development,SPD_D08_C08_E1eM8,decimal-source,SPD,8,8,1e-8,z,100010513.62495509,100000513.18571207,1.0001000038792245,5.183009488336609e-11,3.747164098166509e-15,13831.818816989256,13830.435719765916,0.0,FINITE
development,SPD_D08_C08_E1eM8,decimal-source,SPD,8,8,1e-8,zg,50019732.30498687,50000128.2960988,1.000392079171717,2.9979452404860487e-09,2.08498832316083e-15,1437871.4773525358,1437307.938846371,0.0,FINITE
development,SPD_D08_C08_E1eM8,binary64-operand,SPD,8,8,1e-8,z,100010513.62495509,100000513.18571207,1.0001000038792245,1.1013554640090707e-09,2.196399152776412e-15,501436.84612920904,501386.7055136661,0.0,FINITE
development,SPD_D08_C08_E1eM8,binary64-operand,SPD,8,8,1e-8,zg,50019732.30498687,50000128.2960988,1.000392079171717,2.034594656156394e-09,8.742314188874394e-16,2327295.281546448,2326383.1551658744,0.0,FINITE
development,SPD_D08_C10_E1eM12,decimal-source,SPD,8,10,1e-12,z,10001051540.129787,10000051342.127705,1.000100019286688,2.2317965834368798e-07,3.4115170496379625e-15,65419476.17332655,65412933.61836587,0.0,FINITE
development,SPD_D08_C10_E1eM12,decimal-source,SPD,8,10,1e-12,zg,9902050426.470392,9901040429.492302,1.0001020091762358,1.3585936497824824e-06,9.371207033556563e-15,144975310.53551686,144960523.23195526,0.0,FINITE
development,SPD_D08_C10_E1eM12,binary64-operand,SPD,8,10,1e-12,z,10001051540.129787,10000051342.127705,1.000100019286688,4.745967106261281e-07,8.5529528652401515e-16,554892232.0791981,554836737.7044647,0.0,FINITE
development,SPD_D08_C10_E1eM12,binary64-operand,SPD,8,10,1e-12,zg,9902050426.470392,9901040429.492302,1.0001020091762358,1.0793908080268932e-06,2.0350987236946806e-15,530387442.8594211,530333343.9918701,0.0,FINITE
development,SPD_D08_C10_E1eM14,decimal-source,SPD,8,10,1e-14,z,10001082241.951948,10000082053.281578,1.0001000180463562,1.3593828044351784e-08,4.6866438018686435e-15,2900546.4505178942,2900256.3725415803,0.0,FINITE
development,SPD_D08_C10_E1eM14,decimal-source,SPD,8,10,1e-14,zg,10000082423.5425,9999082136.863316,1.0001000378500238,1.0527202010572801e-07,6.503959647102855e-14,1618583.537070694,1618421.6336500316,0.0,FINITE
development,SPD_D08_C10_E1eM14,binary64-operand,SPD,8,10,1e-14,z,10001082241.951948,10000082053.281578,1.0001000180463562,1.6717163521086717e-07,1.0119475523770659e-14,16519792.4357029,16518140.323578298,0.0,FINITE
development,SPD_D08_C10_E1eM14,binary64-operand,SPD,8,10,1e-14,zg,10000082423.5425,9999082136.863316,1.0001000378500238,9.914035694302663e-08,8.307004353883156e-14,1193454.9775056145,1193335.5987779559,0.0,FINITE
development,SPD_D08_C10_E1eM15,decimal-source,SPD,8,10,1e-15,z,10001050895.883448,10000050904.987446,1.0000999985805574,8.373459917529182e-08,4.3939513730725895e-14,1905678.7858063648,1905488.2396871273,0.0,FINITE
development,SPD_D08_C10_E1eM15,decimal-source,SPD,8,10,1e-15,zg,10000950905.664331,9999950904.96935,1.0001000005604512,2.1991995517885252e-08,5.514833734927755e-15,3987789.401265304,3987390.65996457,0.0,FINITE
development,SPD_D08_C10_E1eM15,binary64-operand,SPD,8,10,1e-15,z,10001050895.883448,10000050904.987446,1.0000999985805574,9.26672259416826e-08,4.49174780659006e-14,2063054.9606041117,2062848.6786643404,0.0,FINITE
development,SPD_D08_C10_E1eM15,binary64-operand,SPD,8,10,1e-15,zg,10000950905.664331,9999950904.96935,1.0001000005604512,1.247754842597045e-07,3.863423163619548e-15,32296613.385422,32293384.02892024,0.0,FINITE
development,SPD_D08_C10_E1eM16,decimal-source,SPD,8,10,1e-16,z,10001021412.19508,10000020615.36829,1.0001000794763615,5.56928510480135e-07,5.6594524710833867e-14,9840678.286914254,9839693.53553766,0.0,FINITE
development,SPD_D08_C10_E1eM16,decimal-source,SPD,8,10,1e-16,zg,10001011413.144516,10000010615.337059,1.0001000796745076,4.73019546860186e-07,1.7653515905683478e-14,26794636.795716103,26791955.46553369,0.0,FINITE
development,SPD_D08_C10_E1eM16,binary64-operand,SPD,8,10,1e-16,z,10001021412.19508,10000020615.36829,1.0001000794763615,5.962140136869792e-07,3.330912094485294e-14,17899422.043412063,17897630.857887696,0.0,FINITE
development,SPD_D08_C10_E1eM16,binary64-operand,SPD,8,10,1e-16,zg,10001011413.144516,10000010615.337059,1.0001000796745076,6.653972273581847e-08,4.2265267680271595e-14,1574335.769956039,1574178.2267114928,0.0,FINITE
development,SPD_D08_C10_E1eM8,decimal-source,SPD,8,10,1e-8,z,10001011018.978146,10000010213.190742,1.0001000804765263,4.450118628746934e-07,1.581277991160124e-14,28142544.53438671,28139728.29696943,0.0,FINITE
development,SPD_D08_C10_E1eM8,decimal-source,SPD,8,10,1e-8,zg,121673574.09932384,99009901.99129307,1.228903085976429,5.5013827586531715e-09,1.6719799299509084e-15,3290340.1889607008,2677461.0842044964,0.0,FINITE
development,SPD_D08_C10_E1eM8,binary64-operand,SPD,8,10,1e-8,z,10001011018.978146,10000010213.190742,1.0001000804765263,3.6832164949896986e-07,5.941200764377013e-14,6199447.958523778,6198827.576905977,0.0,FINITE
development,SPD_D08_C10_E1eM8,binary64-operand,SPD,8,10,1e-8,zg,121673574.09932384,99009901.99129307,1.228903085976429,2.3490532931178806e-09,4.671265847787334e-16,5028729.619896437,4092047.352864155,0.0,FINITE
development,SPD_D16_C02_E1eM12,decimal-source,SPD,16,2,1e-12,z,283.3241180079671,107.27059696154217,2.641209483615928,5.453364095000898e-14,2.8431519766945465e-16,191.80698533537375,72.62089074160896,1.4817869839676987e-16,FINITE
development,SPD_D16_C02_E1eM12,decimal-source,SPD,16,2,1e-12,zg,283.32411797952057,107.27059695003514,2.6412094836340683,4.1129995431593694e-14,2.606344898405465e-16,157.80718605874688,59.748076415967695,0.0,FINITE
development,SPD_D16_C02_E1eM12,binary64-operand,SPD,16,2,1e-12,z,283.3241180079671,107.27059696154217,2.641209483615928,6.877864823489909e-14,3.1813947451114297e-16,216.19023650109816,81.85274126955069,0.0,FINITE
development,SPD_D16_C02_E1eM12,binary64-operand,SPD,16,2,1e-12,zg,283.32411797952057,107.27059695003514,2.6412094836340683,4.461575623251932e-14,2.297341315386927e-16,194.20604127778444,73.52920791825049,0.0,FINITE
development,SPD_D16_C02_E1eM14,decimal-source,SPD,16,2,1e-14,z,283.28868539606447,106.5797556631778,2.6579971368234028,4.375443379782421e-14,2.9582808634907537e-16,147.90493471331263,55.64525734970324,0.0,FINITE
development,SPD_D16_C02_E1eM14,decimal-source,SPD,16,2,1e-14,zg,283.2886853957801,106.57975566306422,2.6579971368235675,6.367654201226515e-14,4.432921235996833e-16,143.64465015798137,54.0424397633639,0.0,FINITE
development,SPD_D16_C02_E1eM14,binary64-operand,SPD,16,2,1e-14,z,283.28868539606447,106.5797556631778,2.6579971368234028,3.8914124918465625e-14,3.0660854734977345e-16,126.91793902951146,47.74946416277644,0.0,FINITE
development,SPD_D16_C02_E1eM14,binary64-operand,SPD,16,2,1e-14,zg,283.2886853957801,106.57975566306422,2.6579971368235675,4.980944073656765e-14,3.502974615982305e-16,142.19184035565746,53.49585911352164,0.0,FINITE
development,SPD_D16_C02_E1eM15,decimal-source,SPD,16,2,1e-15,z,283.2844853508914,105.232031119042,2.69199864659488,9.465142168325936e-14,4.264795703758042e-16,221.936590303387,82.44305419102476,1.2806229649446975e-16,FINITE
development,SPD_D16_C02_E1eM15,decimal-source,SPD,16,2,1e-15,zg,283.28448535086295,105.23203111903094,2.691998646594893,1.1222352363943354e-13,4.562975728376345e-16,245.94372251759995,91.36101269170175,0.0,FINITE
development,SPD_D16_C02_E1eM15,binary64-operand,SPD,16,2,1e-15,z,283.2844853508914,105.232031119042,2.69199864659488,7.708312331303845e-14,3.861409025196391e-16,199.62434129629145,74.15469600952329,1.4237597101557482e-16,FINITE
development,SPD_D16_C02_E1eM15,binary64-operand,SPD,16,2,1e-15,zg,283.28448535086295,105.23203111903094,2.691998646594893,5.986625258185917e-14,3.46850819126047e-16,172.59942684495587,64.1157182836168,0.0,FINITE
development,SPD_D16_C02_E1eM16,decimal-source,SPD,16,2,1e-16,z,283.166566938378,105.06239302833607,2.695222893523908,7.270167711779126e-14,5.950901565764194e-16,122.16918111374467,45.32804370551069,1.1632110967471491e-16,FINITE
development,SPD_D16_C02_E1eM16,decimal-source,SPD,16,2,1e-16,zg,283.1665669383751,105.06239302833501,2.695222893523908,1.0202218497072105e-13,4.347821713029478e-16,234.65126149258307,87.06191315620093,0.0,FINITE
development,SPD_D16_C02_E1eM16,binary64-operand,SPD,16,2,1e-16,z,283.166566938378,105.06239302833607,2.695222893523908,5.834317113216517e-14,5.363191948981338e-16,108.78441735289118,40.361937268445885,0.0,FINITE
development,SPD_D16_C02_E1eM16,binary64-operand,SPD,16,2,1e-16,zg,283.1665669383751,105.06239302833501,2.695222893523908,3.353615751249743e-14,2.727205027668849e-16,122.96896336086381,45.62478437547192,0.0,FINITE
development,SPD_D16_C02_E1eM8,decimal-source,SPD,16,2,1e-8,z,283.2965607754726,105.64968218606697,2.6814710173622616,8.744645920420276e-14,4.2835405643189694e-16,204.14528096830497,76.13182452709141,0.0,FINITE
development,SPD_D16_C02_E1eM8,decimal-source,SPD,16,2,1e-8,zg,283.2962764180985,105.64957056763146,2.6814711588131512,8.86018192781706e-14,4.043628689584039e-16,219.11462718226215,81.71433299295478,1.2971160253378472e-16,FINITE
development,SPD_D16_C02_E1eM8,binary64-operand,SPD,16,2,1e-8,z,283.2965607754726,105.64968218606697,2.6814710173622616,8.039378870975908e-14,4.0847934135258205e-16,196.81237353045614,73.39716605404845,1.444101756437881e-16,FINITE
development,SPD_D16_C02_E1eM8,binary64-operand,SPD,16,2,1e-8,zg,283.2962764180985,105.64957056763146,2.6814711588131512,7.848539714833295e-14,3.8530019915813813e-16,203.6993422786172,75.9655167683313,0.0,FINITE
development,SPD_D16_C04_E1eM12,decimal-source,SPD,16,4,1e-12,z,20017.370111340457,10398.360609285914,1.9250505789792098,5.668982605705154e-12,4.3098966492975227e-16,13153.407301841336,6832.759328752884,0.0,FINITE
development,SPD_D16_C04_E1eM12,decimal-source,SPD,16,4,1e-12,zg,20017.369910824942,10398.360501160008,1.9250505797132027,3.378548543410525e-12,2.9853192161053664e-16,11317.21031768979,5878.9158253576115,0.0,FINITE
development,SPD_D16_C04_E1eM12,binary64-operand,SPD,16,4,1e-12,z,20017.370111340457,10398.360609285914,1.9250505789792098,4.508937576780031e-12,4.250138866986555e-16,10608.918244539549,5510.98156089234,0.0,FINITE
development,SPD_D16_C04_E1eM12,binary64-operand,SPD,16,4,1e-12,zg,20017.369910824942,10398.360501160008,1.9250505797132027,3.5548933605300386e-12,3.416741163212808e-16,10404.339078431462,5404.7094596244415,0.0,FINITE
development,SPD_D16_C04_E1eM14,decimal-source,SPD,16,4,1e-14,z,20015.25183851973,10323.776933074643,1.9387528390308562,3.1627784600576595e-12,3.8416163236130846e-16,8232.936851650582,4246.511822397157,0.0,FINITE
development,SPD_D16_C04_E1eM14,decimal-source,SPD,16,4,1e-14,zg,20015.251836515356,10323.776932008843,1.938752839036857,3.0727771562812817e-12,5.496665809630472e-16,5590.256462194957,2883.4291559166004,0.0,FINITE
development,SPD_D16_C04_E1eM14,binary64-operand,SPD,16,4,1e-14,z,20015.25183851973,10323.776933074643,1.9387528390308562,2.4734393985733736e-12,5.182972105219623e-16,4772.241386525008,2461.5006567369137,0.0,FINITE
development,SPD_D16_C04_E1eM14,binary64-operand,SPD,16,4,1e-14,zg,20015.251836515356,10323.776932008843,1.938752839036857,8.543754376672274e-13,4.0709276428647213e-16,2098.724203965466,1082.5125109851963,0.0,FINITE
development,SPD_D16_C04_E1eM15,decimal-source,SPD,16,4,1e-15,z,20013.25451052246,10291.91940420608,1.9445599721994988,6.233927687933104e-12,6.975435048439569e-16,8936.973313696983,4595.884643037437,0.0,FINITE
development,SPD_D16_C04_E1eM15,decimal-source,SPD,16,4,1e-15,zg,20013.254510322095,10291.919404100156,1.9445599722000442,3.053139419120394e-12,5.338177019373835e-16,5719.44206428457,2941.252594957863,0.0,FINITE
development,SPD_D16_C04_E1eM15,binary64-operand,SPD,16,4,1e-15,z,20013.25451052246,10291.91940420608,1.9445599721994988,5.531921456756373e-12,5.731565426247531e-16,9651.676366500338,4963.424375944184,0.0,FINITE
development,SPD_D16_C04_E1eM15,binary64-operand,SPD,16,4,1e-15,zg,20013.254510322095,10291.919404100156,1.9445599722000442,1.987143028427845e-12,5.648104769960713e-16,3518.247464169591,1809.276913269536,0.0,FINITE
development,SPD_D16_C04_E1eM16,decimal-source,SPD,16,4,1e-16,z,20017.22496440834,10288.91750342056,1.945513214364251,5.700868388006954e-12,7.827466009814559e-16,7283.159557459405,3743.567251913719,0.0,FINITE
development,SPD_D16_C04_E1eM16,decimal-source,SPD,16,4,1e-16,zg,20017.22496438829,10288.917503409974,1.9455132143643041,4.512324897795684e-12,1.1763641098012667e-15,3835.8233307185733,1971.6254314787204,0.0,FINITE
development,SPD_D16_C04_E1eM16,binary64-operand,SPD,16,4,1e-16,z,20017.22496440834,10288.91750342056,1.945513214364251,6.659509976510206e-12,7.354174885890537e-16,9055.414210079378,4654.511798337221,0.0,FINITE
development,SPD_D16_C04_E1eM16,binary64-operand,SPD,16,4,1e-16,zg,20017.22496438829,10288.917503409974,1.9455132143643041,7.281580076435745e-12,8.436520031591776e-16,8631.02327638506,4436.373504255659,0.0,FINITE
development,SPD_D16_C04_E1eM8,decimal-source,SPD,16,4,1e-8,z,20018.947544290804,10285.474417476902,1.9463319562853563,2.617805600298931e-12,4.871400045445022e-16,5373.825955326121,2761.001759218021,0.0,FINITE
development,SPD_D16_C04_E1eM8,decimal-source,SPD,16,4,1e-8,zg,20016.942106876508,10284.416616436836,1.9463371480774985,2.0419036260824867e-12,6.887110562939437e-16,2964.8190012663263,1523.281310329424,0.0,FINITE
development,SPD_D16_C04_E1eM8,binary64-operand,SPD,16,4,1e-8,z,20018.947544290804,10285.474417476902,1.9463319562853563,2.1479346978383682e-12,3.576794098748692e-16,6005.195262958534,3085.3910832454617,0.0,FINITE
development,SPD_D16_C04_E1eM8,binary64-operand,SPD,16,4,1e-8,zg,20016.942106876508,10284.416616436836,1.9463371480774985,1.5580035193739832e-12,6.556038470030905e-16,2376.4404777305076,1220.980897414328,0.0,FINITE
development,SPD_D16_C06_E1eM12,decimal-source,SPD,16,6,1e-12,z,1733567.8424523526,1020276.6031856132,1.6991155506650135,3.093317471756974e-10,5.3115506467565116e-15,58237.559565508476,34275.22015363522,1.2493582609688634e-16,FINITE
development,SPD_D16_C06_E1eM12,decimal-source,SPD,16,6,1e-12,zg,1733566.1058027954,1020275.5622223287,1.6991155820950978,2.6908282138321045e-10,5.550645623263907e-15,48477.75189528017,28531.167865287058,0.0,FINITE
development,SPD_D16_C06_E1eM12,binary64-operand,SPD,16,6,1e-12,z,1733567.8424523526,1020276.6031856132,1.6991155506650135,2.9367974231708664e-10,2.42825217290153e-15,120942.8516504393,71179.88626677198,0.0,FINITE
development,SPD_D16_C06_E1eM12,binary64-operand,SPD,16,6,1e-12,zg,1733566.1058027954,1020275.5622223287,1.6991155820950978,2.785818004267202e-10,4.467733054334638e-15,62354.17314300759,36698.017368613415,1.1668758075736514e-16,FINITE
development,SPD_D16_C06_E1eM14,decimal-source,SPD,16,6,1e-14,z,1732670.4849007577,1020204.1927242966,1.6983565616153082,1.558052764559373e-10,1.9395845673364145e-15,80329.19991207239,47298.19504784745,0.0,FINITE
development,SPD_D16_C06_E1eM14,decimal-source,SPD,16,6,1e-14,zg,1732670.4675652375,1020204.18231613,1.6983565619498078,2.6557273838705173e-10,3.1211246949577313e-15,85088.79469509574,50100.6659034008,0.0,FINITE
development,SPD_D16_C06_E1eM14,binary64-operand,SPD,16,6,1e-14,z,1732670.4849007577,1020204.1927242966,1.6983565616153082,1.015104081833308e-10,9.217071188724088e-16,110133.04129354653,64846.83121475911,0.0,FINITE
development,SPD_D16_C06_E1eM14,binary64-operand,SPD,16,6,1e-14,zg,1732670.4675652375,1020204.18231613,1.6983565619498078,3.3406939150307127e-10,5.077995427147668e-16,657876.5111072963,387360.6554986413,0.0,FINITE
development,SPD_D16_C06_E1eM15,decimal-source,SPD,16,6,1e-15,z,1732328.4414931417,1010059.390627229,1.7150758238259598,1.034263850328616e-10,2.1682523501118783e-15,47700.34494717599,27812.38256904988,0.0,FINITE
development,SPD_D16_C06_E1eM15,decimal-source,SPD,16,6,1e-15,zg,1732328.4397607935,1010059.389607009,1.715075823843193,3.987676348192881e-10,4.853464969868888e-15,82161.43256310768,47905.422851217096,0.0,FINITE
development,SPD_D16_C06_E1eM15,binary64-operand,SPD,16,6,1e-15,z,1732328.4414931417,1010059.390627229,1.7150758238259598,1.3121005644330058e-10,8.557262289063835e-16,153331.81572684384,89402.35387657324,0.0,FINITE
development,SPD_D16_C06_E1eM15,binary64-operand,SPD,16,6,1e-15,zg,1732328.4397607935,1010059.389607009,1.715075823843193,2.1571264698797337e-10,3.293355713171357e-15,65499.34649490126,38190.35029490905,1.1108443066298098e-16,FINITE
development,SPD_D16_C06_E1eM16,decimal-source,SPD,16,6,1e-16,z,1732789.5452050914,1022617.26313471,1.6944653759251371,1.9781343745854026e-10,2.4072086066136357e-15,82175.44458550945,48496.38461372729,0.0,FINITE
development,SPD_D16_C06_E1eM16,decimal-source,SPD,16,6,1e-16,zg,1732789.545031695,1022617.2630301353,1.6944653759288548,2.959039159165966e-10,3.651024653585478e-15,81046.81397481252,47830.31575985145,0.0,FINITE
development,SPD_D16_C06_E1eM16,binary64-operand,SPD,16,6,1e-16,z,1732789.5452050914,1022617.26313471,1.6944653759251371,1.0336214098210658e-10,2.530489599158575e-15,40846.69662996284,24105.949410539906,0.0,FINITE
development,SPD_D16_C06_E1eM16,binary64-operand,SPD,16,6,1e-16,zg,1732789.545031695,1022617.2630301353,1.6944653759288548,4.848590776038332e-10,2.529658004174377e-15,191669.81339126913,113115.21386868204,0.0,FINITE
development,SPD_D16_C06_E1eM8,decimal-source,SPD,16,6,1e-8,z,1733264.196976935,1034387.913958315,1.6756423519530643,1.1719782548128863e-10,5.859900790707145e-15,19999.96751944085,11935.701849580046,0.0,FINITE
development,SPD_D16_C06_E1eM8,decimal-source,SPD,16,6,1e-8,zg,1716079.9852029674,1023797.8725017942,1.6761902239643107,2.344205923036311e-10,2.944145797752093e-15,79622.61667972263,47502.13641707646,0.0,FINITE
development,SPD_D16_C06_E1eM8,binary64-operand,SPD,16,6,1e-8,z,1733264.196976935,1034387.913958315,1.6756423519530643,1.2793178170199128e-10,3.935835851538095e-15,32504.348892496746,19398.14236290395,0.0,FINITE
development,SPD_D16_C06_E1eM8,binary64-operand,SPD,16,6,1e-8,zg,1716079.9852029674,1023797.8725017942,1.6761902239643107,3.102784055487266e-10,2.1936087462945405e-15,141446.55744687884,84385.74299302828,0.0,FINITE
development,SPD_D16_C08_E1eM12,decimal-source,SPD,16,8,1e-12,z,141493131.5158415,102020760.83715597,1.386905276482801,1.681060219043717e-08,1.4032254195401226e-14,1197997.2680331352,863791.7010967487,0.0,FINITE
development,SPD_D16_C08_E1eM12,decimal-source,SPD,16,8,1e-12,zg,141478972.17755625,102010353.66326195,1.386907966661707,4.013452341340505e-09,2.4409916021542033e-14,164418.9327730004,118550.71621569629,0.0,FINITE
development,SPD_D16_C08_E1eM12,binary64-operand,SPD,16,8,1e-12,z,141493131.5158415,102020760.83715597,1.386905276482801,1.3529461590925127e-08,5.829202612881762e-15,2320979.813092586,1673495.5533362762,0.0,FINITE
development,SPD_D16_C08_E1eM12,binary64-operand,SPD,16,8,1e-12,zg,141478972.17755625,102010353.66326195,1.386907966661707,6.566758474697563e-09,9.53580483332161e-15,688642.2897153781,496530.63236268144,0.0,FINITE
development,SPD_D16_C08_E1eM14,decimal-source,SPD,16,8,1e-14,z,141493202.52404964,102021605.49440587,1.3868944900284688,2.4274615790692085e-08,8.102983965464992e-15,2995762.535647456,2160050.787703369,0.0,FINITE
development,SPD_D16_C08_E1eM14,decimal-source,SPD,16,8,1e-14,zg,141493060.91643673,102021501.41043217,1.386894516943155,9.518080750132762e-09,9.073058492841145e-15,1049048.7587667103,756401.2590365644,0.0,FINITE
development,SPD_D16_C08_E1eM14,binary64-operand,SPD,16,8,1e-14,z,141493202.52404964,102021605.49440587,1.3868944900284688,2.548919503311479e-08,9.375874100046865e-15,2718593.995730743,1960202.4633286546,0.0,FINITE
development,SPD_D16_C08_E1eM14,binary64-operand,SPD,16,8,1e-14,zg,141493060.91643673,102021501.41043217,1.386894516943155,3.887377748381738e-09,4.064431697232685e-15,956438.2029173977,689625.7727123161,0.0,FINITE
development,SPD_D16_C08_E1eM15,decimal-source,SPD,16,8,1e-15,z,141451331.79172435,101006720.87580542,1.4004150472882722,2.205505187587179e-08,2.6882183007030763e-14,820433.8118709895,585850.4687304357,0.0,FINITE
development,SPD_D16_C08_E1eM15,decimal-source,SPD,16,8,1e-15,zg,141451317.6456903,101006710.67344876,1.4004150486891664,1.9269091334623593e-08,3.7728961999774037e-14,510724.13109957805,364694.8321339679,0.0,FINITE
development,SPD_D16_C08_E1eM15,binary64-operand,SPD,16,8,1e-15,z,141451331.79172435,101006720.87580542,1.4004150472882722,1.4363481013567336e-08,7.601436397409845e-15,1889574.5833592222,1349296.1154752986,0.0,FINITE
development,SPD_D16_C08_E1eM15,binary64-operand,SPD,16,8,1e-15,zg,141451317.6456903,101006710.67344876,1.4004150486891664,2.2373526482335514e-08,7.12203912817224e-15,3141449.5314739067,2243227.487746868,1.4823134436581576e-16,FINITE
development,SPD_D16_C08_E1eM16,decimal-source,SPD,16,8,1e-16,z,141492665.52247545,102020331.52108975,1.3869065451255267,9.546390112466977e-09,7.527889302551812e-15,1268136.356525717,914363.2359244076,0.0,FINITE
development,SPD_D16_C08_E1eM16,decimal-source,SPD,16,8,1e-16,zg,141492664.10640952,102020330.48027502,1.3869065453945597,3.049121396446506e-08,9.66141305576088e-15,3155978.7153788903,2275552.5423532045,0.0,FINITE
development,SPD_D16_C08_E1eM16,binary64-operand,SPD,16,8,1e-16,z,141492665.52247545,102020331.52108975,1.3869065451255267,4.194305944013707e-09,7.431100560562365e-15,564425.9433485979,406967.53889607795,0.0,FINITE
development,SPD_D16_C08_E1eM16,binary64-operand,SPD,16,8,1e-16,zg,141492664.10640952,102020330.48027502,1.3869065453945597,2.4336847695873316e-08,3.852195661535998e-15,6317656.171745287,4555214.042881298,1.4741583734497465e-16,FINITE
development,SPD_D16_C08_E1eM8,decimal-source,SPD,16,8,1e-8,z,141450515.95439443,101005324.89560837,1.4004263250535278,4.442961198220567e-08,3.2652437263692795e-14,1360682.8679710308,971620.4584479101,0.0,FINITE
development,SPD_D16_C08_E1eM8,decimal-source,SPD,16,8,1e-8,zg,70739528.32823694,50250074.19483305,1.4077497289647924,1.927562970046035e-08,1.0855797107043958e-14,1775607.0337712048,1261308.7377945518,0.0,FINITE
development,SPD_D16_C08_E1eM8,binary64-operand,SPD,16,8,1e-8,z,141450515.95439443,101005324.89560837,1.4004263250535278,3.8268590962077305e-08,1.5589441552009296e-14,2454776.2557373284,1752877.8285737387,0.0,FINITE
development,SPD_D16_C08_E1eM8,binary64-operand,SPD,16,8,1e-8,zg,70739528.32823694,50250074.19483305,1.4077497289647924,1.6613557516907782e-08,5.589567955752592e-15,2972243.5881309356,2111343.747383716,0.0,FINITE
development,SPD_D16_C10_E1eM12,decimal-source,SPD,16,10,1e-12,z,14148952434.477274,10202081456.018673,1.386869188946748,3.454203837560959e-06,1.0472699927990331e-13,32982935.263225924,23782297.224639244,0.0,FINITE
development,SPD_D16_C10_E1eM12,decimal-source,SPD,16,10,1e-12,zg,14008745906.894516,10099050124.024952,1.387135001297663,1.501006608996683e-06,5.767750195807816e-14,26024126.53182626,18761062.555180803,0.0,FINITE
development,SPD_D16_C10_E1eM12,binary64-operand,SPD,16,10,1e-12,z,14148952434.477274,10202081456.018673,1.386869188946748,3.178734149614218e-06,6.953921288136276e-14,45711390.99657759,32960131.612191137,0.0,FINITE
development,SPD_D16_C10_E1eM12,binary64-operand,SPD,16,10,1e-12,zg,14008745906.894516,10099050124.024952,1.387135001297663,6.67555981960137e-07,9.252624462797961e-14,7214774.409619457,5201205.65256449,0.0,FINITE
development,SPD_D16_C10_E1eM14,decimal-source,SPD,16,10,1e-14,z,14143254218.041431,10000054646.011831,1.414317693122004,2.8154430083784415e-06,7.943542869363946e-14,35443165.02950879,25060257.113287304,0.0,FINITE
development,SPD_D16_C10_E1eM14,decimal-source,SPD,16,10,1e-14,zg,14141840238.468025,9999054735.07424,1.4143177143397272,2.1012291519305553e-06,1.6547108018072332e-13,12698467.609177664,8978511.32063769,0.0,FINITE
development,SPD_D16_C10_E1eM14,binary64-operand,SPD,16,10,1e-14,z,14143254218.041431,10000054646.011831,1.414317693122004,3.283342854818402e-06,3.2199138882810145e-14,101969896.3617704,72098296.48434874,0.0,FINITE
development,SPD_D16_C10_E1eM14,binary64-operand,SPD,16,10,1e-14,zg,14141840238.468025,9999054735.07424,1.4143177143397272,2.6881447947036047e-06,1.4573855858266002e-13,18444979.97541908,13041609.94973474,0.0,FINITE
development,SPD_D16_C10_E1eM15,decimal-source,SPD,16,10,1e-15,z,14143321525.671484,10000130076.503393,1.4143137556683445,2.2280293900005584e-06,1.65413144097226e-13,13469482.139164072,9523687.43157629,0.0,FINITE
development,SPD_D16_C10_E1eM15,decimal-source,SPD,16,10,1e-15,zg,14143180113.653502,10000030074.901876,1.4143137578306013,2.618906210692204e-06,2.8682347206092184e-13,9130724.873646127,6455940.07913183,0.0,FINITE
development,SPD_D16_C10_E1eM15,binary64-operand,SPD,16,10,1e-15,z,14143321525.671484,10000130076.503393,1.4143137556683445,1.954128390251742e-06,9.022623621457849e-14,21658094.942632657,15313500.880430851,0.0,FINITE
development,SPD_D16_C10_E1eM15,binary64-operand,SPD,16,10,1e-15,zg,14143180113.653502,10000030074.901876,1.4143137578306013,2.817016199559956e-06,3.006192356993441e-14,93707117.34419137,66256243.938351825,0.0,FINITE
development,SPD_D16_C10_E1eM16,decimal-source,SPD,16,10,1e-16,z,14148962150.647131,10202077877.60293,1.3868706277677971,7.020066853415852e-07,7.280730893044571e-14,9641980.944690956,6952329.04327202,0.0,FINITE
development,SPD_D16_C10_E1eM16,decimal-source,SPD,16,10,1e-16,zg,14148947989.551937,10202067469.37424,1.3868706546026972,9.947193830419784e-07,4.191133774029073e-14,23733897.238162417,17113273.80054888,1.569607494748866e-16,FINITE
development,SPD_D16_C10_E1eM16,binary64-operand,SPD,16,10,1e-16,z,14148962150.647131,10202077877.60293,1.3868706277677971,1.4040766608874312e-06,8.937263891857327e-14,15710363.684870878,11327923.001842717,0.0,FINITE
development,SPD_D16_C10_E1eM16,binary64-operand,SPD,16,10,1e-16,zg,14148947989.551937,10202067469.37424,1.3868706546026972,1.3777769294098268e-06,8.134572634355231e-14,16937299.491198573,12212602.116129333,0.0,FINITE
development,SPD_D16_C10_E1eM8,decimal-source,SPD,16,10,1e-8,z,14144699839.87124,10100574150.283192,1.4003857235654928,4.7529049226138627e-07,1.616899988096821e-13,2939516.9507102845,2099076.6338477386,0.0,FINITE
development,SPD_D16_C10_E1eM8,decimal-source,SPD,16,10,1e-8,zg,164652205.58062077,99019663.02556384,1.662823327707272,3.4370944665423044e-09,5.967379616266269e-15,575980.5287354687,346387.08703325695,0.0,FINITE
development,SPD_D16_C10_E1eM8,binary64-operand,SPD,16,10,1e-8,z,14144699839.87124,10100574150.283192,1.4003857235654928,1.2324790356988068e-07,6.928685183751443e-15,17788065.166954197,12702261.146782028,0.0,FINITE
development,SPD_D16_C10_E1eM8,binary64-operand,SPD,16,10,1e-8,zg,164652205.58062077,99019663.02556384,1.662823327707272,2.2902001765363803e-09,3.535012610519508e-15,647861.9537936558,389615.62722778163,0.0,FINITE
holdout,HOLDOUT_NONSYMMETRIC_D02_C01_E3eM13,decimal-source,NONSYMMETRIC,2,1,3e-13,z,10.049236465315339,9.999360864240924,1.0049878789006184,4.462760694662555e-16,4.4408920985006264e-17,10.049243700762988,9.999368063778151,0.0,FINITE
holdout,HOLDOUT_NONSYMMETRIC_D02_C01_E3eM13,decimal-source,NONSYMMETRIC,2,1,3e-13,zg,10.049236465285462,9.999360864210928,1.0049878789006452,1.6236951809583978e-16,2.7289292601594687e-17,5.949935033726433,5.920404771682479,0.0,FINITE
holdout,HOLDOUT_NONSYMMETRIC_D02_C01_E3eM13,binary64-operand,NONSYMMETRIC,2,1,3e-13,z,10.049236465315339,9.999360864240924,1.0049878789006184,3.5374958935110066e-17,6.878652721510721e-18,5.142716221809909,5.117192286374296,0.0,FINITE
holdout,HOLDOUT_NONSYMMETRIC_D02_C01_E3eM13,binary64-operand,NONSYMMETRIC,2,1,3e-13,zg,10.049236465285462,9.999360864210928,1.0049878789006452,1.2606922536187277e-16,1.503845834076523e-17,8.383121627576205,8.341515160109681,0.0,FINITE
holdout,HOLDOUT_NONSYMMETRIC_D02_C01_E3eM15,decimal-source,NONSYMMETRIC,2,1,3e-15,z,10.049908801946797,10.00003580426786,1.004987281911296,4.459208702373156e-16,7.108895957933347e-17,6.272716225923651,6.241587668646045,0.0,FINITE
holdout,HOLDOUT_NONSYMMETRIC_D02_C01_E3eM15,decimal-source,NONSYMMETRIC,2,1,3e-15,zg,10.049908801946499,10.00003580426756,1.0049872819112964,6.006077859078424e-16,7.811444079513362e-17,7.688818863633972,7.65066285118682,0.0,FINITE
holdout,HOLDOUT_NONSYMMETRIC_D02_C01_E3eM15,binary64-operand,NONSYMMETRIC,2,1,3e-15,z,10.049908801946797,10.00003580426786,1.004987281911296,5.234913744839964e-16,5.234112155298039e-17,10.001531471848791,9.951898548236121,0.0,FINITE
holdout,HOLDOUT_NONSYMMETRIC_D02_C01_E3eM15,binary64-operand,NONSYMMETRIC,2,1,3e-15,zg,10.049908801946499,10.00003580426756,1.0049872819112964,8.542560185848561e-17,1.4322202964327552e-17,5.964557412798574,5.934958103604167,0.0,FINITE
holdout,HOLDOUT_NONSYMMETRIC_D02_C01_E3eM16,decimal-source,NONSYMMETRIC,2,1,3e-16,z,10.049559810967631,9.999685065136521,1.0049876316610207,8.915794846331168e-16,9.036560719766054e-17,9.866358587984996,9.817393047592141,0.0,FINITE
holdout,HOLDOUT_NONSYMMETRIC_D02_C01_E3eM16,decimal-source,NONSYMMETRIC,2,1,3e-16,zg,10.049559810967601,9.999685065136491,1.0049876316610207,3.684807108640252e-16,3.6717823907791994e-17,10.035472466706526,9.985667634655488,0.0,FINITE
holdout,HOLDOUT_NONSYMMETRIC_D02_C01_E3eM16,binary64-operand,NONSYMMETRIC,2,1,3e-16,z,10.049559810967631,9.999685065136521,1.0049876316610207,4.329536416131554e-16,4.3462036309134583e-17,9.961651095536908,9.912212629992787,0.0,FINITE
holdout,HOLDOUT_NONSYMMETRIC_D02_C01_E3eM16,binary64-operand,NONSYMMETRIC,2,1,3e-16,zg,10.049559810967601,9.999685065136491,1.0049876316610207,6.158824324891583e-16,6.89552447552173e-17,8.931625646105177,8.887299071873342,0.0,FINITE
holdout,HOLDOUT_NONSYMMETRIC_D02_C01_E3eM17,decimal-source,NONSYMMETRIC,2,1,3e-17,z,10.050038660222226,10.00016409315949,1.0049873748668636,2.2315574105217e-16,2.2204460492503132e-17,10.050041122481396,10.000166543199393,0.0,FINITE
holdout,HOLDOUT_NONSYMMETRIC_D02_C01_E3eM17,decimal-source,NONSYMMETRIC,2,1,3e-17,zg,10.050038660222222,10.000164093159487,1.0049873748668636,3.475084789033164e-16,3.822414264947191e-17,9.09133481658659,9.046217936609374,0.0,FINITE
holdout,HOLDOUT_NONSYMMETRIC_D02_C01_E3eM17,binary64-operand,NONSYMMETRIC,2,1,3e-17,z,10.050038660222226,10.00016409315949,1.0049873748668636,2.618108024708997e-17,2.4587880915305206e-17,1.0647961220111914,1.0595119387964957,0.0,FINITE
holdout,HOLDOUT_NONSYMMETRIC_D02_C01_E3eM17,binary64-operand,NONSYMMETRIC,2,1,3e-17,zg,10.050038660222222,10.000164093159487,1.0049873748668636,1.2483371176547759e-17,3.3994484280964494e-18,3.6721754839322363,3.653951856279498,0.0,FINITE
holdout,HOLDOUT_NONSYMMETRIC_D02_C01_E3eM9,decimal-source,NONSYMMETRIC,2,1,3e-9,z,10.049565777560002,9.999689101946304,1.0049878226318045,8.838946453357796e-17,6.684427777288335e-17,1.3223190896593817,1.3157563304563913,0.0,FINITE
holdout,HOLDOUT_NONSYMMETRIC_D02_C01_E3eM9,decimal-source,NONSYMMETRIC,2,1,3e-9,zg,10.049565478771155,9.999688801967153,1.0049878229004676,7.876893138464943e-17,7.330568902166446e-17,1.0745268537257782,1.0691939038869305,0.0,FINITE
holdout,HOLDOUT_NONSYMMETRIC_D02_C01_E3eM9,binary64-operand,NONSYMMETRIC,2,1,3e-9,z,10.049565777560002,9.999689101946304,1.0049878226318045,1.1207251954072314e-17,1.0014230826408534e-17,1.1191325772637137,1.1135782464836175,0.0,FINITE
holdout,HOLDOUT_NONSYMMETRIC_D02_C01_E3eM9,binary64-operand,NONSYMMETRIC,2,1,3e-9,zg,10.049565478771155,9.999688801967153,1.0049878229004676,1.255910052667076e-17,9.346822899442215e-18,1.343675884499774,1.3370071297200679,0.0,FINITE
holdout,HOLDOUT_NONSYMMETRIC_D02_C03_E3eM13,decimal-source,NONSYMMETRIC,2,3,3e-13,z,999.9690011754574,999.9685011643328,1.0000005000268748,2.2237080478486325e-14,2.482534153247273e-17,895.7411703439876,895.7407224495536,0.0,FINITE
holdout,HOLDOUT_NONSYMMETRIC_D02_C03_E3eM13,decimal-source,NONSYMMETRIC,2,3,3e-13,zg,999.9690008754778,999.968500864353,1.0000005000268752,1.3243391792909791e-14,2.3988109147388962e-17,552.0815213712373,552.0812453157773,0.0,FINITE
holdout,HOLDOUT_NONSYMMETRIC_D02_C03_E3eM13,binary64-operand,NONSYMMETRIC,2,3,3e-13,z,999.9690011754574,999.9685011643328,1.0000005000268748,1.1915800827813151e-14,1.7970137685257083e-17,663.0890111425812,663.0886795804211,0.0,FINITE
holdout,HOLDOUT_NONSYMMETRIC_D02_C03_E3eM13,binary64-operand,NONSYMMETRIC,2,3,3e-13,zg,999.9690008754778,999.968500864353,1.0000005000268752,3.065999299605802e-14,6.490087107141943e-17,472.4126577949713,472.41242157606433,0.0,FINITE
holdout,HOLDOUT_NONSYMMETRIC_D02_C03_E3eM15,decimal-source,NONSYMMETRIC,2,3,3e-15,z,999.9989999955,999.9984999993749,1.000000499996875,2.8086639661819474e-16,8.881784197001253e-17,3.1622744978764894,3.162272916749913,0.0,FINITE
holdout,HOLDOUT_NONSYMMETRIC_D02_C03_E3eM15,decimal-source,NONSYMMETRIC,2,3,3e-15,zg,999.9989999925,999.9984999963749,1.000000499996875,1.0181860527603423e-13,1.278179556261449e-16,796.59078239245,796.5903840997473,0.0,FINITE
holdout,HOLDOUT_NONSYMMETRIC_D02_C03_E3eM15,binary64-operand,NONSYMMETRIC,2,3,3e-15,z,999.9989999955,999.9984999993749,1.000000499996875,2.0897287677227823e-14,7.817329052755457e-17,267.3200467346572,267.319913075536,0.0,FINITE
holdout,HOLDOUT_NONSYMMETRIC_D02_C03_E3eM15,binary64-operand,NONSYMMETRIC,2,3,3e-15,zg,999.9989999925,999.9984999963749,1.000000499996875,2.6342880567861655e-14,7.373582189828162e-17,357.26028258288886,357.2601039539533,0.0,FINITE
holdout,HOLDOUT_NONSYMMETRIC_D02_C03_E3eM16,decimal-source,NONSYMMETRIC,2,3,3e-16,z,1000.0140001180011,1000.0135001293761,1.0000004999818752,4.4209749758923555e-14,8.005932084973443e-17,552.2124006260566,552.212124530003,0.0,FINITE
holdout,HOLDOUT_NONSYMMETRIC_D02_C03_E3eM16,decimal-source,NONSYMMETRIC,2,3,3e-16,zg,1000.014000117701,1000.0135001290759,1.0000004999818752,9.040809360905468e-14,1.3305020201551319e-16,679.5036177285428,679.5032779892197,0.0,FINITE
holdout,HOLDOUT_NONSYMMETRIC_D02_C03_E3eM16,binary64-operand,NONSYMMETRIC,2,3,3e-16,z,1000.0140001180011,1000.0135001293761,1.0000004999818752,9.48118388321882e-15,9.18180373738293e-17,103.26058097514095,103.26052934674786,0.0,FINITE
holdout,HOLDOUT_NONSYMMETRIC_D02_C03_E3eM16,binary64-operand,NONSYMMETRIC,2,3,3e-16,zg,1000.014000117701,1000.0135001290759,1.0000004999818752,8.952894425972087e-14,8.955696873367875e-17,999.6870765686451,999.6865767434758,0.0,FINITE
holdout,HOLDOUT_NONSYMMETRIC_D02_C03_E3eM17,decimal-source,NONSYMMETRIC,2,3,3e-17,z,999.9965000223747,999.9960000224996,1.000000500001875,5.33020856627835e-15,1.111609937126711e-16,47.95035010262566,47.95032612737269,0.0,FINITE
holdout,HOLDOUT_NONSYMMETRIC_D02_C03_E3eM17,decimal-source,NONSYMMETRIC,2,3,3e-17,zg,999.9965000223449,999.9960000224697,1.0000005000018752,6.219777972924334e-15,4.405674220951589e-17,141.1765296522745,141.17645906378021,0.0,FINITE
holdout,HOLDOUT_NONSYMMETRIC_D02_C03_E3eM17,binary64-operand,NONSYMMETRIC,2,3,3e-17,z,999.9965000223747,999.9960000224996,1.000000500001875,1.0905285412175507e-15,4.955723055461357e-17,22.00543753177965,22.005426529025122,0.0,FINITE
holdout,HOLDOUT_NONSYMMETRIC_D02_C03_E3eM17,binary64-operand,NONSYMMETRIC,2,3,3e-17,zg,999.9965000223449,999.9960000224697,1.0000005000018752,3.1988822774593196e-15,2.039289553448306e-17,156.86258344481868,156.86250501327203,0.0,FINITE
holdout,HOLDOUT_NONSYMMETRIC_D02_C03_E3eM9,decimal-source,NONSYMMETRIC,2,3,3e-9,z,1000.0589948559407,1000.0584949697923,1.0000004998569092,4.41228714997176e-14,4.965068306494546e-17,888.6659513224175,888.6655071168238,0.0,FINITE
holdout,HOLDOUT_NONSYMMETRIC_D02_C03_E3eM9,decimal-source,NONSYMMETRIC,2,3,3e-9,zg,1000.0559947685265,1000.0554948808814,1.0000004998599055,5.332073650175528e-14,1.1193586460417255e-16,476.35078078244175,476.3505426739045,0.0,FINITE
holdout,HOLDOUT_NONSYMMETRIC_D02_C03_E3eM9,binary64-operand,NONSYMMETRIC,2,3,3e-9,z,1000.0589948559407,1000.0584949697923,1.0000004998569092,4.394938414003307e-14,4.4698481796176686e-17,983.2410939691538,983.2406024895453,0.0,FINITE
holdout,HOLDOUT_NONSYMMETRIC_D02_C03_E3eM9,binary64-operand,NONSYMMETRIC,2,3,3e-9,zg,1000.0559947685265,1000.0554948808814,1.0000004998599055,7.181871195875961e-14,7.283612432274328e-17,986.0314868007608,986.0309939234014,0.0,FINITE
holdout,HOLDOUT_NONSYMMETRIC_D02_C05_E3eM13,decimal-source,NONSYMMETRIC,2,5,3e-13,z,100009.60056823817,100009.60056323896,1.0000000000499873,1.0037379783907312e-12,1.336885555457667e-16,7508.032189390462,7508.032189015155,0.0,FINITE
holdout,HOLDOUT_NONSYMMETRIC_D02_C05_E3eM13,decimal-source,NONSYMMETRIC,2,5,3e-13,zg,100009.59756775819,100009.59756275898,1.0000000000499873,1.950241714150714e-12,5.466080448003878e-17,35678.97934731111,35678.979345527616,0.0,FINITE
holdout,HOLDOUT_NONSYMMETRIC_D02_C05_E3eM13,binary64-operand,NONSYMMETRIC,2,5,3e-13,z,100009.60056823817,100009.60056323896,1.0000000000499873,1.073133578789393e-12,1.3533678129930702e-16,7929.35644313929,7929.356442742922,0.0,FINITE
holdout,HOLDOUT_NONSYMMETRIC_D02_C05_E3eM13,binary64-operand,NONSYMMETRIC,2,5,3e-13,zg,100009.59756775819,100009.59756275898,1.0000000000499873,2.2356550903473554e-12,6.961671020983432e-17,32113.77101286148,32113.771011256198,0.0,FINITE
holdout,HOLDOUT_NONSYMMETRIC_D02_C05_E3eM15,decimal-source,NONSYMMETRIC,2,5,3e-15,z,100005.60008820363,100005.60008320422,1.0000000000499913,3.952615810371807e-13,1.9991722838695998e-16,1977.126154790982,1977.1261546921428,0.0,FINITE
holdout,HOLDOUT_NONSYMMETRIC_D02_C05_E3eM15,decimal-source,NONSYMMETRIC,2,5,3e-15,zg,100005.60005820123,100005.60005320184,1.0000000000499911,2.247242170353905e-13,7.129650991038982e-17,3151.966587394513,3151.966587236943,0.0,FINITE
holdout,HOLDOUT_NONSYMMETRIC_D02_C05_E3eM15,binary64-operand,NONSYMMETRIC,2,5,3e-15,z,100005.60008820363,100005.60008320422,1.0000000000499913,4.829757898814355e-14,1.2922880490899703e-16,373.7369468219931,373.7369468033095,0.0,FINITE
holdout,HOLDOUT_NONSYMMETRIC_D02_C05_E3eM15,binary64-operand,NONSYMMETRIC,2,5,3e-15,zg,100005.60005820123,100005.60005320184,1.0000000000499911,5.146171941129727e-13,6.665733702031467e-17,7720.338332089934,7720.338331703985,0.0,FINITE
holdout,HOLDOUT_NONSYMMETRIC_D02_C05_E3eM16,decimal-source,NONSYMMETRIC,2,5,3e-16,z,99998.35003863693,99998.35003363689,1.0000000000500011,2.220409412748418e-12,2.2204460492503132e-17,99998.35003863716,99998.35003363714,0.0,FINITE
holdout,HOLDOUT_NONSYMMETRIC_D02_C05_E3eM16,decimal-source,NONSYMMETRIC,2,5,3e-16,zg,99998.35003563702,99998.35003063698,1.0000000000500011,1.0809387181319857e-12,4.09397386929578e-17,26403.166034812093,26403.166033491907,0.0,FINITE
holdout,HOLDOUT_NONSYMMETRIC_D02_C05_E3eM16,binary64-operand,NONSYMMETRIC,2,5,3e-16,z,99998.35003863693,99998.35003363689,1.0000000000500011,1.3010212150054324e-13,4.410852580502282e-17,2949.5912440067987,2949.591243859316,0.0,FINITE
holdout,HOLDOUT_NONSYMMETRIC_D02_C05_E3eM16,binary64-operand,NONSYMMETRIC,2,5,3e-16,zg,99998.35003563702,99998.35003063698,1.0000000000500011,4.127532934877438e-12,4.9007138972925686e-17,84223.0952751133,84223.09527090205,0.0,FINITE
holdout,HOLDOUT_NONSYMMETRIC_D02_C05_E3eM17,decimal-source,NONSYMMETRIC,2,5,3e-17,z,100002.60006720232,100002.60006220249,1.0000000000499971,5.462439322554629e-13,4.4754520913118096e-17,12205.335262461767,12205.335261851536,0.0,FINITE
holdout,HOLDOUT_NONSYMMETRIC_D02_C05_E3eM17,decimal-source,NONSYMMETRIC,2,5,3e-17,zg,100002.6000669023,100002.60006190246,1.0000000000499971,1.9120312141843103e-13,5.011864414182942e-17,3815.0098569576303,3815.0098567668906,0.0,FINITE
holdout,HOLDOUT_NONSYMMETRIC_D02_C05_E3eM17,binary64-operand,NONSYMMETRIC,2,5,3e-17,z,100002.60006720232,100002.60006220249,1.0000000000499971,2.3398558734573624e-13,2.463473508646623e-17,9498.197830196383,9498.197829721501,0.0,FINITE
holdout,HOLDOUT_NONSYMMETRIC_D02_C05_E3eM17,binary64-operand,NONSYMMETRIC,2,5,3e-17,zg,100002.6000669023,100002.60006190246,1.0000000000499971,4.2106303052419163e-13,2.6225175699664227e-17,16055.680058974121,16055.680058171383,0.0,FINITE
holdout,HOLDOUT_NONSYMMETRIC_D02_C05_E3eM9,decimal-source,NONSYMMETRIC,2,5,3e-9,z,99997.60008819678,99997.60008319699,1.0000000000499991,5.484370119081611e-13,1.0007415106216804e-17,54803.06413665815,54803.064133918044,0.0,FINITE
holdout,HOLDOUT_NONSYMMETRIC_D02_C05_E3eM9,decimal-source,NONSYMMETRIC,2,5,3e-9,zg,99967.61148411398,99967.61147911267,1.0000000000500293,3.986421274488805e-14,5.418739193867836e-18,7356.732132448954,7356.7321320809015,0.0,FINITE
holdout,HOLDOUT_NONSYMMETRIC_D02_C05_E3eM9,binary64-operand,NONSYMMETRIC,2,5,3e-9,z,99997.60008819678,99997.60008319699,1.0000000000499991,4.790497381247134e-13,8.195487644061475e-18,58452.86564147739,58452.865638554795,0.0,FINITE
holdout,HOLDOUT_NONSYMMETRIC_D02_C05_E3eM9,binary64-operand,NONSYMMETRIC,2,5,3e-9,zg,99967.61148411398,99967.61147911267,1.0000000000500293,2.321781741172805e-13,6.125832848019188e-18,37901.48701043258,37901.487008536395,0.0,FINITE
holdout,HOLDOUT_NONSYMMETRIC_D02_C07_E3eM13,decimal-source,NONSYMMETRIC,2,7,3e-13,z,10000135.00111381,10000135.00111376,1.000000000000005,1.662858983610763e-10,1.8619006149354548e-17,8930976.069678178,8930976.069678133,0.0,FINITE
holdout,HOLDOUT_NONSYMMETRIC_D02_C07_E3eM13,decimal-source,NONSYMMETRIC,2,7,3e-13,zg,10000105.000528803,10000105.000528753,1.000000000000005,2.713937012555646e-10,2.9372490161576135e-17,9239723.964929283,9239723.964929236,0.0,FINITE
holdout,HOLDOUT_NONSYMMETRIC_D02_C07_E3eM13,binary64-operand,NONSYMMETRIC,2,7,3e-13,z,10000135.00111381,10000135.00111376,1.000000000000005,5.265997674270756e-11,1.389450434850952e-17,3789985.9845203087,3789985.984520289,0.0,FINITE
holdout,HOLDOUT_NONSYMMETRIC_D02_C07_E3eM13,binary64-operand,NONSYMMETRIC,2,7,3e-13,zg,10000105.000528803,10000105.000528753,1.000000000000005,1.9324598525094316e-10,2.3151611699885563e-17,8346977.6426795535,8346977.642679511,0.0,FINITE
holdout,HOLDOUT_NONSYMMETRIC_D02_C07_E3eM15,decimal-source,NONSYMMETRIC,2,7,3e-15,z,9999835.00336373,9999835.003363682,1.0000000000000049,2.2320665620537784e-10,4.4754520913118096e-17,4987354.386804602,4987354.386804578,0.0,FINITE
holdout,HOLDOUT_NONSYMMETRIC_D02_C07_E3eM15,decimal-source,NONSYMMETRIC,2,7,3e-15,zg,9999834.70337499,9999834.703374939,1.000000000000005,1.8658198967470633e-10,2.9012249326880345e-17,6431145.257732048,6431145.257732015,0.0,FINITE
holdout,HOLDOUT_NONSYMMETRIC_D02_C07_E3eM15,binary64-operand,NONSYMMETRIC,2,7,3e-15,z,9999835.00336373,9999835.003363682,1.0000000000000049,1.0698210101263841e-10,2.652251842067111e-17,4033632.829122997,4033632.8291229773,0.0,FINITE
holdout,HOLDOUT_NONSYMMETRIC_D02_C07_E3eM15,binary64-operand,NONSYMMETRIC,2,7,3e-15,zg,9999834.70337499,9999834.703374939,1.000000000000005,1.316841523335318e-10,1.3543268403619364e-17,9723218.089537378,9723218.089537328,0.0,FINITE
holdout,HOLDOUT_NONSYMMETRIC_D02_C07_E3eM16,decimal-source,NONSYMMETRIC,2,7,3e-16,z,10001885.160358494,10001885.160358444,1.000000000000005,2.3652208404685235e-10,1.1322097734007353e-16,2089030.58075915,2089030.5807591393,0.0,FINITE
holdout,HOLDOUT_NONSYMMETRIC_D02_C07_E3eM16,decimal-source,NONSYMMETRIC,2,7,3e-16,zg,10001885.130349718,10001885.13034967,1.0000000000000049,1.505324386029566e-11,6.569481459138072e-17,229138.9960368451,229138.996036844,0.0,FINITE
holdout,HOLDOUT_NONSYMMETRIC_D02_C07_E3eM16,binary64-operand,NONSYMMETRIC,2,7,3e-16,z,10001885.160358494,10001885.160358444,1.000000000000005,5.089250124164911e-10,9.961560977658122e-17,5108888.1908961125,5108888.190896086,0.0,FINITE
holdout,HOLDOUT_NONSYMMETRIC_D02_C07_E3eM16,binary64-operand,NONSYMMETRIC,2,7,3e-16,zg,10001885.130349718,10001885.13034967,1.0000000000000049,4.443811324618221e-10,5.611041263535098e-17,7919762.332702055,7919762.3327020155,0.0,FINITE
holdout,HOLDOUT_NONSYMMETRIC_D02_C07_E3eM17,decimal-source,NONSYMMETRIC,2,7,3e-17,z,9999685.014638053,9999685.014638003,1.000000000000005,1.0791027887068222e-10,4.5775667985222376e-17,2357372.019246526,2357372.019246514,0.0,FINITE
holdout,HOLDOUT_NONSYMMETRIC_D02_C07_E3eM17,decimal-source,NONSYMMETRIC,2,7,3e-17,zg,9999685.011638317,9999685.011638269,1.0000000000000049,2.9434993915216e-10,3.514846392922064e-17,8374475.190292811,8374475.19029277,0.0,FINITE
holdout,HOLDOUT_NONSYMMETRIC_D02_C07_E3eM17,binary64-operand,NONSYMMETRIC,2,7,3e-17,z,9999685.014638053,9999685.014638003,1.000000000000005,6.555660460202122e-11,6.623076642423391e-17,989821.0173517482,989821.0173517432,0.0,FINITE
holdout,HOLDOUT_NONSYMMETRIC_D02_C07_E3eM17,binary64-operand,NONSYMMETRIC,2,7,3e-17,zg,9999685.011638317,9999685.011638269,1.0000000000000049,2.1088022083713979e-10,5.422884177837775e-17,3888709.6593167963,3888709.6593167773,0.0,FINITE
holdout,HOLDOUT_NONSYMMETRIC_D02_C07_E3eM9,decimal-source,NONSYMMETRIC,2,7,3e-9,z,9999285.075829988,9999285.07582994,1.0000000000000049,1.4431867477697282e-12,1.1102230246251566e-17,129990.70598963571,129990.70598963507,0.0,FINITE
holdout,HOLDOUT_NONSYMMETRIC_D02_C07_E3eM9,decimal-source,NONSYMMETRIC,2,7,3e-9,zg,9708087.86659622,9708087.86659617,1.000000000000005,1.7605212251227282e-11,7.286471410690183e-18,2416150.597310818,2416150.5973108057,0.0,FINITE
holdout,HOLDOUT_NONSYMMETRIC_D02_C07_E3eM9,binary64-operand,NONSYMMETRIC,2,7,3e-9,z,9999285.075829988,9999285.07582994,1.0000000000000049,8.817315956786166e-11,1.353231369316108e-17,6515749.01137729,6515749.011377258,0.0,FINITE
holdout,HOLDOUT_NONSYMMETRIC_D02_C07_E3eM9,binary64-operand,NONSYMMETRIC,2,7,3e-9,zg,9708087.86659622,9708087.86659617,1.000000000000005,2.5199484523439995e-11,7.7081883801318e-18,3269183.7927044947,3269183.792704478,0.0,FINITE
holdout,HOLDOUT_NONSYMMETRIC_D02_C09_E3eM13,decimal-source,NONSYMMETRIC,2,9,3e-13,z,999976000.8319697,999976000.8319696,1.0000000000000002,4.485193375992801e-09,1.3334236103572998e-16,33636672.85590484,33636672.85590483,0.0,FINITE
holdout,HOLDOUT_NONSYMMETRIC_D02_C09_E3eM13,decimal-source,NONSYMMETRIC,2,9,3e-13,zg,999676114.7911506,999676114.7911505,1.0000000000000002,6.9108274664251065e-09,1.939345250514295e-16,35634848.74388624,35634848.74388623,0.0,FINITE
holdout,HOLDOUT_NONSYMMETRIC_D02_C09_E3eM13,binary64-operand,NONSYMMETRIC,2,9,3e-13,z,999976000.8319697,999976000.8319696,1.0000000000000002,3.219569502569198e-10,8.398913649211627e-17,3833316.5895465617,3833316.589546561,0.0,FINITE
holdout,HOLDOUT_NONSYMMETRIC_D02_C09_E3eM13,binary64-operand,NONSYMMETRIC,2,9,3e-13,zg,999676114.7911506,999676114.7911505,1.0000000000000002,9.75483988543581e-10,8.938373949840901e-17,10913438.99928179,10913438.999281788,0.0,FINITE
holdout,HOLDOUT_NONSYMMETRIC_D02_C09_E3eM15,decimal-source,NONSYMMETRIC,2,9,3e-15,z,1000015999.2320286,1000015999.2320285,1.0000000000000002,6.652562797746859e-08,6.75322301446426e-17,985094492.4368994,985094492.4368992,0.0,FINITE
holdout,HOLDOUT_NONSYMMETRIC_D02_C09_E3eM15,decimal-source,NONSYMMETRIC,2,9,3e-15,zg,1000012999.2410309,1000012999.2410309,1.0,1.0632537290868157e-07,1.0637813229589801e-16,999504039.1659662,999504039.1659662,0.0,FINITE
holdout,HOLDOUT_NONSYMMETRIC_D02_C09_E3eM15,binary64-operand,NONSYMMETRIC,2,9,3e-15,z,1000015999.2320286,1000015999.2320285,1.0000000000000002,4.223911075438572e-08,4.911399759881735e-17,860021843.4551299,860021843.4551296,0.0,FINITE
holdout,HOLDOUT_NONSYMMETRIC_D02_C09_E3eM15,binary64-operand,NONSYMMETRIC,2,9,3e-15,zg,1000012999.2410309,1000012999.2410309,1.0,5.4573699951120614e-08,5.699446359542883e-17,957526336.9177077,957526336.9177077,0.0,FINITE
holdout,HOLDOUT_NONSYMMETRIC_D02_C09_E3eM16,decimal-source,NONSYMMETRIC,2,9,3e-16,z,1000026000.6220149,1000026000.6220151,0.9999999999999998,2.2205037822287443e-08,2.2204460492503132e-17,1000026000.622015,1000026000.6220152,0.0,FINITE
holdout,HOLDOUT_NONSYMMETRIC_D02_C09_E3eM16,decimal-source,NONSYMMETRIC,2,9,3e-16,zg,1000025700.6071043,1000025700.6071045,0.9999999999999998,1.1198431295818801e-08,4.832474716559653e-17,231732848.12944072,231732848.12944078,0.0,FINITE
holdout,HOLDOUT_NONSYMMETRIC_D02_C09_E3eM16,binary64-operand,NONSYMMETRIC,2,9,3e-16,z,1000026000.6220149,1000026000.6220151,0.9999999999999998,8.673842899331035e-10,2.4318718514428905e-17,35667351.85566882,35667351.85566883,0.0,FINITE
holdout,HOLDOUT_NONSYMMETRIC_D02_C09_E3eM16,binary64-operand,NONSYMMETRIC,2,9,3e-16,zg,1000025700.6071043,1000025700.6071045,0.9999999999999998,4.132217523583433e-08,4.810460670436132e-17,859006612.189762,859006612.1897622,0.0,FINITE
holdout,HOLDOUT_NONSYMMETRIC_D02_C09_E3eM17,decimal-source,NONSYMMETRIC,2,9,3e-17,z,1000026000.6220149,1000026000.6220151,0.9999999999999998,2.2382678124865742e-08,9.155133597044475e-17,244482266.56235224,244482266.5623523,0.0,FINITE
holdout,HOLDOUT_NONSYMMETRIC_D02_C09_E3eM17,decimal-source,NONSYMMETRIC,2,9,3e-17,zg,1000025970.6205158,1000025970.6205158,1.0,2.527892386518607e-08,5.2185785688000063e-17,484402477.2630542,484402477.2630542,0.0,FINITE
holdout,HOLDOUT_NONSYMMETRIC_D02_C09_E3eM17,binary64-operand,NONSYMMETRIC,2,9,3e-17,z,1000026000.6220149,1000026000.6220151,0.9999999999999998,2.3943969846745326e-08,2.4039964758586634e-17,996006861.3741615,996006861.3741617,0.0,FINITE
holdout,HOLDOUT_NONSYMMETRIC_D02_C09_E3eM17,binary64-operand,NONSYMMETRIC,2,9,3e-17,zg,1000025970.6205158,1000025970.6205158,1.0,1.4839903895523831e-08,2.9110731543076264e-17,509774337.8095689,509774337.8095689,0.0,FINITE
holdout,HOLDOUT_NONSYMMETRIC_D02_C09_E3eM9,decimal-source,NONSYMMETRIC,2,9,3e-9,z,999928507.5829935,999928507.5829936,0.9999999999999999,8.503700375068462e-09,2.0014830212433605e-16,42486997.31554953,42486997.31554954,0.0,FINITE
holdout,HOLDOUT_NONSYMMETRIC_D02_C09_E3eM9,decimal-source,NONSYMMETRIC,2,9,3e-9,zg,250011373.66387376,250011373.66387373,1.0000000000000002,4.64328307862249e-09,3.795393883597599e-17,122339952.61174813,122339952.6117481,0.0,FINITE
holdout,HOLDOUT_NONSYMMETRIC_D02_C09_E3eM9,binary64-operand,NONSYMMETRIC,2,9,3e-9,z,999928507.5829935,999928507.5829936,0.9999999999999999,8.677160320708727e-09,1.0501401944575182e-16,82628589.65408117,82628589.65408118,0.0,FINITE
holdout,HOLDOUT_NONSYMMETRIC_D02_C09_E3eM9,binary64-operand,NONSYMMETRIC,2,9,3e-9,zg,250011373.66387376,250011373.66387373,1.0000000000000002,6.405113995955092e-09,2.7218533755320966e-17,235321786.74771386,235321786.7477138,0.0,FINITE
holdout,HOLDOUT_NONSYMMETRIC_D04_C01_E3eM13,decimal-source,NONSYMMETRIC,4,1,3e-13,z,14.216434675788003,10.078684643246183,1.4105446473429015,2.0084931557109317e-16,3.6506759942727963e-17,5.501702037819484,3.9004097092447636,0.0,FINITE
holdout,HOLDOUT_NONSYMMETRIC_D04_C01_E3eM13,decimal-source,NONSYMMETRIC,4,1,3e-13,zg,14.216434675745722,10.07868464321571,1.4105446473429712,7.500516856421995e-16,5.678793502437603e-17,13.207940829689305,9.363716954701838,0.0,FINITE
holdout,HOLDOUT_NONSYMMETRIC_D04_C01_E3eM13,binary64-operand,NONSYMMETRIC,4,1,3e-13,z,14.216434675788003,10.078684643246183,1.4105446473429015,8.10855891010783e-17,2.4018339982317184e-17,3.37598639875925,2.3933920880269395,0.0,FINITE
holdout,HOLDOUT_NONSYMMETRIC_D04_C01_E3eM13,binary64-operand,NONSYMMETRIC,4,1,3e-13,zg,14.216434675745722,10.07868464321571,1.4105446473429712,5.557423692493671e-16,4.400060057920881e-17,12.63033599391293,8.954226310882513,0.0,FINITE
holdout,HOLDOUT_NONSYMMETRIC_D04_C01_E3eM15,decimal-source,NONSYMMETRIC,4,1,3e-15,z,14.213110079161526,10.025032526444132,1.417761991461877,3.378589747231909e-16,3.2487068343022354e-17,10.399798810893843,7.335362968907386,0.0,FINITE
holdout,HOLDOUT_NONSYMMETRIC_D04_C01_E3eM15,decimal-source,NONSYMMETRIC,4,1,3e-15,zg,14.213110079161103,10.025032526443832,1.4177619914618773,7.81268910995297e-16,1.112985145872341e-16,7.019580754448885,4.951170081242537,0.0,FINITE
holdout,HOLDOUT_NONSYMMETRIC_D04_C01_E3eM15,binary64-operand,NONSYMMETRIC,4,1,3e-15,z,14.213110079161526,10.025032526444132,1.417761991461877,5.239200592392039e-16,1.1536398049122574e-16,4.541452687470781,3.2032546469862804,0.0,FINITE
holdout,HOLDOUT_NONSYMMETRIC_D04_C01_E3eM15,binary64-operand,NONSYMMETRIC,4,1,3e-15,zg,14.213110079161103,10.025032526443832,1.4177619914618773,8.043762648607171e-16,1.5120272425241464e-16,5.31985299099445,3.7522891874884188,0.0,FINITE
holdout,HOLDOUT_NONSYMMETRIC_D04_C01_E3eM16,decimal-source,NONSYMMETRIC,4,1,3e-16,z,14.212052072418054,10.000194331170462,1.4211775893313685,1.0333017145367424e-15,2.1297770317619678e-16,4.851689632890304,3.4138517728617668,0.0,FINITE
holdout,HOLDOUT_NONSYMMETRIC_D04_C01_E3eM16,decimal-source,NONSYMMETRIC,4,1,3e-16,zg,14.212052072418011,10.000194331170432,1.4211775893313685,5.754433575253033e-16,2.8033868121703974e-16,2.0526719859960814,1.444345873031826,0.0,FINITE
holdout,HOLDOUT_NONSYMMETRIC_D04_C01_E3eM16,binary64-operand,NONSYMMETRIC,4,1,3e-16,z,14.212052072418054,10.000194331170462,1.4211775893313685,4.214694297765435e-16,1.2907631183874207e-16,3.2652732617824927,2.2975828540321475,0.0,FINITE
holdout,HOLDOUT_NONSYMMETRIC_D04_C01_E3eM16,binary64-operand,NONSYMMETRIC,4,1,3e-16,zg,14.212052072418011,10.000194331170432,1.4211775893313685,9.090857114749438e-16,1.804829901562832e-16,5.036960606025817,3.54421617948225,0.0,FINITE
holdout,HOLDOUT_NONSYMMETRIC_D04_C01_E3eM17,decimal-source,NONSYMMETRIC,4,1,3e-17,z,14.212471862946833,10.049110082813256,1.414301539720823,5.414403228836083e-16,1.0605390551611694e-16,5.105331295897688,3.6097898167497284,0.0,FINITE
holdout,HOLDOUT_NONSYMMETRIC_D04_C01_E3eM17,decimal-source,NONSYMMETRIC,4,1,3e-17,zg,14.21247186294683,10.049110082813254,1.4143015397208227,3.281157133654594e-16,7.219158417100206e-17,4.545068751895557,3.213649016314254,0.0,FINITE
holdout,HOLDOUT_NONSYMMETRIC_D04_C01_E3eM17,binary64-operand,NONSYMMETRIC,4,1,3e-17,z,14.212471862946833,10.049110082813256,1.414301539720823,1.877602226412305e-16,1.6074099160706653e-17,11.680917279657752,8.259142022827406,1.520734028733998e-16,FINITE
holdout,HOLDOUT_NONSYMMETRIC_D04_C01_E3eM17,binary64-operand,NONSYMMETRIC,4,1,3e-17,zg,14.21247186294683,10.049110082813254,1.4143015397208227,1.8539869819359986e-16,3.6620212826746695e-17,5.062742236664126,3.5796766774810203,0.0,FINITE
holdout,HOLDOUT_NONSYMMETRIC_D04_C01_E3eM9,decimal-source,NONSYMMETRIC,4,1,3e-9,z,14.215365527149622,10.05319634355973,1.4140145125342407,4.729817739955536e-16,2.0925568860986358e-16,2.260305452806022,1.5985023016171398,0.0,FINITE
holdout,HOLDOUT_NONSYMMETRIC_D04_C01_E3eM9,decimal-source,NONSYMMETRIC,4,1,3e-9,zg,14.215365104413548,10.053196040383664,1.4140145131270156,1.117427680627625e-15,9.663904571648191e-17,11.562900609614012,8.177356386564442,0.0,FINITE
holdout,HOLDOUT_NONSYMMETRIC_D04_C01_E3eM9,binary64-operand,NONSYMMETRIC,4,1,3e-9,z,14.215365527149622,10.05319634355973,1.4140145125342407,6.407578661375701e-16,1.447907519812862e-16,4.425406024691316,3.1296751097412474,0.0,FINITE
holdout,HOLDOUT_NONSYMMETRIC_D04_C01_E3eM9,binary64-operand,NONSYMMETRIC,4,1,3e-9,zg,14.215365104413548,10.053196040383664,1.4140145131270156,4.875897226705647e-16,3.843874993989698e-17,12.684848582041882,8.97080508317417,0.0,FINITE
holdout,HOLDOUT_NONSYMMETRIC_D04_C03_E3eM13,decimal-source,NONSYMMETRIC,4,3,3e-13,z,1005.1287391564997,1000.0898848374953,1.0050384014431095,1.3490056299109793e-14,1.3517848686956846e-16,99.7944022862612,99.29411865553487,0.0,FINITE
holdout,HOLDOUT_NONSYMMETRIC_D04_C03_E3eM13,decimal-source,NONSYMMETRIC,4,3,3e-13,zg,1005.1287388576852,1000.0898845374761,1.0050384014458256,3.261975051923908e-14,9.043643953792534e-17,360.6925558536578,358.8843524135731,0.0,FINITE
holdout,HOLDOUT_NONSYMMETRIC_D04_C03_E3eM13,binary64-operand,NONSYMMETRIC,4,3,3e-13,z,1005.1287391564997,1000.0898848374953,1.0050384014431095,1.7342868407201274e-14,6.977792128380302e-17,248.54378130101924,247.29779573013474,0.0,FINITE
holdout,HOLDOUT_NONSYMMETRIC_D04_C03_E3eM13,binary64-operand,NONSYMMETRIC,4,3,3e-13,zg,1005.1287388576852,1000.0898845374761,1.0050384014458256,6.0945882270403144e-15,7.097007328082142e-17,85.87546757806834,85.44496156020489,0.0,FINITE
holdout,HOLDOUT_NONSYMMETRIC_D04_C03_E3eM15,decimal-source,NONSYMMETRIC,4,3,3e-15,z,1005.0889791381152,1000.0510767759233,1.005037645055524,1.1157354384079053e-14,9.371360918460988e-17,119.05799468356588,118.46122905872689,0.0,FINITE
holdout,HOLDOUT_NONSYMMETRIC_D04_C03_E3eM15,decimal-source,NONSYMMETRIC,4,3,3e-15,zg,1005.0889791351273,1000.0510767729236,1.0050376450555512,6.06933649310666e-14,1.6132489014080142e-16,376.21823190516074,374.33247774949376,0.0,FINITE
holdout,HOLDOUT_NONSYMMETRIC_D04_C03_E3eM15,binary64-operand,NONSYMMETRIC,4,3,3e-15,z,1005.0889791381152,1000.0510767759233,1.005037645055524,2.4484325644909025e-14,1.5231430698850438e-16,160.74869215507726,159.942956312046,0.0,FINITE
holdout,HOLDOUT_NONSYMMETRIC_D04_C03_E3eM15,binary64-operand,NONSYMMETRIC,4,3,3e-15,zg,1005.0889791351273,1000.0510767729236,1.0050376450555512,3.7996648454290234e-14,8.977643123739619e-17,423.2363431089786,421.114915636404,0.0,FINITE
holdout,HOLDOUT_NONSYMMETRIC_D04_C03_E3eM16,decimal-source,NONSYMMETRIC,4,3,3e-16,z,1005.0619875902576,1000.0255499794953,1.0050363089331722,2.3772078505783758e-14,2.132668787380004e-16,111.46634042029515,110.90777460429729,0.0,FINITE
holdout,HOLDOUT_NONSYMMETRIC_D04_C03_E3eM16,decimal-source,NONSYMMETRIC,4,3,3e-16,zg,1005.0619875899587,1000.0255499791948,1.0050363089331753,8.58742107613813e-14,2.9726667564253175e-16,288.8793726231409,287.43177739496815,0.0,FINITE
holdout,HOLDOUT_NONSYMMETRIC_D04_C03_E3eM16,binary64-operand,NONSYMMETRIC,4,3,3e-16,z,1005.0619875902576,1000.0255499794953,1.0050363089331722,2.4159177652999636e-15,1.0612193276451947e-16,22.765489681202784,22.651410181755463,0.0,FINITE
holdout,HOLDOUT_NONSYMMETRIC_D04_C03_E3eM16,binary64-operand,NONSYMMETRIC,4,3,3e-16,zg,1005.0619875899587,1000.0255499791948,1.0050363089331753,6.084630465176608e-14,1.8974810070834776e-16,320.668846879737,319.06195231903627,0.0,FINITE
holdout,HOLDOUT_NONSYMMETRIC_D04_C03_E3eM17,decimal-source,NONSYMMETRIC,4,3,3e-17,z,1005.1376085252693,1000.099668735303,1.00503743771492,2.1984905596559584e-14,3.845925372767128e-17,571.6415027767825,568.7763274535145,0.0,FINITE
holdout,HOLDOUT_NONSYMMETRIC_D04_C03_E3eM17,decimal-source,NONSYMMETRIC,4,3,3e-17,zg,1005.1376085252397,1000.0996687352732,1.0050374377149205,5.8149581331173e-14,1.4246724477851875e-16,408.1610578036588,406.1152773887354,0.0,FINITE
holdout,HOLDOUT_NONSYMMETRIC_D04_C03_E3eM17,binary64-operand,NONSYMMETRIC,4,3,3e-17,z,1005.1376085252693,1000.099668735303,1.00503743771492,1.337097461173107e-14,2.9268657651269965e-17,456.8359359367786,454.5461878270455,0.0,FINITE
holdout,HOLDOUT_NONSYMMETRIC_D04_C03_E3eM17,binary64-operand,NONSYMMETRIC,4,3,3e-17,zg,1005.1376085252397,1000.0996687352732,1.0050374377149205,3.7304467110950686e-14,1.1434530174513568e-16,326.2439867804856,324.6087902180465,0.0,FINITE
holdout,HOLDOUT_NONSYMMETRIC_D04_C03_E3eM9,decimal-source,NONSYMMETRIC,4,3,3e-9,z,1005.0237481717455,999.9867487826211,1.0050370661363828,8.104626540265341e-15,9.259719278904719e-17,87.52561817645072,87.08695542237201,0.0,FINITE
holdout,HOLDOUT_NONSYMMETRIC_D04_C03_E3eM9,decimal-source,NONSYMMETRIC,4,3,3e-9,zg,1005.0207606425676,999.9837492070872,1.0050370932922403,6.93124290048668e-15,1.2515653411873122e-16,55.38059158710224,55.10303247185615,0.0,FINITE
holdout,HOLDOUT_NONSYMMETRIC_D04_C03_E3eM9,binary64-operand,NONSYMMETRIC,4,3,3e-9,z,1005.0237481717455,999.9867487826211,1.0050370661363828,1.677875051913839e-15,1.429475321731971e-16,11.737698625541178,11.678871378011825,0.0,FINITE
holdout,HOLDOUT_NONSYMMETRIC_D04_C03_E3eM9,binary64-operand,NONSYMMETRIC,4,3,3e-9,zg,1005.0207606425676,999.9837492070872,1.0050370932922403,3.745606825478943e-15,7.98777134139246e-17,46.89176323900621,46.65674884237454,0.0,FINITE
holdout,HOLDOUT_NONSYMMETRIC_D04_C05_E3eM13,decimal-source,NONSYMMETRIC,4,5,3e-13,z,100018.92405200837,100013.87350278973,1.0000504984862775,8.375545545843821e-13,3.2487068343022354e-17,25781.167624633446,25779.8657804351,0.0,FINITE
holdout,HOLDOUT_NONSYMMETRIC_D04_C05_E3eM13,decimal-source,NONSYMMETRIC,4,5,3e-13,zg,100018.92105151445,100013.87050214733,1.0000504984892773,1.3383726416280147e-12,1.0809773294690955e-16,12381.135155584945,12380.509958535557,0.0,FINITE
holdout,HOLDOUT_NONSYMMETRIC_D04_C05_E3eM13,binary64-operand,NONSYMMETRIC,4,5,3e-13,z,100018.92405200837,100013.87350278973,1.0000504984862775,4.0703175162533643e-13,5.998071486021345e-17,6786.043690441737,6785.701022811754,0.0,FINITE
holdout,HOLDOUT_NONSYMMETRIC_D04_C05_E3eM13,binary64-operand,NONSYMMETRIC,4,5,3e-13,zg,100018.92105151445,100013.87050214733,1.0000504984892773,1.0821233823923548e-12,1.076804561543789e-16,10049.394486599687,10048.887032985604,0.0,FINITE
holdout,HOLDOUT_NONSYMMETRIC_D04_C05_E3eM15,decimal-source,NONSYMMETRIC,4,5,3e-15,z,100011.30093846691,100006.25236416321,1.0000504825866818,4.685648607335645e-13,1.250233875266816e-16,3747.8176683827796,3747.6284784032673,0.0,FINITE
holdout,HOLDOUT_NONSYMMETRIC_D04_C05_E3eM15,decimal-source,NONSYMMETRIC,4,5,3e-15,zg,100011.30090846652,100006.25233416134,1.0000504825867118,8.369294312707079e-13,4.8556891655267385e-17,17236.058626086273,17235.188549185845,0.0,FINITE
holdout,HOLDOUT_NONSYMMETRIC_D04_C05_E3eM15,binary64-operand,NONSYMMETRIC,4,5,3e-15,z,100011.30093846691,100006.25236416321,1.0000504825866818,4.2465069296935487e-13,7.819856467288649e-17,5430.4154397937755,5430.141312214287,0.0,FINITE
holdout,HOLDOUT_NONSYMMETRIC_D04_C05_E3eM15,binary64-operand,NONSYMMETRIC,4,5,3e-15,zg,100011.30090846652,100006.25233416134,1.0000504825867118,2.1968241216557872e-13,5.616808593287983e-17,3911.1607333049674,3910.9632977611614,0.0,FINITE
holdout,HOLDOUT_NONSYMMETRIC_D04_C05_E3eM16,decimal-source,NONSYMMETRIC,4,5,3e-16,z,100016.2322455619,100011.1831870912,1.0000504849388818,6.792602863802737e-13,1.5614824077120564e-16,4350.098874156077,4349.879270766949,0.0,FINITE
holdout,HOLDOUT_NONSYMMETRIC_D04_C05_E3eM16,decimal-source,NONSYMMETRIC,4,5,3e-16,zg,100016.23224256172,100011.1831840909,1.0000504849388845,1.973698468926956e-13,1.8401876607062102e-16,1072.5528222320045,1072.4986772018322,0.0,FINITE
holdout,HOLDOUT_NONSYMMETRIC_D04_C05_E3eM16,binary64-operand,NONSYMMETRIC,4,5,3e-16,z,100016.2322455619,100011.1831870912,1.0000504849388818,1.6484054443568398e-13,1.448593889873095e-16,1137.9348317569181,1137.8773860866265,0.0,FINITE
holdout,HOLDOUT_NONSYMMETRIC_D04_C05_E3eM16,binary64-operand,NONSYMMETRIC,4,5,3e-16,zg,100016.23224256172,100011.1831840909,1.0000504849388845,1.4633093748301137e-12,1.5754251072787282e-16,9288.346161739959,9287.877263823928,0.0,FINITE
holdout,HOLDOUT_NONSYMMETRIC_D04_C05_E3eM17,decimal-source,NONSYMMETRIC,4,5,3e-17,z,100007.50557297599,100002.4554459523,1.000050500030236,8.85858358298648e-12,1.0026641665932503e-16,88350.45549782904,88345.99402245968,0.0,FINITE
holdout,HOLDOUT_NONSYMMETRIC_D04_C05_E3eM17,decimal-source,NONSYMMETRIC,4,5,3e-17,zg,100007.50557267602,100002.45544565235,1.000050500030236,4.406217136048498e-12,7.378931336332949e-17,59713.486075589666,59710.47069501416,0.0,FINITE
holdout,HOLDOUT_NONSYMMETRIC_D04_C05_E3eM17,binary64-operand,NONSYMMETRIC,4,5,3e-17,z,100007.50557297599,100002.4554459523,1.000050500030236,7.427329443802685e-12,7.483572615344693e-17,99248.44490148083,99243.4331051083,0.0,FINITE
holdout,HOLDOUT_NONSYMMETRIC_D04_C05_E3eM17,binary64-operand,NONSYMMETRIC,4,5,3e-17,zg,100007.50557267602,100002.45544565235,1.000050500030236,3.1373071244460984e-12,4.0992398917857263e-17,76533.8747491407,76530.00998132268,0.0,FINITE
holdout,HOLDOUT_NONSYMMETRIC_D04_C05_E3eM9,decimal-source,NONSYMMETRIC,4,5,3e-9,z,100018.7919649862,100013.74189922925,1.0000504937187735,2.0043323153665136e-12,2.0380985511143445e-16,9834.324813540694,9833.828266981714,0.0,FINITE
holdout,HOLDOUT_NONSYMMETRIC_D04_C05_E3eM9,decimal-source,NONSYMMETRIC,4,5,3e-9,zg,99988.79608740883,99983.74453663517,1.0000505237206014,1.68316250137906e-12,1.563154779553872e-16,10767.727696546073,10767.183698365232,0.0,FINITE
holdout,HOLDOUT_NONSYMMETRIC_D04_C05_E3eM9,binary64-operand,NONSYMMETRIC,4,5,3e-9,z,100018.7919649862,100013.74189922925,1.0000504937187735,1.5179055797299492e-12,8.506798056913435e-17,17843.442028065478,17842.541091813382,0.0,FINITE
holdout,HOLDOUT_NONSYMMETRIC_D04_C05_E3eM9,binary64-operand,NONSYMMETRIC,4,5,3e-9,zg,99988.79608740883,99983.74453663517,1.0000505237206014,3.416759498689863e-12,1.580853181047298e-16,21613.389147411508,21612.297213745525,0.0,FINITE
holdout,HOLDOUT_NONSYMMETRIC_D04_C07_E3eM13,decimal-source,NONSYMMETRIC,4,7,3e-13,z,10000000.789238805,9999500.689343316,1.0000500124867255,5.815712576693711e-10,1.9766958974948128e-16,2942138.2338397717,2941991.097549059,0.0,FINITE
holdout,HOLDOUT_NONSYMMETRIC_D04_C07_E3eM13,decimal-source,NONSYMMETRIC,4,7,3e-13,zg,9999970.794545503,9999470.69317991,1.0000500127837701,9.52492178042465e-10,1.3804952229461112e-16,6899641.246202605,6899296.193193928,0.0,FINITE
holdout,HOLDOUT_NONSYMMETRIC_D04_C07_E3eM13,binary64-operand,NONSYMMETRIC,4,7,3e-13,z,10000000.789238805,9999500.689343316,1.0000500124867255,1.4362029581685485e-10,1.4077197384696292e-16,1020233.5869282363,1020182.5650612436,0.0,FINITE
holdout,HOLDOUT_NONSYMMETRIC_D04_C07_E3eM13,binary64-operand,NONSYMMETRIC,4,7,3e-13,zg,9999970.794545503,9999470.69317991,1.0000500127837701,6.03148912974651e-10,1.0987005028055714e-16,5489657.203528063,5489382.664219846,0.0,FINITE
holdout,HOLDOUT_NONSYMMETRIC_D04_C07_E3eM15,decimal-source,NONSYMMETRIC,4,7,3e-15,z,10000993.000381647,10000493.011437196,1.000049996429564,4.4291700789447485e-10,2.931072891608563e-16,1511108.8133035253,1511033.2670352212,0.0,FINITE
holdout,HOLDOUT_NONSYMMETRIC_D04_C07_E3eM15,decimal-source,NONSYMMETRIC,4,7,3e-15,zg,10000992.700374126,10000492.71141497,1.0000499964325342,8.027354098495466e-11,2.3755793383288176e-16,337911.42939231754,337894.5358709512,0.0,FINITE
holdout,HOLDOUT_NONSYMMETRIC_D04_C07_E3eM15,binary64-operand,NONSYMMETRIC,4,7,3e-15,z,10000993.000381647,10000493.011437196,1.000049996429564,3.032714929628759e-10,2.1759295364390887e-16,1393756.037978969,1393686.3586371052,0.0,FINITE
holdout,HOLDOUT_NONSYMMETRIC_D04_C07_E3eM15,binary64-operand,NONSYMMETRIC,4,7,3e-15,zg,10000992.700374126,10000492.71141497,1.0000499964325342,6.509515282717497e-10,1.7937747117265266e-16,3628948.072554787,3628766.6471679294,0.0,FINITE
holdout,HOLDOUT_NONSYMMETRIC_D04_C07_E3eM16,decimal-source,NONSYMMETRIC,4,7,3e-16,z,10000010.307818953,9999510.333707113,1.0000499998595085,1.2462153698186872e-10,1.4261072965499198e-16,873858.0700299112,873814.379433703,0.0,FINITE
holdout,HOLDOUT_NONSYMMETRIC_D04_C07_E3eM16,decimal-source,NONSYMMETRIC,4,7,3e-16,zg,10000010.277827924,9999510.303714614,1.0000499998598056,5.578823543717755e-11,1.308799165641505e-16,426255.1268500624,426233.815219057,0.0,FINITE
holdout,HOLDOUT_NONSYMMETRIC_D04_C07_E3eM16,binary64-operand,NONSYMMETRIC,4,7,3e-16,z,10000010.307818953,9999510.333707113,1.0000499998595085,9.997419933974348e-11,1.0200279957108051e-16,980112.3082908778,980063.3052633052,0.0,FINITE
holdout,HOLDOUT_NONSYMMETRIC_D04_C07_E3eM16,binary64-operand,NONSYMMETRIC,4,7,3e-16,zg,10000010.277827924,9999510.303714614,1.0000499998598056,1.2593637912106144e-10,8.526064212484586e-17,1477075.1894720043,1477001.339612091,0.0,FINITE
holdout,HOLDOUT_NONSYMMETRIC_D04_C07_E3eM17,decimal-source,NONSYMMETRIC,4,7,3e-17,z,10001877.040880488,10001377.121824171,1.0000499850220852,5.0085107564072255e-11,1.27675647831893e-16,392283.9508910731,392264.34354919754,0.0,FINITE
holdout,HOLDOUT_NONSYMMETRIC_D04_C07_E3eM17,decimal-source,NONSYMMETRIC,4,7,3e-17,zg,10001877.037879996,10001377.118823532,1.000049985022115,2.2772801322534902e-11,1.4817689011310655e-16,153686.59245818926,153678.9108144336,0.0,FINITE
holdout,HOLDOUT_NONSYMMETRIC_D04_C07_E3eM17,binary64-operand,NONSYMMETRIC,4,7,3e-17,z,10001877.040880488,10001377.121824171,1.0000499850220852,7.211019163269527e-12,8.425378480411912e-17,85586.88704649129,85582.60919788043,0.0,FINITE
holdout,HOLDOUT_NONSYMMETRIC_D04_C07_E3eM17,binary64-operand,NONSYMMETRIC,4,7,3e-17,zg,10001877.037879996,10001377.118823532,1.000049985022115,6.793544016826979e-11,1.45192856709879e-16,467897.95109560253,467874.5643751552,0.0,FINITE
holdout,HOLDOUT_NONSYMMETRIC_D04_C07_E3eM9,decimal-source,NONSYMMETRIC,4,7,3e-9,z,9999517.255275067,9999017.24185861,1.0000500062560511,2.171091117337806e-10,1.2161883888976234e-16,1785160.208037938,1785070.9433232767,0.0,FINITE
holdout,HOLDOUT_NONSYMMETRIC_D04_C07_E3eM9,decimal-source,NONSYMMETRIC,4,7,3e-9,zg,9708354.063629301,9707839.362374267,1.0000530191359602,6.779997958311519e-10,1.8098131235743974e-16,3746242.0125017995,3746043.4005174343,0.0,FINITE
holdout,HOLDOUT_NONSYMMETRIC_D04_C07_E3eM9,binary64-operand,NONSYMMETRIC,4,7,3e-9,z,9999517.255275067,9999017.24185861,1.0000500062560511,1.6479519232726254e-10,8.578331935092216e-17,1921063.3672627988,1920967.3068797851,0.0,FINITE
holdout,HOLDOUT_NONSYMMETRIC_D04_C07_E3eM9,binary64-operand,NONSYMMETRIC,4,7,3e-9,zg,9708354.063629301,9707839.362374267,1.0000530191359602,5.362258532706711e-10,1.789381616440088e-16,2996710.418527009,2996551.5439532883,0.0,FINITE
holdout,HOLDOUT_NONSYMMETRIC_D04_C09_E3eM13,decimal-source,NONSYMMETRIC,4,9,3e-13,z,999951454.1146382,999950954.0031362,1.0000005001360317,8.237574084671561e-09,5.155369359468229e-17,159786302.59619766,159786222.68135032,0.0,FINITE
holdout,HOLDOUT_NONSYMMETRIC_D04_C09_E3eM13,decimal-source,NONSYMMETRIC,4,9,3e-13,zg,999651596.2561104,999651095.9948943,1.0000005004358201,1.66890784355737e-08,1.6394998348318275e-16,101793718.30974042,101793667.36854301,0.0,FINITE
holdout,HOLDOUT_NONSYMMETRIC_D04_C09_E3eM13,binary64-operand,NONSYMMETRIC,4,9,3e-13,z,999951454.1146382,999950954.0031362,1.0000005001360317,1.4723755490655056e-09,5.3257294803864276e-17,27646457.719791505,27646443.892808765,0.0,FINITE
holdout,HOLDOUT_NONSYMMETRIC_D04_C09_E3eM13,binary64-operand,NONSYMMETRIC,4,9,3e-13,zg,999651596.2561104,999651095.9948943,1.0000005004358201,1.1698941052490692e-08,6.917768889588076e-17,169114366.77363926,169114282.1427948,0.0,FINITE
holdout,HOLDOUT_NONSYMMETRIC_D04_C09_E3eM15,decimal-source,NONSYMMETRIC,4,9,3e-15,z,1000000500.21123,1000000000.050266,1.000000500160964,4.30766749032932e-08,1.4067997763904867e-16,306203310.70721155,306203157.5563451,0.0,FINITE
holdout,HOLDOUT_NONSYMMETRIC_D04_C09_E3eM15,decimal-source,NONSYMMETRIC,4,9,3e-15,zg,999997500.2217275,999997000.0592651,1.000000500163963,8.991476813978816e-08,1.769899678930373e-16,508021834.28909117,508021580.1950044,0.0,FINITE
holdout,HOLDOUT_NONSYMMETRIC_D04_C09_E3eM15,binary64-operand,NONSYMMETRIC,4,9,3e-15,z,1000000500.21123,1000000000.050266,1.000000500160964,5.6066428265811624e-09,1.4063086152031536e-16,39867798.333662584,39867778.393356115,0.0,FINITE
holdout,HOLDOUT_NONSYMMETRIC_D04_C09_E3eM15,binary64-operand,NONSYMMETRIC,4,9,3e-15,zg,999997500.2217275,999997000.0592651,1.000000500163963,2.3592573433390325e-08,1.3867427322536624e-16,170129418.2739209,170129333.1813594,0.0,FINITE
holdout,HOLDOUT_NONSYMMETRIC_D04_C09_E3eM16,decimal-source,NONSYMMETRIC,4,9,3e-16,z,1000088424.9605476,1000087925.1041784,1.000000499812423,6.553117225272935e-08,1.7483809675615383e-16,374810601.7427396,374810414.4078382,0.0,FINITE
holdout,HOLDOUT_NONSYMMETRIC_D04_C09_E3eM16,decimal-source,NONSYMMETRIC,4,9,3e-16,zg,1000088124.9268255,1000087625.0703073,1.000000499812722,1.168847971483361e-07,1.500898117110819e-16,778765699.1224401,778765309.8856307,0.0,FINITE
holdout,HOLDOUT_NONSYMMETRIC_D04_C09_E3eM16,binary64-operand,NONSYMMETRIC,4,9,3e-16,z,1000088424.9605476,1000087925.1041784,1.000000499812423,5.1652250570428533e-08,1.7683491998720961e-16,292093046.8606795,292092900.869019,0.0,FINITE
holdout,HOLDOUT_NONSYMMETRIC_D04_C09_E3eM16,binary64-operand,NONSYMMETRIC,4,9,3e-16,zg,1000088124.9268255,1000087625.0703073,1.000000499812722,4.8432327970180687e-08,1.24138133474974e-16,390148672.4056839,390148477.40451133,0.0,FINITE
holdout,HOLDOUT_NONSYMMETRIC_D04_C09_E3eM17,decimal-source,NONSYMMETRIC,4,9,3e-17,z,999988976.6496615,999988476.6565286,1.0000004999988945,5.258533940204483e-09,1.3543469566674574e-16,38827081.305249676,38827061.89176165,0.0,FINITE
holdout,HOLDOUT_NONSYMMETRIC_D04_C09_E3eM17,decimal-source,NONSYMMETRIC,4,9,3e-17,zg,999988946.652235,999988446.6590872,1.0000004999989245,9.436452702219694e-09,2.985519317084639e-17,316074079.5820539,316073921.54543304,0.0,FINITE
holdout,HOLDOUT_NONSYMMETRIC_D04_C09_E3eM17,binary64-operand,NONSYMMETRIC,4,9,3e-17,z,999988976.6496615,999988476.6565286,1.0000004999988945,7.425587410527258e-09,7.536336393443269e-17,98530466.56711921,98530417.30201949,0.0,FINITE
holdout,HOLDOUT_NONSYMMETRIC_D04_C09_E3eM17,binary64-operand,NONSYMMETRIC,4,9,3e-17,zg,999988946.652235,999988446.6590872,1.0000004999989245,8.604928087012434e-09,4.3498615089251e-17,197820736.80637267,197820637.8962665,0.0,FINITE
holdout,HOLDOUT_NONSYMMETRIC_D04_C09_E3eM9,decimal-source,NONSYMMETRIC,4,9,3e-9,z,1000112561.9478285,1000112062.040243,1.000000499851571,8.957177334537219e-08,1.5740127955196997e-16,569066360.8347467,569066076.3861744,0.0,FINITE
holdout,HOLDOUT_NONSYMMETRIC_D04_C09_E3eM9,decimal-source,NONSYMMETRIC,4,9,3e-9,zg,250029896.35471615,250027908.67314672,1.0000079498388,1.3854674404236736e-08,6.760612293340554e-17,204932242.86628723,204930613.70094314,0.0,FINITE
holdout,HOLDOUT_NONSYMMETRIC_D04_C09_E3eM9,binary64-operand,NONSYMMETRIC,4,9,3e-9,z,1000112561.9478285,1000112062.040243,1.000000499851571,9.182717167918386e-08,1.4640351359470855e-16,627219725.9786446,627219412.4620359,0.0,FINITE
holdout,HOLDOUT_NONSYMMETRIC_D04_C09_E3eM9,binary64-operand,NONSYMMETRIC,4,9,3e-9,zg,250029896.35471615,250027908.67314672,1.0000079498388,8.529792307994086e-09,8.448639117353438e-17,100960547.48597273,100959744.87227571,0.0,FINITE
holdout,HOLDOUT_NONSYMMETRIC_D08_C01_E3eM13,decimal-source,NONSYMMETRIC,8,1,3e-13,z,20.10503563630069,10.175475566689203,1.9758325303357072,2.8349940247486303e-15,2.1050367255813264e-16,13.4676701375161,6.816200224837806,0.0,FINITE
holdout,HOLDOUT_NONSYMMETRIC_D08_C01_E3eM13,decimal-source,NONSYMMETRIC,8,1,3e-13,zg,20.10503563624089,10.175475566658147,1.9758325303358604,1.6626204861032554e-15,2.4091529804793365e-16,6.901265712783638,3.492839401530924,0.0,FINITE
holdout,HOLDOUT_NONSYMMETRIC_D08_C01_E3eM13,binary64-operand,NONSYMMETRIC,8,1,3e-13,z,20.10503563630069,10.175475566689203,1.9758325303357072,2.3626846854267614e-15,1.4739094597765688e-16,16.030053065708138,8.113062630355886,0.0,FINITE
holdout,HOLDOUT_NONSYMMETRIC_D08_C01_E3eM13,binary64-operand,NONSYMMETRIC,8,1,3e-13,zg,20.10503563624089,10.175475566658147,1.9758325303358604,1.5866819612500706e-15,2.807441512915845e-16,5.651700859841323,2.860414925388754,0.0,FINITE
holdout,HOLDOUT_NONSYMMETRIC_D08_C01_E3eM15,decimal-source,NONSYMMETRIC,8,1,3e-15,z,20.10627919900081,10.12847335987894,1.9851243602659905,2.170190457700173e-15,2.220446049250313e-16,9.773668936621505,4.923454234026886,0.0,FINITE
holdout,HOLDOUT_NONSYMMETRIC_D08_C01_E3eM15,decimal-source,NONSYMMETRIC,8,1,3e-15,zg,20.106279199000213,10.128473359878633,1.9851243602659918,4.478745835062242e-15,2.6181635104816008e-16,17.10644051500968,8.617314288923211,0.0,FINITE
holdout,HOLDOUT_NONSYMMETRIC_D08_C01_E3eM15,binary64-operand,NONSYMMETRIC,8,1,3e-15,z,20.10627919900081,10.12847335987894,1.9851243602659905,2.082181205440065e-15,1.6570658049680333e-16,12.565470841275568,6.329815447729379,0.0,FINITE
holdout,HOLDOUT_NONSYMMETRIC_D08_C01_E3eM15,binary64-operand,NONSYMMETRIC,8,1,3e-15,zg,20.106279199000213,10.128473359878633,1.9851243602659918,3.1722510212231348e-15,1.7608379619974347e-16,18.01557604780761,9.0752883841462,0.0,FINITE
holdout,HOLDOUT_NONSYMMETRIC_D08_C01_E3eM16,decimal-source,NONSYMMETRIC,8,1,3e-16,z,20.10446712936828,10.126970683636161,1.9852399851274802,1.481861890937749e-15,1.1723240201901227e-16,12.640378132808596,6.367178893989941,0.0,FINITE
holdout,HOLDOUT_NONSYMMETRIC_D08_C01_E3eM16,decimal-source,NONSYMMETRIC,8,1,3e-16,zg,20.10446712936822,10.126970683636129,1.9852399851274807,1.4273096237923719e-15,1.7674414254087101e-16,8.075569596103108,4.067805230904888,0.0,FINITE
holdout,HOLDOUT_NONSYMMETRIC_D08_C01_E3eM16,binary64-operand,NONSYMMETRIC,8,1,3e-16,z,20.10446712936828,10.126970683636161,1.9852399851274802,1.5963765482779379e-15,1.2753944196048427e-16,12.51672834488758,6.304894339554536,0.0,FINITE
holdout,HOLDOUT_NONSYMMETRIC_D08_C01_E3eM16,binary64-operand,NONSYMMETRIC,8,1,3e-16,zg,20.10446712936822,10.126970683636129,1.9852399851274807,1.3250981467933967e-15,1.119498458023157e-16,11.836533916565582,5.9622685444780155,0.0,FINITE
holdout,HOLDOUT_NONSYMMETRIC_D08_C01_E3eM17,decimal-source,NONSYMMETRIC,8,1,3e-17,z,20.106998153820737,10.200345761898621,1.9712075083696143,1.4186478315544077e-15,1.2440567926383357e-16,11.403400873249586,5.7849824662454425,0.0,FINITE
holdout,HOLDOUT_NONSYMMETRIC_D08_C01_E3eM17,decimal-source,NONSYMMETRIC,8,1,3e-17,zg,20.106998153820733,10.200345761898618,1.9712075083696148,1.5395796129259144e-15,1.2308829831589875e-16,12.507928324548573,6.345312845776382,0.0,FINITE
holdout,HOLDOUT_NONSYMMETRIC_D08_C01_E3eM17,binary64-operand,NONSYMMETRIC,8,1,3e-17,z,20.106998153820737,10.200345761898621,1.9712075083696143,1.2689978408007825e-15,6.679188525238715e-17,18.999281664316076,9.638397572881802,0.0,FINITE
holdout,HOLDOUT_NONSYMMETRIC_D08_C01_E3eM17,binary64-operand,NONSYMMETRIC,8,1,3e-17,zg,20.106998153820733,10.200345761898618,1.9712075083696148,1.1740872605464122e-15,9.652052720498279e-17,12.164119846268317,6.170897683080184,0.0,FINITE
holdout,HOLDOUT_NONSYMMETRIC_D08_C01_E3eM9,decimal-source,NONSYMMETRIC,8,1,3e-9,z,20.100088036587128,10.038387945717538,2.002322299683785,1.1228432661477014e-15,9.999714131543226e-17,11.228753656124931,5.607865256206868,0.0,FINITE
holdout,HOLDOUT_NONSYMMETRIC_D08_C01_E3eM9,decimal-source,NONSYMMETRIC,8,1,3e-9,zg,20.100087438997434,10.038387643452905,2.002322300445015,3.559275624441124e-15,2.5055704676815975e-16,14.205450097496238,7.094487283260584,0.0,FINITE
holdout,HOLDOUT_NONSYMMETRIC_D08_C01_E3eM9,binary64-operand,NONSYMMETRIC,8,1,3e-9,z,20.100088036587128,10.038387945717538,2.002322299683785,8.820329819692038e-16,1.1787594503049753e-16,7.48272246505425,3.7370219900342483,0.0,FINITE
holdout,HOLDOUT_NONSYMMETRIC_D08_C01_E3eM9,binary64-operand,NONSYMMETRIC,8,1,3e-9,zg,20.100087438997434,10.038387643452905,2.002322300445015,2.391216361289415e-15,2.1492696853979702e-16,11.125715760731277,5.556406058234777,0.0,FINITE
holdout,HOLDOUT_NONSYMMETRIC_D08_C03_E3eM13,decimal-source,NONSYMMETRIC,8,3,3e-13,z,1421.674097703367,1000.3755469200306,1.4211403928059176,2.0112351392415445e-14,3.070725159912542e-16,65.49707429038772,46.087687481086554,0.0,FINITE
holdout,HOLDOUT_NONSYMMETRIC_D08_C03_E3eM13,decimal-source,NONSYMMETRIC,8,3,3e-13,zg,1421.6740972806695,1000.3755466198692,1.42114039280979,5.0625650462025793e-14,8.14524631793417e-17,621.5361510990581,437.3502816777979,0.0,FINITE
holdout,HOLDOUT_NONSYMMETRIC_D08_C03_E3eM13,binary64-operand,NONSYMMETRIC,8,3,3e-13,z,1421.674097703367,1000.3755469200306,1.4211403928059176,1.914063032878541e-14,3.019474726500142e-16,63.39059625437309,44.60544262570279,0.0,FINITE
holdout,HOLDOUT_NONSYMMETRIC_D08_C03_E3eM13,binary64-operand,NONSYMMETRIC,8,3,3e-13,zg,1421.6740972806695,1000.3755466198692,1.42114039280979,3.759558011063576e-14,8.409059832787848e-17,447.08422651538837,314.5953973142944,0.0,FINITE
holdout,HOLDOUT_NONSYMMETRIC_D08_C03_E3eM15,decimal-source,NONSYMMETRIC,8,3,3e-15,z,1421.8461723651853,1007.7885627081301,1.4108576193248308,4.6182114167830924e-14,1.2658490090568387e-16,364.8311436625478,258.5882080979501,0.0,FINITE
holdout,HOLDOUT_NONSYMMETRIC_D08_C03_E3eM15,decimal-source,NONSYMMETRIC,8,3,3e-15,zg,1421.846172360957,1007.7885627050838,1.4108576193248998,1.5839581757603426e-13,2.162844606389902e-16,732.3495044815985,519.0810854691562,0.0,FINITE
holdout,HOLDOUT_NONSYMMETRIC_D08_C03_E3eM15,binary64-operand,NONSYMMETRIC,8,3,3e-15,z,1421.8461723651853,1007.7885627081301,1.4108576193248308,1.1176920996859237e-14,9.205316738975977e-17,121.4181034046916,86.05978501416502,0.0,FINITE
holdout,HOLDOUT_NONSYMMETRIC_D08_C03_E3eM15,binary64-operand,NONSYMMETRIC,8,3,3e-15,zg,1421.846172360957,1007.7885627050838,1.4108576193248998,2.591408102490892e-13,2.9005033249743747e-16,893.4339361647815,633.2559174839291,0.0,FINITE
holdout,HOLDOUT_NONSYMMETRIC_D08_C03_E3eM16,decimal-source,NONSYMMETRIC,8,3,3e-16,z,1421.960316969324,1005.4494149275699,1.4142534630364854,6.779700970819318e-14,2.3082228224659875e-16,293.71951896638086,207.6852039914739,0.0,FINITE
holdout,HOLDOUT_NONSYMMETRIC_D08_C03_E3eM16,decimal-source,NONSYMMETRIC,8,3,3e-16,zg,1421.960316968901,1005.4494149272666,1.4142534630364914,2.6922196918810277e-13,2.991404047794953e-16,899.9853075232472,636.3677594191087,0.0,FINITE
holdout,HOLDOUT_NONSYMMETRIC_D08_C03_E3eM16,binary64-operand,NONSYMMETRIC,8,3,3e-16,z,1421.960316969324,1005.4494149275699,1.4142534630364854,4.665661740185602e-14,1.9039162005280034e-16,245.05604495049195,173.27590234380068,0.0,FINITE
holdout,HOLDOUT_NONSYMMETRIC_D08_C03_E3eM16,binary64-operand,NONSYMMETRIC,8,3,3e-16,zg,1421.960316968901,1005.4494149272666,1.4142534630364914,1.610250889921311e-13,1.5355351007075255e-16,1048.6578191402846,741.4921345773126,0.0,FINITE
holdout,HOLDOUT_NONSYMMETRIC_D08_C03_E3eM17,decimal-source,NONSYMMETRIC,8,3,3e-17,z,1421.7130239262224,1010.2916754700495,1.4072302667096157,1.0009719036478324e-13,2.52438447943028e-16,396.52117647060584,281.77419563164403,1.433553167746687e-16,FINITE
holdout,HOLDOUT_NONSYMMETRIC_D08_C03_E3eM17,decimal-source,NONSYMMETRIC,8,3,3e-17,zg,1421.7130239261803,1010.2916754700192,1.4072302667096164,6.945833797146338e-14,2.1439037672541644e-16,323.9806703657373,230.22576903726522,0.0,FINITE
holdout,HOLDOUT_NONSYMMETRIC_D08_C03_E3eM17,binary64-operand,NONSYMMETRIC,8,3,3e-17,z,1421.7130239262224,1010.2916754700495,1.4072302667096157,3.219978604215e-14,2.3723057431528023e-16,135.73202415029513,96.4533149700252,0.0,FINITE
holdout,HOLDOUT_NONSYMMETRIC_D08_C03_E3eM17,binary64-operand,NONSYMMETRIC,8,3,3e-17,zg,1421.7130239261803,1010.2916754700192,1.4072302667096164,9.587758625522751e-14,2.25374205385222e-16,425.41508284565333,302.30666075734587,0.0,FINITE
holdout,HOLDOUT_NONSYMMETRIC_D08_C03_E3eM9,decimal-source,NONSYMMETRIC,8,3,3e-9,z,1421.701319707765,1002.898276771657,1.417592743587356,1.822811082282134e-14,2.518426590722081e-16,72.37896427068375,51.05765714313813,0.0,FINITE
holdout,HOLDOUT_NONSYMMETRIC_D08_C03_E3eM9,decimal-source,NONSYMMETRIC,8,3,3e-9,zg,1421.6970926316558,1002.8952601442776,1.417592792718084,4.054501933400666e-14,3.2339933920825947e-16,125.37137346436224,88.43962392329598,1.1335007603822373e-16,FINITE
holdout,HOLDOUT_NONSYMMETRIC_D08_C03_E3eM9,binary64-operand,NONSYMMETRIC,8,3,3e-9,z,1421.701319707765,1002.898276771657,1.417592743587356,2.5629858238565467e-14,2.2001123675063926e-16,116.49340559643483,82.17692008047173,1.2198849061407227e-16,FINITE
holdout,HOLDOUT_NONSYMMETRIC_D08_C03_E3eM9,binary64-operand,NONSYMMETRIC,8,3,3e-9,zg,1421.6970926316558,1002.8952601442776,1.417592792718084,3.2187642599687095e-14,2.441616594719762e-16,131.82922605169077,92.99513000409814,0.0,FINITE
holdout,HOLDOUT_NONSYMMETRIC_D08_C05_E3eM13,decimal-source,NONSYMMETRIC,8,5,3e-13,z,101027.32162655551,100027.36628335388,1.009996817674565,8.236705872681074e-13,1.1174851121785398e-16,7370.7522211401965,7297.797470402679,0.0,FINITE
holdout,HOLDOUT_NONSYMMETRIC_D08_C05_E3eM13,decimal-source,NONSYMMETRIC,8,5,3e-13,zg,101027.31864930668,100027.36328234404,1.0099968182120336,2.872926819628745e-12,2.841075089794979e-16,10112.111538157425,10012.023162665588,0.0,FINITE
holdout,HOLDOUT_NONSYMMETRIC_D08_C05_E3eM13,binary64-operand,NONSYMMETRIC,8,5,3e-13,z,101027.32162655551,100027.36628335388,1.009996817674565,2.034486946395009e-12,1.0714904267686109e-16,18987.44865626651,18799.51334894654,0.0,FINITE
holdout,HOLDOUT_NONSYMMETRIC_D08_C05_E3eM13,binary64-operand,NONSYMMETRIC,8,5,3e-13,zg,101027.31864930668,100027.36328234404,1.0099968182120336,3.677643446305651e-12,3.096531224161384e-16,11876.655457597222,11759.10185402574,0.0,FINITE
holdout,HOLDOUT_NONSYMMETRIC_D08_C05_E3eM15,decimal-source,NONSYMMETRIC,8,5,3e-15,z,100998.1003845546,99997.7950070833,1.0100032743462037,5.7098725159667834e-12,1.971232166893511e-16,28966.007210429412,28679.122084212762,0.0,FINITE
holdout,HOLDOUT_NONSYMMETRIC_D08_C05_E3eM15,decimal-source,NONSYMMETRIC,8,5,3e-15,zg,100998.10035480023,99997.79497709134,1.01000327435158,2.2383168665823765e-12,2.42577964312345e-16,9227.206077549175,9135.817983830817,0.0,FINITE
holdout,HOLDOUT_NONSYMMETRIC_D08_C05_E3eM15,binary64-operand,NONSYMMETRIC,8,5,3e-15,z,100998.1003845546,99997.7950070833,1.0100032743462037,7.438720434902411e-12,1.1349084077546961e-16,65544.67641683246,64895.50883808857,0.0,FINITE
holdout,HOLDOUT_NONSYMMETRIC_D08_C05_E3eM15,binary64-operand,NONSYMMETRIC,8,5,3e-15,zg,100998.10035480023,99997.79497709134,1.01000327435158,1.5385793008817393e-12,1.9347015904247244e-16,7952.54063208774,7873.777079775562,0.0,FINITE
holdout,HOLDOUT_NONSYMMETRIC_D08_C05_E3eM16,decimal-source,NONSYMMETRIC,8,5,3e-16,z,100994.28175005561,99993.85978143176,1.0100048340049137,2.4024942574600077e-12,2.5385353245365115e-16,9464.096222094753,9370.347451276368,0.0,FINITE
holdout,HOLDOUT_NONSYMMETRIC_D08_C05_E3eM16,decimal-source,NONSYMMETRIC,8,5,3e-16,zg,100994.28174708037,99993.85977843274,1.0100048340054517,2.0367227307644e-12,2.0613562769168026e-16,9880.498357182354,9782.624819723409,0.0,FINITE
holdout,HOLDOUT_NONSYMMETRIC_D08_C05_E3eM16,binary64-operand,NONSYMMETRIC,8,5,3e-16,z,100994.28175005561,99993.85978143176,1.0100048340049137,1.67860592564318e-12,2.0117379681120864e-16,8344.05848202222,8261.404501338877,0.0,FINITE
holdout,HOLDOUT_NONSYMMETRIC_D08_C05_E3eM16,binary64-operand,NONSYMMETRIC,8,5,3e-16,zg,100994.28174708037,99993.85977843274,1.0100048340054517,5.128604433121465e-13,2.2482971518077674e-16,2281.106138037739,2258.5101191955546,0.0,FINITE
holdout,HOLDOUT_NONSYMMETRIC_D08_C05_E3eM17,decimal-source,NONSYMMETRIC,8,5,3e-17,z,101010.33813650851,100010.28772026257,1.009999475444398,2.45896294108245e-12,1.8808370800923919e-16,13073.768946333508,12944.332412233258,0.0,FINITE
holdout,HOLDOUT_NONSYMMETRIC_D08_C05_E3eM17,decimal-source,NONSYMMETRIC,8,5,3e-17,zg,101010.33813621086,100010.28771996258,1.0099994754444515,1.3340904479483712e-12,2.9718624190413134e-16,4489.072035773219,4444.628086363904,0.0,FINITE
holdout,HOLDOUT_NONSYMMETRIC_D08_C05_E3eM17,binary64-operand,NONSYMMETRIC,8,5,3e-17,z,101010.33813650851,100010.28772026257,1.009999475444398,3.1014918901991003e-13,1.1534977825710904e-16,2688.7714368085094,2662.1513200543545,0.0,FINITE
holdout,HOLDOUT_NONSYMMETRIC_D08_C05_E3eM17,binary64-operand,NONSYMMETRIC,8,5,3e-17,zg,101010.33813621086,100010.28771996258,1.0099994754444515,2.3798660908993175e-12,3.0711024188312313e-16,7749.224110230171,7672.503103845788,0.0,FINITE
holdout,HOLDOUT_NONSYMMETRIC_D08_C05_E3eM9,decimal-source,NONSYMMETRIC,8,5,3e-9,z,100995.4184460738,99995.12631009427,1.0100034088949248,4.610764814567598e-12,1.7264325014125766e-16,26706.893034016935,26442.379103688127,0.0,FINITE
holdout,HOLDOUT_NONSYMMETRIC_D08_C05_E3eM9,decimal-source,NONSYMMETRIC,8,5,3e-9,zg,100965.67029296413,99965.1405374033,1.0100087865648173,1.4604307022859191e-12,3.084768855549218e-16,4734.327823813242,4687.412512435026,0.0,FINITE
holdout,HOLDOUT_NONSYMMETRIC_D08_C05_E3eM9,binary64-operand,NONSYMMETRIC,8,5,3e-9,z,100995.4184460738,99995.12631009427,1.0100034088949248,1.973981810520398e-12,1.3349047766729165e-16,14787.435366291078,14640.975699745863,0.0,FINITE
holdout,HOLDOUT_NONSYMMETRIC_D08_C05_E3eM9,binary64-operand,NONSYMMETRIC,8,5,3e-9,zg,100965.67029296413,99965.1405374033,1.0100087865648173,1.104313144920417e-12,2.7795029023468785e-16,3973.0598733607653,3933.688425497469,0.0,FINITE
holdout,HOLDOUT_NONSYMMETRIC_D08_C07_E3eM13,decimal-source,NONSYMMETRIC,8,7,3e-13,z,10052489.021042593,10002102.970046598,1.0050375457188239,2.2737774369345758e-10,1.742422441410819e-16,1304951.8778543307,1298411.0727137083,0.0,FINITE
holdout,HOLDOUT_NONSYMMETRIC_D08_C07_E3eM13,decimal-source,NONSYMMETRIC,8,7,3e-13,zg,10052459.133046977,10002072.961525723,1.0050375728826486,4.2416622059411545e-11,1.416945728660859e-16,299352.4819013292,297852.03058899223,0.0,FINITE
holdout,HOLDOUT_NONSYMMETRIC_D08_C07_E3eM13,binary64-operand,NONSYMMETRIC,8,7,3e-13,z,10052489.021042593,10002102.970046598,1.0050375457188239,1.233745338846834e-10,9.212465265004829e-17,1339213.0155794811,1332500.4834736278,0.0,FINITE
holdout,HOLDOUT_NONSYMMETRIC_D08_C07_E3eM13,binary64-operand,NONSYMMETRIC,8,7,3e-13,zg,10052459.133046977,10002072.961525723,1.0050375728826486,5.460118371950105e-11,1.0154947662179227e-16,537680.6019676104,534985.5731516932,0.0,FINITE
holdout,HOLDOUT_NONSYMMETRIC_D08_C07_E3eM15,decimal-source,NONSYMMETRIC,8,7,3e-15,z,10050649.228545874,10000258.18106881,1.0050389746509203,7.792743427720355e-10,4.4186318475541773e-16,1763610.0260386781,1754767.7955984066,0.0,FINITE
holdout,HOLDOUT_NONSYMMETRIC_D08_C07_E3eM15,decimal-source,NONSYMMETRIC,8,7,3e-15,zg,10050648.929765316,10000257.881083066,1.0050389749225939,6.244154978250777e-10,3.1241890783370424e-16,1998648.2321276292,1988627.587583418,0.0,FINITE
holdout,HOLDOUT_NONSYMMETRIC_D08_C07_E3eM15,binary64-operand,NONSYMMETRIC,8,7,3e-15,z,10050649.228545874,10000258.18106881,1.0050389746509203,3.5019723263239446e-10,3.267477514458255e-16,1071766.3123397403,1066392.7861225447,0.0,FINITE
holdout,HOLDOUT_NONSYMMETRIC_D08_C07_E3eM15,binary64-operand,NONSYMMETRIC,8,7,3e-15,zg,10050648.929765316,10000257.881083066,1.0050389749225939,8.157337821097767e-10,2.357889126115313e-16,3459593.468899534,3442248.0672115083,0.0,FINITE
holdout,HOLDOUT_NONSYMMETRIC_D08_C07_E3eM16,decimal-source,NONSYMMETRIC,8,7,3e-16,z,10050006.226451106,9999613.776547525,1.0050394396253353,1.7463890359176644e-11,1.7306664177452075e-16,100908.4719048828,100402.49957006669,0.0,FINITE
holdout,HOLDOUT_NONSYMMETRIC_D08_C07_E3eM16,decimal-source,NONSYMMETRIC,8,7,3e-16,zg,10050006.19657596,9999613.746551862,1.005039439652504,3.3488577279565876e-10,2.335732178662627e-16,1433750.7350153676,1426561.6636010744,0.0,FINITE
holdout,HOLDOUT_NONSYMMETRIC_D08_C07_E3eM16,binary64-operand,NONSYMMETRIC,8,7,3e-16,z,10050006.226451106,9999613.776547525,1.0050394396253353,1.9427311887406122e-10,8.558245665775311e-17,2270011.0099779614,2258628.7865719874,0.0,FINITE
holdout,HOLDOUT_NONSYMMETRIC_D08_C07_E3eM16,binary64-operand,NONSYMMETRIC,8,7,3e-16,zg,10050006.19657596,9999613.746551862,1.005039439652504,1.3195692871213738e-10,1.1508189299292022e-16,1146635.0203350869,1140885.5962225124,0.0,FINITE
holdout,HOLDOUT_NONSYMMETRIC_D08_C07_E3eM17,decimal-source,NONSYMMETRIC,8,7,3e-17,z,10050017.093992883,9999627.300697098,1.0050391671389867,6.752417611807884e-10,1.7597998041182625e-16,3837037.3698223834,3817798.843347724,0.0,FINITE
holdout,HOLDOUT_NONSYMMETRIC_D08_C07_E3eM17,decimal-source,NONSYMMETRIC,8,7,3e-17,zg,10050017.091005642,9999627.29769781,1.0050391671417027,4.911611666742804e-10,2.4056108538547724e-16,2041731.5871652279,2031494.5465974656,0.0,FINITE
holdout,HOLDOUT_NONSYMMETRIC_D08_C07_E3eM17,binary64-operand,NONSYMMETRIC,8,7,3e-17,z,10050017.093992883,9999627.300697098,1.0050391671389867,2.3559044785535145e-10,1.8631703969702294e-16,1264460.0206103201,1258120.1429291742,0.0,FINITE
holdout,HOLDOUT_NONSYMMETRIC_D08_C07_E3eM17,binary64-operand,NONSYMMETRIC,8,7,3e-17,zg,10050017.091005642,9999627.29769781,1.0050391671417027,6.897165214139112e-10,2.4959034516287475e-16,2763394.2369197975,2749538.851086567,0.0,FINITE
holdout,HOLDOUT_NONSYMMETRIC_D08_C07_E3eM9,decimal-source,NONSYMMETRIC,8,7,3e-9,z,10052359.402919525,10001970.169760443,1.0050379307580248,2.424962618067182e-10,2.608581162147151e-16,929609.8021620187,924949.968267251,0.0,FINITE
holdout,HOLDOUT_NONSYMMETRIC_D08_C07_E3eM9,decimal-source,NONSYMMETRIC,8,7,3e-9,zg,9762217.120236589,9710630.398701068,1.0053123967669928,5.332865487212085e-10,1.8181015928494663e-16,2933205.4425264625,2917705.4336138945,0.0,FINITE
holdout,HOLDOUT_NONSYMMETRIC_D08_C07_E3eM9,binary64-operand,NONSYMMETRIC,8,7,3e-9,z,10052359.402919525,10001970.169760443,1.0050379307580248,2.544504732193773e-10,1.6336405497261754e-16,1557567.0747278358,1549759.4937069486,0.0,FINITE
holdout,HOLDOUT_NONSYMMETRIC_D08_C07_E3eM9,binary64-operand,NONSYMMETRIC,8,7,3e-9,zg,9762217.120236589,9710630.398701068,1.0053123967669928,1.324480933181087e-10,1.3204233142108019e-16,1003072.9682872271,997772.4053866564,0.0,FINITE
holdout,HOLDOUT_NONSYMMETRIC_D08_C09_E3eM13,decimal-source,NONSYMMETRIC,8,9,3e-13,z,1005077259.2233423,1000088302.4441766,1.0049885162809853,6.549958698077446e-08,2.0671848878623313e-16,316854033.5475622,315281247.9092774,0.0,FINITE
holdout,HOLDOUT_NONSYMMETRIC_D08_C09_E3eM13,decimal-source,NONSYMMETRIC,8,9,3e-13,zg,1004778529.0427533,999788381.7123853,1.0049912035603186,9.61660003992459e-09,1.2593449359238992e-16,76361922.50115746,75982677.49074313,0.0,FINITE
holdout,HOLDOUT_NONSYMMETRIC_D08_C09_E3eM13,binary64-operand,NONSYMMETRIC,8,9,3e-13,z,1005077259.2233423,1000088302.4441766,1.0049885162809853,8.266733171262891e-08,1.864292208255042e-16,443424755.76832813,441223704.1366856,0.0,FINITE
holdout,HOLDOUT_NONSYMMETRIC_D08_C09_E3eM13,binary64-operand,NONSYMMETRIC,8,9,3e-13,zg,1004778529.0427533,999788381.7123853,1.0049912035603186,2.184076265072301e-08,1.153365926747227e-16,189365422.92626318,188424955.61693507,0.0,FINITE
holdout,HOLDOUT_NONSYMMETRIC_D08_C09_E3eM15,decimal-source,NONSYMMETRIC,8,9,3e-15,z,1005164793.0356013,1000177272.0215867,1.0049866370227887,9.370916012499273e-09,2.446902329704036e-16,38297057.870849825,38107031.93457628,0.0,FINITE
holdout,HOLDOUT_NONSYMMETRIC_D08_C09_E3eM15,decimal-source,NONSYMMETRIC,8,9,3e-15,zg,1005161804.3444772,1000174271.4261253,1.004986663885325,6.210338587281376e-08,3.98281034250151e-16,155928554.2926658,155154849.20947984,0.0,FINITE
holdout,HOLDOUT_NONSYMMETRIC_D08_C09_E3eM15,binary64-operand,NONSYMMETRIC,8,9,3e-15,z,1005164793.0356013,1000177272.0215867,1.0049866370227887,1.7907833471338402e-08,1.9010409212214352e-16,94200147.25318204,93732736.12099381,0.0,FINITE
holdout,HOLDOUT_NONSYMMETRIC_D08_C09_E3eM15,binary64-operand,NONSYMMETRIC,8,9,3e-15,zg,1005161804.3444772,1000174271.4261253,1.004986663885325,2.141289290753614e-09,2.178767685012487e-16,9827983.522443982,9779217.849964837,0.0,FINITE
holdout,HOLDOUT_NONSYMMETRIC_D08_C09_E3eM16,decimal-source,NONSYMMETRIC,8,9,3e-16,z,1005201473.0795426,1000213241.0235221,1.0049871685870866,1.545811991083675e-07,3.218689540301739e-16,480261290.10838413,477878031.79973376,0.0,FINITE
holdout,HOLDOUT_NONSYMMETRIC_D08_C09_E3eM16,decimal-source,NONSYMMETRIC,8,9,3e-16,zg,1005201174.190413,1000212940.9437995,1.0049871712736556,2.1924350811619295e-07,3.4356195552784764e-16,638148388.052303,634981625.9281749,0.0,FINITE
holdout,HOLDOUT_NONSYMMETRIC_D08_C09_E3eM16,binary64-operand,NONSYMMETRIC,8,9,3e-16,z,1005201473.0795426,1000213241.0235221,1.0049871685870866,1.0446282582881479e-07,2.1243113206300464e-16,491749136.8347664,489308871.00391287,0.0,FINITE
holdout,HOLDOUT_NONSYMMETRIC_D08_C09_E3eM16,binary64-operand,NONSYMMETRIC,8,9,3e-16,zg,1005201174.190413,1000212940.9437995,1.0049871712736556,2.1451626720730078e-07,2.2873214563752576e-16,937849232.3822597,933195227.9487214,0.0,FINITE
holdout,HOLDOUT_NONSYMMETRIC_D08_C09_E3eM17,decimal-source,NONSYMMETRIC,8,9,3e-17,z,1005309734.0810207,1000322407.7097687,1.004985718937028,4.571241791651608e-08,2.3801923292896926e-16,192053462.88195872,191100688.56012544,0.0,FINITE
holdout,HOLDOUT_NONSYMMETRIC_D08_C09_E3eM17,decimal-source,NONSYMMETRIC,8,9,3e-17,zg,1005309704.1889291,1000322377.6986377,1.0049857192056078,1.3477578029940977e-07,2.1977490335790103e-16,613244634.5792671,610202337.0680403,0.0,FINITE
holdout,HOLDOUT_NONSYMMETRIC_D08_C09_E3eM17,binary64-operand,NONSYMMETRIC,8,9,3e-17,z,1005309734.0810207,1000322407.7097687,1.004985718937028,3.902922283815999e-08,2.0493975227353465e-16,190442422.24938083,189497640.27573597,0.0,FINITE
holdout,HOLDOUT_NONSYMMETRIC_D08_C09_E3eM17,binary64-operand,NONSYMMETRIC,8,9,3e-17,zg,1005309704.1889291,1000322377.6986377,1.0049857192056078,1.2002028412905636e-07,1.9517983211358e-16,614921546.0909587,611870929.4466634,0.0,FINITE
holdout,HOLDOUT_NONSYMMETRIC_D08_C09_E3eM9,decimal-source,NONSYMMETRIC,8,9,3e-9,z,1005268120.4879704,1000279568.0965778,1.0049871581410839,2.1064327474858003e-08,2.0175840826237854e-16,104403715.59367533,103885621.57031935,0.0,FINITE
holdout,HOLDOUT_NONSYMMETRIC_D08_C09_E3eM9,decimal-source,NONSYMMETRIC,8,9,3e-9,zg,261629088.2934006,250059066.68922332,1.0462691545536185,2.7206557261234984e-08,1.5990873919758074e-16,170138026.2126824,162614013.2987771,0.0,FINITE
holdout,HOLDOUT_NONSYMMETRIC_D08_C09_E3eM9,binary64-operand,NONSYMMETRIC,8,9,3e-9,z,1005268120.4879704,1000279568.0965778,1.0049871581410839,4.564963812690949e-08,1.904164493802749e-16,239735791.0804438,238546123.83692646,0.0,FINITE
holdout,HOLDOUT_NONSYMMETRIC_D08_C09_E3eM9,binary64-operand,NONSYMMETRIC,8,9,3e-9,zg,261629088.2934006,250059066.68922332,1.0462691545536185,1.4490254292510681e-08,1.0221803052513349e-16,141758300.5470625,135489324.07124478,0.0,FINITE
holdout,HOLDOUT_NONSYMMETRIC_D16_C01_E3eM13,decimal-source,NONSYMMETRIC,16,1,3e-13,z,28.437242461819977,10.26211068022295,2.7710909917025144,7.448182058463539e-15,3.810609060071894e-16,19.545909698548336,7.053506996729703,0.0,FINITE
holdout,HOLDOUT_NONSYMMETRIC_D16_C01_E3eM13,decimal-source,NONSYMMETRIC,16,1,3e-13,zg,28.437242461735387,10.262110680191363,2.771090991702801,9.77379830391841e-15,5.195363451139405e-16,18.812540057760344,6.788856848832768,0.0,FINITE
holdout,HOLDOUT_NONSYMMETRIC_D16_C01_E3eM13,binary64-operand,NONSYMMETRIC,16,1,3e-13,z,28.437242461819977,10.26211068022295,2.7710909917025144,8.916109339383606e-15,4.0100715673364495e-16,22.234289811704834,8.023659229625094,1.5978534546807247e-16,FINITE
holdout,HOLDOUT_NONSYMMETRIC_D16_C01_E3eM13,binary64-operand,NONSYMMETRIC,16,1,3e-13,zg,28.437242461735387,10.262110680191363,2.771090991702801,1.0662241914774212e-14,5.330130255612909e-16,20.003717364216957,7.218715453268072,0.0,FINITE
holdout,HOLDOUT_NONSYMMETRIC_D16_C01_E3eM15,decimal-source,NONSYMMETRIC,16,1,3e-15,z,28.43330729516015,10.23398773860162,2.7783214150152284,3.993480716329223e-15,3.3261557348593944e-16,12.006295058514565,4.321420478432571,0.0,FINITE
holdout,HOLDOUT_NONSYMMETRIC_D16_C01_E3eM15,decimal-source,NONSYMMETRIC,16,1,3e-15,zg,28.433307295159306,10.233987738601304,2.778321415015232,1.2174833723434506e-14,5.885678885259829e-16,20.685521518894475,7.4453306255716525,0.0,FINITE
holdout,HOLDOUT_NONSYMMETRIC_D16_C01_E3eM15,binary64-operand,NONSYMMETRIC,16,1,3e-15,z,28.43330729516015,10.23398773860162,2.7783214150152284,3.4953302316723483e-15,3.8214790754439496e-16,9.146537669491984,3.292109264270221,0.0,FINITE
holdout,HOLDOUT_NONSYMMETRIC_D16_C01_E3eM15,binary64-operand,NONSYMMETRIC,16,1,3e-15,zg,28.433307295159306,10.233987738601304,2.778321415015232,8.064506761781944e-15,4.904904019506273e-16,16.441721855739218,5.917861686873646,0.0,FINITE
holdout,HOLDOUT_NONSYMMETRIC_D16_C01_E3eM16,decimal-source,NONSYMMETRIC,16,1,3e-16,z,28.438356452772858,10.256946829307829,2.7725947034759044,1.1623177739499257e-14,5.35855155119909e-16,21.690894691305758,7.82331967384654,0.0,FINITE
holdout,HOLDOUT_NONSYMMETRIC_D16_C01_E3eM16,decimal-source,NONSYMMETRIC,16,1,3e-16,zg,28.438356452772773,10.256946829307799,2.7725947034759044,1.0187255349360894e-14,5.370549580055869e-16,18.968739041517082,6.841511677756811,0.0,FINITE
holdout,HOLDOUT_NONSYMMETRIC_D16_C01_E3eM16,binary64-operand,NONSYMMETRIC,16,1,3e-16,z,28.438356452772858,10.256946829307829,2.7725947034759044,1.0428803861435205e-14,5.012301538801179e-16,20.806417532352857,7.504312659282146,0.0,FINITE
holdout,HOLDOUT_NONSYMMETRIC_D16_C01_E3eM16,binary64-operand,NONSYMMETRIC,16,1,3e-16,zg,28.438356452772773,10.256946829307799,2.7725947034759044,1.072197393130868e-14,5.069747906957022e-16,21.148929154042005,7.627847347298304,0.0,FINITE
holdout,HOLDOUT_NONSYMMETRIC_D16_C01_E3eM17,decimal-source,NONSYMMETRIC,16,1,3e-17,z,28.43794993013717,10.21477959628131,2.784000345978096,6.5965556379969726e-15,5.090859856215859e-16,12.957645317897885,4.654326044397637,0.0,FINITE
holdout,HOLDOUT_NONSYMMETRIC_D16_C01_E3eM17,decimal-source,NONSYMMETRIC,16,1,3e-17,zg,28.43794993013716,10.214779596281303,2.7840003459780975,7.386279091174327e-15,4.326171331002474e-16,17.073477969405236,6.132714025725756,0.0,FINITE
holdout,HOLDOUT_NONSYMMETRIC_D16_C01_E3eM17,binary64-operand,NONSYMMETRIC,16,1,3e-17,z,28.43794993013717,10.21477959628131,2.784000345978096,6.269032052570533e-15,4.4052913890666086e-16,14.230686460672043,5.111596512992677,0.0,FINITE
holdout,HOLDOUT_NONSYMMETRIC_D16_C01_E3eM17,binary64-operand,NONSYMMETRIC,16,1,3e-17,zg,28.43794993013716,10.214779596281303,2.7840003459780975,6.2234718231760895e-15,3.845493119997675e-16,16.18380693704076,5.81314832105559,0.0,FINITE
holdout,HOLDOUT_NONSYMMETRIC_D16_C01_E3eM9,decimal-source,NONSYMMETRIC,16,1,3e-9,z,28.43619185336329,10.237440774960334,2.7776660669837643,7.261900375216052e-15,5.446320099982597e-16,13.333590831797153,4.800285747190607,0.0,FINITE
holdout,HOLDOUT_NONSYMMETRIC_D16_C01_E3eM9,decimal-source,NONSYMMETRIC,16,1,3e-9,zg,28.436191007547112,10.237440460611941,2.7776660696542255,6.2081663149571845e-15,3.5468650139258196e-16,17.50324946278608,6.301423217861804,0.0,FINITE
holdout,HOLDOUT_NONSYMMETRIC_D16_C01_E3eM9,binary64-operand,NONSYMMETRIC,16,1,3e-9,z,28.43619185336329,10.237440774960334,2.7776660669837643,8.717848627718749e-15,5.571010836131341e-16,15.648593916167385,5.633720374875737,1.1351542821780318e-16,FINITE
holdout,HOLDOUT_NONSYMMETRIC_D16_C01_E3eM9,binary64-operand,NONSYMMETRIC,16,1,3e-9,zg,28.436191007547112,10.237440460611941,2.7776660696542255,5.82490031114695e-15,3.373399861021562e-16,17.267150504307555,6.216424174579429,0.0,FINITE
holdout,HOLDOUT_NONSYMMETRIC_D16_C03_E3eM13,decimal-source,NONSYMMETRIC,16,3,3e-13,z,1747.3659307685898,1005.8466737976833,1.7372090362154504,1.1962555649867627e-13,7.420659604773678e-16,161.20609604801393,92.79602666539492,0.0,FINITE
holdout,HOLDOUT_NONSYMMETRIC_D16_C03_E3eM13,decimal-source,NONSYMMETRIC,16,3,3e-13,zg,1747.3659302521462,1005.8466734942269,1.7372090362261114,3.763497941578461e-13,5.418025749320937e-16,694.6253332314183,399.8513240182152,0.0,FINITE
holdout,HOLDOUT_NONSYMMETRIC_D16_C03_E3eM13,binary64-operand,NONSYMMETRIC,16,3,3e-13,z,1747.3659307685898,1005.8466737976833,1.7372090362154504,1.0377616120416419e-13,6.935922468489377e-16,149.62128206540683,86.12739108896199,0.0,FINITE
holdout,HOLDOUT_NONSYMMETRIC_D16_C03_E3eM13,binary64-operand,NONSYMMETRIC,16,3,3e-13,zg,1747.3659302521462,1005.8466734942269,1.7372090362261114,3.981973894463271e-13,5.045524936405751e-16,789.2090406156798,454.29710769300766,0.0,FINITE
holdout,HOLDOUT_NONSYMMETRIC_D16_C03_E3eM15,decimal-source,NONSYMMETRIC,16,3,3e-15,z,1747.2259660748452,1003.0698564969375,1.7418786485885989,1.7166737289842541e-13,4.1778365094858176e-16,410.90016928296023,235.89483091483007,0.0,FINITE
holdout,HOLDOUT_NONSYMMETRIC_D16_C03_E3eM15,decimal-source,NONSYMMETRIC,16,3,3e-15,zg,1747.2259660696811,1003.0698564939195,1.7418786485886915,2.1373014050934332e-13,2.595381919504442e-16,823.501693154095,472.7663972581065,0.0,FINITE
holdout,HOLDOUT_NONSYMMETRIC_D16_C03_E3eM15,binary64-operand,NONSYMMETRIC,16,3,3e-15,z,1747.2259660748452,1003.0698564969375,1.7418786485885989,1.7396047105691567e-13,3.6759930458557165e-16,473.2339503553665,271.68020616063944,1.2011695022751954e-16,FINITE
holdout,HOLDOUT_NONSYMMETRIC_D16_C03_E3eM15,binary64-operand,NONSYMMETRIC,16,3,3e-15,zg,1747.2259660696811,1003.0698564939195,1.7418786485886915,1.71428422715479e-13,2.7163826427527884e-16,631.0908486064874,362.30471572621383,0.0,FINITE
holdout,HOLDOUT_NONSYMMETRIC_D16_C03_E3eM16,decimal-source,NONSYMMETRIC,16,3,3e-16,z,1747.2313566425853,1010.5846731017651,1.7289311852314628,3.8560259669671474e-13,4.441932810642046e-16,868.0964191373686,502.1000410847185,0.0,FINITE
holdout,HOLDOUT_NONSYMMETRIC_D16_C03_E3eM16,decimal-source,NONSYMMETRIC,16,3,3e-16,zg,1747.2313566420687,1010.5846731014578,1.7289311852314775,3.023040401244122e-13,4.324456770923671e-16,699.0566818866415,404.3288060612132,0.0,FINITE
holdout,HOLDOUT_NONSYMMETRIC_D16_C03_E3eM16,binary64-operand,NONSYMMETRIC,16,3,3e-16,z,1747.2313566425853,1010.5846731017651,1.7289311852314628,4.1027369997977097e-13,4.08291654949751e-16,1004.8544833233584,581.1998140277817,0.0,FINITE
holdout,HOLDOUT_NONSYMMETRIC_D16_C03_E3eM16,binary64-operand,NONSYMMETRIC,16,3,3e-16,zg,1747.2313566420687,1010.5846731014578,1.7289311852314775,2.7705503284299925e-13,4.500910701581875e-16,615.5532762416868,356.0311026255644,0.0,FINITE
holdout,HOLDOUT_NONSYMMETRIC_D16_C03_E3eM17,decimal-source,NONSYMMETRIC,16,3,3e-17,z,1747.3909810615985,1008.7223988365962,1.7322813323833606,9.91656542647516e-14,2.7634575110691076e-16,358.8463143273988,207.15244551742632,0.0,FINITE
holdout,HOLDOUT_NONSYMMETRIC_D16_C03_E3eM17,decimal-source,NONSYMMETRIC,16,3,3e-17,zg,1747.390981061547,1008.7223988365665,1.7322813323833606,2.1309091676112606e-13,3.3712688538499384e-16,632.0792734100083,364.8825751301964,0.0,FINITE
holdout,HOLDOUT_NONSYMMETRIC_D16_C03_E3eM17,binary64-operand,NONSYMMETRIC,16,3,3e-17,z,1747.3909810615985,1008.7223988365962,1.7322813323833606,6.274220907066596e-14,2.952417412788851e-16,212.51130954210072,122.67713423299256,0.0,FINITE
holdout,HOLDOUT_NONSYMMETRIC_D16_C03_E3eM17,binary64-operand,NONSYMMETRIC,16,3,3e-17,zg,1747.390981061547,1008.7223988365665,1.7322813323833606,1.1435377219746434e-13,3.202702550961539e-16,357.05398917902073,206.1177838173478,0.0,FINITE
holdout,HOLDOUT_NONSYMMETRIC_D16_C03_E3eM9,decimal-source,NONSYMMETRIC,16,3,3e-9,z,1747.3713224326486,1009.0695149704102,1.7316659521558218,3.412392821884304e-13,3.4409078636480474e-16,991.7129307456922,572.6929778292795,1.1463684116343248e-16,FINITE
holdout,HOLDOUT_NONSYMMETRIC_D16_C03_E3eM9,decimal-source,NONSYMMETRIC,16,3,3e-9,zg,1747.366157515746,1009.0664615320777,1.7316660736723912,1.7956225295752542e-13,4.911008693301616e-16,365.63212197616315,211.14470482219312,0.0,FINITE
holdout,HOLDOUT_NONSYMMETRIC_D16_C03_E3eM9,binary64-operand,NONSYMMETRIC,16,3,3e-9,z,1747.3713224326486,1009.0695149704102,1.7316659521558218,3.116534848529427e-13,3.4955084992315496e-16,891.5826836680741,514.8699046476639,0.0,FINITE
holdout,HOLDOUT_NONSYMMETRIC_D16_C03_E3eM9,binary64-operand,NONSYMMETRIC,16,3,3e-9,zg,1747.366157515746,1009.0664615320777,1.7316660736723912,1.998438747291572e-13,4.945573803284082e-16,404.0863258302847,233.35118240974015,0.0,FINITE
holdout,HOLDOUT_NONSYMMETRIC_D16_C05_E3eM13,decimal-source,NONSYMMETRIC,16,5,3e-13,z,142550.37172447745,100532.66782083937,1.4179507498847876,3.911638266498439e-12,3.4051238798594266e-16,11487.506488779853,8101.4848292250235,0.0,FINITE
holdout,HOLDOUT_NONSYMMETRIC_D16_C05_E3eM13,decimal-source,NONSYMMETRIC,16,5,3e-13,zg,142550.36750508146,100532.66478958647,1.4179507506683273,3.122261190845556e-11,4.299531255278912e-16,72618.6415556831,51213.796756661344,0.0,FINITE
holdout,HOLDOUT_NONSYMMETRIC_D16_C05_E3eM13,binary64-operand,NONSYMMETRIC,16,5,3e-13,z,142550.37172447745,100532.66782083937,1.4179507498847876,3.0865366026245447e-12,3.395993703785314e-16,9088.758318910204,6409.78420417542,0.0,FINITE
holdout,HOLDOUT_NONSYMMETRIC_D16_C05_E3eM13,binary64-operand,NONSYMMETRIC,16,5,3e-13,zg,142550.36750508146,100532.66478958647,1.4179507506683273,3.032007959452762e-11,4.448353621668962e-16,68160.22774545503,48069.53112675377,0.0,FINITE
holdout,HOLDOUT_NONSYMMETRIC_D16_C05_E3eM15,decimal-source,NONSYMMETRIC,16,5,3e-15,z,142551.5544906576,100820.38679866723,1.4139159649855861,7.461194995460395e-12,6.465857782288469e-16,11539.373810383508,8161.2868771173,0.0,FINITE
holdout,HOLDOUT_NONSYMMETRIC_D16_C05_E3eM15,decimal-source,NONSYMMETRIC,16,5,3e-15,zg,142551.55444846023,100820.38676818417,1.4139159649945436,1.3558422266367203e-11,4.1687581997259226e-16,32523.887490664747,23002.70192563407,0.0,FINITE
holdout,HOLDOUT_NONSYMMETRIC_D16_C05_E3eM15,binary64-operand,NONSYMMETRIC,16,5,3e-15,z,142551.5544906576,100820.38679866723,1.4139159649855861,5.914857548658106e-12,5.569820782918553e-16,10619.475525671683,7510.683653522465,0.0,FINITE
holdout,HOLDOUT_NONSYMMETRIC_D16_C05_E3eM15,binary64-operand,NONSYMMETRIC,16,5,3e-15,zg,142551.55444846023,100820.38676818417,1.4139159649945436,1.553710635971574e-11,4.0472124206665817e-16,38389.648836758504,27151.294551587194,0.0,FINITE
holdout,HOLDOUT_NONSYMMETRIC_D16_C05_E3eM16,decimal-source,NONSYMMETRIC,16,5,3e-16,z,142572.01457741385,100071.03857787405,1.4247080534341219,2.6848615370449992e-11,3.1207439085540764e-16,86032.7414141767,60386.225238779996,0.0,FINITE
holdout,HOLDOUT_NONSYMMETRIC_D16_C05_E3eM16,decimal-source,NONSYMMETRIC,16,5,3e-16,zg,142572.01457319318,100071.03857487085,1.4247080534347016,1.3729502851744493e-11,1.9739938179461764e-16,69551.90399749695,48818.35533239281,0.0,FINITE
holdout,HOLDOUT_NONSYMMETRIC_D16_C05_E3eM16,binary64-operand,NONSYMMETRIC,16,5,3e-16,z,142572.01457741385,100071.03857787405,1.4247080534341219,2.4276213102322184e-11,2.872426843467341e-16,84514.64362802736,59320.67515468375,0.0,FINITE
holdout,HOLDOUT_NONSYMMETRIC_D16_C05_E3eM16,binary64-operand,NONSYMMETRIC,16,5,3e-16,zg,142572.01457319318,100071.03857487085,1.4247080534347016,9.10504036670243e-12,2.30395224998897e-16,39519.22339860134,27738.47126316719,0.0,FINITE
holdout,HOLDOUT_NONSYMMETRIC_D16_C05_E3eM17,decimal-source,NONSYMMETRIC,16,5,3e-17,z,142575.4611278734,100564.37020818115,1.4177532343982655,4.225464523037518e-12,2.3852037765607984e-16,17715.318768823072,12495.347102023685,0.0,FINITE
holdout,HOLDOUT_NONSYMMETRIC_D16_C05_E3eM17,decimal-source,NONSYMMETRIC,16,5,3e-17,zg,142575.4611274513,100564.37020787789,1.4177532343983437,9.364914574608551e-12,4.343252580463827e-16,21561.984713328482,15208.55970572256,0.0,FINITE
holdout,HOLDOUT_NONSYMMETRIC_D16_C05_E3eM17,binary64-operand,NONSYMMETRIC,16,5,3e-17,z,142575.4611278734,100564.37020818115,1.4177532343982655,3.5994534003784237e-12,2.6307286683996775e-16,13682.343768914945,9650.723015082465,1.3294428456610167e-16,FINITE
holdout,HOLDOUT_NONSYMMETRIC_D16_C05_E3eM17,binary64-operand,NONSYMMETRIC,16,5,3e-17,zg,142575.4611274513,100564.37020787789,1.4177532343983437,6.459941566859258e-12,3.691244897774994e-16,17500.71248524631,12343.97641326711,0.0,FINITE
holdout,HOLDOUT_NONSYMMETRIC_D16_C05_E3eM9,decimal-source,NONSYMMETRIC,16,5,3e-9,z,142513.61683454234,100519.7019419762,1.417768000514035,1.766589349524519e-11,3.453868856157474e-16,51148.13049068399,36076.51637795422,0.0,FINITE
holdout,HOLDOUT_NONSYMMETRIC_D16_C05_E3eM9,decimal-source,NONSYMMETRIC,16,5,3e-9,zg,142471.45486843772,100489.40538274223,1.4177758772260123,3.3161947685818307e-11,5.95084669785687e-16,55726.43586627967,39305.532532626195,1.3056563731516414e-16,FINITE
holdout,HOLDOUT_NONSYMMETRIC_D16_C05_E3eM9,binary64-operand,NONSYMMETRIC,16,5,3e-9,z,142513.61683454234,100519.7019419762,1.417768000514035,2.024967082102912e-11,3.539187813740188e-16,57215.58698414882,40356.09984384213,0.0,FINITE
holdout,HOLDOUT_NONSYMMETRIC_D16_C05_E3eM9,binary64-operand,NONSYMMETRIC,16,5,3e-9,zg,142471.45486843772,100489.40538274223,1.4177758772260123,3.935849395307593e-11,6.748026256641879e-16,58325.93480847314,41139.03737916061,1.2474652379041563e-16,FINITE
holdout,HOLDOUT_NONSYMMETRIC_D16_C07_E3eM13,decimal-source,NONSYMMETRIC,16,7,3e-13,z,14217292.596699493,10026716.912641361,1.417940959196204,1.3061185819443523e-09,4.669293023835757e-16,2797251.265399049,1972755.8099349511,0.0,FINITE
holdout,HOLDOUT_NONSYMMETRIC_D16_C07_E3eM13,decimal-source,NONSYMMETRIC,16,7,3e-13,zg,14217250.33235017,10026686.765764581,1.417941007282084,4.0068408622361153e-10,3.367127968865588e-16,1189987.6985032,839236.394456335,0.0,FINITE
holdout,HOLDOUT_NONSYMMETRIC_D16_C07_E3eM13,binary64-operand,NONSYMMETRIC,16,7,3e-13,z,14217292.596699493,10026716.912641361,1.417940959196204,1.4669625091352953e-09,4.197227941618325e-16,3495074.6767631555,2464894.362558246,0.0,FINITE
holdout,HOLDOUT_NONSYMMETRIC_D16_C07_E3eM13,binary64-operand,NONSYMMETRIC,16,7,3e-13,zg,14217250.33235017,10026686.765764581,1.417941007282084,4.936319421558628e-10,2.6446507650172806e-16,1866529.7841419803,1316366.3188779296,0.0,FINITE
holdout,HOLDOUT_NONSYMMETRIC_D16_C07_E3eM15,decimal-source,NONSYMMETRIC,16,7,3e-15,z,14217317.000736084,10055391.39712708,1.4138999109271972,9.419599990338838e-10,6.465083296065841e-16,1456995.9208523876,1030480.2409223784,0.0,FINITE
holdout,HOLDOUT_NONSYMMETRIC_D16_C07_E3eM15,decimal-source,NONSYMMETRIC,16,7,3e-15,zg,14217316.578062335,10055391.093962464,1.4138999115209756,1.5494765457821168e-09,5.97558788266209e-16,2593011.0580046126,1833942.4430794616,0.0,FINITE
holdout,HOLDOUT_NONSYMMETRIC_D16_C07_E3eM15,binary64-operand,NONSYMMETRIC,16,7,3e-15,z,14217317.000736084,10055391.39712708,1.4138999109271972,1.0107889639521928e-09,6.163608255161787e-16,1639930.5765509927,1159863.2717046929,1.4197591470216112e-16,FINITE
holdout,HOLDOUT_NONSYMMETRIC_D16_C07_E3eM15,binary64-operand,NONSYMMETRIC,16,7,3e-15,zg,14217316.578062335,10055391.093962464,1.4138999115209756,1.1747131570148534e-09,5.682642604545726e-16,2067195.2096286383,1462052.0114502963,0.0,FINITE
holdout,HOLDOUT_NONSYMMETRIC_D16_C07_E3eM16,decimal-source,NONSYMMETRIC,16,7,3e-16,z,14221267.516095541,10008345.290173803,1.4209409351671738,1.728453879570565e-10,5.61294329227226e-16,307940.7344004795,216716.06945734884,0.0,FINITE
holdout,HOLDOUT_NONSYMMETRIC_D16_C07_E3eM16,decimal-source,NONSYMMETRIC,16,7,3e-16,zg,14221267.473811373,10008345.260142457,1.4209409352060014,7.537725619231776e-10,3.9879344455177287e-16,1890132.7798163441,1330197.992742268,1.231821627242996e-16,FINITE
holdout,HOLDOUT_NONSYMMETRIC_D16_C07_E3eM16,binary64-operand,NONSYMMETRIC,16,7,3e-16,z,14221267.516095541,10008345.290173803,1.4209409351671738,1.5743277923697474e-10,4.978692316283981e-16,316213.1122705733,222537.830000211,0.0,FINITE
holdout,HOLDOUT_NONSYMMETRIC_D16_C07_E3eM16,binary64-operand,NONSYMMETRIC,16,7,3e-16,zg,14221267.473811373,10008345.260142457,1.4209409352060014,8.235314471904169e-10,4.095968769187161e-16,2010590.1524094031,1414970.9552268737,0.0,FINITE
holdout,HOLDOUT_NONSYMMETRIC_D16_C07_E3eM17,decimal-source,NONSYMMETRIC,16,7,3e-17,z,14216041.813545344,10003387.270158878,1.4211228086663448,5.096452182535462e-09,4.795373138347379e-16,10627853.214967633,7478490.352949413,0.0,FINITE
holdout,HOLDOUT_NONSYMMETRIC_D16_C07_E3eM17,decimal-source,NONSYMMETRIC,16,7,3e-17,zg,14216041.809319582,10003387.267158037,1.4211228086702237,2.075275544095236e-09,4.629146101618194e-16,4483063.395579131,3154592.529391625,0.0,FINITE
holdout,HOLDOUT_NONSYMMETRIC_D16_C07_E3eM17,binary64-operand,NONSYMMETRIC,16,7,3e-17,z,14216041.813545344,10003387.270158878,1.4211228086663448,4.428755150379189e-09,4.650487769981459e-16,9523205.67095448,6701184.171332491,0.0,FINITE
holdout,HOLDOUT_NONSYMMETRIC_D16_C07_E3eM17,binary64-operand,NONSYMMETRIC,16,7,3e-17,zg,14216041.809319582,10003387.267158037,1.4211228086702237,2.4830420746382937e-09,4.901251779495043e-16,5066138.583262319,3564884.436696092,0.0,FINITE
holdout,HOLDOUT_NONSYMMETRIC_D16_C07_E3eM9,decimal-source,NONSYMMETRIC,16,7,3e-9,z,14217497.366585199,10052669.170644747,1.414300731998856,6.035636629869914e-10,4.496403249731884e-16,1342325.4754185611,949108.9448291729,0.0,FINITE
holdout,HOLDOUT_NONSYMMETRIC_D16_C07_E3eM9,decimal-source,NONSYMMETRIC,16,7,3e-9,zg,13807132.231639054,9758465.657272527,1.4148876182547454,1.3871350435529404e-09,5.688345643873914e-16,2438556.182054128,1723498.142603065,0.0,FINITE
holdout,HOLDOUT_NONSYMMETRIC_D16_C07_E3eM9,binary64-operand,NONSYMMETRIC,16,7,3e-9,z,14217497.366585199,10052669.170644747,1.414300731998856,8.009671143077742e-10,4.63428483564656e-16,1728351.0675623498,1222053.4349293879,1.3471258705689451e-16,FINITE
holdout,HOLDOUT_NONSYMMETRIC_D16_C07_E3eM9,binary64-operand,NONSYMMETRIC,16,7,3e-9,zg,13807132.231639054,9758465.657272527,1.4148876182547454,1.4718924656556766e-09,5.545594013238376e-16,2654165.5630433685,1875884.3662207352,0.0,FINITE
holdout,HOLDOUT_NONSYMMETRIC_D16_C09_E3eM13,decimal-source,NONSYMMETRIC,16,9,3e-13,z,1010045623.5239886,999987086.7277287,1.0100586666865614,1.0583636301167305e-08,3.998440902945462e-16,26469407.846870616,26205812.315538034,0.0,FINITE
holdout,HOLDOUT_NONSYMMETRIC_D16_C09_E3eM13,decimal-source,NONSYMMETRIC,16,9,3e-13,zg,1009748169.2473389,999687240.860279,1.0100640760188178,1.504651175730762e-08,3.9121580568141735e-16,38460899.42889627,38077682.73522851,0.0,FINITE
holdout,HOLDOUT_NONSYMMETRIC_D16_C09_E3eM13,binary64-operand,NONSYMMETRIC,16,9,3e-13,z,1010045623.5239886,999987086.7277287,1.0100586666865614,1.1091831534048715e-08,3.463477309442336e-16,32025131.22811433,31706209.039491642,0.0,FINITE
holdout,HOLDOUT_NONSYMMETRIC_D16_C09_E3eM13,binary64-operand,NONSYMMETRIC,16,9,3e-13,zg,1009748169.2473389,999687240.860279,1.0100640760188178,1.3229428470530008e-08,3.8756435546899273e-16,34134791.50971208,33794679.28832283,0.0,FINITE
holdout,HOLDOUT_NONSYMMETRIC_D16_C09_E3eM15,decimal-source,NONSYMMETRIC,16,9,3e-15,z,1010295451.8452063,1000241572.8353784,1.0100514508523457,2.4305963107975286e-07,5.768220325129223e-16,421377162.07001454,417183859.014736,0.0,FINITE
holdout,HOLDOUT_NONSYMMETRIC_D16_C09_E3eM15,decimal-source,NONSYMMETRIC,16,9,3e-15,zg,1010292475.1441334,1000238572.2224828,1.0100515049117846,2.140430075835241e-07,4.255674214567712e-16,502959100.7009601,497953914.48368496,0.0,FINITE
holdout,HOLDOUT_NONSYMMETRIC_D16_C09_E3eM15,binary64-operand,NONSYMMETRIC,16,9,3e-15,z,1010295451.8452063,1000241572.8353784,1.0100514508523457,2.503784492954339e-07,5.3592733953239e-16,467187304.74525774,462538125.50936425,0.0,FINITE
holdout,HOLDOUT_NONSYMMETRIC_D16_C09_E3eM15,binary64-operand,NONSYMMETRIC,16,9,3e-15,zg,1010292475.1441334,1000238572.2224828,1.0100515049117846,1.5649483150373862e-07,3.7127928439890196e-16,421501651.39728284,417307087.16096187,0.0,FINITE
holdout,HOLDOUT_NONSYMMETRIC_D16_C09_E3eM16,decimal-source,NONSYMMETRIC,16,9,3e-16,z,1010210922.5477287,1000159105.6820538,1.010050217818914,4.711501179733698e-08,5.654853704971324e-16,83317826.16395007,82488795.79855469,0.0,FINITE
holdout,HOLDOUT_NONSYMMETRIC_D16_C09_E3eM16,decimal-source,NONSYMMETRIC,16,9,3e-16,zg,1010210624.9552772,1000158805.6993456,1.010050223223204,5.3212427434884265e-08,6.093581018526545e-16,87325379.40022543,86456472.55198714,0.0,FINITE
holdout,HOLDOUT_NONSYMMETRIC_D16_C09_E3eM16,binary64-operand,NONSYMMETRIC,16,9,3e-16,z,1010210922.5477287,1000159105.6820538,1.010050217818914,4.4079371580275534e-08,4.562569075060754e-16,96610858.6086197,95649559.69935794,0.0,FINITE
holdout,HOLDOUT_NONSYMMETRIC_D16_C09_E3eM16,binary64-operand,NONSYMMETRIC,16,9,3e-16,zg,1010210624.9552772,1000158805.6993456,1.010050223223204,2.424749207861221e-08,6.072351367310915e-16,39930976.670986004,39533654.61725356,0.0,FINITE
holdout,HOLDOUT_NONSYMMETRIC_D16_C09_E3eM17,decimal-source,NONSYMMETRIC,16,9,3e-17,z,1010445605.199209,1000388311.3511829,1.01005339000257,3.4587035222614154e-08,5.244261588236206e-16,65952154.82804845,65295711.574098706,0.0,FINITE
holdout,HOLDOUT_NONSYMMETRIC_D16_C09_E3eM17,decimal-source,NONSYMMETRIC,16,9,3e-17,zg,1010445575.4270854,1000388281.3398765,1.0100533905432585,4.853048529439319e-08,4.3513287209824656e-16,111530266.74444334,110420169.65504828,0.0,FINITE
holdout,HOLDOUT_NONSYMMETRIC_D16_C09_E3eM17,binary64-operand,NONSYMMETRIC,16,9,3e-17,z,1010445605.199209,1000388311.3511829,1.01005339000257,2.519101688481313e-08,4.459820500337096e-16,56484373.94040649,55922166.58988963,0.0,FINITE
holdout,HOLDOUT_NONSYMMETRIC_D16_C09_E3eM17,binary64-operand,NONSYMMETRIC,16,9,3e-17,zg,1010445575.4270854,1000388281.3398765,1.0100533905432585,4.6117951396096823e-08,3.388527327312627e-16,136100278.79772788,134745628.3717103,0.0,FINITE
holdout,HOLDOUT_NONSYMMETRIC_D16_C09_E3eM9,decimal-source,NONSYMMETRIC,16,9,3e-9,z,1010714957.5385867,1000658654.2237492,1.010049684047992,1.5882643689482357e-08,5.9486356777158e-16,26699640.976468556,26433987.75143811,0.0,FINITE
holdout,HOLDOUT_NONSYMMETRIC_D16_C09_E3eM9,decimal-source,NONSYMMETRIC,16,9,3e-9,zg,273131912.5107,250127021.27317414,1.0919728349237456,5.414778788032562e-09,5.417944610136851e-16,9994156.783924356,9152385.905847434,0.0,FINITE
holdout,HOLDOUT_NONSYMMETRIC_D16_C09_E3eM9,binary64-operand,NONSYMMETRIC,16,9,3e-9,z,1010714957.5385867,1000658654.2237492,1.010049684047992,1.3638450955977798e-08,5.178019226315537e-16,26339127.685476657,26077061.456934396,0.0,FINITE
holdout,HOLDOUT_NONSYMMETRIC_D16_C09_E3eM9,binary64-operand,NONSYMMETRIC,16,9,3e-9,zg,273131912.5107,250127021.27317414,1.0919728349237456,4.604839680196273e-09,6.103350953421564e-16,7544772.888432347,6909304.560638829,0.0,FINITE
holdout,HOLDOUT_SADDLE_POINT_LIKE_D02_C01_E3eM13,decimal-source,SADDLE_POINT_LIKE,2,1,3e-13,z,1.7916472867168918,1.6912712210513328,1.0593494789104039,2.948156896475063e-16,2.756060177257249e-16,1.069699755035459,1.0097704075294405,0.0,FINITE
holdout,HOLDOUT_SADDLE_POINT_LIKE_D02_C01_E3eM13,decimal-source,SADDLE_POINT_LIKE,2,1,3e-13,zg,1.791647286717667,1.6912712210521914,1.0593494789103244,1.726917938971335e-16,6.379031561727993e-17,2.707178859769643,2.5555106352195693,0.0,FINITE
holdout,HOLDOUT_SADDLE_POINT_LIKE_D02_C01_E3eM13,binary64-operand,SADDLE_POINT_LIKE,2,1,3e-13,z,1.7916472867168918,1.6912712210513328,1.0593494789104039,2.5008687914282917e-16,2.1763203299959155e-16,1.1491271560345095,1.0847479315479975,0.0,FINITE
holdout,HOLDOUT_SADDLE_POINT_LIKE_D02_C01_E3eM13,binary64-operand,SADDLE_POINT_LIKE,2,1,3e-13,zg,1.791647286717667,1.6912712210521914,1.0593494789103244,3.866435573719748e-17,3.323694530900399e-17,1.1632945018784018,1.0981215595395375,0.0,FINITE
holdout,HOLDOUT_SADDLE_POINT_LIKE_D02_C01_E3eM15,decimal-source,SADDLE_POINT_LIKE,2,1,3e-15,z,1.7916472867168918,1.6912712210513328,1.0593494789104039,8.42977362568975e-17,5.551115123125783e-17,1.5185730143789598,1.4334957864338511,0.0,FINITE
holdout,HOLDOUT_SADDLE_POINT_LIKE_D02_C01_E3eM15,decimal-source,SADDLE_POINT_LIKE,2,1,3e-15,zg,1.7916472867168995,1.6912712210513414,1.059349478910403,3.187838937298679e-16,2.57337401264996e-16,1.2387779318622896,1.1693760713758392,0.0,FINITE
holdout,HOLDOUT_SADDLE_POINT_LIKE_D02_C01_E3eM15,binary64-operand,SADDLE_POINT_LIKE,2,1,3e-15,z,1.7916472867168918,1.6912712210513328,1.0593494789104039,1.0741291576489527e-16,5.995204332975846e-17,1.7916472867168918,1.6912712210513328,0.0,FINITE
holdout,HOLDOUT_SADDLE_POINT_LIKE_D02_C01_E3eM15,binary64-operand,SADDLE_POINT_LIKE,2,1,3e-15,zg,1.7916472867168995,1.6912712210513414,1.059349478910403,7.864198352002108e-17,7.314095470144424e-17,1.0752113346213708,1.014973203864019,0.0,FINITE
holdout,HOLDOUT_SADDLE_POINT_LIKE_D02_C01_E3eM16,decimal-source,SADDLE_POINT_LIKE,2,1,3e-16,z,1.7916472867168918,1.6912712210513328,1.0593494789104039,8.541678172917433e-17,7.021666937153402e-17,1.2164744140342616,1.1483220960144984,0.0,FINITE
holdout,HOLDOUT_SADDLE_POINT_LIKE_D02_C01_E3eM16,decimal-source,SADDLE_POINT_LIKE,2,1,3e-16,zg,1.7916472867168927,1.6912712210513337,1.0593494789104039,7.83424030905216e-17,4.2569136231298575e-17,1.840356888259364,1.7372518936359576,0.0,FINITE
holdout,HOLDOUT_SADDLE_POINT_LIKE_D02_C01_E3eM16,binary64-operand,SADDLE_POINT_LIKE,2,1,3e-16,z,1.7916472867168918,1.6912712210513328,1.0593494789104039,3.978256139440569e-18,2.220446049250315e-18,1.7916472867168918,1.6912712210513328,0.0,FINITE
holdout,HOLDOUT_SADDLE_POINT_LIKE_D02_C01_E3eM16,binary64-operand,SADDLE_POINT_LIKE,2,1,3e-16,zg,1.7916472867168927,1.6912712210513337,1.0593494789104039,1.373747056533997e-16,6.271716329058345e-17,2.1903845525810888,2.0676694482674534,2.0274486017843768e-16,FINITE
holdout,HOLDOUT_SADDLE_POINT_LIKE_D02_C01_E3eM17,decimal-source,SADDLE_POINT_LIKE,2,1,3e-17,z,1.7916472867168918,1.6912712210513328,1.0593494789104039,2.2939151067685586e-16,2.140061075706216e-16,1.0718923552270914,1.0118401684867855,0.0,FINITE
holdout,HOLDOUT_SADDLE_POINT_LIKE_D02_C01_E3eM17,decimal-source,SADDLE_POINT_LIKE,2,1,3e-17,zg,1.7916472867168918,1.6912712210513328,1.0593494789104039,1.971473363413267e-16,1.8571486915957182e-16,1.0615592452747107,1.0020859654045233,0.0,FINITE
holdout,HOLDOUT_SADDLE_POINT_LIKE_D02_C01_E3eM17,binary64-operand,SADDLE_POINT_LIKE,2,1,3e-17,z,1.7916472867168918,1.6912712210513328,1.0593494789104039,2.238039804490765e-16,1.8711951939268935e-16,1.1960482860123272,1.1290403307155303,0.0,FINITE
holdout,HOLDOUT_SADDLE_POINT_LIKE_D02_C01_E3eM17,binary64-operand,SADDLE_POINT_LIKE,2,1,3e-17,zg,1.7916472867168918,1.6912712210513328,1.0593494789104039,1.8618485839241794e-16,1.559016889816081e-16,1.1942452939966697,1.1273383503478127,0.0,FINITE
holdout,HOLDOUT_SADDLE_POINT_LIKE_D02_C01_E3eM9,decimal-source,SADDLE_POINT_LIKE,2,1,3e-9,z,1.7916472867168918,1.6912712210513328,1.0593494789104039,2.0858357733371416e-16,7.021666937153402e-17,2.9705706522484867,2.8041460456504623,0.0,FINITE
holdout,HOLDOUT_SADDLE_POINT_LIKE_D02_C01_E3eM9,decimal-source,SADDLE_POINT_LIKE,2,1,3e-9,zg,1.7916472944712083,1.691271229632528,1.059349478120366,2.979721421306028e-16,1.7207147873986975e-16,1.7316765353139334,1.6346602996269903,0.0,FINITE
holdout,HOLDOUT_SADDLE_POINT_LIKE_D02_C01_E3eM9,binary64-operand,SADDLE_POINT_LIKE,2,1,3e-9,z,1.7916472867168918,1.6912712210513328,1.0593494789104039,1.9927052836455858e-16,1.6018021395388823e-16,1.2440395941906,1.1743429519313677,0.0,FINITE
holdout,HOLDOUT_SADDLE_POINT_LIKE_D02_C01_E3eM9,binary64-operand,SADDLE_POINT_LIKE,2,1,3e-9,zg,1.7916472944712083,1.691271229632528,1.059349478120366,1.2313203078170248e-16,4.1393458592041893e-17,2.9746736554498794,2.8080191824212037,0.0,FINITE
holdout,HOLDOUT_SADDLE_POINT_LIKE_D02_C03_E3eM13,decimal-source,SADDLE_POINT_LIKE,2,3,3e-13,z,110.90536506409416,110.90169943749473,1.0000330529344277,7.158485270299238e-15,1.616509124176106e-16,44.283605723213824,44.28214206847572,0.0,FINITE
holdout,HOLDOUT_SADDLE_POINT_LIKE_D02_C03_E3eM13,decimal-source,SADDLE_POINT_LIKE,2,3,3e-13,zg,110.90536506778379,110.90169944118448,1.0000330529344257,1.1925921320451374e-14,7.316784212771272e-16,16.29940281638341,16.298864091097393,0.0,FINITE
holdout,HOLDOUT_SADDLE_POINT_LIKE_D02_C03_E3eM13,binary64-operand,SADDLE_POINT_LIKE,2,3,3e-13,z,110.90536506409416,110.90169943749473,1.0000330529344277,3.7194542578881635e-15,1.1236449803127549e-15,3.3101685345961247,3.310059127428834,0.0,FINITE
holdout,HOLDOUT_SADDLE_POINT_LIKE_D02_C03_E3eM13,binary64-operand,SADDLE_POINT_LIKE,2,3,3e-13,zg,110.90536506778379,110.90169944118448,1.0000330529344257,2.6076359743430065e-15,4.2568560294843003e-16,6.125732127846734,6.125529661116523,0.0,FINITE
holdout,HOLDOUT_SADDLE_POINT_LIKE_D02_C03_E3eM15,decimal-source,SADDLE_POINT_LIKE,2,3,3e-15,z,110.90536506409416,110.90169943749473,1.0000330529344277,6.72157296740909e-15,3.877842313165343e-16,17.333280790168367,17.332707893310914,0.0,FINITE
holdout,HOLDOUT_SADDLE_POINT_LIKE_D02_C03_E3eM15,decimal-source,SADDLE_POINT_LIKE,2,3,3e-15,zg,110.90536506413109,110.90169943753163,1.000033052934428,1.8129599480410448e-14,7.393038159455326e-16,24.522529289563582,24.52171877480086,0.0,FINITE
holdout,HOLDOUT_SADDLE_POINT_LIKE_D02_C03_E3eM15,binary64-operand,SADDLE_POINT_LIKE,2,3,3e-15,z,110.90536506409416,110.90169943749473,1.0000330529344277,4.3532919328676255e-16,1.0007415106216802e-16,4.350066312491899,4.349922534787591,0.0,FINITE
holdout,HOLDOUT_SADDLE_POINT_LIKE_D02_C03_E3eM15,binary64-operand,SADDLE_POINT_LIKE,2,3,3e-15,zg,110.90536506413109,110.90169943753163,1.000033052934428,1.8559055753998933e-16,3.475840917064686e-17,5.339443374086256,5.339266895647661,0.0,FINITE
holdout,HOLDOUT_SADDLE_POINT_LIKE_D02_C03_E3eM16,decimal-source,SADDLE_POINT_LIKE,2,3,3e-16,z,110.90536506409416,110.90169943749473,1.0000330529344277,9.616736202346385e-15,3.8007914079648965e-16,25.301931019402062,25.30109474397654,0.0,FINITE
holdout,HOLDOUT_SADDLE_POINT_LIKE_D02_C03_E3eM16,decimal-source,SADDLE_POINT_LIKE,2,3,3e-16,zg,110.90536506409785,110.90169943749844,1.0000330529344277,4.816194688102208e-15,1.4322271965053913e-15,3.362730926946253,3.362619782495077,0.0,FINITE
holdout,HOLDOUT_SADDLE_POINT_LIKE_D02_C03_E3eM16,binary64-operand,SADDLE_POINT_LIKE,2,3,3e-16,z,110.90536506409416,110.90169943749473,1.0000330529344277,2.0695313593966418e-15,6.25898999941619e-16,3.306494114209606,3.306384828488677,0.0,FINITE
holdout,HOLDOUT_SADDLE_POINT_LIKE_D02_C03_E3eM16,binary64-operand,SADDLE_POINT_LIKE,2,3,3e-16,zg,110.90536506409785,110.90169943749844,1.0000330529344277,6.284301460009596e-15,9.788681294180968e-16,6.419967379819993,6.4197551880727195,0.0,FINITE
holdout,HOLDOUT_SADDLE_POINT_LIKE_D02_C03_E3eM17,decimal-source,SADDLE_POINT_LIKE,2,3,3e-17,z,110.90536506409416,110.90169943749473,1.0000330529344277,3.9718868766492736e-15,6.362810585500166e-16,6.242346559397151,6.242140238345165,0.0,FINITE
holdout,HOLDOUT_SADDLE_POINT_LIKE_D02_C03_E3eM17,decimal-source,SADDLE_POINT_LIKE,2,3,3e-17,zg,110.90536506409451,110.9016994374951,1.0000330529344277,1.1019822066849986e-14,9.053146814205297e-16,12.172366463292938,12.171964144160226,0.0,FINITE
holdout,HOLDOUT_SADDLE_POINT_LIKE_D02_C03_E3eM17,binary64-operand,SADDLE_POINT_LIKE,2,3,3e-17,z,110.90536506409416,110.90169943749473,1.0000330529344277,5.0794728128236156e-15,5.190589482710217e-16,9.78592668471138,9.785603241809094,0.0,FINITE
holdout,HOLDOUT_SADDLE_POINT_LIKE_D02_C03_E3eM17,binary64-operand,SADDLE_POINT_LIKE,2,3,3e-17,zg,110.90536506409451,110.9016994374951,1.0000330529344277,5.017903197685125e-15,5.155394088266334e-16,9.733306730334858,9.732985026618987,0.0,FINITE
holdout,HOLDOUT_SADDLE_POINT_LIKE_D02_C03_E3eM9,decimal-source,SADDLE_POINT_LIKE,2,3,3e-9,z,110.90536506409416,110.90169943749473,1.0000330529344277,1.505408383018009e-14,3.877842313165343e-16,38.82077354994866,38.81949045187624,0.0,FINITE
holdout,HOLDOUT_SADDLE_POINT_LIKE_D02_C03_E3eM9,decimal-source,SADDLE_POINT_LIKE,2,3,3e-9,zg,110.90540196042791,110.90173633506781,1.0000330529122559,1.7103646595791646e-14,1.3713489224759114e-15,12.472133324691537,12.471721097988405,0.0,FINITE
holdout,HOLDOUT_SADDLE_POINT_LIKE_D02_C03_E3eM9,binary64-operand,SADDLE_POINT_LIKE,2,3,3e-9,z,110.90536506409416,110.90169943749473,1.0000330529344277,2.4018181152417255e-15,1.5553031891404227e-16,15.442764677729173,15.442254265911506,0.0,FINITE
holdout,HOLDOUT_SADDLE_POINT_LIKE_D02_C03_E3eM9,binary64-operand,SADDLE_POINT_LIKE,2,3,3e-9,zg,110.90540196042791,110.90173633506781,1.0000330529122559,2.0144870811936734e-15,9.161351229061222e-16,2.1988973360211417,2.1988246584626396,0.0,FINITE
holdout,HOLDOUT_SADDLE_POINT_LIKE_D02_C05_E3eM13,decimal-source,SADDLE_POINT_LIKE,2,5,3e-13,z,11000.909053346455,11000.909015790028,1.0000000034139385,7.181682131061271e-13,1.6437300874480474e-15,436.91371143610945,436.91370994451296,0.0,FINITE
holdout,HOLDOUT_SADDLE_POINT_LIKE_D02_C05_E3eM13,decimal-source,SADDLE_POINT_LIKE,2,5,3e-13,zg,11000.909089652454,11000.909052096027,1.0000000034139385,2.762153853281274e-13,2.6680640608413354e-15,103.52651923995666,103.52651888652349,0.0,FINITE
holdout,HOLDOUT_SADDLE_POINT_LIKE_D02_C05_E3eM13,binary64-operand,SADDLE_POINT_LIKE,2,5,3e-13,z,11000.909053346455,11000.909015790028,1.0000000034139385,1.7243171081670745e-13,3.318476225417548e-15,51.961110794160106,51.961110616768075,0.0,FINITE
holdout,HOLDOUT_SADDLE_POINT_LIKE_D02_C05_E3eM13,binary64-operand,SADDLE_POINT_LIKE,2,5,3e-13,zg,11000.909089652454,11000.909052096027,1.0000000034139385,1.329742260324038e-13,1.0515342071027507e-15,126.45734692624242,126.45734649452483,0.0,FINITE
holdout,HOLDOUT_SADDLE_POINT_LIKE_D02_C05_E3eM15,decimal-source,SADDLE_POINT_LIKE,2,5,3e-15,z,11000.909053346455,11000.909015790028,1.0000000034139385,5.923529323573796e-14,5.384581669432009e-16,110.00909053346456,110.00909015790029,0.0,FINITE
holdout,HOLDOUT_SADDLE_POINT_LIKE_D02_C05_E3eM15,decimal-source,SADDLE_POINT_LIKE,2,5,3e-15,zg,11000.909053709518,11000.909016153088,1.000000003413939,6.390315021639666e-13,1.1084036961520831e-14,57.653317503579096,57.65331730675419,0.0,FINITE
holdout,HOLDOUT_SADDLE_POINT_LIKE_D02_C05_E3eM15,binary64-operand,SADDLE_POINT_LIKE,2,5,3e-15,z,11000.909053346455,11000.909015790028,1.0000000034139385,4.0151758043812076e-14,3.649858193455202e-16,110.00909053346456,110.00909015790029,0.0,FINITE
holdout,HOLDOUT_SADDLE_POINT_LIKE_D02_C05_E3eM15,binary64-operand,SADDLE_POINT_LIKE,2,5,3e-15,zg,11000.909053709518,11000.909016153088,1.000000003413939,6.083848191399537e-14,5.826379483203558e-15,10.441901714329143,10.441901678681129,0.0,FINITE
holdout,HOLDOUT_SADDLE_POINT_LIKE_D02_C05_E3eM16,decimal-source,SADDLE_POINT_LIKE,2,5,3e-16,z,11000.909053346455,11000.909015790028,1.0000000034139385,7.468891837265483e-13,5.425629365702197e-16,1376.5945540769244,1376.5945493773154,0.0,FINITE
holdout,HOLDOUT_SADDLE_POINT_LIKE_D02_C05_E3eM16,decimal-source,SADDLE_POINT_LIKE,2,5,3e-16,zg,11000.90905338276,11000.90901582633,1.000000003413939,1.4644128968219274e-13,5.470559564395322e-15,26.768978192887907,26.768978101500252,0.0,FINITE
holdout,HOLDOUT_SADDLE_POINT_LIKE_D02_C05_E3eM16,binary64-operand,SADDLE_POINT_LIKE,2,5,3e-16,z,11000.909053346455,11000.909015790028,1.0000000034139385,3.3929817176153885e-14,7.026639725586192e-15,4.828740123476776,4.828740106991755,0.0,FINITE
holdout,HOLDOUT_SADDLE_POINT_LIKE_D02_C05_E3eM16,binary64-operand,SADDLE_POINT_LIKE,2,5,3e-16,zg,11000.90905338276,11000.90901582633,1.000000003413939,1.1881802688124092e-13,5.721978410419143e-15,20.765200138624312,20.765200067733186,0.0,FINITE
holdout,HOLDOUT_SADDLE_POINT_LIKE_D02_C05_E3eM17,decimal-source,SADDLE_POINT_LIKE,2,5,3e-17,z,11000.909053346455,11000.909015790028,1.0000000034139385,1.1115760699309933e-13,8.21733804794302e-16,135.2720386389903,135.2720381771799,0.0,FINITE
holdout,HOLDOUT_SADDLE_POINT_LIKE_D02_C05_E3eM17,decimal-source,SADDLE_POINT_LIKE,2,5,3e-17,zg,11000.909053350086,11000.909015793657,1.0000000034139387,2.4057916606106907e-13,1.3983274511500526e-15,172.04780315455085,172.0478025671902,0.0,FINITE
holdout,HOLDOUT_SADDLE_POINT_LIKE_D02_C05_E3eM17,binary64-operand,SADDLE_POINT_LIKE,2,5,3e-17,z,11000.909053346455,11000.909015790028,1.0000000034139385,4.3472745540138964e-14,2.2267533277900057e-15,19.522928290977127,19.522928224327053,0.0,FINITE
holdout,HOLDOUT_SADDLE_POINT_LIKE_D02_C05_E3eM17,binary64-operand,SADDLE_POINT_LIKE,2,5,3e-17,zg,11000.909053350086,11000.909015793657,1.0000000034139387,1.520235483828527e-13,2.2033146979680113e-15,68.99765545205828,68.99765521650451,0.0,FINITE
holdout,HOLDOUT_SADDLE_POINT_LIKE_D02_C05_E3eM9,decimal-source,SADDLE_POINT_LIKE,2,5,3e-9,z,11000.909053346455,11000.909015790028,1.0000000034139385,1.1340620871725802e-12,5.457341904261104e-16,2078.0484475181993,2078.0484404238696,0.0,FINITE
holdout,HOLDOUT_SADDLE_POINT_LIKE_D02_C05_E3eM9,decimal-source,SADDLE_POINT_LIKE,2,5,3e-9,zg,11001.272125325104,11001.272087769916,1.0000000034137133,8.572462507405613e-13,1.3473419396585037e-14,63.624995667977075,63.62499545077958,0.0,FINITE
holdout,HOLDOUT_SADDLE_POINT_LIKE_D02_C05_E3eM9,binary64-operand,SADDLE_POINT_LIKE,2,5,3e-9,z,11000.909053346455,11000.909015790028,1.0000000034139385,1.3785964842768895e-13,1.0241828557309566e-15,134.60452658065523,134.60452612112366,0.0,FINITE
holdout,HOLDOUT_SADDLE_POINT_LIKE_D02_C05_E3eM9,binary64-operand,SADDLE_POINT_LIKE,2,5,3e-9,zg,11001.272125325104,11001.272087769916,1.0000000034137133,3.9843439037780554e-13,1.1603920374091588e-14,34.33618790313329,34.33618778591939,0.0,FINITE
holdout,HOLDOUT_SADDLE_POINT_LIKE_D02_C07_E3eM13,decimal-source,SADDLE_POINT_LIKE,2,7,3e-13,z,1100000.9090905334,1100000.9090901578,1.0000000000003415,1.025602789629559e-10,1.4208634963150564e-13,721.8165518991882,721.8165518989417,0.0,FINITE
holdout,HOLDOUT_SADDLE_POINT_LIKE_D02_C07_E3eM13,decimal-source,SADDLE_POINT_LIKE,2,7,3e-13,zg,1100001.2720912532,1100001.2720908772,1.0000000000003417,2.9063244563398783e-11,1.0782992107233933e-13,269.52857123860144,269.52857123850936,0.0,FINITE
holdout,HOLDOUT_SADDLE_POINT_LIKE_D02_C07_E3eM13,binary64-operand,SADDLE_POINT_LIKE,2,7,3e-13,z,1100000.9090905334,1100000.9090901578,1.0000000000003415,1.9182743115987193e-11,7.558571290825028e-15,2537.879498374536,2537.8794983736693,0.0,FINITE
holdout,HOLDOUT_SADDLE_POINT_LIKE_D02_C07_E3eM13,binary64-operand,SADDLE_POINT_LIKE,2,7,3e-13,zg,1100001.2720912532,1100001.2720908772,1.0000000000003417,7.706981049169543e-11,1.2507062026843454e-14,6162.103484118275,6162.10348411617,0.0,FINITE
holdout,HOLDOUT_SADDLE_POINT_LIKE_D02_C07_E3eM15,decimal-source,SADDLE_POINT_LIKE,2,7,3e-15,z,1100000.9090905334,1100000.9090901578,1.0000000000003415,1.3326248080663096e-10,2.5402252171902913e-14,5246.089201257154,5246.089201255362,0.0,FINITE
holdout,HOLDOUT_SADDLE_POINT_LIKE_D02_C07_E3eM15,decimal-source,SADDLE_POINT_LIKE,2,7,3e-15,zg,1100000.9127205396,1100000.9127201638,1.0000000000003417,2.5270534329326407e-10,2.0026475415261047e-13,1261.856307978645,1261.8563079782139,0.0,FINITE
holdout,HOLDOUT_SADDLE_POINT_LIKE_D02_C07_E3eM15,binary64-operand,SADDLE_POINT_LIKE,2,7,3e-15,z,1100000.9090905334,1100000.9090901578,1.0000000000003415,3.613523035202835e-11,4.214203949086459e-14,857.4627803635755,857.4627803632826,0.0,FINITE
holdout,HOLDOUT_SADDLE_POINT_LIKE_D02_C07_E3eM15,binary64-operand,SADDLE_POINT_LIKE,2,7,3e-15,zg,1100000.9127205396,1100000.9127201638,1.0000000000003417,8.388589513068286e-11,1.1834999536289003e-13,708.7950859099587,708.7950859097165,0.0,FINITE
holdout,HOLDOUT_SADDLE_POINT_LIKE_D02_C07_E3eM16,decimal-source,SADDLE_POINT_LIKE,2,7,3e-16,z,1100000.9090905334,1100000.9090901578,1.0000000000003415,9.403795042318588e-13,6.961100577762666e-15,135.09063598878524,135.0906359887391,0.0,FINITE
holdout,HOLDOUT_SADDLE_POINT_LIKE_D02_C07_E3eM16,decimal-source,SADDLE_POINT_LIKE,2,7,3e-16,zg,1100000.9094535338,1100000.9094531583,1.0000000000003415,2.463242194244806e-13,8.02891354921377e-15,30.679645248964203,30.679645248953726,0.0,FINITE
holdout,HOLDOUT_SADDLE_POINT_LIKE_D02_C07_E3eM16,binary64-operand,SADDLE_POINT_LIKE,2,7,3e-16,z,1100000.9090905334,1100000.9090901578,1.0000000000003415,5.547512363006867e-12,1.9185195311978316e-15,2891.5589717990865,2891.5589717980993,0.0,FINITE
holdout,HOLDOUT_SADDLE_POINT_LIKE_D02_C07_E3eM16,binary64-operand,SADDLE_POINT_LIKE,2,7,3e-16,zg,1100000.9094535338,1100000.9094531583,1.0000000000003415,1.8410604521052204e-12,9.112991975291448e-15,202.02590511403807,202.0259051139691,0.0,FINITE
holdout,HOLDOUT_SADDLE_POINT_LIKE_D02_C07_E3eM17,decimal-source,SADDLE_POINT_LIKE,2,7,3e-17,z,1100000.9090905334,1100000.9090901578,1.0000000000003415,9.403795042318588e-13,6.961100577762666e-15,135.09063598878524,135.0906359887391,0.0,FINITE
holdout,HOLDOUT_SADDLE_POINT_LIKE_D02_C07_E3eM17,decimal-source,SADDLE_POINT_LIKE,2,7,3e-17,zg,1100000.9091268335,1100000.9091264578,1.0000000000003417,7.488885479647728e-12,4.013272417960555e-15,1866.02968842404,1866.0296884234021,0.0,FINITE
holdout,HOLDOUT_SADDLE_POINT_LIKE_D02_C07_E3eM17,binary64-operand,SADDLE_POINT_LIKE,2,7,3e-17,z,1100000.9090905334,1100000.9090901578,1.0000000000003415,5.547512363006867e-12,1.9185195311978316e-15,2891.5589717990865,2891.5589717980993,0.0,FINITE
holdout,HOLDOUT_SADDLE_POINT_LIKE_D02_C07_E3eM17,binary64-operand,SADDLE_POINT_LIKE,2,7,3e-17,zg,1100000.9091268335,1100000.9091264578,1.0000000000003417,1.0676748974478347e-11,1.8663690401507337e-15,5720.599058809966,5720.599058808011,0.0,FINITE
holdout,HOLDOUT_SADDLE_POINT_LIKE_D02_C07_E3eM9,decimal-source,SADDLE_POINT_LIKE,2,7,3e-9,z,1100000.9090905334,1100000.9090901578,1.0000000000003415,2.8479467182855484e-11,3.810285582259312e-14,747.4365521433845,747.4365521431292,0.0,FINITE
holdout,HOLDOUT_SADDLE_POINT_LIKE_D02_C07_E3eM9,decimal-source,SADDLE_POINT_LIKE,2,7,3e-9,zg,1103642.9337819442,1103642.9337815696,1.0000000000003395,6.179551281033224e-11,2.169483815022899e-14,2848.397041841033,2848.397041840066,0.0,FINITE
holdout,HOLDOUT_SADDLE_POINT_LIKE_D02_C07_E3eM9,binary64-operand,SADDLE_POINT_LIKE,2,7,3e-9,z,1100000.9090905334,1100000.9090901578,1.0000000000003415,2.7620785787572266e-11,1.5437056180746063e-15,17892.521387609133,17892.52138760302,0.0,FINITE
holdout,HOLDOUT_SADDLE_POINT_LIKE_D02_C07_E3eM9,binary64-operand,SADDLE_POINT_LIKE,2,7,3e-9,zg,1103642.9337819442,1103642.9337815696,1.0000000000003395,5.399043185972082e-11,7.106936188194468e-15,7596.864588344813,7596.864588342233,0.0,FINITE
holdout,HOLDOUT_SADDLE_POINT_LIKE_D02_C09_E3eM13,decimal-source,SADDLE_POINT_LIKE,2,9,3e-13,z,110000000.90909089,110000000.90909089,1.0,1.4354731463104309e-08,8.373031856476846e-14,171440.0674589623,171440.0674589623,0.0,FINITE
holdout,HOLDOUT_SADDLE_POINT_LIKE_D02_C09_E3eM13,decimal-source,SADDLE_POINT_LIKE,2,9,3e-13,zg,110003631.02894484,110003631.02894482,1.0000000000000002,6.2513456855130104e-09,5.790672774148613e-13,10795.542986681938,10795.542986681936,0.0,FINITE
holdout,HOLDOUT_SADDLE_POINT_LIKE_D02_C09_E3eM13,binary64-operand,SADDLE_POINT_LIKE,2,9,3e-13,z,110000000.90909089,110000000.90909089,1.0,7.148459743748597e-09,5.713853760235653e-13,12510.750263678043,12510.750263678043,0.0,FINITE
holdout,HOLDOUT_SADDLE_POINT_LIKE_D02_C09_E3eM13,binary64-operand,SADDLE_POINT_LIKE,2,9,3e-13,zg,110003631.02894484,110003631.02894482,1.0000000000000002,2.049935167967747e-11,1.2626706409976298e-14,1623.491591083565,1623.4915910835646,0.0,FINITE
holdout,HOLDOUT_SADDLE_POINT_LIKE_D02_C09_E3eM15,decimal-source,SADDLE_POINT_LIKE,2,9,3e-15,z,110000000.90909089,110000000.90909089,1.0,6.218153864229109e-09,1.6746050316825892e-13,37132.06246598523,37132.06246598523,0.0,FINITE
holdout,HOLDOUT_SADDLE_POINT_LIKE_D02_C09_E3eM15,decimal-source,SADDLE_POINT_LIKE,2,9,3e-15,zg,110000037.2091035,110000037.20910347,1.0000000000000002,8.3186456783213e-09,8.946809657947808e-13,9297.89052897925,9297.890528979247,0.0,FINITE
holdout,HOLDOUT_SADDLE_POINT_LIKE_D02_C09_E3eM15,binary64-operand,SADDLE_POINT_LIKE,2,9,3e-15,z,110000000.90909089,110000000.90909089,1.0,1.0907721682088937e-09,5.590472127690937e-13,1951.127102138726,1951.127102138726,0.0,FINITE
holdout,HOLDOUT_SADDLE_POINT_LIKE_D02_C09_E3eM15,binary64-operand,SADDLE_POINT_LIKE,2,9,3e-15,zg,110000037.2091035,110000037.20910347,1.0000000000000002,3.9334661178047203e-10,1.772206035052046e-13,2219.5309348944875,2219.530934894487,0.0,FINITE
holdout,HOLDOUT_SADDLE_POINT_LIKE_D02_C09_E3eM16,decimal-source,SADDLE_POINT_LIKE,2,9,3e-16,z,110000000.90909089,110000000.90909089,1.0,2.9444226504041824e-10,6.48259229426295e-14,4542.045090526481,4542.045090526481,0.0,FINITE
holdout,HOLDOUT_SADDLE_POINT_LIKE_D02_C09_E3eM16,decimal-source,SADDLE_POINT_LIKE,2,9,3e-16,zg,110000004.53909108,110000004.53909107,1.0000000000000002,3.1271182037394296e-10,7.716575006387238e-15,40524.69134494281,40524.6913449428,0.0,FINITE
holdout,HOLDOUT_SADDLE_POINT_LIKE_D02_C09_E3eM16,binary64-operand,SADDLE_POINT_LIKE,2,9,3e-16,z,110000000.90909089,110000000.90909089,1.0,3.744698597482334e-10,1.6290556185754817e-13,2298.6929081996996,2298.6929081996996,0.0,FINITE
holdout,HOLDOUT_SADDLE_POINT_LIKE_D02_C09_E3eM16,binary64-operand,SADDLE_POINT_LIKE,2,9,3e-16,zg,110000004.53909108,110000004.53909107,1.0000000000000002,1.2411454752933518e-10,1.2407670312301002e-14,10003.050081552186,10003.050081552185,0.0,FINITE
holdout,HOLDOUT_SADDLE_POINT_LIKE_D02_C09_E3eM17,decimal-source,SADDLE_POINT_LIKE,2,9,3e-17,z,110000000.90909089,110000000.90909089,1.0,6.218153864229109e-09,1.6746050316825892e-13,37132.06246598523,37132.06246598523,0.0,FINITE
holdout,HOLDOUT_SADDLE_POINT_LIKE_D02_C09_E3eM17,decimal-source,SADDLE_POINT_LIKE,2,9,3e-17,zg,110000001.27209088,110000001.27209088,1.0,6.142256022205363e-09,2.574574203929527e-13,23857.366444635958,23857.366444635958,0.0,FINITE
holdout,HOLDOUT_SADDLE_POINT_LIKE_D02_C09_E3eM17,binary64-operand,SADDLE_POINT_LIKE,2,9,3e-17,z,110000000.90909089,110000000.90909089,1.0,1.0907721682088937e-09,5.590472127690937e-13,1951.127102138726,1951.127102138726,0.0,FINITE
holdout,HOLDOUT_SADDLE_POINT_LIKE_D02_C09_E3eM17,binary64-operand,SADDLE_POINT_LIKE,2,9,3e-17,zg,110000001.27209088,110000001.27209088,1.0,2.004874248161893e-09,5.590441344145755e-13,3586.2539730631,3586.2539730631,0.0,FINITE
holdout,HOLDOUT_SADDLE_POINT_LIKE_D02_C09_E3eM9,decimal-source,SADDLE_POINT_LIKE,2,9,3e-9,z,110000000.90909089,110000000.90909089,1.0,7.907807901613623e-09,5.023537264505907e-13,15741.513370442572,15741.513370442572,0.0,FINITE
holdout,HOLDOUT_SADDLE_POINT_LIKE_D02_C09_E3eM9,decimal-source,SADDLE_POINT_LIKE,2,9,3e-9,zg,164179106.50276434,164179106.5027643,1.0000000000000002,9.695839009826032e-09,1.399484879812032e-12,6928.1484564008315,6928.14845640083,0.0,FINITE
holdout,HOLDOUT_SADDLE_POINT_LIKE_D02_C09_E3eM9,binary64-operand,SADDLE_POINT_LIKE,2,9,3e-9,z,110000000.90909089,110000000.90909089,1.0,2.2956252752831923e-09,1.0125521575863333e-12,2267.1674323971406,2267.1674323971406,0.0,FINITE
holdout,HOLDOUT_SADDLE_POINT_LIKE_D02_C09_E3eM9,binary64-operand,SADDLE_POINT_LIKE,2,9,3e-9,zg,164179106.50276434,164179106.5027643,1.0000000000000002,8.290966665850217e-10,4.426485025613626e-13,1873.0361941529156,1873.0361941529152,0.0,FINITE
holdout,HOLDOUT_SADDLE_POINT_LIKE_D04_C01_E3eM13,decimal-source,SADDLE_POINT_LIKE,4,1,3e-13,z,2.51454582376309,1.7217925860153844,1.460423191612362,6.037768562140813e-16,1.7291077599926341e-16,3.491840532926955,2.3909785553814933,1.271791210573454e-16,FINITE
holdout,HOLDOUT_SADDLE_POINT_LIKE_D04_C01_E3eM13,decimal-source,SADDLE_POINT_LIKE,4,1,3e-13,zg,2.514545823764161,1.7217925860162737,1.4604231916122297,4.601931313098077e-16,1.3890860229563824e-16,3.3129203210207367,2.268465976196563,0.0,FINITE
holdout,HOLDOUT_SADDLE_POINT_LIKE_D04_C01_E3eM13,binary64-operand,SADDLE_POINT_LIKE,4,1,3e-13,z,2.51454582376309,1.7217925860153844,1.460423191612362,4.0732323182609303e-16,1.1175381862222326e-16,3.6448260725928616,2.4957328078095204,0.0,FINITE
holdout,HOLDOUT_SADDLE_POINT_LIKE_D04_C01_E3eM13,binary64-operand,SADDLE_POINT_LIKE,4,1,3e-13,zg,2.514545823764161,1.7217925860162737,1.4604231916122297,3.5210590531967096e-16,1.3501299897372603e-16,2.6079407760447713,1.7857431948651425,0.0,FINITE
holdout,HOLDOUT_SADDLE_POINT_LIKE_D04_C01_E3eM15,decimal-source,SADDLE_POINT_LIKE,4,1,3e-15,z,2.5117825839734613,1.6907701427236739,1.485584894424036,6.08227934154995e-16,1.458686876118044e-16,4.169694977812183,2.806769908244646,0.0,FINITE
holdout,HOLDOUT_SADDLE_POINT_LIKE_D04_C01_E3eM15,decimal-source,SADDLE_POINT_LIKE,4,1,3e-15,zg,2.5117825839734724,1.6907701427236828,1.4855848944240349,5.181660397384164e-16,2.502758221609771e-16,2.070379932285799,1.3936463274880637,0.0,FINITE
holdout,HOLDOUT_SADDLE_POINT_LIKE_D04_C01_E3eM15,binary64-operand,SADDLE_POINT_LIKE,4,1,3e-15,z,2.5117825839734613,1.6907701427236739,1.485584894424036,3.283744496002375e-16,1.2253214235036356e-16,2.6799045809653483,1.8039390350723459,0.0,FINITE
holdout,HOLDOUT_SADDLE_POINT_LIKE_D04_C01_E3eM15,binary64-operand,SADDLE_POINT_LIKE,4,1,3e-15,zg,2.5117825839734724,1.6907701427236828,1.4855848944240349,1.6284460384924463e-16,1.0002213970623559e-16,1.6280855851266354,1.0959222803337998,1.3638386516870996e-16,FINITE
holdout,HOLDOUT_SADDLE_POINT_LIKE_D04_C01_E3eM16,decimal-source,SADDLE_POINT_LIKE,4,1,3e-16,z,2.5121197314879025,1.6914722704218932,1.4851675522066468,2.7367997300775495e-16,9.820925191391734e-17,2.78670255270493,1.8763556667828325,0.0,FINITE
holdout,HOLDOUT_SADDLE_POINT_LIKE_D04_C01_E3eM16,decimal-source,SADDLE_POINT_LIKE,4,1,3e-16,zg,2.5121197314879034,1.691472270421893,1.4851675522066474,4.0592185273740287e-16,2.1646670477286325e-16,1.8752161130892318,1.2626293311505856,0.0,FINITE
holdout,HOLDOUT_SADDLE_POINT_LIKE_D04_C01_E3eM16,binary64-operand,SADDLE_POINT_LIKE,4,1,3e-16,z,2.5121197314879025,1.6914722704218932,1.4851675522066468,1.221967003708747e-16,6.889248418158189e-17,1.7737304993792553,1.1942965605085196,1.2518508589818987e-16,FINITE
holdout,HOLDOUT_SADDLE_POINT_LIKE_D04_C01_E3eM16,binary64-operand,SADDLE_POINT_LIKE,4,1,3e-16,zg,2.5121197314879034,1.691472270421893,1.4851675522066474,3.7385716274512994e-16,2.2973996116964497e-16,1.6273057627491532,1.0957051683032788,0.0,FINITE
holdout,HOLDOUT_SADDLE_POINT_LIKE_D04_C01_E3eM17,decimal-source,SADDLE_POINT_LIKE,4,1,3e-17,z,2.5137454758304556,1.7114174794107324,1.4688090463444239,5.295702554087058e-16,1.9955081440613186e-16,2.653811546621445,1.806777779062744,0.0,FINITE
holdout,HOLDOUT_SADDLE_POINT_LIKE_D04_C01_E3eM17,decimal-source,SADDLE_POINT_LIKE,4,1,3e-17,zg,2.5137454758304556,1.7114174794107324,1.4688090463444239,5.5242165132588695e-16,1.8044103177211185e-16,3.0615079391896205,2.084347142883624,0.0,FINITE
holdout,HOLDOUT_SADDLE_POINT_LIKE_D04_C01_E3eM17,binary64-operand,SADDLE_POINT_LIKE,4,1,3e-17,z,2.5137454758304556,1.7114174794107324,1.4688090463444239,4.2037276362386574e-16,1.479554974066499e-16,2.8412108437477497,1.9343636606943315,0.0,FINITE
holdout,HOLDOUT_SADDLE_POINT_LIKE_D04_C01_E3eM17,binary64-operand,SADDLE_POINT_LIKE,4,1,3e-17,zg,2.5137454758304556,1.7114174794107324,1.4688090463444239,4.088417375954178e-16,1.3289797393603028e-16,3.0763579420120544,2.094457376653897,0.0,FINITE
holdout,HOLDOUT_SADDLE_POINT_LIKE_D04_C01_E3eM9,decimal-source,SADDLE_POINT_LIKE,4,1,3e-9,z,2.513758316945883,1.711602819538705,1.4686574994211377,3.735866617659207e-16,1.535362579956271e-16,2.4332145816433854,1.6567610777886757,0.0,FINITE
holdout,HOLDOUT_SADDLE_POINT_LIKE_D04_C01_E3eM9,decimal-source,SADDLE_POINT_LIKE,4,1,3e-9,zg,2.5137583276387416,1.711602828327458,1.4686574981271403,1.8562565429707126e-16,1.168633487490608e-16,1.588399239659501,1.0815314269562901,0.0,FINITE
holdout,HOLDOUT_SADDLE_POINT_LIKE_D04_C01_E3eM9,binary64-operand,SADDLE_POINT_LIKE,4,1,3e-9,z,2.513758316945883,1.711602819538705,1.4686574994211377,2.7930104447100864e-16,1.2009874527735883e-16,2.3255950245440475,1.5834835728961085,0.0,FINITE
holdout,HOLDOUT_SADDLE_POINT_LIKE_D04_C01_E3eM9,binary64-operand,SADDLE_POINT_LIKE,4,1,3e-9,zg,2.5137583276387416,1.711602828327458,1.4686574981271403,1.8881650557767502e-16,1.0634428852378426e-16,1.7755208878514013,1.2089414244747867,0.0,FINITE
holdout,HOLDOUT_SADDLE_POINT_LIKE_D04_C03_E3eM13,decimal-source,SADDLE_POINT_LIKE,4,3,3e-13,z,111.05113275659014,111.03350928483273,1.0001587220999402,1.0545800925000253e-14,5.131104433915886e-16,20.552692038957495,20.549430390213388,0.0,FINITE
holdout,HOLDOUT_SADDLE_POINT_LIKE_D04_C03_E3eM13,decimal-source,SADDLE_POINT_LIKE,4,3,3e-13,zg,111.05113276028808,111.03350928853125,1.0001587220999297,1.008184715018721e-14,4.829998479233163e-16,20.873396117068467,20.870083573577958,0.0,FINITE
holdout,HOLDOUT_SADDLE_POINT_LIKE_D04_C03_E3eM13,binary64-operand,SADDLE_POINT_LIKE,4,3,3e-13,z,111.05113275659014,111.03350928483273,1.0001587220999402,1.3365796000116343e-14,3.1348711619476743e-16,42.63587021487755,42.62910403396671,0.0,FINITE
holdout,HOLDOUT_SADDLE_POINT_LIKE_D04_C03_E3eM13,binary64-operand,SADDLE_POINT_LIKE,4,3,3e-13,zg,111.05113276028808,111.03350928853125,1.0001587220999297,6.551658102960897e-15,2.1048077672966956e-16,31.12710911066003,31.122169334588875,0.0,FINITE
holdout,HOLDOUT_SADDLE_POINT_LIKE_D04_C03_E3eM15,decimal-source,SADDLE_POINT_LIKE,4,3,3e-15,z,110.91948514125727,110.90183341457539,1.0001591653279156,2.9049237572362183e-15,3.5941059142704834e-16,8.082465643825769,8.081179400256582,0.0,FINITE
holdout,HOLDOUT_SADDLE_POINT_LIKE_D04_C03_E3eM15,decimal-source,SADDLE_POINT_LIKE,4,3,3e-15,zg,110.91948514129419,110.90183341461233,1.0001591653279154,4.22407363906335e-14,3.501121643010739e-16,120.64915389317689,120.62995378702595,0.0,FINITE
holdout,HOLDOUT_SADDLE_POINT_LIKE_D04_C03_E3eM15,binary64-operand,SADDLE_POINT_LIKE,4,3,3e-15,z,110.91948514125727,110.90183341457539,1.0001591653279156,9.94918620055784e-15,2.2021932106270636e-16,45.178534528879325,45.171344816969146,0.0,FINITE
holdout,HOLDOUT_SADDLE_POINT_LIKE_D04_C03_E3eM15,binary64-operand,SADDLE_POINT_LIKE,4,3,3e-15,zg,110.91948514129419,110.90183341461233,1.0001591653279154,3.662685569117454e-14,4.489543783828969e-16,81.58257821897624,81.56959516761346,0.0,FINITE
holdout,HOLDOUT_SADDLE_POINT_LIKE_D04_C03_E3eM16,decimal-source,SADDLE_POINT_LIKE,4,3,3e-16,z,110.9174487526109,110.89980383141854,1.000159106874699,2.2426260462477036e-14,1.4943123501601754e-15,15.007746178416557,15.005358722686452,0.0,FINITE
holdout,HOLDOUT_SADDLE_POINT_LIKE_D04_C03_E3eM16,decimal-source,SADDLE_POINT_LIKE,4,3,3e-16,zg,110.91744875261462,110.89980383142225,1.000159106874699,2.3647258174482363e-14,9.914591071985061e-16,23.850966724488213,23.84717247540524,0.0,FINITE
holdout,HOLDOUT_SADDLE_POINT_LIKE_D04_C03_E3eM16,binary64-operand,SADDLE_POINT_LIKE,4,3,3e-16,z,110.9174487526109,110.89980383141854,1.000159106874699,1.947968010322896e-14,1.2404605447321653e-15,15.703587015284654,15.701088864106113,0.0,FINITE
holdout,HOLDOUT_SADDLE_POINT_LIKE_D04_C03_E3eM16,binary64-operand,SADDLE_POINT_LIKE,4,3,3e-16,zg,110.91744875261462,110.89980383142225,1.000159106874699,2.245844490961623e-14,2.439271669871114e-16,92.07028961560025,92.05564292995524,0.0,FINITE
holdout,HOLDOUT_SADDLE_POINT_LIKE_D04_C03_E3eM17,decimal-source,SADDLE_POINT_LIKE,4,3,3e-17,z,110.87770809057007,110.86005056421507,1.00015927763216,5.102986702017062e-15,6.798699777552591e-17,75.05827391975299,75.04632071948647,0.0,FINITE
holdout,HOLDOUT_SADDLE_POINT_LIKE_D04_C03_E3eM17,decimal-source,SADDLE_POINT_LIKE,4,3,3e-17,zg,110.87770809057044,110.8600505642154,1.0001592776321604,5.821815904131034e-15,7.038263344426843e-17,82.71665351568527,82.70348070110776,0.0,FINITE
holdout,HOLDOUT_SADDLE_POINT_LIKE_D04_C03_E3eM17,binary64-operand,SADDLE_POINT_LIKE,4,3,3e-17,z,110.87770809057007,110.86005056421507,1.00015927763216,4.869267492365163e-15,8.505752424192503e-17,57.246757835505996,57.23764115955168,0.0,FINITE
holdout,HOLDOUT_SADDLE_POINT_LIKE_D04_C03_E3eM17,binary64-operand,SADDLE_POINT_LIKE,4,3,3e-17,zg,110.87770809057044,110.8600505642154,1.0001592776321604,4.9954437327008175e-15,7.960440889637504e-17,62.75335502087116,62.7433614068325,0.0,FINITE
holdout,HOLDOUT_SADDLE_POINT_LIKE_D04_C03_E3eM9,decimal-source,SADDLE_POINT_LIKE,4,3,3e-9,z,111.09170258332372,111.07409217679393,1.0001585464817644,6.507601047126098e-15,2.189105668656009e-15,2.9727212990688603,2.9722500592790375,0.0,FINITE
holdout,HOLDOUT_SADDLE_POINT_LIKE_D04_C03_E3eM9,decimal-source,SADDLE_POINT_LIKE,4,3,3e-9,zg,111.09173958992703,111.07412918916818,1.0001585463769773,2.7376918976671823e-14,1.1351534913197447e-15,24.11737195543754,24.11354883963295,0.0,FINITE
holdout,HOLDOUT_SADDLE_POINT_LIKE_D04_C03_E3eM9,binary64-operand,SADDLE_POINT_LIKE,4,3,3e-9,z,111.09170258332372,111.07409217679393,1.0001585464817644,1.3137663181948748e-14,1.7344145144741896e-15,7.574696286447765,7.573495535375973,0.0,FINITE
holdout,HOLDOUT_SADDLE_POINT_LIKE_D04_C03_E3eM9,binary64-operand,SADDLE_POINT_LIKE,4,3,3e-9,zg,111.09173958992703,111.07412918916818,1.0001585463769773,1.876147460558723e-14,8.781952772742589e-16,21.36367057657047,21.360283980934085,0.0,FINITE
holdout,HOLDOUT_SADDLE_POINT_LIKE_D04_C05_E3eM13,decimal-source,SADDLE_POINT_LIKE,4,5,3e-13,z,11007.51223952092,11007.51206110135,1.0000000162088916,2.651668952449376e-12,2.1891127068794296e-15,1211.298506521082,1211.298486887276,0.0,FINITE
holdout,HOLDOUT_SADDLE_POINT_LIKE_D04_C05_E3eM13,decimal-source,SADDLE_POINT_LIKE,4,5,3e-13,zg,11007.512275870513,11007.512097450943,1.0000000162088916,1.528528777698379e-12,1.4754447240018779e-15,1035.9783411963547,1035.9783244042944,0.0,FINITE
holdout,HOLDOUT_SADDLE_POINT_LIKE_D04_C05_E3eM13,binary64-operand,SADDLE_POINT_LIKE,4,5,3e-13,z,11007.51223952092,11007.51206110135,1.0000000162088916,2.001140025921075e-12,1.8798960955928005e-15,1064.495016832322,1064.494999578038,0.0,FINITE
holdout,HOLDOUT_SADDLE_POINT_LIKE_D04_C05_E3eM13,binary64-operand,SADDLE_POINT_LIKE,4,5,3e-13,zg,11007.512275870513,11007.512097450943,1.0000000162088916,1.5384201002880241e-12,1.3463862879112768e-15,1142.6290612886885,1142.6290427679382,0.0,FINITE
holdout,HOLDOUT_SADDLE_POINT_LIKE_D04_C05_E3eM15,decimal-source,SADDLE_POINT_LIKE,4,5,3e-15,z,11003.959415137808,11003.959236671863,1.0000000162183393,2.287945459144009e-13,1.2857082487636868e-14,17.795214904657062,17.795214616048234,0.0,FINITE
holdout,HOLDOUT_SADDLE_POINT_LIKE_D04_C05_E3eM15,decimal-source,SADDLE_POINT_LIKE,4,5,3e-15,zg,11003.95941550107,11003.95923703513,1.0000000162183391,9.185118037860003e-13,3.895301525484171e-15,235.79992403074183,235.79992020645878,0.0,FINITE
holdout,HOLDOUT_SADDLE_POINT_LIKE_D04_C05_E3eM15,binary64-operand,SADDLE_POINT_LIKE,4,5,3e-15,z,11003.959415137808,11003.959236671863,1.0000000162183393,1.3654824713334764e-13,1.444900685600588e-14,9.450355203934999,9.450355050665934,0.0,FINITE
holdout,HOLDOUT_SADDLE_POINT_LIKE_D04_C05_E3eM15,binary64-operand,SADDLE_POINT_LIKE,4,5,3e-15,zg,11003.95941550107,11003.95923703513,1.0000000162183391,7.17823912421986e-13,1.2036381622726794e-14,59.63784922427259,59.637848257045746,0.0,FINITE
holdout,HOLDOUT_SADDLE_POINT_LIKE_D04_C05_E3eM16,decimal-source,SADDLE_POINT_LIKE,4,5,3e-16,z,11000.909595272158,11000.909416705834,1.0000000162319602,1.0699583007999564e-12,8.624484075477693e-16,1240.6055729666282,1240.6055528291681,0.0,FINITE
holdout,HOLDOUT_SADDLE_POINT_LIKE_D04_C05_E3eM16,decimal-source,SADDLE_POINT_LIKE,4,5,3e-16,zg,11000.909595308463,11000.90941674214,1.00000001623196,1.4611298563785484e-12,3.3846452214840627e-15,431.6936519975609,431.6936449903269,0.0,FINITE
holdout,HOLDOUT_SADDLE_POINT_LIKE_D04_C05_E3eM16,binary64-operand,SADDLE_POINT_LIKE,4,5,3e-16,z,11000.909595272158,11000.909416705834,1.0000000162319602,1.8688513162170972e-12,4.464565060072397e-15,418.5965018027517,418.59649500811,0.0,FINITE
holdout,HOLDOUT_SADDLE_POINT_LIKE_D04_C05_E3eM16,binary64-operand,SADDLE_POINT_LIKE,4,5,3e-16,zg,11000.909595308463,11000.90941674214,1.00000001623196,4.865895133265072e-13,2.461758410128152e-15,197.659328114645,197.65932490624675,0.0,FINITE
holdout,HOLDOUT_SADDLE_POINT_LIKE_D04_C05_E3eM17,decimal-source,SADDLE_POINT_LIKE,4,5,3e-17,z,11001.758835242548,11001.758656740907,1.000000016224828,1.280705975837786e-12,1.487874489854709e-14,86.07621036387599,86.07620896730431,0.0,FINITE
holdout,HOLDOUT_SADDLE_POINT_LIKE_D04_C05_E3eM17,decimal-source,SADDLE_POINT_LIKE,4,5,3e-17,zg,11001.758835246183,11001.75865674454,1.0000000162248281,1.087778506663066e-12,1.7690002479045183e-14,61.49114495329222,61.491143955608976,0.0,FINITE
holdout,HOLDOUT_SADDLE_POINT_LIKE_D04_C05_E3eM17,binary64-operand,SADDLE_POINT_LIKE,4,5,3e-17,z,11001.758835242548,11001.758656740907,1.000000016224828,1.6667680307421477e-12,2.501028912665775e-14,66.64329317830986,66.64329209703392,0.0,FINITE
holdout,HOLDOUT_SADDLE_POINT_LIKE_D04_C05_E3eM17,binary64-operand,SADDLE_POINT_LIKE,4,5,3e-17,zg,11001.758835246183,11001.75865674454,1.0000000162248281,2.28654709730751e-12,2.5110366604328464e-14,91.05988508002748,91.05988360259653,0.0,FINITE
holdout,HOLDOUT_SADDLE_POINT_LIKE_D04_C05_E3eM9,decimal-source,SADDLE_POINT_LIKE,4,5,3e-9,z,11008.363216365566,11008.36303797104,1.0000000162053637,5.68583082654014e-13,4.719335949499084e-15,120.4794676069552,120.47946565454164,0.0,FINITE
holdout,HOLDOUT_SADDLE_POINT_LIKE_D04_C05_E3eM9,decimal-source,SADDLE_POINT_LIKE,4,5,3e-9,zg,11008.726780536748,11008.726602148112,1.0000000162042935,1.9523189617017797e-12,5.603791304444655e-15,348.3925177858239,348.3925121403694,0.0,FINITE
holdout,HOLDOUT_SADDLE_POINT_LIKE_D04_C05_E3eM9,binary64-operand,SADDLE_POINT_LIKE,4,5,3e-9,z,11008.363216365566,11008.36303797104,1.0000000162053637,1.5781963000365997e-13,5.556849511108065e-15,28.400918485947965,28.400918025700758,0.0,FINITE
holdout,HOLDOUT_SADDLE_POINT_LIKE_D04_C05_E3eM9,binary64-operand,SADDLE_POINT_LIKE,4,5,3e-9,zg,11008.726780536748,11008.726602148112,1.0000000162042935,1.5160970119674181e-12,3.997998291498478e-15,379.2140219747754,379.21401582988017,0.0,FINITE
holdout,HOLDOUT_SADDLE_POINT_LIKE_D04_C07_E3eM13,decimal-source,SADDLE_POINT_LIKE,4,7,3e-13,z,1100000.909324671,1100000.9093228853,1.0000000000016231,1.9799458702370195e-10,2.6801339868759788e-14,7387.488386522372,7387.488386510381,0.0,FINITE
holdout,HOLDOUT_SADDLE_POINT_LIKE_D04_C07_E3eM13,decimal-source,SADDLE_POINT_LIKE,4,7,3e-13,zg,1100001.2723253907,1100001.2723236047,1.0000000000016236,1.5475547919764302e-10,5.100225397251322e-15,30342.870587846137,30342.87058779687,0.0,FINITE
holdout,HOLDOUT_SADDLE_POINT_LIKE_D04_C07_E3eM13,binary64-operand,SADDLE_POINT_LIKE,4,7,3e-13,z,1100000.909324671,1100000.9093228853,1.0000000000016231,1.439553572137258e-10,1.3703765608218416e-14,10504.802937332273,10504.802937315222,0.0,FINITE
holdout,HOLDOUT_SADDLE_POINT_LIKE_D04_C07_E3eM13,binary64-operand,SADDLE_POINT_LIKE,4,7,3e-13,zg,1100001.2723253907,1100001.2723236047,1.0000000000016236,9.715026914407221e-11,6.227017883156747e-15,15601.411617405296,15601.411617379967,0.0,FINITE
holdout,HOLDOUT_SADDLE_POINT_LIKE_D04_C07_E3eM15,decimal-source,SADDLE_POINT_LIKE,4,7,3e-15,z,1100425.983662439,1100425.983660654,1.0000000000016223,2.3215287656739524e-10,8.186792342082396e-14,2835.7000747907664,2835.700074786166,0.0,FINITE
holdout,HOLDOUT_SADDLE_POINT_LIKE_D04_C07_E3eM15,decimal-source,SADDLE_POINT_LIKE,4,7,3e-15,zg,1100425.987295251,1100425.9872934662,1.000000000001622,3.5191228654503217e-10,1.0122941923893771e-13,3476.383537421992,3476.383537416353,0.0,FINITE
holdout,HOLDOUT_SADDLE_POINT_LIKE_D04_C07_E3eM15,binary64-operand,SADDLE_POINT_LIKE,4,7,3e-15,z,1100425.983662439,1100425.983660654,1.0000000000016223,1.5850029310470122e-10,2.496638405382507e-14,6348.548222401377,6348.548222391078,0.0,FINITE
holdout,HOLDOUT_SADDLE_POINT_LIKE_D04_C07_E3eM15,binary64-operand,SADDLE_POINT_LIKE,4,7,3e-15,zg,1100425.987295251,1100425.9872934662,1.000000000001622,1.6287868821543707e-10,9.34909552320055e-14,1742.1865870472732,1742.1865870444474,0.0,FINITE
holdout,HOLDOUT_SADDLE_POINT_LIKE_D04_C07_E3eM16,decimal-source,SADDLE_POINT_LIKE,4,7,3e-16,z,1100000.9092019438,1100000.909200158,1.0000000000016234,1.0285545834334513e-10,6.037204569296916e-16,170369.34422668326,170369.34422640668,0.0,FINITE
holdout,HOLDOUT_SADDLE_POINT_LIKE_D04_C07_E3eM16,decimal-source,SADDLE_POINT_LIKE,4,7,3e-16,zg,1100000.9095649442,1100000.9095631586,1.0000000000016231,1.6690643224451382e-10,2.522420181200872e-14,6616.916304763036,6616.916304752296,0.0,FINITE
holdout,HOLDOUT_SADDLE_POINT_LIKE_D04_C07_E3eM16,binary64-operand,SADDLE_POINT_LIKE,4,7,3e-16,z,1100000.9092019438,1100000.909200158,1.0000000000016234,3.461338096209e-11,1.5951895774219732e-14,2169.8600249150054,2169.860024911483,0.0,FINITE
holdout,HOLDOUT_SADDLE_POINT_LIKE_D04_C07_E3eM16,binary64-operand,SADDLE_POINT_LIKE,4,7,3e-16,zg,1100000.9095649442,1100000.9095631586,1.0000000000016231,9.578800589248164e-11,1.838884296495762e-14,5209.028435068938,5209.028435060483,0.0,FINITE
holdout,HOLDOUT_SADDLE_POINT_LIKE_D04_C07_E3eM17,decimal-source,SADDLE_POINT_LIKE,4,7,3e-17,z,1101061.2902973043,1101061.2902955213,1.0000000000016194,2.334368694556055e-10,6.0466016770629626e-15,38606.29191784196,38606.29191777945,0.0,FINITE
holdout,HOLDOUT_SADDLE_POINT_LIKE_D04_C07_E3eM17,decimal-source,SADDLE_POINT_LIKE,4,7,3e-17,zg,1101061.2903336743,1101061.290331891,1.0000000000016196,2.365155288719881e-10,3.856739545140431e-15,61325.25313253325,61325.25313243393,0.0,FINITE
holdout,HOLDOUT_SADDLE_POINT_LIKE_D04_C07_E3eM17,binary64-operand,SADDLE_POINT_LIKE,4,7,3e-17,z,1101061.2902973043,1101061.2902955213,1.0000000000016194,2.701103428903422e-10,4.769259347867217e-15,56635.70026048883,56635.70026039712,0.0,FINITE
holdout,HOLDOUT_SADDLE_POINT_LIKE_D04_C07_E3eM17,binary64-operand,SADDLE_POINT_LIKE,4,7,3e-17,zg,1101061.2903336743,1101061.290331891,1.0000000000016196,2.638276079761947e-10,5.754439410326491e-15,45847.66458792653,45847.664587852276,0.0,FINITE
holdout,HOLDOUT_SADDLE_POINT_LIKE_D04_C07_E3eM9,decimal-source,SADDLE_POINT_LIKE,4,7,3e-9,z,1101061.2902973043,1101061.2902955213,1.0000000000016194,2.1347535775646843e-10,1.2000402573360598e-13,1778.9016364364074,1778.9016364335268,0.0,FINITE
holdout,HOLDOUT_SADDLE_POINT_LIKE_D04_C07_E3eM9,decimal-source,SADDLE_POINT_LIKE,4,7,3e-9,zg,1104710.3517130727,1104710.3517112955,1.0000000000016087,1.4320925489590253e-10,1.4267090500618795e-13,1003.773368436201,1003.7733684345862,0.0,FINITE
holdout,HOLDOUT_SADDLE_POINT_LIKE_D04_C07_E3eM9,binary64-operand,SADDLE_POINT_LIKE,4,7,3e-9,z,1101061.2902973043,1101061.2902955213,1.0000000000016194,1.270662347396869e-10,9.786137107361458e-14,1298.4309676604005,1298.4309676582977,0.0,FINITE
holdout,HOLDOUT_SADDLE_POINT_LIKE_D04_C07_E3eM9,binary64-operand,SADDLE_POINT_LIKE,4,7,3e-9,zg,1104710.3517130727,1104710.3517112955,1.0000000000016087,6.330682022274252e-11,9.928243084375542e-14,637.643737010941,637.6437370099152,0.0,FINITE
holdout,HOLDOUT_SADDLE_POINT_LIKE_D04_C09_E3eM13,decimal-source,SADDLE_POINT_LIKE,4,9,3e-13,z,110110071.34932582,110110071.34932578,1.0000000000000004,1.7049906481078388e-08,9.736655941786782e-13,17511.049566725826,17511.04956672582,0.0,FINITE
holdout,HOLDOUT_SADDLE_POINT_LIKE_D04_C09_E3eM13,decimal-source,SADDLE_POINT_LIKE,4,9,3e-13,zg,110113708.73782352,110113708.7378235,1.0000000000000002,3.3796440400902846e-08,1.0424715360093387e-12,32419.53303615197,32419.533036151963,0.0,FINITE
holdout,HOLDOUT_SADDLE_POINT_LIKE_D04_C09_E3eM13,binary64-operand,SADDLE_POINT_LIKE,4,9,3e-13,z,110110071.34932582,110110071.34932578,1.0000000000000004,6.917669071142926e-09,8.074398972584145e-14,85674.10521366623,85674.10521366619,0.0,FINITE
holdout,HOLDOUT_SADDLE_POINT_LIKE_D04_C09_E3eM13,binary64-operand,SADDLE_POINT_LIKE,4,9,3e-13,zg,110113708.73782352,110113708.7378235,1.0000000000000002,2.3357167027542698e-08,1.1260721465967092e-13,207421.5857139731,207421.58571397304,0.0,FINITE
holdout,HOLDOUT_SADDLE_POINT_LIKE_D04_C09_E3eM15,decimal-source,SADDLE_POINT_LIKE,4,9,3e-15,z,109914052.08236139,109914052.08236136,1.0000000000000002,3.191475556064783e-09,1.7684381827467781e-12,1804.6859580399419,1804.6859580399414,0.0,FINITE
holdout,HOLDOUT_SADDLE_POINT_LIKE_D04_C09_E3eM15,decimal-source,SADDLE_POINT_LIKE,4,9,3e-15,zg,109914088.32566988,109914088.32566984,1.0000000000000004,2.4059932114379153e-08,4.4870730250444074e-13,53620.549476439686,53620.549476439664,0.0,FINITE
holdout,HOLDOUT_SADDLE_POINT_LIKE_D04_C09_E3eM15,binary64-operand,SADDLE_POINT_LIKE,4,9,3e-15,z,109914052.08236139,109914052.08236136,1.0000000000000002,1.1800595852720983e-08,2.012733928682142e-12,5862.968614260675,5862.968614260674,0.0,FINITE
holdout,HOLDOUT_SADDLE_POINT_LIKE_D04_C09_E3eM15,binary64-operand,SADDLE_POINT_LIKE,4,9,3e-15,zg,109914088.32566988,109914088.32566984,1.0000000000000004,2.381389660636105e-08,6.772668796417487e-13,35161.76166618069,35161.761666180675,0.0,FINITE
holdout,HOLDOUT_SADDLE_POINT_LIKE_D04_C09_E3eM16,decimal-source,SADDLE_POINT_LIKE,4,9,3e-16,z,109998500.10920577,109998500.10920572,1.0000000000000004,6.85358594460121e-09,1.3378191316389593e-13,51229.540544878415,51229.54054487839,0.0,FINITE
holdout,HOLDOUT_SADDLE_POINT_LIKE_D04_C09_E3eM16,decimal-source,SADDLE_POINT_LIKE,4,9,3e-16,zg,109998503.73910691,109998503.73910688,1.0000000000000002,1.0831340615511478e-08,3.4960546617906126e-14,309816.11168413115,309816.1116841311,0.0,FINITE
holdout,HOLDOUT_SADDLE_POINT_LIKE_D04_C09_E3eM16,binary64-operand,SADDLE_POINT_LIKE,4,9,3e-16,z,109998500.10920577,109998500.10920572,1.0000000000000004,1.2498217463246275e-09,1.5900290621519348e-13,7860.370455324427,7860.370455324423,0.0,FINITE
holdout,HOLDOUT_SADDLE_POINT_LIKE_D04_C09_E3eM16,binary64-operand,SADDLE_POINT_LIKE,4,9,3e-16,zg,109998503.73910691,109998503.73910688,1.0000000000000002,4.8603260436716124e-09,1.1530344609401521e-14,421524.7859728874,421524.7859728873,0.0,FINITE
holdout,HOLDOUT_SADDLE_POINT_LIKE_D04_C09_E3eM17,decimal-source,SADDLE_POINT_LIKE,4,9,3e-17,z,110130087.35913388,110130087.35913385,1.0000000000000002,4.840918256537263e-09,5.494271758107022e-13,8810.84604050444,8810.846040504439,0.0,FINITE
holdout,HOLDOUT_SADDLE_POINT_LIKE_D04_C09_E3eM17,decimal-source,SADDLE_POINT_LIKE,4,9,3e-17,zg,110130087.72299296,110130087.72299294,1.0000000000000002,4.136243256381246e-09,6.137051662197237e-13,6739.788882436024,6739.7888824360225,0.0,FINITE
holdout,HOLDOUT_SADDLE_POINT_LIKE_D04_C09_E3eM17,binary64-operand,SADDLE_POINT_LIKE,4,9,3e-17,z,110130087.35913388,110130087.35913385,1.0000000000000002,6.439780537777161e-09,5.412569994414284e-13,11897.824036313523,11897.824036313521,0.0,FINITE
holdout,HOLDOUT_SADDLE_POINT_LIKE_D04_C09_E3eM17,binary64-operand,SADDLE_POINT_LIKE,4,9,3e-17,zg,110130087.72299296,110130087.72299294,1.0000000000000002,6.798885339008674e-09,5.503129027620228e-13,12354.581011793545,12354.581011793542,0.0,FINITE
holdout,HOLDOUT_SADDLE_POINT_LIKE_D04_C09_E3eM9,decimal-source,SADDLE_POINT_LIKE,4,9,3e-9,z,110000000.90918182,110000000.9091818,1.0000000000000002,3.4687116897500773e-09,1.6894263893399937e-13,20531.890064208095,20531.89006420809,0.0,FINITE
holdout,HOLDOUT_SADDLE_POINT_LIKE_D04_C09_E3eM9,decimal-source,SADDLE_POINT_LIKE,4,9,3e-9,zg,164179106.5029669,164179106.50296685,1.0000000000000004,5.253710006411663e-09,3.875467936135061e-13,13556.324276162377,13556.324276162371,0.0,FINITE
holdout,HOLDOUT_SADDLE_POINT_LIKE_D04_C09_E3eM9,binary64-operand,SADDLE_POINT_LIKE,4,9,3e-9,z,110000000.90918182,110000000.9091818,1.0000000000000002,3.781630962265723e-09,2.956728612327363e-13,12789.915674029498,12789.915674029495,0.0,FINITE
holdout,HOLDOUT_SADDLE_POINT_LIKE_D04_C09_E3eM9,binary64-operand,SADDLE_POINT_LIKE,4,9,3e-9,zg,164179106.5029669,164179106.50296685,1.0000000000000004,4.312256622400745e-09,1.2025897818798382e-13,35858.08467173241,35858.084671732395,0.0,FINITE
holdout,HOLDOUT_SADDLE_POINT_LIKE_D08_C01_E3eM13,decimal-source,SADDLE_POINT_LIKE,8,1,3e-13,z,3.540291219785761,1.728890150407018,2.0477247897747004,8.05890157512094e-16,2.846401603788233e-16,2.8312594977446155,1.3826367253463405,0.0,FINITE
holdout,HOLDOUT_SADDLE_POINT_LIKE_D08_C01_E3eM13,decimal-source,SADDLE_POINT_LIKE,8,1,3e-13,zg,3.540291219787253,1.7288901504079142,2.047724789774502,8.030256278629309e-16,1.9076582845107115e-16,4.209483608165685,2.0556881614102247,0.0,FINITE
holdout,HOLDOUT_SADDLE_POINT_LIKE_D08_C01_E3eM13,binary64-operand,SADDLE_POINT_LIKE,8,1,3e-13,z,3.540291219785761,1.728890150407018,2.0477247897747004,7.12345468445273e-16,2.0638894729187017e-16,3.4514710104019843,1.6855150788020348,0.0,FINITE
holdout,HOLDOUT_SADDLE_POINT_LIKE_D08_C01_E3eM13,binary64-operand,SADDLE_POINT_LIKE,8,1,3e-13,zg,3.540291219787253,1.7288901504079142,2.047724789774502,9.20958224154754e-16,2.4252466858600666e-16,3.7973795800824037,1.8544384475125566,0.0,FINITE
holdout,HOLDOUT_SADDLE_POINT_LIKE_D08_C01_E3eM15,decimal-source,SADDLE_POINT_LIKE,8,1,3e-15,z,3.539650551866767,1.7074903896996876,2.073013454845458,1.0269283896753017e-15,3.2946230689665336e-16,3.1169829391057817,1.5035999558131912,0.0,FINITE
holdout,HOLDOUT_SADDLE_POINT_LIKE_D08_C01_E3eM15,decimal-source,SADDLE_POINT_LIKE,8,1,3e-15,zg,3.5396505518667816,1.7074903896996954,2.0730134548454573,1.0342867334598953e-15,3.457866144208138e-16,2.9911126987732204,1.4428814688982359,0.0,FINITE
holdout,HOLDOUT_SADDLE_POINT_LIKE_D08_C01_E3eM15,binary64-operand,SADDLE_POINT_LIKE,8,1,3e-15,z,3.539650551866767,1.7074903896996876,2.073013454845458,7.943357308388987e-16,2.161023061270638e-16,3.675739260143968,1.773138158631967,0.0,FINITE
holdout,HOLDOUT_SADDLE_POINT_LIKE_D08_C01_E3eM15,binary64-operand,SADDLE_POINT_LIKE,8,1,3e-15,zg,3.5396505518667816,1.7074903896996954,2.0730134548454573,1.0145946902184515e-15,2.4843781571429126e-16,4.083897965780125,1.9700296475328851,0.0,FINITE
holdout,HOLDOUT_SADDLE_POINT_LIKE_D08_C01_E3eM16,decimal-source,SADDLE_POINT_LIKE,8,1,3e-16,z,3.539107266908172,1.7143636771570971,2.0643853542073516,1.0426201253114793e-15,4.2978144341780396e-16,2.4259309965086504,1.1751347642359724,0.0,FINITE
holdout,HOLDOUT_SADDLE_POINT_LIKE_D08_C01_E3eM16,decimal-source,SADDLE_POINT_LIKE,8,1,3e-16,zg,3.5391072669081733,1.7143636771570983,2.064385354207351,8.740074620782782e-16,3.684638395565024e-16,2.3720304905096468,1.1490250527476835,0.0,FINITE
holdout,HOLDOUT_SADDLE_POINT_LIKE_D08_C01_E3eM16,binary64-operand,SADDLE_POINT_LIKE,8,1,3e-16,z,3.539107266908172,1.7143636771570971,2.0643853542073516,9.290689292805677e-16,3.764513487516453e-16,2.467965468476774,1.195496501390547,0.0,FINITE
holdout,HOLDOUT_SADDLE_POINT_LIKE_D08_C01_E3eM16,binary64-operand,SADDLE_POINT_LIKE,8,1,3e-16,zg,3.5391072669081733,1.7143636771570983,2.064385354207351,8.392809776672178e-16,3.282328259342929e-16,2.556968442380071,1.238610047861851,0.0,FINITE
holdout,HOLDOUT_SADDLE_POINT_LIKE_D08_C01_E3eM17,decimal-source,SADDLE_POINT_LIKE,8,1,3e-17,z,3.5397109352537712,1.715212934069126,2.063715160342369,5.855995068755495e-16,1.8695394253863586e-16,3.1323196447410018,1.5178061899886184,0.0,FINITE
holdout,HOLDOUT_SADDLE_POINT_LIKE_D08_C01_E3eM17,decimal-source,SADDLE_POINT_LIKE,8,1,3e-17,zg,3.5397109352537712,1.715212934069126,2.063715160342369,6.317468694007186e-16,2.2797401515818106e-16,2.771135425071921,1.3427896825704335,0.0,FINITE
holdout,HOLDOUT_SADDLE_POINT_LIKE_D08_C01_E3eM17,binary64-operand,SADDLE_POINT_LIKE,8,1,3e-17,z,3.5397109352537712,1.715212934069126,2.063715160342369,5.153481678173779e-16,2.097055806723105e-16,2.457484279460687,1.1908059439040959,0.0,FINITE
holdout,HOLDOUT_SADDLE_POINT_LIKE_D08_C01_E3eM17,binary64-operand,SADDLE_POINT_LIKE,8,1,3e-17,zg,3.5397109352537712,1.715212934069126,2.063715160342369,5.904923501444058e-16,2.356588552540191e-16,2.5057083024014015,1.214173520916378,0.0,FINITE
holdout,HOLDOUT_SADDLE_POINT_LIKE_D08_C01_E3eM9,decimal-source,SADDLE_POINT_LIKE,8,1,3e-9,z,3.541333589326127,1.7377184783264583,2.037921351182657,9.813165052745117e-16,3.252143428970645e-16,3.017445345530514,1.480648575461175,0.0,FINITE
holdout,HOLDOUT_SADDLE_POINT_LIKE_D08_C01_E3eM9,decimal-source,SADDLE_POINT_LIKE,8,1,3e-9,zg,3.541333604268294,1.7377184873854554,2.037921349157383,1.0901800470263134e-15,2.71047436360166e-16,4.022100565370002,1.9736289464914905,0.0,FINITE
holdout,HOLDOUT_SADDLE_POINT_LIKE_D08_C01_E3eM9,binary64-operand,SADDLE_POINT_LIKE,8,1,3e-9,z,3.541333589326127,1.7377184783264583,2.037921351182657,8.446434096829106e-16,2.815981187412674e-16,2.999463964668634,1.471825182521381,0.0,FINITE
holdout,HOLDOUT_SADDLE_POINT_LIKE_D08_C01_E3eM9,binary64-operand,SADDLE_POINT_LIKE,8,1,3e-9,zg,3.541333604268294,1.7377184873854554,2.037921349157383,1.1469058669356504e-15,2.3442703045240974e-16,4.8923789407829394,2.400671126393463,0.0,FINITE
holdout,HOLDOUT_SADDLE_POINT_LIKE_D08_C03_E3eM13,decimal-source,SADDLE_POINT_LIKE,8,3,3e-13,z,155.65148572785012,114.84112223889568,1.3553636771683544,3.7445740318510155e-14,1.783083503920293e-15,21.000553387534477,15.494404742651168,0.0,FINITE
holdout,HOLDOUT_SADDLE_POINT_LIKE_D08_C03_E3eM13,decimal-source,SADDLE_POINT_LIKE,8,3,3e-13,zg,155.65148573300226,114.84112224285215,1.355363677166523,4.14189629520861e-14,1.179178416863481e-15,35.12527227411199,25.915754469341902,0.0,FINITE
holdout,HOLDOUT_SADDLE_POINT_LIKE_D08_C03_E3eM13,binary64-operand,SADDLE_POINT_LIKE,8,3,3e-13,z,155.65148572785012,114.84112223889568,1.3553636771683544,4.130757383298249e-14,1.6892102019287598e-15,24.453779515312554,18.042227283530092,0.0,FINITE
holdout,HOLDOUT_SADDLE_POINT_LIKE_D08_C03_E3eM13,binary64-operand,SADDLE_POINT_LIKE,8,3,3e-13,zg,155.65148573300226,114.84112224285215,1.355363677166523,3.8816533881460754e-14,1.2146162317903824e-15,31.95785867627009,23.57880708672974,0.0,FINITE
holdout,HOLDOUT_SADDLE_POINT_LIKE_D08_C03_E3eM15,decimal-source,SADDLE_POINT_LIKE,8,3,3e-15,z,155.13789837546702,111.02143525451302,1.3973688776389752,2.2238918078066973e-14,1.401744504288246e-15,15.865172297828321,11.353603584355236,0.0,FINITE
holdout,HOLDOUT_SADDLE_POINT_LIKE_D08_C03_E3eM15,decimal-source,SADDLE_POINT_LIKE,8,3,3e-15,zg,155.13789837551803,111.02143525454997,1.3973688776389697,2.6377188901137514e-14,1.3551329281896002e-15,19.464650553784647,13.929500552976835,0.0,FINITE
holdout,HOLDOUT_SADDLE_POINT_LIKE_D08_C03_E3eM15,binary64-operand,SADDLE_POINT_LIKE,8,3,3e-15,z,155.13789837546702,111.02143525451302,1.3973688776389752,2.0747648470949475e-14,1.3268653504715752e-15,15.636589246659918,11.190022546573271,0.0,FINITE
holdout,HOLDOUT_SADDLE_POINT_LIKE_D08_C03_E3eM15,binary64-operand,SADDLE_POINT_LIKE,8,3,3e-15,zg,155.13789837551803,111.02143525454997,1.3973688776389697,1.9471168275412773e-14,9.579678296120337e-16,20.325492854283404,14.545545689142497,0.0,FINITE
holdout,HOLDOUT_SADDLE_POINT_LIKE_D08_C03_E3eM16,decimal-source,SADDLE_POINT_LIKE,8,3,3e-16,z,155.1646800179969,111.49172086560422,1.3917148180449872,5.4985490792530464e-14,1.5776499660852317e-15,34.85278228666339,25.043048931262277,0.0,FINITE
holdout,HOLDOUT_SADDLE_POINT_LIKE_D08_C03_E3eM16,decimal-source,SADDLE_POINT_LIKE,8,3,3e-16,zg,155.16468001800197,111.49172086560795,1.3917148180449863,6.976068501170794e-14,2.208576780954825e-15,31.586262073057107,22.695929987601886,0.0,FINITE
holdout,HOLDOUT_SADDLE_POINT_LIKE_D08_C03_E3eM16,binary64-operand,SADDLE_POINT_LIKE,8,3,3e-16,z,155.1646800179969,111.49172086560422,1.3917148180449872,4.618583321205802e-14,1.4148611270809288e-15,32.64336854553799,23.455501171852,0.0,FINITE
holdout,HOLDOUT_SADDLE_POINT_LIKE_D08_C03_E3eM16,binary64-operand,SADDLE_POINT_LIKE,8,3,3e-16,zg,155.16468001800197,111.49172086560795,1.3917148180449863,4.745689172292101e-14,1.6732054343172656e-15,28.362860142326344,20.379793169242188,1.252593589282884e-16,FINITE
holdout,HOLDOUT_SADDLE_POINT_LIKE_D08_C03_E3eM17,decimal-source,SADDLE_POINT_LIKE,8,3,3e-17,z,155.15228205115415,110.9854147409459,1.397951995884318,3.4242865881981463e-14,1.2077471248403895e-15,28.35267845204504,20.281582297187303,0.0,FINITE
holdout,HOLDOUT_SADDLE_POINT_LIKE_D08_C03_E3eM17,decimal-source,SADDLE_POINT_LIKE,8,3,3e-17,zg,155.15228205115463,110.98541474094623,1.3979519958843183,3.352063082562668e-14,1.3311530864512863e-15,25.181649779282072,18.013243554441676,0.0,FINITE
holdout,HOLDOUT_SADDLE_POINT_LIKE_D08_C03_E3eM17,binary64-operand,SADDLE_POINT_LIKE,8,3,3e-17,z,155.15228205115415,110.9854147409459,1.397951995884318,1.6201435828581756e-14,7.998600462095984e-16,20.255338299940874,14.489294596362537,0.0,FINITE
holdout,HOLDOUT_SADDLE_POINT_LIKE_D08_C03_E3eM17,binary64-operand,SADDLE_POINT_LIKE,8,3,3e-17,zg,155.15228205115463,110.98541474094623,1.3979519958843183,1.371160220498402e-14,8.530804322307211e-16,16.073047378580156,11.497567460041893,0.0,FINITE
holdout,HOLDOUT_SADDLE_POINT_LIKE_D08_C03_E3eM9,decimal-source,SADDLE_POINT_LIKE,8,3,3e-9,z,155.28037433093886,111.28570630179837,1.395330806544286,2.408821678255336e-14,1.2174166257132709e-15,19.786337950198718,14.180392103003944,0.0,FINITE
holdout,HOLDOUT_SADDLE_POINT_LIKE_D08_C03_E3eM9,decimal-source,SADDLE_POINT_LIKE,8,3,3e-9,zg,155.28042547007382,111.28574345533609,1.3953308002331382,3.915994831150451e-14,7.004746317000698e-16,55.90487726366666,40.0656799479563,1.2709852351681874e-16,FINITE
holdout,HOLDOUT_SADDLE_POINT_LIKE_D08_C03_E3eM9,binary64-operand,SADDLE_POINT_LIKE,8,3,3e-9,z,155.28037433093886,111.28570630179837,1.395330806544286,9.589927824335752e-15,6.154042253534995e-16,15.583136139221534,11.168058546499916,0.0,FINITE
holdout,HOLDOUT_SADDLE_POINT_LIKE_D08_C03_E3eM9,binary64-operand,SADDLE_POINT_LIKE,8,3,3e-9,zg,155.28042547007382,111.28574345533609,1.3953308002331382,4.567024666071971e-14,5.059656255766123e-16,90.26353639868844,64.68970396382478,0.0,FINITE
holdout,HOLDOUT_SADDLE_POINT_LIKE_D08_C05_E3eM13,decimal-source,SADDLE_POINT_LIKE,8,5,3e-13,z,11027.53334314426,11026.48923005295,1.0000946913445907,2.526645881952626e-12,4.920458469818702e-15,513.4980606889915,513.4494414709992,0.0,FINITE
holdout,HOLDOUT_SADDLE_POINT_LIKE_D08_C05_E3eM13,decimal-source,SADDLE_POINT_LIKE,8,5,3e-13,zg,11027.533379615912,11026.48926652799,1.0000946913439703,1.0883515033692447e-12,4.632971486944094e-15,234.91435387337575,234.89211162363807,0.0,FINITE
holdout,HOLDOUT_SADDLE_POINT_LIKE_D08_C05_E3eM13,binary64-operand,SADDLE_POINT_LIKE,8,5,3e-13,z,11027.53334314426,11026.48923005295,1.0000946913445907,1.6029135111023094e-12,8.217504481499017e-16,1950.6086242010906,1950.423935936075,0.0,FINITE
holdout,HOLDOUT_SADDLE_POINT_LIKE_D08_C05_E3eM13,binary64-operand,SADDLE_POINT_LIKE,8,5,3e-13,zg,11027.533379615912,11026.48926652799,1.0000946913439703,1.3961338947673934e-12,7.52434264762503e-16,1855.489522673541,1855.313840512496,0.0,FINITE
holdout,HOLDOUT_SADDLE_POINT_LIKE_D08_C05_E3eM15,decimal-source,SADDLE_POINT_LIKE,8,5,3e-15,z,11003.983204253145,11002.935650142861,1.0000952067833162,3.2907981829599782e-12,5.166916409711124e-15,636.8978946078911,636.8372633805487,0.0,FINITE
holdout,HOLDOUT_SADDLE_POINT_LIKE_D08_C05_E3eM15,decimal-source,SADDLE_POINT_LIKE,8,5,3e-15,zg,11003.983204616308,11002.935650506055,1.0000952067833102,2.580288911355046e-12,2.3565108645087763e-14,109.4961602009383,109.48573641615577,0.0,FINITE
holdout,HOLDOUT_SADDLE_POINT_LIKE_D08_C05_E3eM15,binary64-operand,SADDLE_POINT_LIKE,8,5,3e-15,z,11003.983204253145,11002.935650142861,1.0000952067833162,2.35870509503825e-12,3.943005143738144e-15,598.1998524105635,598.1429051486009,0.0,FINITE
holdout,HOLDOUT_SADDLE_POINT_LIKE_D08_C05_E3eM15,binary64-operand,SADDLE_POINT_LIKE,8,5,3e-15,zg,11003.983204616308,11002.935650506055,1.0000952067833102,1.4179971011746768e-12,8.709028287885938e-15,162.81920948024464,162.8037094627557,0.0,FINITE
holdout,HOLDOUT_SADDLE_POINT_LIKE_D08_C05_E3eM16,decimal-source,SADDLE_POINT_LIKE,8,5,3e-16,z,11010.796700246894,11009.751200432507,1.0000949612571033,1.144930220839199e-12,3.2869727187946664e-15,348.3236153110042,348.29054120337435,0.0,FINITE
holdout,HOLDOUT_SADDLE_POINT_LIKE_D08_C05_E3eM16,decimal-source,SADDLE_POINT_LIKE,8,5,3e-16,zg,11010.796700283254,11009.75120046887,1.0000949612571026,1.8360010632391017e-12,2.790641662072622e-15,657.9135860372326,657.8511156683023,0.0,FINITE
holdout,HOLDOUT_SADDLE_POINT_LIKE_D08_C05_E3eM16,binary64-operand,SADDLE_POINT_LIKE,8,5,3e-16,z,11010.796700246894,11009.751200432507,1.0000949612571033,1.1984712723355365e-12,2.3832354600141073e-15,502.8757302597547,502.82798108256435,0.0,FINITE
holdout,HOLDOUT_SADDLE_POINT_LIKE_D08_C05_E3eM16,binary64-operand,SADDLE_POINT_LIKE,8,5,3e-16,zg,11010.796700283254,11009.75120046887,1.0000949612571026,1.4987904718546152e-12,2.5005467748096113e-15,599.3850972728679,599.3281843150684,0.0,FINITE
holdout,HOLDOUT_SADDLE_POINT_LIKE_D08_C05_E3eM17,decimal-source,SADDLE_POINT_LIKE,8,5,3e-17,z,11011.06870565937,11010.023216086558,1.0000949579807683,1.1978276213581168e-12,4.51336128163341e-15,265.39590930434366,265.3707102375445,0.0,FINITE
holdout,HOLDOUT_SADDLE_POINT_LIKE_D08_C05_E3eM17,decimal-source,SADDLE_POINT_LIKE,8,5,3e-17,zg,11011.068705663007,11010.0232160902,1.0000949579807679,1.0439075716402268e-12,5.9025346310422e-15,176.8575090013332,176.84071656397074,0.0,FINITE
holdout,HOLDOUT_SADDLE_POINT_LIKE_D08_C05_E3eM17,binary64-operand,SADDLE_POINT_LIKE,8,5,3e-17,z,11011.06870565937,11010.023216086558,1.0000949579807683,1.879895864902058e-12,8.207676832519839e-15,229.04116515085929,229.01941792937598,0.0,FINITE
holdout,HOLDOUT_SADDLE_POINT_LIKE_D08_C05_E3eM17,binary64-operand,SADDLE_POINT_LIKE,8,5,3e-17,zg,11011.068705663007,11010.0232160902,1.0000949579807679,1.6176839464170144e-12,8.130092850085735e-15,198.97484275348162,198.95595029817954,0.0,FINITE
holdout,HOLDOUT_SADDLE_POINT_LIKE_D08_C05_E3eM9,decimal-source,SADDLE_POINT_LIKE,8,5,3e-9,z,11002.235741543027,11001.192163237527,1.000094860474212,1.1714242053012823e-12,1.3018680180162485e-14,89.98025829732471,89.97172353696433,0.0,FINITE
holdout,HOLDOUT_SADDLE_POINT_LIKE_D08_C05_E3eM9,decimal-source,SADDLE_POINT_LIKE,8,5,3e-9,zg,11002.598798445575,11001.555253907853,1.0000948542741128,3.2439852820128404e-12,1.6670524406094156e-14,194.59407532656584,194.5756189974658,0.0,FINITE
holdout,HOLDOUT_SADDLE_POINT_LIKE_D08_C05_E3eM9,binary64-operand,SADDLE_POINT_LIKE,8,5,3e-9,z,11002.235741543027,11001.192163237527,1.000094860474212,1.7900213814220237e-12,2.085887664364947e-15,858.15809355534,858.0766959930479,0.0,FINITE
holdout,HOLDOUT_SADDLE_POINT_LIKE_D08_C05_E3eM9,binary64-operand,SADDLE_POINT_LIKE,8,5,3e-9,zg,11002.598798445575,11001.555253907853,1.0000948542741128,1.8264619596694665e-12,2.0028780067275082e-15,911.9187257209504,911.8322345362308,0.0,FINITE
holdout,HOLDOUT_SADDLE_POINT_LIKE_D08_C07_E3eM13,decimal-source,SADDLE_POINT_LIKE,8,7,3e-13,z,1100392.312075329,1100339.8091869648,1.0000477151584681,3.0952555237576513e-10,4.4124887405069e-14,7014.7612963700685,7014.426601893196,0.0,FINITE
holdout,HOLDOUT_SADDLE_POINT_LIKE_D08_C07_E3eM13,decimal-source,SADDLE_POINT_LIKE,8,7,3e-13,zg,1100392.6752827656,1100340.1724113936,1.0000477151272746,1.9446695636835413e-10,2.3362522929223098e-14,8323.8850939812,8323.487937694885,0.0,FINITE
holdout,HOLDOUT_SADDLE_POINT_LIKE_D08_C07_E3eM13,binary64-operand,SADDLE_POINT_LIKE,8,7,3e-13,z,1100392.312075329,1100339.8091869648,1.0000477151584681,2.6654068541482476e-10,2.8029195515592784e-14,9509.394776120022,9508.941055490695,0.0,FINITE
holdout,HOLDOUT_SADDLE_POINT_LIKE_D08_C07_E3eM13,binary64-operand,SADDLE_POINT_LIKE,8,7,3e-13,zg,1100392.6752827656,1100340.1724113936,1.0000477151272746,1.3351110212767105e-10,1.3041662404040613e-14,10237.276352614846,10236.787902977172,0.0,FINITE
holdout,HOLDOUT_SADDLE_POINT_LIKE_D08_C07_E3eM15,decimal-source,SADDLE_POINT_LIKE,8,7,3e-15,z,1100391.3274605998,1100338.7589211494,1.000047774868443,9.866963730749527e-11,3.542563678291999e-14,2785.260796076009,2785.1277369647783,0.0,FINITE
holdout,HOLDOUT_SADDLE_POINT_LIKE_D08_C07_E3eM15,decimal-source,SADDLE_POINT_LIKE,8,7,3e-15,zg,1100391.3310926661,1100338.7625533857,1.0000477748681311,2.0103093199103698e-10,8.059051755637243e-14,2494.473767964295,2494.3546005021835,0.0,FINITE
holdout,HOLDOUT_SADDLE_POINT_LIKE_D08_C07_E3eM15,binary64-operand,SADDLE_POINT_LIKE,8,7,3e-15,z,1100391.3274605998,1100338.7589211494,1.000047774868443,6.866796285484202e-11,1.2328023388403258e-14,5570.070780319633,5569.804683633619,0.0,FINITE
holdout,HOLDOUT_SADDLE_POINT_LIKE_D08_C07_E3eM15,binary64-operand,SADDLE_POINT_LIKE,8,7,3e-15,zg,1100391.3310926661,1100338.7625533857,1.0000477748681311,1.1101877420480193e-10,7.264286162971848e-15,15282.81949721316,15282.089397407432,0.0,FINITE
holdout,HOLDOUT_SADDLE_POINT_LIKE_D08_C07_E3eM16,decimal-source,SADDLE_POINT_LIKE,8,7,3e-16,z,1101597.5261828713,1101545.0448583446,1.0000476433757945,5.327004986198546e-10,2.387591225221449e-14,22311.210268853567,22310.147338119907,0.0,FINITE
holdout,HOLDOUT_SADDLE_POINT_LIKE_D08_C07_E3eM16,decimal-source,SADDLE_POINT_LIKE,8,7,3e-16,zg,1101597.5265468748,1101545.0452223653,1.000047643375763,1.722149063949499e-10,4.007577856659798e-14,4297.2317083937105,4297.026983522471,0.0,FINITE
holdout,HOLDOUT_SADDLE_POINT_LIKE_D08_C07_E3eM16,binary64-operand,SADDLE_POINT_LIKE,8,7,3e-16,z,1101597.5261828713,1101545.0448583446,1.0000476433757945,5.257540384519445e-10,2.9235261898472943e-14,17983.558357635455,17982.701601025277,0.0,FINITE
holdout,HOLDOUT_SADDLE_POINT_LIKE_D08_C07_E3eM16,binary64-operand,SADDLE_POINT_LIKE,8,7,3e-16,zg,1101597.5265468748,1101545.0452223653,1.000047643375763,1.8547700005696515e-10,4.2122622113503096e-14,4403.263395075006,4403.0536187369435,0.0,FINITE
holdout,HOLDOUT_SADDLE_POINT_LIKE_D08_C07_E3eM17,decimal-source,SADDLE_POINT_LIKE,8,7,3e-17,z,1101819.3027641524,1101766.9031609248,1.0000475596090945,1.175982282592176e-10,2.4187287384643612e-14,4861.98499191274,4861.753768803982,0.0,FINITE
holdout,HOLDOUT_SADDLE_POINT_LIKE_D08_C07_E3eM17,decimal-source,SADDLE_POINT_LIKE,8,7,3e-17,zg,1101819.3028005674,1101766.903197341,1.0000475596090919,7.990792308173976e-11,3.24844772357028e-14,2459.880222234734,2459.7632368567306,0.0,FINITE
holdout,HOLDOUT_SADDLE_POINT_LIKE_D08_C07_E3eM17,binary64-operand,SADDLE_POINT_LIKE,8,7,3e-17,z,1101819.3027641524,1101766.9031609248,1.0000475596090945,1.2516637207107543e-10,2.874795869742662e-14,4353.922078031917,4353.715017047598,0.0,FINITE
holdout,HOLDOUT_SADDLE_POINT_LIKE_D08_C07_E3eM17,binary64-operand,SADDLE_POINT_LIKE,8,7,3e-17,zg,1101819.3028005674,1101766.903197341,1.0000475596090919,9.636573124700645e-11,2.7783405327237176e-14,3468.463642667132,3468.298691737139,0.0,FINITE
holdout,HOLDOUT_SADDLE_POINT_LIKE_D08_C07_E3eM9,decimal-source,SADDLE_POINT_LIKE,8,7,3e-9,z,1099848.2237274365,1099795.6045247333,1.0000478445290077,2.93467302436485e-10,2.1704447847179748e-13,1352.1067409905008,1352.042053175268,0.0,FINITE
holdout,HOLDOUT_SADDLE_POINT_LIKE_D08_C07_E3eM9,decimal-source,SADDLE_POINT_LIKE,8,7,3e-9,zg,1103488.7165805064,1103436.2675956588,1.0000475324097893,1.5978003923350858e-10,1.7545209937112175e-13,910.6761321535222,910.6328475798434,0.0,FINITE
holdout,HOLDOUT_SADDLE_POINT_LIKE_D08_C07_E3eM9,binary64-operand,SADDLE_POINT_LIKE,8,7,3e-9,z,1099848.2237274365,1099795.6045247333,1.0000478445290077,2.5759169955154337e-10,1.9730418002818317e-13,1305.5562204244668,1305.493759690412,0.0,FINITE
holdout,HOLDOUT_SADDLE_POINT_LIKE_D08_C07_E3eM9,binary64-operand,SADDLE_POINT_LIKE,8,7,3e-9,zg,1103488.7165805064,1103436.2675956588,1.0000475324097893,1.1197614241460238e-10,1.7691617605980015e-13,632.9333185268083,632.90323511088,0.0,FINITE
holdout,HOLDOUT_SADDLE_POINT_LIKE_D08_C09_E3eM13,decimal-source,SADDLE_POINT_LIKE,8,9,3e-13,z,110276194.6242872,110270962.62660415,1.000047446739907,1.874217961337241e-08,9.37746617166227e-14,199864.00665469028,199854.5242090609,0.0,FINITE
holdout,HOLDOUT_SADDLE_POINT_LIKE_D08_C09_E3eM13,decimal-source,SADDLE_POINT_LIKE,8,9,3e-13,zg,110279842.48082717,110274610.65284522,1.0000474436314124,1.4211650102571239e-08,9.513465159336643e-14,149384.5813754175,149377.49436463355,0.0,FINITE
holdout,HOLDOUT_SADDLE_POINT_LIKE_D08_C09_E3eM13,binary64-operand,SADDLE_POINT_LIKE,8,9,3e-13,z,110276194.6242872,110270962.62660415,1.000047446739907,2.4572343048864815e-08,1.430939304647795e-13,171721.77023198718,171713.62298037915,0.0,FINITE
holdout,HOLDOUT_SADDLE_POINT_LIKE_D08_C09_E3eM13,binary64-operand,SADDLE_POINT_LIKE,8,9,3e-13,zg,110279842.48082717,110274610.65284522,1.0000474436314124,2.504528896478492e-09,3.665730242257234e-14,68322.78239154573,68319.5410644212,0.0,FINITE
holdout,HOLDOUT_SADDLE_POINT_LIKE_D08_C09_E3eM15,decimal-source,SADDLE_POINT_LIKE,8,9,3e-15,z,110075958.88640098,110070726.84266709,1.0000475334712868,1.772923347310369e-08,1.6522987769432478e-13,107300.40910580812,107295.30898731916,0.0,FINITE
holdout,HOLDOUT_SADDLE_POINT_LIKE_D08_C09_E3eM15,decimal-source,SADDLE_POINT_LIKE,8,9,3e-15,zg,110075995.23141383,110070763.18937388,1.000047533440201,1.4793667160568667e-08,2.816697318018351e-14,525213.2370039871,525188.2729986182,0.0,FINITE
holdout,HOLDOUT_SADDLE_POINT_LIKE_D08_C09_E3eM15,binary64-operand,SADDLE_POINT_LIKE,8,9,3e-15,z,110075958.88640098,110070726.84266709,1.0000475334712868,1.4282365020733665e-08,3.7174132619282256e-13,38420.1701947052,38418.34403745201,0.0,FINITE
holdout,HOLDOUT_SADDLE_POINT_LIKE_D08_C09_E3eM15,binary64-operand,SADDLE_POINT_LIKE,8,9,3e-15,zg,110075995.23141383,110070763.18937388,1.000047533440201,1.686610172950324e-08,1.077586627099768e-12,15651.736301606588,15650.992356097344,0.0,FINITE
holdout,HOLDOUT_SADDLE_POINT_LIKE_D08_C09_E3eM16,decimal-source,SADDLE_POINT_LIKE,8,9,3e-16,z,110162665.47447775,110157413.4612938,1.0000476773466163,5.47105455969307e-09,1.6325900433423537e-13,33511.50267027441,33509.905006918314,0.0,FINITE
holdout,HOLDOUT_SADDLE_POINT_LIKE_D08_C09_E3eM16,decimal-source,SADDLE_POINT_LIKE,8,9,3e-16,zg,110162669.11470443,110157417.10169066,1.0000476773434959,3.052624782907795e-08,8.420465289041657e-13,36252.44779383465,36250.71945583118,0.0,FINITE
holdout,HOLDOUT_SADDLE_POINT_LIKE_D08_C09_E3eM16,binary64-operand,SADDLE_POINT_LIKE,8,9,3e-16,z,110162665.47447775,110157413.4612938,1.0000476773466163,1.8890058968064904e-08,2.0287177565200872e-13,93113.2924102144,93108.85322714604,0.0,FINITE
holdout,HOLDOUT_SADDLE_POINT_LIKE_D08_C09_E3eM16,binary64-operand,SADDLE_POINT_LIKE,8,9,3e-16,zg,110162669.11470443,110157417.10169066,1.0000476773434959,3.567251137046426e-08,3.628400992630525e-13,98314.6885995154,98310.00143980767,0.0,FINITE
holdout,HOLDOUT_SADDLE_POINT_LIKE_D08_C09_E3eM17,decimal-source,SADDLE_POINT_LIKE,8,9,3e-17,z,110115914.60084508,110110668.17296775,1.000047646862601,2.3130966796964316e-08,1.2540444857694343e-12,18445.092705600495,18444.213896675177,0.0,FINITE
holdout,HOLDOUT_SADDLE_POINT_LIKE_D08_C09_E3eM17,decimal-source,SADDLE_POINT_LIKE,8,9,3e-17,zg,110115914.96455885,110110668.53669852,1.0000476468622892,3.02297980575889e-08,1.1620138059341767e-12,26015.007655856793,26013.76818142663,0.0,FINITE
holdout,HOLDOUT_SADDLE_POINT_LIKE_D08_C09_E3eM17,binary64-operand,SADDLE_POINT_LIKE,8,9,3e-17,z,110115914.60084508,110110668.17296775,1.000047646862601,2.0829688031473374e-08,1.0467501273357563e-12,19899.389059058627,19898.440960776195,0.0,FINITE
holdout,HOLDOUT_SADDLE_POINT_LIKE_D08_C09_E3eM17,binary64-operand,SADDLE_POINT_LIKE,8,9,3e-17,zg,110115914.96455885,110110668.53669852,1.0000476468622892,2.4897301130215607e-08,1.0429392034542036e-12,23872.245906334723,23871.10852291424,0.0,FINITE
holdout,HOLDOUT_SADDLE_POINT_LIKE_D08_C09_E3eM9,decimal-source,SADDLE_POINT_LIKE,8,9,3e-9,z,110010318.55804422,110005075.1967058,1.0000476647220962,1.6181523095617512e-08,5.497027101396915e-13,29436.86250247053,29435.459469475143,0.0,FINITE
holdout,HOLDOUT_SADDLE_POINT_LIKE_D08_C09_E3eM9,decimal-source,SADDLE_POINT_LIKE,8,9,3e-9,zg,164193946.3533267,164190410.58596814,1.0000215345545818,3.1538065037241245e-08,7.076142949552661e-13,44569.570261769535,44568.61049659416,0.0,FINITE
holdout,HOLDOUT_SADDLE_POINT_LIKE_D08_C09_E3eM9,binary64-operand,SADDLE_POINT_LIKE,8,9,3e-9,z,110010318.55804422,110005075.1967058,1.0000476647220962,1.612979083294652e-08,2.746182803678413e-13,58735.31365552666,58732.51418655995,0.0,FINITE
holdout,HOLDOUT_SADDLE_POINT_LIKE_D08_C09_E3eM9,binary64-operand,SADDLE_POINT_LIKE,8,9,3e-9,zg,164193946.3533267,164190410.58596814,1.0000215345545818,2.4321371612365843e-08,2.101773916129416e-13,115718.30550240906,115715.81361390481,0.0,FINITE
holdout,HOLDOUT_SADDLE_POINT_LIKE_D16_C01_E3eM13,decimal-source,SADDLE_POINT_LIKE,16,1,3e-13,z,5.003185534337939,1.8012012726189923,2.7776937593782516,2.3704055390275962e-15,4.429602044587884e-16,5.351283287228416,1.9265202541356563,0.0,FINITE
holdout,HOLDOUT_SADDLE_POINT_LIKE_D16_C01_E3eM13,decimal-source,SADDLE_POINT_LIKE,16,1,3e-13,zg,5.003185534340047,1.801201272619965,2.777693759377921,2.0756110091223367e-15,3.876551169947365e-16,5.354272181967661,1.9275962887884293,0.0,FINITE
holdout,HOLDOUT_SADDLE_POINT_LIKE_D16_C01_E3eM13,binary64-operand,SADDLE_POINT_LIKE,16,1,3e-13,z,5.003185534337939,1.8012012726189923,2.7776937593782516,2.2606188277392034e-15,4.782666779126309e-16,4.726691053630481,1.7016602487844037,0.0,FINITE
holdout,HOLDOUT_SADDLE_POINT_LIKE_D16_C01_E3eM13,binary64-operand,SADDLE_POINT_LIKE,16,1,3e-13,zg,5.003185534340047,1.801201272619965,2.777693759377921,2.377914289014413e-15,4.1465608879363163e-16,5.734666277137117,2.064542305204093,0.0,FINITE
holdout,HOLDOUT_SADDLE_POINT_LIKE_D16_C01_E3eM15,decimal-source,SADDLE_POINT_LIKE,16,1,3e-15,z,4.999715233019718,1.7485439206068634,2.8593592497719347,1.436686737578771e-15,3.005173987512308e-16,4.780710679477379,1.6719517422858612,0.0,FINITE
holdout,HOLDOUT_SADDLE_POINT_LIKE_D16_C01_E3eM15,decimal-source,SADDLE_POINT_LIKE,16,1,3e-15,zg,4.999715233019739,1.7485439206068727,2.859359249771931,2.742653512329668e-15,6.430742116674505e-16,4.264909807560377,1.491561372674859,0.0,FINITE
holdout,HOLDOUT_SADDLE_POINT_LIKE_D16_C01_E3eM15,binary64-operand,SADDLE_POINT_LIKE,16,1,3e-15,z,4.999715233019718,1.7485439206068634,2.8593592497719347,1.7307951310026135e-15,3.8560627297168784e-16,4.4885035652148035,1.569758527394839,0.0,FINITE
holdout,HOLDOUT_SADDLE_POINT_LIKE_D16_C01_E3eM15,binary64-operand,SADDLE_POINT_LIKE,16,1,3e-15,zg,4.999715233019739,1.7485439206068727,2.859359249771931,2.7954955249586867e-15,6.176965207608526e-16,4.525677951877263,1.5827594774032823,0.0,FINITE
holdout,HOLDOUT_SADDLE_POINT_LIKE_D16_C01_E3eM16,decimal-source,SADDLE_POINT_LIKE,16,1,3e-16,z,5.00051926373481,1.7886964199101612,2.7956221123235463,2.418611196906296e-15,6.074921365281053e-16,3.9813045329754657,1.4241211340492848,0.0,FINITE
holdout,HOLDOUT_SADDLE_POINT_LIKE_D16_C01_E3eM16,decimal-source,SADDLE_POINT_LIKE,16,1,3e-16,zg,5.000519263734812,1.7886964199101618,2.7956221123235467,2.4211045229026983e-15,3.4982833550341525e-16,6.920835956351689,2.4755978019502507,0.0,FINITE
holdout,HOLDOUT_SADDLE_POINT_LIKE_D16_C01_E3eM16,binary64-operand,SADDLE_POINT_LIKE,16,1,3e-16,z,5.00051926373481,1.7886964199101612,2.7956221123235463,2.267849832288065e-15,6.213024756757996e-16,3.6501541858839244,1.3056679476791462,0.0,FINITE
holdout,HOLDOUT_SADDLE_POINT_LIKE_D16_C01_E3eM16,binary64-operand,SADDLE_POINT_LIKE,16,1,3e-16,zg,5.000519263734812,1.7886964199101618,2.7956221123235467,2.010791610733868e-15,3.1516459692959266e-16,6.380131621138513,2.282186706498664,0.0,FINITE
holdout,HOLDOUT_SADDLE_POINT_LIKE_D16_C01_E3eM17,decimal-source,SADDLE_POINT_LIKE,16,1,3e-17,z,4.996787117357474,1.7429432013931632,2.8668674420161597,1.8406254122933604e-15,5.043807472673781e-16,3.6492776979800605,1.272914695844347,1.216923584894276e-16,FINITE
holdout,HOLDOUT_SADDLE_POINT_LIKE_D16_C01_E3eM17,decimal-source,SADDLE_POINT_LIKE,16,1,3e-17,zg,4.996787117357474,1.7429432013931632,2.8668674420161597,1.823457903230096e-15,5.211395818963921e-16,3.498981782567071,1.2204895598892318,1.269195547295051e-16,FINITE
holdout,HOLDOUT_SADDLE_POINT_LIKE_D16_C01_E3eM17,binary64-operand,SADDLE_POINT_LIKE,16,1,3e-17,z,4.996787117357474,1.7429432013931632,2.8668674420161597,1.8864379996348693e-15,4.616466845858301e-16,4.086324157894261,1.425362086159276,0.0,FINITE
holdout,HOLDOUT_SADDLE_POINT_LIKE_D16_C01_E3eM17,binary64-operand,SADDLE_POINT_LIKE,16,1,3e-17,zg,4.996787117357474,1.7429432013931632,2.8668674420161597,1.879053574149952e-15,4.688124087996139e-16,4.008113989476593,1.3980813799531093,0.0,FINITE
holdout,HOLDOUT_SADDLE_POINT_LIKE_D16_C01_E3eM9,decimal-source,SADDLE_POINT_LIKE,16,1,3e-9,z,5.002549351095567,1.8164752266586859,2.753987105179245,2.1661847558611836e-15,5.1965968968373975e-16,4.168467939430715,1.5136120033355813,0.0,FINITE
holdout,HOLDOUT_SADDLE_POINT_LIKE_D16_C01_E3eM9,decimal-source,SADDLE_POINT_LIKE,16,1,3e-9,zg,5.002549372172193,1.8164752365574328,2.753987101774632,3.0449962829362494e-15,6.233463778913256e-16,4.884918547592997,1.7737623188014284,0.0,FINITE
holdout,HOLDOUT_SADDLE_POINT_LIKE_D16_C01_E3eM9,binary64-operand,SADDLE_POINT_LIKE,16,1,3e-9,z,5.002549351095567,1.8164752266586859,2.753987105179245,2.0715564914108197e-15,5.152676427269947e-16,4.020350434673804,1.4598290700464762,0.0,FINITE
holdout,HOLDOUT_SADDLE_POINT_LIKE_D16_C01_E3eM9,binary64-operand,SADDLE_POINT_LIKE,16,1,3e-9,zg,5.002549372172193,1.8164752365574328,2.753987101774632,2.912910409517775e-15,6.26025034716632e-16,4.653025435055155,1.6895596323079396,0.0,FINITE
holdout,HOLDOUT_SADDLE_POINT_LIKE_D16_C03_E3eM13,decimal-source,SADDLE_POINT_LIKE,16,3,3e-13,z,218.70749837656905,114.97817706269696,1.902165297483444,3.638445540821645e-14,4.2259629894633434e-16,86.0974303346583,45.26285410030601,0.0,FINITE
holdout,HOLDOUT_SADDLE_POINT_LIKE_D16_C03_E3eM13,decimal-source,SADDLE_POINT_LIKE,16,3,3e-13,zg,218.7074983837664,114.97817706666294,1.9021652974804295,9.019807257957663e-14,1.2530184282484975e-15,71.98463370220172,37.843521694750265,0.0,FINITE
holdout,HOLDOUT_SADDLE_POINT_LIKE_D16_C03_E3eM13,binary64-operand,SADDLE_POINT_LIKE,16,3,3e-13,z,218.70749837656905,114.97817706269696,1.902165297483444,4.6014393678821305e-14,1.0935030818767494e-15,42.07980246370048,22.122053493128,0.0,FINITE
holdout,HOLDOUT_SADDLE_POINT_LIKE_D16_C03_E3eM13,binary64-operand,SADDLE_POINT_LIKE,16,3,3e-13,zg,218.7074983837664,114.97817706666294,1.9021652974804295,1.0109915224628274e-13,1.5214248821832689e-15,66.45030814876897,34.934034511505246,0.0,FINITE
holdout,HOLDOUT_SADDLE_POINT_LIKE_D16_C03_E3eM15,decimal-source,SADDLE_POINT_LIKE,16,3,3e-15,z,219.0194496925263,116.0113041690529,1.8879147274593935,7.120554172108794e-14,1.1967321040922292e-15,59.499984564298366,31.516245781062764,0.0,FINITE
holdout,HOLDOUT_SADDLE_POINT_LIKE_D16_C03_E3eM15,decimal-source,SADDLE_POINT_LIKE,16,3,3e-15,zg,219.01944969259847,116.01130416909326,1.8879147274593586,9.591398600053068e-14,2.8436088592441765e-15,33.72966914515253,17.866097792745055,0.0,FINITE
holdout,HOLDOUT_SADDLE_POINT_LIKE_D16_C03_E3eM15,binary64-operand,SADDLE_POINT_LIKE,16,3,3e-15,z,219.0194496925263,116.0113041690529,1.8879147274593935,8.843870945013415e-14,9.722942225709128e-16,90.95879353914809,48.17950313971715,0.0,FINITE
holdout,HOLDOUT_SADDLE_POINT_LIKE_D16_C03_E3eM15,binary64-operand,SADDLE_POINT_LIKE,16,3,3e-15,zg,219.01944969259847,116.01130416909326,1.8879147274593586,7.366881437397089e-14,3.4224535874481994e-15,21.525146358200512,11.401545867046522,0.0,FINITE
holdout,HOLDOUT_SADDLE_POINT_LIKE_D16_C03_E3eM16,decimal-source,SADDLE_POINT_LIKE,16,3,3e-16,z,219.0163415643093,117.07277489540373,1.8707709094619562,6.360424002396756e-14,3.875935702191462e-15,16.410034869258947,8.77180353097246,0.0,FINITE
holdout,HOLDOUT_SADDLE_POINT_LIKE_D16_C03_E3eM16,decimal-source,SADDLE_POINT_LIKE,16,3,3e-16,zg,219.01634156431652,117.07277489540785,1.870770909461952,1.0069380960060584e-13,4.917107831347471e-15,20.478259386272597,10.946428171775613,0.0,FINITE
holdout,HOLDOUT_SADDLE_POINT_LIKE_D16_C03_E3eM16,binary64-operand,SADDLE_POINT_LIKE,16,3,3e-16,z,219.0163415643093,117.07277489540373,1.8707709094619562,6.635728052612479e-14,2.4911803471109594e-15,26.636883436833397,14.238452876356897,0.0,FINITE
holdout,HOLDOUT_SADDLE_POINT_LIKE_D16_C03_E3eM16,binary64-operand,SADDLE_POINT_LIKE,16,3,3e-16,zg,219.01634156431652,117.07277489540785,1.870770909461952,7.529799062160812e-14,2.465363408291566e-15,30.54234940307957,16.326076725163414,1.1632090353999691e-16,FINITE
holdout,HOLDOUT_SADDLE_POINT_LIKE_D16_C03_E3eM17,decimal-source,SADDLE_POINT_LIKE,16,3,3e-17,z,218.73198800923075,114.6302660083353,1.908152145379526,6.239846774047828e-14,1.459502604304042e-15,42.753241793790934,22.40557279319435,0.0,FINITE
holdout,HOLDOUT_SADDLE_POINT_LIKE_D16_C03_E3eM17,decimal-source,SADDLE_POINT_LIKE,16,3,3e-17,zg,218.73198800923146,114.6302660083357,1.9081521453795256,6.342357343595165e-14,1.6803412236341467e-15,37.74446079397061,19.780634833216276,0.0,FINITE
holdout,HOLDOUT_SADDLE_POINT_LIKE_D16_C03_E3eM17,binary64-operand,SADDLE_POINT_LIKE,16,3,3e-17,z,218.73198800923075,114.6302660083353,1.908152145379526,5.717602673825122e-14,2.082478053044145e-15,27.455764373925522,14.388666249915124,0.0,FINITE
holdout,HOLDOUT_SADDLE_POINT_LIKE_D16_C03_E3eM17,binary64-operand,SADDLE_POINT_LIKE,16,3,3e-17,zg,218.73198800923146,114.6302660083357,1.9081521453795256,4.759657539187603e-14,2.107329127903555e-15,22.586208657034405,11.836691697632988,0.0,FINITE
holdout,HOLDOUT_SADDLE_POINT_LIKE_D16_C03_E3eM9,decimal-source,SADDLE_POINT_LIKE,16,3,3e-9,z,218.5359711622049,114.31971499811398,1.9116210284972304,9.362576462415753e-14,9.104801887480635e-16,102.83119367253411,53.792667134119206,0.0,FINITE
holdout,HOLDOUT_SADDLE_POINT_LIKE_D16_C03_E3eM9,decimal-source,SADDLE_POINT_LIKE,16,3,3e-9,zg,218.5360429435069,114.31975420511911,1.9116210007886907,4.1103304173998016e-14,2.007323504555715e-15,20.476671588168095,10.711679553488842,0.0,FINITE
holdout,HOLDOUT_SADDLE_POINT_LIKE_D16_C03_E3eM9,binary64-operand,SADDLE_POINT_LIKE,16,3,3e-9,z,218.5359711622049,114.31971499811398,1.9116210284972304,9.493097030485547e-14,1.4826852274683204e-15,64.02638169326725,33.49323989368326,0.0,FINITE
holdout,HOLDOUT_SADDLE_POINT_LIKE_D16_C03_E3eM9,binary64-operand,SADDLE_POINT_LIKE,16,3,3e-9,zg,218.5360429435069,114.31975420511911,1.9116210007886907,5.679194370639852e-14,1.913150268698512e-15,29.685040760040895,15.528727058236719,0.0,FINITE
holdout,HOLDOUT_SADDLE_POINT_LIKE_D16_C05_E3eM13,decimal-source,SADDLE_POINT_LIKE,16,5,3e-13,z,15478.919176755255,11063.946868533796,1.3990413512177806,4.288992445300472e-12,5.747657007598123e-15,746.2157953459355,533.3765114922443,0.0,FINITE
holdout,HOLDOUT_SADDLE_POINT_LIKE_D16_C05_E3eM13,decimal-source,SADDLE_POINT_LIKE,16,5,3e-13,zg,15478.919227576229,11063.94690525707,1.3990413511674908,4.4350574178704e-12,1.7938065414873627e-14,247.24279432011676,176.72300687452466,0.0,FINITE
holdout,HOLDOUT_SADDLE_POINT_LIKE_D16_C05_E3eM13,binary64-operand,SADDLE_POINT_LIKE,16,5,3e-13,z,15478.919176755255,11063.946868533796,1.3990413512177806,4.037774445943315e-12,3.269659473961063e-15,1234.9220088817724,882.6915714870385,0.0,FINITE
holdout,HOLDOUT_SADDLE_POINT_LIKE_D16_C05_E3eM13,binary64-operand,SADDLE_POINT_LIKE,16,5,3e-13,zg,15478.919227576229,11063.94690525707,1.3990413511674908,5.426956608808938e-12,1.6479470697845154e-14,329.3161963944973,235.38703564386077,0.0,FINITE
holdout,HOLDOUT_SADDLE_POINT_LIKE_D16_C05_E3eM15,decimal-source,SADDLE_POINT_LIKE,16,5,3e-15,z,15485.065480920783,11070.248944243933,1.398800113611932,4.086088578140025e-12,1.5362040893025055e-14,265.98605006938,190.1530086257716,0.0,FINITE
holdout,HOLDOUT_SADDLE_POINT_LIKE_D16_C05_E3eM15,decimal-source,SADDLE_POINT_LIKE,16,5,3e-15,zg,15485.065481429401,11070.248944611585,1.3988001136114212,8.748489586390655e-12,3.297794016337411e-15,2652.8308144930425,1896.5045746557496,0.0,FINITE
holdout,HOLDOUT_SADDLE_POINT_LIKE_D16_C05_E3eM15,binary64-operand,SADDLE_POINT_LIKE,16,5,3e-15,z,15485.065480920783,11070.248944243933,1.398800113611932,4.482730248678157e-12,4.3103170375016585e-15,1040.0001228857245,743.4944512552785,0.0,FINITE
holdout,HOLDOUT_SADDLE_POINT_LIKE_D16_C05_E3eM15,binary64-operand,SADDLE_POINT_LIKE,16,5,3e-15,zg,15485.065481429401,11070.248944611585,1.3988001136114212,6.973968893453818e-12,2.119743096210545e-15,3290.006655014539,2352.0205803532585,0.0,FINITE
holdout,HOLDOUT_SADDLE_POINT_LIKE_D16_C05_E3eM16,decimal-source,SADDLE_POINT_LIKE,16,5,3e-16,z,15460.430044144901,11024.074880813416,1.4024242588421303,3.453085339301734e-12,2.0779882299169286e-15,1661.744416829434,1184.908494239399,1.368283071334491e-16,FINITE
holdout,HOLDOUT_SADDLE_POINT_LIKE_D16_C05_E3eM16,decimal-source,SADDLE_POINT_LIKE,16,5,3e-16,zg,15460.430044195597,11024.074880849872,1.4024242588420912,3.906544502518035e-12,4.87150078470252e-15,801.9180690241005,571.8084694899692,0.0,FINITE
holdout,HOLDOUT_SADDLE_POINT_LIKE_D16_C05_E3eM16,binary64-operand,SADDLE_POINT_LIKE,16,5,3e-16,z,15460.430044144901,11024.074880813416,1.4024242588421303,4.485624223924569e-12,4.464655354570993e-15,1004.6966378562921,716.3999278547776,0.0,FINITE
holdout,HOLDOUT_SADDLE_POINT_LIKE_D16_C05_E3eM16,binary64-operand,SADDLE_POINT_LIKE,16,5,3e-16,zg,15460.430044195597,11024.074880849872,1.4024242588420912,5.0240353708408905e-12,5.257115233979606e-15,955.6639235084305,681.4371025622963,1.1896110643608818e-16,FINITE
holdout,HOLDOUT_SADDLE_POINT_LIKE_D16_C05_E3eM17,decimal-source,SADDLE_POINT_LIKE,16,5,3e-17,z,15483.149462175354,11028.249014054458,1.4039535598483084,7.173429331448045e-12,4.981714497774384e-15,1439.9519150792012,1025.6407022713645,0.0,FINITE
holdout,HOLDOUT_SADDLE_POINT_LIKE_D16_C05_E3eM17,decimal-source,SADDLE_POINT_LIKE,16,5,3e-17,zg,15483.149462180438,11028.249014058107,1.4039535598483048,6.505333748904322e-12,4.131621718602366e-15,1574.5230788226493,1121.4922799816643,0.0,FINITE
holdout,HOLDOUT_SADDLE_POINT_LIKE_D16_C05_E3eM17,binary64-operand,SADDLE_POINT_LIKE,16,5,3e-17,z,15483.149462175354,11028.249014054458,1.4039535598483084,6.513040491775367e-12,5.852401539342842e-15,1112.8833946186658,792.6782099109521,0.0,FINITE
holdout,HOLDOUT_SADDLE_POINT_LIKE_D16_C05_E3eM17,binary64-operand,SADDLE_POINT_LIKE,16,5,3e-17,zg,15483.149462180438,11028.249014058107,1.4039535598483048,5.227328303005635e-12,5.7398943461200155e-15,910.701136256827,648.6689889907947,0.0,FINITE
holdout,HOLDOUT_SADDLE_POINT_LIKE_D16_C05_E3eM9,decimal-source,SADDLE_POINT_LIKE,16,5,3e-9,z,15493.411275191715,11173.874839025933,1.386574621462498,6.1746171146754565e-12,1.0222615884650315e-14,604.0153698767947,435.61692283081436,0.0,FINITE
holdout,HOLDOUT_SADDLE_POINT_LIKE_D16_C05_E3eM9,decimal-source,SADDLE_POINT_LIKE,16,5,3e-9,zg,15493.920674850091,11174.24941801919,1.386573728152618,5.539845539797605e-12,5.913239641678612e-15,936.8545628948989,675.6615561605252,0.0,FINITE
holdout,HOLDOUT_SADDLE_POINT_LIKE_D16_C05_E3eM9,binary64-operand,SADDLE_POINT_LIKE,16,5,3e-9,z,15493.411275191715,11173.874839025933,1.386574621462498,5.365495388058294e-12,2.821256410561697e-15,1901.8106145800668,1371.5890837336403,1.1955642359974827e-16,FINITE
holdout,HOLDOUT_SADDLE_POINT_LIKE_D16_C05_E3eM9,binary64-operand,SADDLE_POINT_LIKE,16,5,3e-9,zg,15493.920674850091,11174.24941801919,1.386573728152618,5.041670998846759e-12,2.146083347241711e-15,2349.2428685617683,1694.279085823838,0.0,FINITE
holdout,HOLDOUT_SADDLE_POINT_LIKE_D16_C07_E3eM13,decimal-source,SADDLE_POINT_LIKE,16,7,3e-13,z,1549215.0468190946,1128406.974625042,1.3729222538117356,5.4091790752585e-10,2.3017209410220296e-13,2350.0585926183867,1711.7200818136369,0.0,FINITE
holdout,HOLDOUT_SADDLE_POINT_LIKE_D16_C07_E3eM13,decimal-source,SADDLE_POINT_LIKE,16,7,3e-13,zg,1549215.556592428,1128407.3566158614,1.3729222408107893,6.722200189878638e-10,1.820649706922297e-13,3692.198540070692,2689.299095257017,0.0,FINITE
holdout,HOLDOUT_SADDLE_POINT_LIKE_D16_C07_E3eM13,binary64-operand,SADDLE_POINT_LIKE,16,7,3e-13,z,1549215.0468190946,1128406.974625042,1.3729222538117356,6.376839077683354e-10,2.3334487526957554e-13,2732.7958543406644,1990.4957085176682,0.0,FINITE
holdout,HOLDOUT_SADDLE_POINT_LIKE_D16_C07_E3eM13,binary64-operand,SADDLE_POINT_LIKE,16,7,3e-13,zg,1549215.556592428,1128407.3566158614,1.3729222408107893,6.153207612498438e-10,1.629324139574219e-13,3776.5398934716677,2750.731091107829,0.0,FINITE
holdout,HOLDOUT_SADDLE_POINT_LIKE_D16_C07_E3eM15,decimal-source,SADDLE_POINT_LIKE,16,7,3e-15,z,1551553.7274822472,1126698.0849701858,1.377080291676633,5.09083165863873e-10,3.3216531010050955e-14,15326.199045584563,11129.488337186567,0.0,FINITE
holdout,HOLDOUT_SADDLE_POINT_LIKE_D16_C07_E3eM15,decimal-source,SADDLE_POINT_LIKE,16,7,3e-15,zg,1551553.7325939613,1126698.088778532,1.377080291558869,5.885208339953677e-10,2.377536635979799e-14,24753.38655519116,17975.267460381758,0.0,FINITE
holdout,HOLDOUT_SADDLE_POINT_LIKE_D16_C07_E3eM15,binary64-operand,SADDLE_POINT_LIKE,16,7,3e-15,z,1551553.7274822472,1126698.0849701858,1.377080291676633,5.625434326349244e-10,2.719875292682472e-14,20682.69211270039,15019.234708180049,0.0,FINITE
holdout,HOLDOUT_SADDLE_POINT_LIKE_D16_C07_E3eM15,binary64-operand,SADDLE_POINT_LIKE,16,7,3e-15,zg,1551553.7325939613,1126698.088778532,1.377080291558869,5.622490472103534e-10,1.981512976788887e-14,28374.73454862245,20604.996471557923,1.282119062949377e-16,FINITE
holdout,HOLDOUT_SADDLE_POINT_LIKE_D16_C07_E3eM16,decimal-source,SADDLE_POINT_LIKE,16,7,3e-16,z,1549584.9366064803,1108643.8330932162,1.3977301729835079,5.551635400356628e-10,2.053614904623975e-13,2703.347832086929,1934.0985007975687,0.0,FINITE
holdout,HOLDOUT_SADDLE_POINT_LIKE_D16_C07_E3eM16,decimal-source,SADDLE_POINT_LIKE,16,7,3e-16,zg,1549584.9371158907,1108643.8334619435,1.397730172978122,6.721235294986143e-10,2.219279824007509e-13,3028.5659439056844,2166.7743906914206,0.0,FINITE
holdout,HOLDOUT_SADDLE_POINT_LIKE_D16_C07_E3eM16,binary64-operand,SADDLE_POINT_LIKE,16,7,3e-16,z,1549584.9366064803,1108643.8330932162,1.3977301729835079,5.432880827282508e-10,2.613900281278992e-13,2078.457570165675,1487.0234687208108,0.0,FINITE
holdout,HOLDOUT_SADDLE_POINT_LIKE_D16_C07_E3eM16,binary64-operand,SADDLE_POINT_LIKE,16,7,3e-16,zg,1549584.9371158907,1108643.8334619435,1.397730172978122,6.265721684229378e-10,1.9099603065284784e-13,3280.5507333384744,2347.055817181549,1.3861920995920324e-16,FINITE
holdout,HOLDOUT_SADDLE_POINT_LIKE_D16_C07_E3eM17,decimal-source,SADDLE_POINT_LIKE,16,7,3e-17,z,1552683.4448285007,1147554.0833532892,1.3530372706194165,9.560523514779384e-10,3.021913585441903e-13,3163.731603986724,2338.244239597611,0.0,FINITE
holdout,HOLDOUT_SADDLE_POINT_LIKE_D16_C07_E3eM17,decimal-source,SADDLE_POINT_LIKE,16,7,3e-17,zg,1552683.4448797996,1147554.0833927959,1.3530372706175384,9.466165452123168e-10,3.378423914716995e-13,2801.9472070650827,2070.857372455268,1.6229690186161363e-16,FINITE
holdout,HOLDOUT_SADDLE_POINT_LIKE_D16_C07_E3eM17,binary64-operand,SADDLE_POINT_LIKE,16,7,3e-17,z,1552683.4448285007,1147554.0833532892,1.3530372706194165,9.346411822552534e-10,2.4772961483515205e-13,3772.8278182533663,2788.413815479138,0.0,FINITE
holdout,HOLDOUT_SADDLE_POINT_LIKE_D16_C07_E3eM17,binary64-operand,SADDLE_POINT_LIKE,16,7,3e-17,zg,1552683.4448797996,1147554.0833927959,1.3530372706175384,9.995989446505928e-10,2.487107438372987e-13,4019.1224923701297,2970.444776096793,0.0,FINITE
holdout,HOLDOUT_SADDLE_POINT_LIKE_D16_C07_E3eM9,decimal-source,SADDLE_POINT_LIKE,16,7,3e-9,z,1551327.2743987169,1126483.1705768362,1.3771419892623264,4.804013232503559e-10,1.7754034390829348e-13,2705.8713116974805,1964.8455517262203,0.0,FINITE
holdout,HOLDOUT_SADDLE_POINT_LIKE_D16_C07_E3eM9,decimal-source,SADDLE_POINT_LIKE,16,7,3e-9,zg,1556454.3870906658,1130302.9724050376,1.377024059114762,4.45077214923469e-10,1.4260790848843696e-13,3120.985502424342,2266.4712949392538,0.0,FINITE
holdout,HOLDOUT_SADDLE_POINT_LIKE_D16_C07_E3eM9,binary64-operand,SADDLE_POINT_LIKE,16,7,3e-9,z,1551327.2743987169,1126483.1705768362,1.3771419892623264,4.854134753703487e-10,1.258819314953455e-13,3856.101265718956,2800.0752978162386,0.0,FINITE
holdout,HOLDOUT_SADDLE_POINT_LIKE_D16_C07_E3eM9,binary64-operand,SADDLE_POINT_LIKE,16,7,3e-9,zg,1556454.3870906658,1130302.9724050376,1.377024059114762,5.064018997764431e-10,7.290051820540724e-14,6946.478739006848,5044.558730130309,0.0,FINITE
holdout,HOLDOUT_SADDLE_POINT_LIKE_D16_C09_E3eM13,decimal-source,SADDLE_POINT_LIKE,16,9,3e-13,z,110220009.23295733,110209360.31223898,1.0000966244671794,2.8480337081995558e-08,1.862665905895389e-13,152900.94155830363,152886.1690136836,0.0,FINITE
holdout,HOLDOUT_SADDLE_POINT_LIKE_D16_C09_E3eM13,decimal-source,SADDLE_POINT_LIKE,16,9,3e-13,zg,110223652.83924513,110213004.26364836,1.000096618141098,4.035363490295587e-08,2.2343494204390325e-12,18060.57482944037,18058.830018853547,0.0,FINITE
holdout,HOLDOUT_SADDLE_POINT_LIKE_D16_C09_E3eM13,binary64-operand,SADDLE_POINT_LIKE,16,9,3e-13,z,110220009.23295733,110209360.31223898,1.0000966244671794,2.3054658276349793e-08,1.5471507722782196e-13,149013.64940923767,148999.25243586092,0.0,FINITE
holdout,HOLDOUT_SADDLE_POINT_LIKE_D16_C09_E3eM13,binary64-operand,SADDLE_POINT_LIKE,16,9,3e-13,zg,110223652.83924513,110213004.26364836,1.000096618141098,3.89973663848647e-08,2.4485296003911587e-12,15926.851110411233,15925.31243632723,0.0,FINITE
holdout,HOLDOUT_SADDLE_POINT_LIKE_D16_C09_E3eM15,decimal-source,SADDLE_POINT_LIKE,16,9,3e-15,z,110011403.84835458,110000731.14275102,1.0000970239515017,5.147033468687434e-08,7.075071422601796e-13,72748.85525883012,72741.7975621913,0.0,FINITE
holdout,HOLDOUT_SADDLE_POINT_LIKE_D16_C09_E3eM15,decimal-source,SADDLE_POINT_LIKE,16,9,3e-15,zg,110011440.14539686,110000767.44324562,1.0000970238880993,4.74659025238583e-08,1.668346003115381e-12,28450.874360128524,28448.11421347844,0.0,FINITE
holdout,HOLDOUT_SADDLE_POINT_LIKE_D16_C09_E3eM15,binary64-operand,SADDLE_POINT_LIKE,16,9,3e-15,z,110011403.84835458,110000731.14275102,1.0000970239515017,4.4674126303319984e-08,2.5990502615102657e-13,171886.35004449886,171869.6745695288,0.0,FINITE
holdout,HOLDOUT_SADDLE_POINT_LIKE_D16_C09_E3eM15,binary64-operand,SADDLE_POINT_LIKE,16,9,3e-15,zg,110011440.14539686,110000767.44324562,1.0000970238880993,3.647665586956059e-08,1.258738820375692e-13,289787.3274351983,289759.2138696561,0.0,FINITE
holdout,HOLDOUT_SADDLE_POINT_LIKE_D16_C09_E3eM16,decimal-source,SADDLE_POINT_LIKE,16,9,3e-16,z,110078499.8679422,110067891.3975432,1.0000963811540704,5.385264490907705e-08,1.5115601184078885e-12,35627.19355535757,35623.76009624716,0.0,FINITE
holdout,HOLDOUT_SADDLE_POINT_LIKE_D16_C09_E3eM16,decimal-source,SADDLE_POINT_LIKE,16,9,3e-16,zg,110078503.50208117,110067895.03202555,1.0000963811477683,5.158027523510781e-08,1.8077842035919282e-12,28532.31880919292,28529.569096578056,0.0,FINITE
holdout,HOLDOUT_SADDLE_POINT_LIKE_D16_C09_E3eM16,binary64-operand,SADDLE_POINT_LIKE,16,9,3e-16,z,110078499.8679422,110067891.3975432,1.0000963811540704,4.353982181393293e-08,1.6809735232006643e-12,25901.55122195545,25899.05504114125,0.0,FINITE
holdout,HOLDOUT_SADDLE_POINT_LIKE_D16_C09_E3eM16,binary64-operand,SADDLE_POINT_LIKE,16,9,3e-16,zg,110078503.50208117,110067895.03202555,1.0000963811477683,4.252492054100578e-08,1.4775889702755904e-12,28779.939074040532,28777.165497800335,0.0,FINITE
holdout,HOLDOUT_SADDLE_POINT_LIKE_D16_C09_E3eM17,decimal-source,SADDLE_POINT_LIKE,16,9,3e-17,z,110218077.97816674,110207433.74680917,1.0000965836059845,3.023910716473212e-08,2.0590780506695787e-12,14685.750816924523,14684.332551135258,0.0,FINITE
holdout,HOLDOUT_SADDLE_POINT_LIKE_D16_C09_E3eM17,decimal-source,SADDLE_POINT_LIKE,16,9,3e-17,zg,110218078.34250258,110207434.11117958,1.0000965836053515,3.7923315107175263e-08,2.3609826486724274e-12,16062.513262644863,16060.962037025914,0.0,FINITE
holdout,HOLDOUT_SADDLE_POINT_LIKE_D16_C09_E3eM17,binary64-operand,SADDLE_POINT_LIKE,16,9,3e-17,z,110218077.97816674,110207433.74680917,1.0000965836059845,2.8453890305287842e-08,2.88697953269571e-12,9855.937661850721,9854.985831782162,0.0,FINITE
holdout,HOLDOUT_SADDLE_POINT_LIKE_D16_C09_E3eM17,binary64-operand,SADDLE_POINT_LIKE,16,9,3e-17,zg,110218078.34250258,110207434.11117958,1.0000965836053515,3.6872168799102637e-08,2.911372956083869e-12,12664.87301877666,12663.649917810688,0.0,FINITE
holdout,HOLDOUT_SADDLE_POINT_LIKE_D16_C09_E3eM9,decimal-source,SADDLE_POINT_LIKE,16,9,3e-9,z,110426662.12849899,110416085.4160644,1.0000957895979987,5.240446897917507e-08,1.763911862025307e-12,29709.233271442914,29706.38770850632,0.0,FINITE
holdout,HOLDOUT_SADDLE_POINT_LIKE_D16_C09_E3eM9,decimal-source,SADDLE_POINT_LIKE,16,9,3e-9,zg,165114854.05904916,165107734.59312743,1.0000431201235924,6.852595091794582e-08,5.9767436795429655e-12,11465.432448189902,11464.938078642972,0.0,FINITE
holdout,HOLDOUT_SADDLE_POINT_LIKE_D16_C09_E3eM9,binary64-operand,SADDLE_POINT_LIKE,16,9,3e-9,z,110426662.12849899,110416085.4160644,1.0000957895979987,4.6964963959573797e-08,9.715141966466802e-13,48342.02538849156,48337.39516884003,0.0,FINITE
holdout,HOLDOUT_SADDLE_POINT_LIKE_D16_C09_E3eM9,binary64-operand,SADDLE_POINT_LIKE,16,9,3e-9,zg,165114854.05904916,165107734.59312743,1.0000431201235924,4.905088922682823e-08,4.574301581739509e-12,10723.142834009477,10722.680470702338,0.0,FINITE
holdout,HOLDOUT_SPD_D02_C01_E3eM13,decimal-source,SPD,2,1,3e-13,z,1.414354980194152,1.0100501249992186,1.4002819713479526,1.2563879932894546e-16,8.881784197001253e-17,1.4145671246027882,1.0102016262061022,1.569700023866889e-16,FINITE
holdout,HOLDOUT_SPD_D02_C01_E3eM13,decimal-source,SPD,2,1,3e-13,zg,1.4143549801937276,1.010050124998913,1.4002819713479564,9.616953272706311e-17,6.782659521563946e-17,1.4178735114347645,1.01256285551536,1.5660395876945434e-16,FINITE
holdout,HOLDOUT_SPD_D02_C01_E3eM13,binary64-operand,SPD,2,1,3e-13,z,1.414354980194152,1.0100501249992186,1.4002819713479526,6.922599317468312e-17,4.9033668195123563e-17,1.411805310979522,1.0082292994320827,0.0,FINITE
holdout,HOLDOUT_SPD_D02_C01_E3eM13,binary64-operand,SPD,2,1,3e-13,zg,1.4143549801937276,1.010050124998913,1.4002819713479564,2.939426821148852e-17,2.0585062739159137e-17,1.4279416382623678,1.0197529265393492,0.0,FINITE
holdout,HOLDOUT_SPD_D02_C01_E3eM15,decimal-source,SPD,2,1,3e-15,z,1.414354980194152,1.0100501249992186,1.4002819713479526,6.315218736976874e-17,4.4754520913118096e-17,1.411079508422535,1.007710973429293,1.5735796856213865e-16,FINITE
holdout,HOLDOUT_SPD_D02_C01_E3eM15,decimal-source,SPD,2,1,3e-15,zg,1.4143549801941475,1.0100501249992155,1.4002819713479526,7.342238733144427e-17,5.1996388088943575e-17,1.4120670690789132,1.0084162318533716,0.0,FINITE
holdout,HOLDOUT_SPD_D02_C01_E3eM15,binary64-operand,SPD,2,1,3e-15,z,1.414354980194152,1.0100501249992186,1.4002819713479526,3.2702259651200615e-17,2.3165785281344176e-17,1.4116620375280926,1.0081269818600787,0.0,FINITE
holdout,HOLDOUT_SPD_D02_C01_E3eM15,binary64-operand,SPD,2,1,3e-15,zg,1.4143549801941475,1.0100501249992155,1.4002819713479526,5.753698251315838e-17,4.060659300931487e-17,1.4169369614426848,1.0118940259430032,0.0,FINITE
holdout,HOLDOUT_SPD_D02_C01_E3eM16,decimal-source,SPD,2,1,3e-16,z,1.414779191252119,1.0202009999750015,1.3867651485215033,3.457429571032245e-17,2.482534153247273e-17,1.3927017142985776,1.0042808732130335,1.5943443067912227e-16,FINITE
holdout,HOLDOUT_SPD_D02_C01_E3eM16,decimal-source,SPD,2,1,3e-16,zg,1.4147791912521186,1.0202009999750012,1.3867651485215031,1.018472085878224e-16,7.167749494111525e-17,1.420909152468181,1.0246213311483061,0.0,FINITE
holdout,HOLDOUT_SPD_D02_C01_E3eM16,binary64-operand,SPD,2,1,3e-16,z,1.414779191252119,1.0202009999750015,1.3867651485215033,9.216939312099026e-17,6.456924223785524e-17,1.427450438112061,1.0293382694495417,0.0,FINITE
holdout,HOLDOUT_SPD_D02_C01_E3eM16,binary64-operand,SPD,2,1,3e-16,zg,1.4147791912521186,1.0202009999750012,1.3867651485215031,1.2190103654539876e-16,8.692876579353144e-17,1.4023095281823232,1.0112090931023128,0.0,FINITE
holdout,HOLDOUT_SPD_D02_C01_E3eM17,decimal-source,SPD,2,1,3e-17,z,1.414779191252119,1.0202009999750015,1.3867651485215033,1.3899047995749745e-17,1.0007415106216804e-17,1.388874934059184,1.0015213719063607,1.5987372187362794e-16,FINITE
holdout,HOLDOUT_SPD_D02_C01_E3eM17,decimal-source,SPD,2,1,3e-17,zg,1.414779191252119,1.0202009999750015,1.3867651485215033,1.3972794967656297e-17,1.0054966537572525e-17,1.3896411206784203,1.002073871094888,1.5978557457815405e-16,FINITE
holdout,HOLDOUT_SPD_D02_C01_E3eM17,binary64-operand,SPD,2,1,3e-17,z,1.414779191252119,1.0202009999750015,1.3867651485215033,7.001118130012204e-18,4.888026890179046e-18,1.432299430283158,1.0328348904716858,0.0,FINITE
holdout,HOLDOUT_SPD_D02_C01_E3eM17,binary64-operand,SPD,2,1,3e-17,zg,1.414779191252119,1.0202009999750015,1.3867651485215033,7.001118130012204e-18,4.888026890179046e-18,1.432299430283158,1.0328348904716858,0.0,FINITE
holdout,HOLDOUT_SPD_D02_C01_E3eM9,decimal-source,SPD,2,1,3e-9,z,1.414779191252119,1.0202009999750015,1.3867651485215033,6.799459234425461e-17,4.7428748402675475e-17,1.4336155735540979,1.0337839648498117,1.5488434209357617e-16,FINITE
holdout,HOLDOUT_SPD_D02_C01_E3eM9,decimal-source,SPD,2,1,3e-9,zg,1.4147791870035389,1.020200996852571,1.3867651486013872,1.3381797395426256e-16,9.43376854657918e-17,1.4184996514758343,1.0228838335795016,1.565348322038795e-16,FINITE
holdout,HOLDOUT_SPD_D02_C01_E3eM9,binary64-operand,SPD,2,1,3e-9,z,1.414779191252119,1.0202009999750015,1.3867651485215033,2.925254428710312e-17,2.053076866617284e-17,1.4248148602103028,1.0274377472850151,0.0,FINITE
holdout,HOLDOUT_SPD_D02_C01_E3eM9,binary64-operand,SPD,2,1,3e-9,zg,1.4147791870035389,1.020200996852571,1.3867651486013872,1.0534300325277044e-16,7.42969784357124e-17,1.4178638952850755,1.0224253881164036,0.0,FINITE
holdout,HOLDOUT_SPD_D02_C03_E3eM13,decimal-source,SPD,2,3,3e-13,z,100.00510086995563,100.0001010101,1.0000499985480527,2.222914100605639e-15,3.14018491736755e-17,70.78927385171734,70.7857346677611,0.0,FINITE
holdout,HOLDOUT_SPD_D02_C03_E3eM13,decimal-source,SPD,2,3,3e-13,zg,100.00510086695577,100.00010100709997,1.000049998548056,1.4288649626925947e-15,3.1895433478120877e-17,44.79841804541533,44.7961783015418,0.0,FINITE
holdout,HOLDOUT_SPD_D02_C03_E3eM13,binary64-operand,SPD,2,3,3e-13,z,100.00510086995563,100.0001010101,1.0000499985480527,4.495577655234669e-15,5.836977263781852e-17,77.01893380893397,77.01508316659748,0.0,FINITE
holdout,HOLDOUT_SPD_D02_C03_E3eM13,binary64-operand,SPD,2,3,3e-13,zg,100.00510086695577,100.00010100709997,1.000049998548056,1.9084629495038192e-15,2.107785312064214e-17,90.54351686485599,90.5389900468112,0.0,FINITE
holdout,HOLDOUT_SPD_D02_C03_E3eM15,decimal-source,SPD,2,3,3e-15,z,100.00510086995563,100.0001010101,1.0000499985480527,2.2165198550321275e-15,4.965068306494546e-17,44.64228321154845,44.64005127379976,0.0,FINITE
holdout,HOLDOUT_SPD_D02_C03_E3eM15,decimal-source,SPD,2,3,3e-15,zg,100.00510086992563,100.00010101006997,1.000049998548053,1.2730999880286796e-14,1.3922197077020386e-16,91.44389933468368,91.43932750107368,0.0,FINITE
holdout,HOLDOUT_SPD_D02_C03_E3eM15,binary64-operand,SPD,2,3,3e-15,z,100.00510086995563,100.0001010101,1.0000499985480527,2.2859447351781013e-15,4.8021869445345825e-17,47.602160465238825,47.59978054532393,0.0,FINITE
holdout,HOLDOUT_SPD_D02_C03_E3eM15,binary64-operand,SPD,2,3,3e-15,zg,100.00510086992563,100.00010101006997,1.000049998548053,6.283255206856061e-15,1.097034278770476e-16,57.27492138074437,57.272057861007305,0.0,FINITE
holdout,HOLDOUT_SPD_D02_C03_E3eM16,decimal-source,SPD,2,3,3e-16,z,100.00499987500625,100.0,1.0000499987500624,5.551670234638095e-16,7.850462293418875e-18,70.71774918646662,70.71421356417676,0.0,FINITE
holdout,HOLDOUT_SPD_D02_C03_E3eM16,decimal-source,SPD,2,3,3e-16,zg,100.00499987500325,99.999999999997,1.0000499987500624,7.796154739451173e-16,9.793955796750475e-18,79.60169415955349,79.597714373327,0.0,FINITE
holdout,HOLDOUT_SPD_D02_C03_E3eM16,binary64-operand,SPD,2,3,3e-16,z,100.00499987500625,100.0,1.0000499987500624,5.551392671943392e-18,5.551115123125783e-18,1.0000499987500624,1.0,0.0,FINITE
holdout,HOLDOUT_SPD_D02_C03_E3eM16,binary64-operand,SPD,2,3,3e-16,zg,100.00499987500325,99.999999999997,1.0000499987500624,5.551605182126461e-16,7.376145397822293e-18,75.26431330604598,75.26055037259835,0.0,FINITE
holdout,HOLDOUT_SPD_D02_C03_E3eM17,decimal-source,SPD,2,3,3e-17,z,100.00510086995563,100.0001010101,1.0000499985480527,3.331980513748475e-15,3.510833468576701e-17,94.90568389446472,94.90093898530661,0.0,FINITE
holdout,HOLDOUT_SPD_D02_C03_E3eM17,decimal-source,SPD,2,3,3e-17,zg,100.00510086995533,100.0001010100997,1.0000499985480527,2.2207120516926306e-15,2.221069209457182e-17,99.98391955716505,99.97892075629137,0.0,FINITE
holdout,HOLDOUT_SPD_D02_C03_E3eM17,binary64-operand,SPD,2,3,3e-17,z,100.00510086995563,100.0001010101,1.0000499985480527,2.2482286690679392e-15,5.196993446723561e-17,43.26017902688203,43.258016188880944,0.0,FINITE
holdout,HOLDOUT_SPD_D02_C03_E3eM17,binary64-operand,SPD,2,3,3e-17,zg,100.00510086995533,100.0001010100997,1.0000499985480527,2.3371081523817326e-15,5.548586798803927e-17,42.120782050044305,42.11867617738954,0.0,FINITE
holdout,HOLDOUT_SPD_D02_C03_E3eM9,decimal-source,SPD,2,3,3e-9,z,100.00540385479177,100.00040404038756,1.00004999794203,5.57495966032573e-16,1.2412670766236365e-17,44.913457911814966,44.91121244361871,0.0,FINITE
holdout,HOLDOUT_SPD_D02_C03_E3eM9,decimal-source,SPD,2,3,3e-9,zg,100.00537385602821,100.00037404015413,1.0000499979717283,1.0964632416635955e-15,1.1726188352048554e-17,93.50551165861535,93.50083680642012,0.0,FINITE
holdout,HOLDOUT_SPD_D02_C03_E3eM9,binary64-operand,SPD,2,3,3e-9,z,100.00540385479177,100.00040404038756,1.00004999794203,2.4539929943411924e-16,1.1975320796933748e-17,20.492085648089958,20.491061137203086,0.0,FINITE
holdout,HOLDOUT_SPD_D02_C03_E3eM9,binary64-operand,SPD,2,3,3e-9,zg,100.00537385602821,100.00037404015413,1.0000499979717283,1.0459743132699998e-15,1.0501624803081988e-17,99.60118866206591,99.5962090536214,0.0,FINITE
holdout,HOLDOUT_SPD_D02_C05_E3eM13,decimal-source,SPD,2,5,3e-13,z,10000.000150009999,10000.000100010002,1.0000000049999997,1.4131538899410252e-16,9.992007221626409e-17,1.4142842960345707,1.4142842889631497,0.0,FINITE
holdout,HOLDOUT_SPD_D02_C05_E3eM13,decimal-source,SPD,2,5,3e-13,zg,10000.000120009998,10000.000070009999,1.0000000049999997,2.410037031203885e-13,1.3464960053943258e-16,1789.8582851704025,1789.8582762211115,0.0,FINITE
holdout,HOLDOUT_SPD_D02_C05_E3eM13,binary64-operand,SPD,2,5,3e-13,z,10000.000150009999,10000.000100010002,1.0000000049999997,2.0010812762162412e-13,4.4065341111130037e-17,4541.1682418834325,4541.168219177593,0.0,FINITE
holdout,HOLDOUT_SPD_D02_C05_E3eM13,binary64-operand,SPD,2,5,3e-13,zg,10000.000120009998,10000.000070009999,1.0000000049999997,5.297055949351371e-13,7.997756731413805e-17,6623.177132339437,6623.177099223553,0.0,FINITE
holdout,HOLDOUT_SPD_D02_C05_E3eM15,decimal-source,SPD,2,5,3e-15,z,10000.000150009999,10000.000100010002,1.0000000049999997,5.551198509833312e-13,5.613217783960923e-17,9889.512082882615,9889.512033435058,0.0,FINITE
holdout,HOLDOUT_SPD_D02_C05_E3eM15,decimal-source,SPD,2,5,3e-15,zg,10000.000149709998,10000.00009971,1.0000000049999997,1.3211333565055186e-12,1.3892722956584993e-16,9509.53503236251,9509.534984814838,0.0,FINITE
holdout,HOLDOUT_SPD_D02_C05_E3eM15,binary64-operand,SPD,2,5,3e-15,z,10000.000150009999,10000.000100010002,1.0000000049999997,1.0001242652108988e-13,1.0008221486820817e-17,9993.026898214615,9993.026848249483,0.0,FINITE
holdout,HOLDOUT_SPD_D02_C05_E3eM15,binary64-operand,SPD,2,5,3e-15,zg,10000.000149709998,10000.00009971,1.0000000049999997,3.2290358116052e-13,3.233424712547819e-17,9986.426463168953,9986.426413236823,0.0,FINITE
holdout,HOLDOUT_SPD_D02_C05_E3eM16,decimal-source,SPD,2,5,3e-16,z,10000.000150009999,10000.000100010002,1.0000000049999997,1.11005650921224e-13,2.0014830212433607e-17,5546.170002095002,5546.169974364154,0.0,FINITE
holdout,HOLDOUT_SPD_D02_C05_E3eM16,decimal-source,SPD,2,5,3e-16,zg,10000.000149979998,10000.00009998,1.0000000049999997,1.1106888387523059e-13,1.7421155740302156e-17,6375.51753344834,6375.517501570755,0.0,FINITE
holdout,HOLDOUT_SPD_D02_C05_E3eM16,binary64-operand,SPD,2,5,3e-16,z,10000.000150009999,10000.000100010002,1.0000000049999997,7.753090840354313e-14,1.540056027999826e-17,5034.291414984279,5034.291389812824,0.0,FINITE
holdout,HOLDOUT_SPD_D02_C05_E3eM16,binary64-operand,SPD,2,5,3e-16,zg,10000.000149979998,10000.00009998,1.0000000049999997,7.831665136370289e-14,8.387064039584319e-18,9337.791030815168,9337.790984126215,0.0,FINITE
holdout,HOLDOUT_SPD_D02_C05_E3eM17,decimal-source,SPD,2,5,3e-17,z,10000.000150009999,10000.000100010002,1.0000000049999997,6.659867250806581e-13,1.6148402845793505e-16,4124.16467089896,4124.164650278138,0.0,FINITE
holdout,HOLDOUT_SPD_D02_C05_E3eM17,decimal-source,SPD,2,5,3e-17,zg,10000.000150006998,10000.000100007,1.0000000049999997,8.459829501768691e-13,1.9158060933903067e-16,4415.806761945178,4415.806739866145,0.0,FINITE
holdout,HOLDOUT_SPD_D02_C05_E3eM17,binary64-operand,SPD,2,5,3e-17,z,10000.000150009999,10000.000100010002,1.0000000049999997,4.549603167027631e-13,6.37746101339432e-17,7133.8784470376,7133.87841136821,0.0,FINITE
holdout,HOLDOUT_SPD_D02_C05_E3eM17,binary64-operand,SPD,2,5,3e-17,zg,10000.000150006998,10000.000100007,1.0000000049999997,4.249565390118675e-13,6.05788605651052e-17,7014.931199558615,7014.931164483961,0.0,FINITE
holdout,HOLDOUT_SPD_D02_C05_E3eM9,decimal-source,SPD,2,5,3e-9,z,10000.00005,10000.0,1.000000005,1.1102230523807321e-13,2.482534153247273e-17,4472.136066802978,4472.136044442298,0.0,FINITE
holdout,HOLDOUT_SPD_D02_C05_E3eM9,decimal-source,SPD,2,5,3e-9,zg,9999.700059001229,9999.70000899973,1.0000000050003,1.5168705161384204e-13,6.264389734626395e-17,2421.4178561623066,2421.417844054491,0.0,FINITE
holdout,HOLDOUT_SPD_D02_C05_E3eM9,binary64-operand,SPD,2,5,3e-9,z,10000.00005,10000.0,1.000000005,8.651933379693992e-18,8.651933336434327e-18,1.0000000049999997,0.9999999999999998,0.0,FINITE
holdout,HOLDOUT_SPD_D02_C05_E3eM9,binary64-operand,SPD,2,5,3e-9,zg,9999.700059001229,9999.70000899973,1.0000000050003,9.301951301812805e-14,1.2115197454099972e-17,7677.919684804542,7677.919646412641,0.0,FINITE
holdout,HOLDOUT_SPD_D02_C07_E3eM13,decimal-source,SPD,2,7,3e-13,z,1000000.0000005,1000000.0,1.0000000000005,4.4408920985028463e-17,4.4408920985006264e-17,1.0000000000004998,0.9999999999999998,0.0,FINITE
holdout,HOLDOUT_SPD_D02_C07_E3eM13,decimal-source,SPD,2,7,3e-13,zg,999999.7000005901,999999.7000000901,1.0000000000005,8.869370435547622e-12,9.134697796914594e-18,970953.8982825913,970953.8982821057,0.0,FINITE
holdout,HOLDOUT_SPD_D02_C07_E3eM13,binary64-operand,SPD,2,7,3e-13,z,1000000.0000005,1000000.0,1.0000000000005,4.4408920985028463e-17,4.4408920985006264e-17,1.0000000000004998,0.9999999999999998,0.0,FINITE
holdout,HOLDOUT_SPD_D02_C07_E3eM13,binary64-operand,SPD,2,7,3e-13,zg,999999.7000005901,999999.7000000901,1.0000000000005,2.5751200602676033e-17,2.57511612934003e-17,1.0000015265049713,1.0000015265044713,0.0,FINITE
holdout,HOLDOUT_SPD_D02_C07_E3eM15,decimal-source,SPD,2,7,3e-15,z,1000000.0001005001,1000000.0001000003,1.0000000000004998,4.441513825119736e-11,6.233089088255905e-16,71257.02460258796,71257.02460255234,0.0,FINITE
holdout,HOLDOUT_SPD_D02_C07_E3eM15,decimal-source,SPD,2,7,3e-15,zg,999999.9971005003,999999.9971,1.0000000000005003,1.59845754511889e-10,3.908101511877302e-16,409011.2655111285,409011.2655109239,0.0,FINITE
holdout,HOLDOUT_SPD_D02_C07_E3eM15,binary64-operand,SPD,2,7,3e-15,z,1000000.0001005001,1000000.0001000003,1.0000000000004998,5.351735429802576e-11,3.652377637305908e-16,146527.4394175231,146527.43941744987,0.0,FINITE
holdout,HOLDOUT_SPD_D02_C07_E3eM15,binary64-operand,SPD,2,7,3e-15,zg,999999.9971005003,999999.9971,1.0000000000005003,9.291084249300312e-11,1.552012444596116e-16,598647.5354402299,598647.5354399304,0.0,FINITE
holdout,HOLDOUT_SPD_D02_C07_E3eM16,decimal-source,SPD,2,7,3e-16,z,1000000.0004005004,1000000.0004000004,1.0000000000005,1.484000747252343e-14,7.41073868937292e-16,20.02500438155263,20.025004381542615,0.0,FINITE
holdout,HOLDOUT_SPD_D02_C07_E3eM16,decimal-source,SPD,2,7,3e-16,zg,1000000.0001005005,1000000.0001000004,1.0000000000005,2.8374124004089388e-11,2.045689899069319e-15,13870.198028057974,13870.198028051038,0.0,FINITE
holdout,HOLDOUT_SPD_D02_C07_E3eM16,binary64-operand,SPD,2,7,3e-16,z,1000000.0004005004,1000000.0004000004,1.0000000000005,1.985192807082837e-12,6.328465406082561e-16,3136.926062951664,3136.9260629500955,0.0,FINITE
holdout,HOLDOUT_SPD_D02_C07_E3eM16,binary64-operand,SPD,2,7,3e-16,zg,1000000.0001005005,1000000.0001000004,1.0000000000005,8.603559483496003e-12,1.1589074923804105e-15,7423.853534525162,7423.85353452145,0.0,FINITE
holdout,HOLDOUT_SPD_D02_C07_E3eM17,decimal-source,SPD,2,7,3e-17,z,1000000.0000005,1000000.0,1.0000000000005,4.440892098505067e-11,6.2803698347351e-17,707106.7811872546,707106.781186901,0.0,FINITE
holdout,HOLDOUT_SPD_D02_C07_E3eM17,decimal-source,SPD,2,7,3e-17,zg,999999.9999705,999999.99997,1.0000000000005,6.84089209829924e-11,7.247779244918117e-17,943860.438781414,943860.438780942,0.0,FINITE
holdout,HOLDOUT_SPD_D02_C07_E3eM17,binary64-operand,SPD,2,7,3e-17,z,1000000.0000005,1000000.0,1.0000000000005,4.4408920985028463e-17,4.4408920985006264e-17,1.0000000000004998,0.9999999999999998,0.0,FINITE
holdout,HOLDOUT_SPD_D02_C07_E3eM17,binary64-operand,SPD,2,7,3e-17,zg,999999.9999705,999999.99997,1.0000000000005,2.3125307085510497e-17,2.3125307085498935e-17,1.0000000000005,1.0,0.0,FINITE
holdout,HOLDOUT_SPD_D02_C07_E3eM9,decimal-source,SPD,2,7,3e-9,z,1000000.0004005004,1000000.0004000004,1.0000000000005,2.2187585115020907e-11,8.440616121040728e-16,26286.689024645722,26286.68902463258,0.0,FINITE
holdout,HOLDOUT_SPD_D02_C07_E3eM9,decimal-source,SPD,2,7,3e-9,zg,997008.9734788703,997008.9734783686,1.0000000000005032,1.0087168171363745e-11,1.8928919569971515e-16,53289.71964868951,53289.7196486627,0.0,FINITE
holdout,HOLDOUT_SPD_D02_C07_E3eM9,binary64-operand,SPD,2,7,3e-9,z,1000000.0004005004,1000000.0004000004,1.0000000000005,1.6016988966965825e-11,2.4959872971230877e-16,64170.95545889695,64170.95545886486,0.0,FINITE
holdout,HOLDOUT_SPD_D02_C07_E3eM9,binary64-operand,SPD,2,7,3e-9,zg,997008.9734788703,997008.9734783686,1.0000000000005032,4.366206566023086e-11,7.292573978226487e-16,59871.95438893474,59871.95438890462,0.0,FINITE
holdout,HOLDOUT_SPD_D02_C09_E3eM13,decimal-source,SPD,2,9,3e-13,z,100000000.00010002,100000000.0001,1.0000000000000002,2.221197392705781e-09,7.513467129512048e-15,295628.81615348643,295628.8161534864,0.0,FINITE
holdout,HOLDOUT_SPD_D02_C09_E3eM13,decimal-source,SPD,2,9,3e-13,zg,99997000.09009731,99997000.09009731,1.0,4.441808421963274e-09,6.683633807442948e-15,664579.8602875043,664579.8602875043,0.0,FINITE
holdout,HOLDOUT_SPD_D02_C09_E3eM13,binary64-operand,SPD,2,9,3e-13,z,100000000.00010002,100000000.0001,1.0000000000000002,5.264309368888504e-09,3.0314851443558706e-15,1736544.6697602286,1736544.6697602281,0.0,FINITE
holdout,HOLDOUT_SPD_D02_C09_E3eM13,binary64-operand,SPD,2,9,3e-13,zg,99997000.09009731,99997000.09009731,1.0,2.9952270086438104e-09,3.794556508550308e-15,789348.3736227512,789348.3736227512,0.0,FINITE
holdout,HOLDOUT_SPD_D02_C09_E3eM15,decimal-source,SPD,2,9,3e-15,z,100000000.00010002,100000000.0001,1.0000000000000002,8.881476665234211e-09,3.0766000789893145e-15,2886782.9543031934,2886782.954303193,0.0,FINITE
holdout,HOLDOUT_SPD_D02_C09_E3eM15,decimal-source,SPD,2,9,3e-15,zg,99999970.000109,99999970.000109,1.0,2.2343111371232454e-09,7.517029289395975e-15,297233.26211793727,297233.26211793727,0.0,FINITE
holdout,HOLDOUT_SPD_D02_C09_E3eM15,binary64-operand,SPD,2,9,3e-15,z,100000000.00010002,100000000.0001,1.0000000000000002,5.263250493674042e-09,8.97929789765248e-16,5861539.01303358,5861539.013033579,0.0,FINITE
holdout,HOLDOUT_SPD_D02_C09_E3eM15,binary64-operand,SPD,2,9,3e-15,zg,99999970.000109,99999970.000109,1.0,6.649299585949145e-10,3.1714876265364153e-15,209658.69550658952,209658.69550658952,0.0,FINITE
holdout,HOLDOUT_SPD_D02_C09_E3eM16,decimal-source,SPD,2,9,3e-16,z,100000000.00010002,100000000.0001,1.0000000000000002,2.221061112823954e-09,6.150675636546374e-15,361108.47719342384,361108.4771934238,0.0,FINITE
holdout,HOLDOUT_SPD_D02_C09_E3eM16,decimal-source,SPD,2,9,3e-16,zg,99999997.00010009,99999997.00010008,1.0000000000000002,7.498267879042259e-09,3.4665552778227195e-16,21630313.89406196,21630313.894061957,0.0,FINITE
holdout,HOLDOUT_SPD_D02_C09_E3eM16,binary64-operand,SPD,2,9,3e-16,z,100000000.00010002,100000000.0001,1.0000000000000002,5.757292589185878e-10,8.683516403742569e-17,6630139.590344416,6630139.590344414,0.0,FINITE
holdout,HOLDOUT_SPD_D02_C09_E3eM16,binary64-operand,SPD,2,9,3e-16,zg,99999997.00010009,99999997.00010008,1.0000000000000002,1.163049271766476e-09,1.2885829122840846e-15,902580.0828794995,902580.0828794993,0.0,FINITE
holdout,HOLDOUT_SPD_D02_C09_E3eM17,decimal-source,SPD,2,9,3e-17,z,100000000.0004,100000000.0004,1.0,1.1072875950226103e-09,1.467715258457205e-14,75442.94362562806,75442.94362562806,0.0,FINITE
holdout,HOLDOUT_SPD_D02_C09_E3eM17,decimal-source,SPD,2,9,3e-17,zg,99999999.70040001,99999999.70040002,0.9999999999999999,1.7491209174111923e-09,1.2867705917203144e-14,135931.06095724108,135931.0609572411,0.0,FINITE
holdout,HOLDOUT_SPD_D02_C09_E3eM17,binary64-operand,SPD,2,9,3e-17,z,100000000.0004,100000000.0004,1.0,3.780227945765986e-10,4.013749682409597e-15,94181.95564942606,94181.95564942606,0.0,FINITE
holdout,HOLDOUT_SPD_D02_C09_E3eM17,binary64-operand,SPD,2,9,3e-17,zg,99999999.70040001,99999999.70040002,0.9999999999999999,1.1638105296477828e-09,3.9605035975949695e-15,293854.1781288902,293854.1781288903,0.0,FINITE
holdout,HOLDOUT_SPD_D02_C09_E3eM9,decimal-source,SPD,2,9,3e-9,z,100000000.0004,100000000.0004,1.0,1.1114531517724296e-09,6.1506455764786045e-15,180705.12077998222,180705.12077998222,0.0,FINITE
holdout,HOLDOUT_SPD_D02_C09_E3eM9,decimal-source,SPD,2,9,3e-9,zg,76923076.92331362,76923076.9233136,1.0000000000000002,3.0685326459369463e-09,3.779387637113084e-15,811912.6537337328,811912.6537337325,0.0,FINITE
holdout,HOLDOUT_SPD_D02_C09_E3eM9,binary64-operand,SPD,2,9,3e-9,z,100000000.0004,100000000.0004,1.0,1.1514585178585186e-09,4.250843048837799e-15,270877.6834687728,270877.6834687728,0.0,FINITE
holdout,HOLDOUT_SPD_D02_C09_E3eM9,binary64-operand,SPD,2,9,3e-9,zg,76923076.92331362,76923076.9233136,1.0000000000000002,2.4952322358963416e-09,4.037983105997542e-15,617940.2365973793,617940.2365973792,0.0,FINITE
holdout,HOLDOUT_SPD_D04_C01_E3eM13,decimal-source,SPD,4,1,3e-13,z,2.001818324764599,1.04478414217863,1.9160113979049482,1.992422556268472e-16,9.777686967753794e-17,2.0377238122261003,1.0635238467027064,0.0,FINITE
holdout,HOLDOUT_SPD_D04_C01_E3eM13,decimal-source,SPD,4,1,3e-13,zg,2.0018183247639967,1.0447841421783024,1.9160113979049724,2.4740772200355857e-16,1.2117308325758781e-16,2.0417712857699857,1.065636294232134,0.0,FINITE
holdout,HOLDOUT_SPD_D04_C01_E3eM13,binary64-operand,SPD,4,1,3e-13,z,2.001818324764599,1.04478414217863,1.9160113979049482,8.685028840197301e-17,4.310318576802038e-17,2.0149389622706266,1.051632033334379,0.0,FINITE
holdout,HOLDOUT_SPD_D04_C01_E3eM13,binary64-operand,SPD,4,1,3e-13,zg,2.0018183247639967,1.0447841421783024,1.9160113979049724,1.4310970409035744e-16,7.399189349987236e-17,1.9341267985067083,1.0094547457397924,0.0,FINITE
holdout,HOLDOUT_SPD_D04_C01_E3eM15,decimal-source,SPD,4,1,3e-15,z,2.001677020162877,1.0360985280823478,1.931936940271173,1.361284712174343e-16,7.021666937153402e-17,1.9386916587732808,1.0034963452281003,0.0,FINITE
holdout,HOLDOUT_SPD_D04_C01_E3eM15,decimal-source,SPD,4,1,3e-15,zg,2.001677020162871,1.036098528082345,1.9319369402711724,4.801598098756575e-16,2.36957631991434e-16,2.0263530059796313,1.0488711943647635,0.0,FINITE
holdout,HOLDOUT_SPD_D04_C01_E3eM15,binary64-operand,SPD,4,1,3e-15,z,2.001677020162877,1.0360985280823478,1.931936940271173,8.863222859108671e-17,4.408616819803455e-17,2.010431666298413,1.0406300663292987,0.0,FINITE
holdout,HOLDOUT_SPD_D04_C01_E3eM15,binary64-operand,SPD,4,1,3e-15,zg,2.001677020162871,1.036098528082345,1.9319369402711724,2.9936634051642083e-16,1.4787146410332193e-16,2.024503796805888,1.047914015517361,0.0,FINITE
holdout,HOLDOUT_SPD_D04_C01_E3eM16,decimal-source,SPD,4,1,3e-16,z,2.00159968025577,1.0286870995331794,1.9457808707468973,2.083097256043027e-16,1.0235750533041807e-16,2.035119212136546,1.0459138758802555,0.0,FINITE
holdout,HOLDOUT_SPD_D04_C01_E3eM16,decimal-source,SPD,4,1,3e-16,zg,2.001599680255769,1.0286870995331792,1.9457808707468969,2.3857943083723e-16,1.2225394563755878e-16,1.951507001209896,1.0029428444636734,0.0,FINITE
holdout,HOLDOUT_SPD_D04_C01_E3eM16,binary64-operand,SPD,4,1,3e-16,z,2.00159968025577,1.0286870995331794,1.9457808707468973,1.2195409146675905e-16,6.037733478915351e-17,2.0198654328257546,1.0380744631590604,0.0,FINITE
holdout,HOLDOUT_SPD_D04_C01_E3eM16,binary64-operand,SPD,4,1,3e-16,zg,2.001599680255769,1.0286870995331792,1.9457808707468969,2.181873191886402e-16,1.0612188710922655e-16,2.056006777980396,1.0566486745196486,0.0,FINITE
holdout,HOLDOUT_SPD_D04_C01_E3eM17,decimal-source,SPD,4,1,3e-17,z,2.0017122965993948,1.0420117064978789,1.9210074935981245,3.68203990268667e-16,1.8038988979531735e-16,2.0411564677291856,1.0625447711846336,0.0,FINITE
holdout,HOLDOUT_SPD_D04_C01_E3eM17,decimal-source,SPD,4,1,3e-17,zg,2.0017122965993948,1.0420117064978789,1.9210074935981245,4.266262963229777e-16,2.086073431876208e-16,2.045116388540893,1.064606148261456,0.0,FINITE
holdout,HOLDOUT_SPD_D04_C01_E3eM17,binary64-operand,SPD,4,1,3e-17,z,2.0017122965993948,1.0420117064978789,1.9210074935981245,1.4904317186801626e-16,7.58740765394509e-17,1.9643490723807482,1.0225618999025574,0.0,FINITE
holdout,HOLDOUT_SPD_D04_C01_E3eM17,binary64-operand,SPD,4,1,3e-17,zg,2.0017122965993948,1.0420117064978789,1.9210074935981245,1.4904317186801626e-16,7.58740765394509e-17,1.9643490723807482,1.0225618999025574,0.0,FINITE
holdout,HOLDOUT_SPD_D04_C01_E3eM9,decimal-source,SPD,4,1,3e-9,z,2.000809068781077,1.0318911306783973,1.938973026607645,1.74112476121609e-16,8.688869536365455e-17,2.0038564901095297,1.0334627984048868,0.0,FINITE
holdout,HOLDOUT_SPD_D04_C01_E3eM9,decimal-source,SPD,4,1,3e-9,zg,2.000809062772539,1.0318911274839997,1.9389730267872307,1.0864427224277146e-16,5.447217369241161e-17,1.9944912214492083,1.0286327833832574,0.0,FINITE
holdout,HOLDOUT_SPD_D04_C01_E3eM9,binary64-operand,SPD,4,1,3e-9,z,2.000809068781077,1.0318911306783973,1.938973026607645,2.2192820955689145e-16,1.112154090762472e-16,1.995480764762926,1.0291431275112397,0.0,FINITE
holdout,HOLDOUT_SPD_D04_C01_E3eM9,binary64-operand,SPD,4,1,3e-9,zg,2.000809062772539,1.0318911274839997,1.9389730267872307,1.2064818484160642e-16,5.998981815047399e-17,2.011144366848746,1.0372214254991978,0.0,FINITE
holdout,HOLDOUT_SPD_D04_C03_E3eM13,decimal-source,SPD,4,3,3e-13,z,141.44292528857784,101.0052667838181,1.4003519795785362,4.426614495249775e-15,9.485749680535095e-17,46.66594253834524,33.32443786910651,0.0,FINITE
holdout,HOLDOUT_SPD_D04_C03_E3eM13,decimal-source,SPD,4,3,3e-13,zg,141.4429252843339,101.00526678075754,1.4003519795789514,1.1268282106298894e-14,1.0180671376762087e-16,110.68309435878007,79.03948148240525,0.0,FINITE
holdout,HOLDOUT_SPD_D04_C03_E3eM13,binary64-operand,SPD,4,3,3e-13,z,141.44292528857784,101.0052667838181,1.4003519795785362,4.60798930090059e-15,1.4796318348362828e-16,31.142809936976324,22.239272976462228,1.1407813508126353e-16,FINITE
holdout,HOLDOUT_SPD_D04_C03_E3eM13,binary64-operand,SPD,4,3,3e-13,zg,141.4429252843339,101.00526678075754,1.4003519795789514,5.9727496168110116e-15,5.0831950566949296e-17,117.49991000137749,83.90741164711073,0.0,FINITE
holdout,HOLDOUT_SPD_D04_C03_E3eM15,decimal-source,SPD,4,3,3e-15,z,141.48512999594556,102.020200974905,1.386834456743995,3.894088627861016e-15,9.371360918460988e-17,41.55307496683761,29.962534291508575,0.0,FINITE
holdout,HOLDOUT_SPD_D04_C03_E3eM15,decimal-source,SPD,4,3,3e-15,zg,141.48512999590307,102.0202009748738,1.3868344567440025,1.0333831576605301e-14,1.3474579982872423e-16,76.69130755645567,55.29954003054613,0.0,FINITE
holdout,HOLDOUT_SPD_D04_C03_E3eM15,binary64-operand,SPD,4,3,3e-15,z,141.48512999594556,102.020200974905,1.386834456743995,2.8213485398966634e-15,6.845118525212216e-17,41.21694210998625,29.720160116842813,0.0,FINITE
holdout,HOLDOUT_SPD_D04_C03_E3eM15,binary64-operand,SPD,4,3,3e-15,zg,141.48512999590307,102.0202009748738,1.3868344567440025,1.2230894106817853e-15,5.171279739403349e-17,23.651580891326965,17.05436490729826,0.0,FINITE
holdout,HOLDOUT_SPD_D04_C03_E3eM16,decimal-source,SPD,4,3,3e-16,z,141.44299403452163,101.0052176340643,1.400353341616083,4.3440643631000836e-15,1.159106867033638e-16,37.477686369138006,26.763021342803913,0.0,FINITE
holdout,HOLDOUT_SPD_D04_C03_E3eM16,decimal-source,SPD,4,3,3e-16,zg,141.4429940345174,101.00521763406128,1.4003533416160827,1.4665554811168252e-14,1.1193492334817415e-16,131.0185809083995,93.56108705906829,0.0,FINITE
holdout,HOLDOUT_SPD_D04_C03_E3eM16,binary64-operand,SPD,4,3,3e-16,z,141.44299403452163,101.0052176340643,1.400353341616083,8.999396222251937e-15,1.303468306050738e-16,69.04192591777242,49.30321788506201,0.0,FINITE
holdout,HOLDOUT_SPD_D04_C03_E3eM16,binary64-operand,SPD,4,3,3e-16,zg,141.4429940345174,101.00521763406128,1.4003533416160827,7.319166844613625e-15,5.2906769881073834e-17,138.3408373080793,98.78995050522504,0.0,FINITE
holdout,HOLDOUT_SPD_D04_C03_E3eM17,decimal-source,SPD,4,3,3e-17,z,141.4432626944316,101.00511402454397,1.4003574379418182,1.9295409097040427e-15,4.783309287441108e-17,40.33903713419031,28.80624334989701,0.0,FINITE
holdout,HOLDOUT_SPD_D04_C03_E3eM17,decimal-source,SPD,4,3,3e-17,zg,141.44326269443118,101.00511402454367,1.4003574379418182,9.745084324697285e-16,5.900865291463574e-17,16.514670041349547,11.793181936193418,0.0,FINITE
holdout,HOLDOUT_SPD_D04_C03_E3eM17,binary64-operand,SPD,4,3,3e-17,z,141.4432626944316,101.00511402454397,1.4003574379418182,4.95653392677281e-15,7.689837084112882e-17,64.45564285117241,46.02799335711487,0.0,FINITE
holdout,HOLDOUT_SPD_D04_C03_E3eM17,binary64-operand,SPD,4,3,3e-17,zg,141.44326269443118,101.00511402454367,1.4003574379418182,5.43613385284466e-15,3.95175937471827e-17,137.56237000721268,98.23375538276542,0.0,FINITE
holdout,HOLDOUT_SPD_D04_C03_E3eM9,decimal-source,SPD,4,3,3e-9,z,141.4290698907045,100.00064997294346,1.4142815064599088,1.1105498403808933e-14,1.0175362097255203e-16,109.14106345959556,77.17067851137134,0.0,FINITE
holdout,HOLDOUT_SPD_D04_C03_E3eM9,decimal-source,SPD,4,3,3e-9,zg,141.42902746600836,100.00061997256245,1.4142815065027876,6.149534286588695e-15,2.624202639724979e-16,23.433915481592447,16.56948448653582,1.5160563677850548e-16,FINITE
holdout,HOLDOUT_SPD_D04_C03_E3eM9,binary64-operand,SPD,4,3,3e-9,z,141.4290698907045,100.00064997294346,1.4142815064599088,2.060252684391047e-14,2.308821400814842e-16,89.233956496762,63.09490443675794,0.0,FINITE
holdout,HOLDOUT_SPD_D04_C03_E3eM9,binary64-operand,SPD,4,3,3e-9,zg,141.42902746600836,100.00061997256245,1.4142815065027876,5.756988312293757e-15,1.3821467029365296e-16,41.652512718529614,29.451359242847822,0.0,FINITE
holdout,HOLDOUT_SPD_D04_C05_E3eM13,decimal-source,SPD,4,5,3e-13,z,10001.050600038705,10000.05060913955,1.0000999985838313,5.572067339874927e-14,1.4915878357495863e-16,373.56615589954356,373.5288035481686,0.0,FINITE
holdout,HOLDOUT_SPD_D04_C05_E3eM13,decimal-source,SPD,4,5,3e-13,zg,10001.05057004134,10000.050579139242,1.0000999985844254,9.4967349053508e-14,1.2734598501260567e-16,745.7427813221391,745.6682155561324,0.0,FINITE
holdout,HOLDOUT_SPD_D04_C05_E3eM13,binary64-operand,SPD,4,5,3e-13,z,10001.050600038705,10000.05060913955,1.0000999985838313,1.1490922890534622e-14,2.2401382575412793e-17,512.9559683136155,512.9046785721179,0.0,FINITE
holdout,HOLDOUT_SPD_D04_C05_E3eM13,binary64-operand,SPD,4,5,3e-13,zg,10001.05057004134,10000.050579139242,1.0000999985844254,1.559188523309331e-13,1.2227769598306925e-16,1275.1209538043786,1274.9934562636006,0.0,FINITE
holdout,HOLDOUT_SPD_D04_C05_E3eM15,decimal-source,SPD,4,5,3e-15,z,10001.010411307623,10000.010205112358,1.0001000205174544,2.234536721527358e-13,6.938893903907228e-17,3220.3067988532157,3219.9847343138945,0.0,FINITE
holdout,HOLDOUT_SPD_D04_C05_E3eM15,decimal-source,SPD,4,5,3e-15,zg,10001.010411007654,10000.010204812359,1.0001000205174604,6.683595363568994e-13,1.0149653854452627e-16,6585.04758823565,6584.389014239286,0.0,FINITE
holdout,HOLDOUT_SPD_D04_C05_E3eM15,binary64-operand,SPD,4,5,3e-15,z,10001.010411307623,10000.010205112358,1.0001000205174544,4.637493980806973e-13,7.141529476236495e-17,6493.698578488371,6493.049140353496,0.0,FINITE
holdout,HOLDOUT_SPD_D04_C05_E3eM15,binary64-operand,SPD,4,5,3e-15,zg,10001.010411007654,10000.010204812359,1.0001000205174604,7.138295411591802e-15,3.550143861112124e-17,201.07059575201689,201.05048657831367,0.0,FINITE
holdout,HOLDOUT_SPD_D04_C05_E3eM16,decimal-source,SPD,4,5,3e-16,z,10001.050599028009,10000.050601057943,1.0000999992909996,6.634862827645466e-13,1.6136471996107273e-16,4111.718366471956,4111.307238663008,0.0,FINITE
holdout,HOLDOUT_SPD_D04_C05_E3eM16,decimal-source,SPD,4,5,3e-16,zg,10001.05059899801,10000.050601027939,1.0000999992910005,7.647222277332186e-13,1.0075772896104304e-16,7589.71282519568,7588.953935182727,0.0,FINITE
holdout,HOLDOUT_SPD_D04_C05_E3eM16,binary64-operand,SPD,4,5,3e-16,z,10001.050599028009,10000.050601057943,1.0000999992909996,2.1474866080158248e-13,7.953928370711986e-17,2699.9068987386354,2699.6369369589834,0.0,FINITE
holdout,HOLDOUT_SPD_D04_C05_E3eM16,binary64-operand,SPD,4,5,3e-16,zg,10001.05059899801,10000.050601027939,1.0000999992910005,9.39740592698908e-13,1.562684005356325e-16,6013.631607399906,6013.030308632278,0.0,FINITE
holdout,HOLDOUT_SPD_D04_C05_E3eM17,decimal-source,SPD,4,5,3e-17,z,10001.0413095751,10000.040512459418,1.0001000793061223,8.221565102155849e-14,9.259719278904719e-17,887.8849190262205,887.7960690116556,0.0,FINITE
holdout,HOLDOUT_SPD_D04_C05_E3eM17,decimal-source,SPD,4,5,3e-17,zg,10001.0413095721,10000.040512456415,1.0001000793061225,9.250642172990694e-14,4.308977455987498e-17,2146.8300234749554,2146.6151917160564,0.0,FINITE
holdout,HOLDOUT_SPD_D04_C05_E3eM17,binary64-operand,SPD,4,5,3e-17,z,10001.0413095751,10000.040512459418,1.0001000793061223,5.766202624535682e-14,4.582836671292547e-17,1258.2169163164565,1258.091007441393,0.0,FINITE
holdout,HOLDOUT_SPD_D04_C05_E3eM17,binary64-operand,SPD,4,5,3e-17,zg,10001.0413095721,10000.040512456415,1.0001000793061225,9.829955209781341e-14,2.7397564400002614e-17,3587.893823795667,3587.534785803613,0.0,FINITE
holdout,HOLDOUT_SPD_D04_C05_E3eM9,decimal-source,SPD,4,5,3e-9,z,10001.051521225647,10000.05132657806,1.0001000189513958,6.702321212885798e-13,1.9515939787825228e-16,3434.2805346565765,3433.937075871089,0.0,FINITE
holdout,HOLDOUT_SPD_D04_C05_E3eM9,decimal-source,SPD,4,5,3e-9,zg,10000.75155654868,9999.751332498327,1.0001000248923293,6.391759609746046e-13,1.2585403538199056e-16,5078.70851367289,5078.2005672079285,0.0,FINITE
holdout,HOLDOUT_SPD_D04_C05_E3eM9,binary64-operand,SPD,4,5,3e-9,z,10001.051521225647,10000.05132657806,1.0001000189513958,9.720267671111236e-13,1.399294513903754e-16,6946.548831949336,6945.854114904216,0.0,FINITE
holdout,HOLDOUT_SPD_D04_C05_E3eM9,binary64-operand,SPD,4,5,3e-9,zg,10000.75155654868,9999.751332498327,1.0001000248923293,1.1244625123875316e-12,1.6313507269786591e-16,6892.831160041782,6892.141774302889,0.0,FINITE
holdout,HOLDOUT_SPD_D04_C07_E3eM13,decimal-source,SPD,4,7,3e-13,z,1000051.0142068899,1000001.0102029917,1.0000500039533842,2.220492682799004e-11,1.643889428558636e-15,13507.55497433872,13506.879576961988,0.0,FINITE
holdout,HOLDOUT_SPD_D04_C07_E3eM13,decimal-source,SPD,4,7,3e-13,zg,1000050.7142210742,1000000.7102024755,1.0000500039830857,1.1523828057644932e-10,1.7005097916720088e-15,67766.90210242334,67763.51365683261,0.0,FINITE
holdout,HOLDOUT_SPD_D04_C07_E3eM13,binary64-operand,SPD,4,7,3e-13,z,1000051.0142068899,1000001.0102029917,1.0000500039533842,3.7413287735430227e-13,7.58221421732162e-17,4934.348550844069,4934.101826246357,0.0,FINITE
holdout,HOLDOUT_SPD_D04_C07_E3eM13,binary64-operand,SPD,4,7,3e-13,zg,1000050.7142210742,1000000.7102024755,1.0000500039830857,1.5364119618423757e-10,2.3070850933183923e-16,665953.7466962173,665920.448021398,0.0,FINITE
holdout,HOLDOUT_SPD_D04_C07_E3eM15,decimal-source,SPD,4,7,3e-15,z,1000051.0237045032,1000001.0201021614,1.000050003551333,2.2188548029320924e-11,1.5222611172485233e-16,145760.45973917126,145753.17156297504,0.0,FINITE
holdout,HOLDOUT_SPD_D04_C07_E3eM15,decimal-source,SPD,4,7,3e-15,zg,1000051.0207046444,1000001.0171021555,1.0000500035516302,1.562715287266505e-10,2.013455875397659e-16,776135.8499887005,776097.0423801717,0.0,FINITE
holdout,HOLDOUT_SPD_D04_C07_E3eM15,binary64-operand,SPD,4,7,3e-15,z,1000051.0237045032,1000001.0201021614,1.000050003551333,3.187271938953574e-11,9.710990817419499e-17,328212.8465445844,328196.43555727164,0.0,FINITE
holdout,HOLDOUT_SPD_D04_C07_E3eM15,binary64-operand,SPD,4,7,3e-15,zg,1000051.0207046444,1000001.0171021555,1.0000500035516302,1.0076988186640868e-10,1.2531591352375817e-16,804126.7787375152,804086.5715531193,0.0,FINITE
holdout,HOLDOUT_SPD_D04_C07_E3eM16,decimal-source,SPD,4,7,3e-16,z,1000051.055013908,1000001.051013245,1.0000500039481082,6.653006709513072e-11,3.176528319507573e-16,209442.70097187185,209432.22853358407,0.0,FINITE
holdout,HOLDOUT_SPD_D04_C07_E3eM16,decimal-source,SPD,4,7,3e-16,zg,1000051.054713922,1000001.0507132441,1.000050003948138,8.353451509001666e-11,2.0692821521018268e-15,40368.837572569966,40366.819072242586,0.0,FINITE
holdout,HOLDOUT_SPD_D04_C07_E3eM16,binary64-operand,SPD,4,7,3e-16,z,1000051.055013908,1000001.051013245,1.0000500039481082,7.359783382386228e-11,8.2125851226338475e-16,89615.91596904972,89611.4350435019,0.0,FINITE
holdout,HOLDOUT_SPD_D04_C07_E3eM16,binary64-operand,SPD,4,7,3e-16,zg,1000051.054713922,1000001.0507132441,1.000050003948138,1.4108101790640543e-11,9.503954727065686e-16,14844.453909763492,14843.711665575192,0.0,FINITE
holdout,HOLDOUT_SPD_D04_C07_E3eM17,decimal-source,SPD,4,7,3e-17,z,1000051.0537960962,1000001.0500941384,1.0000500036494493,6.671749738386606e-11,7.688645139749888e-16,86774.06249241513,86769.72368956894,0.0,FINITE
holdout,HOLDOUT_SPD_D04_C07_E3eM17,decimal-source,SPD,4,7,3e-17,zg,1000051.0537660978,1000001.0500641381,1.0000500036494526,7.33670483007934e-11,1.214051530538616e-15,60431.57679496848,60428.555146679995,0.0,FINITE
holdout,HOLDOUT_SPD_D04_C07_E3eM17,binary64-operand,SPD,4,7,3e-17,z,1000051.0537960962,1000001.0500941384,1.0000500036494493,9.182606731897794e-11,3.1525831164902343e-16,291272.47062468494,291257.90666642063,0.0,FINITE
holdout,HOLDOUT_SPD_D04_C07_E3eM17,binary64-operand,SPD,4,7,3e-17,zg,1000051.0537660978,1000001.0500641381,1.0000500036494526,7.747519990440238e-11,2.5416441399320573e-16,304823.16028109833,304807.91877277766,0.0,FINITE
holdout,HOLDOUT_SPD_D04_C07_E3eM9,decimal-source,SPD,4,7,3e-9,z,1000051.0244093584,1000001.0207091126,1.0000500036492066,2.233232310290188e-11,1.5330351932347114e-15,14567.391017149825,14566.66263086152,0.0,FINITE
holdout,HOLDOUT_SPD_D04_C07_E3eM9,decimal-source,SPD,4,7,3e-9,zg,997060.1383883137,997009.9876930615,1.0000503010961488,4.288024280920453e-11,6.866988520911672e-16,62444.0286722828,62440.887827180595,0.0,FINITE
holdout,HOLDOUT_SPD_D04_C07_E3eM9,binary64-operand,SPD,4,7,3e-9,z,1000051.0244093584,1000001.0207091126,1.0000500036492066,1.2196277078267696e-11,8.383835651938674e-16,14547.37137583015,14546.643990546912,0.0,FINITE
holdout,HOLDOUT_SPD_D04_C07_E3eM9,binary64-operand,SPD,4,7,3e-9,zg,997060.1383883137,997009.9876930615,1.0000503010961488,7.279864224330743e-12,3.442979148468764e-16,21144.08455702789,21143.021039893687,0.0,FINITE
holdout,HOLDOUT_SPD_D04_C09_E3eM13,decimal-source,SPD,4,9,3e-13,z,100005403.85535419,100000404.04049589,1.0000499979465711,1.6640975728920292e-09,2.673822972352024e-15,622366.3982616653,622335.2827754477,0.0,FINITE
holdout,HOLDOUT_SPD_D04_C09_E3eM13,decimal-source,SPD,4,9,3e-13,zg,100002404.06809777,99997404.10625178,1.0000500009164306,1.9932648092837546e-09,2.2271351577798944e-15,894990.5003837881,894945.7522760187,0.0,FINITE
holdout,HOLDOUT_SPD_D04_C09_E3eM13,binary64-operand,SPD,4,9,3e-13,z,100005403.85535419,100000404.04049589,1.0000499979465711,3.9695458546335914e-10,1.4217053403658976e-15,279210.1669683514,279196.2077312744,0.0,FINITE
holdout,HOLDOUT_SPD_D04_C09_E3eM13,binary64-operand,SPD,4,9,3e-13,zg,100002404.06809777,99997404.10625178,1.0000500009164306,1.0824441497509811e-09,1.1876800917700853e-15,911393.6970499661,911348.1288083383,0.0,FINITE
holdout,HOLDOUT_SPD_D04_C09_E3eM15,decimal-source,SPD,4,9,3e-15,z,100004999.91525431,100000000.04009609,1.000049998751562,5.919947887200562e-10,1.1071239525754364e-15,534714.100749906,534687.3670490775,0.0,FINITE
holdout,HOLDOUT_SPD_D04_C09_E3eM15,decimal-source,SPD,4,9,3e-15,zg,100004969.91673318,99999970.04010509,1.0000499987812606,1.2243509017430783e-09,5.02552186626206e-15,243626.61915024955,243614.43872521582,0.0,FINITE
holdout,HOLDOUT_SPD_D04_C09_E3eM15,binary64-operand,SPD,4,9,3e-15,z,100004999.91525431,100000000.04009609,1.000049998751562,9.114251323148398e-10,2.4514091579884617e-16,3717964.1323634544,3717778.248092465,0.0,FINITE
holdout,HOLDOUT_SPD_D04_C09_E3eM15,binary64-operand,SPD,4,9,3e-15,zg,100004969.91673318,99999970.04010509,1.0000499987812606,2.1065408752623274e-10,4.134626352295506e-15,50948.76043860156,50946.21319003222,0.0,FINITE
holdout,HOLDOUT_SPD_D04_C09_E3eM16,decimal-source,SPD,4,9,3e-16,z,100005100.88010412,100000101.02019797,1.000049998548553,2.2201959076862844e-09,3.4343058409503446e-15,646475.8849409608,646443.5637010543,0.0,FINITE
holdout,HOLDOUT_SPD_D04_C09_E3eM16,decimal-source,SPD,4,9,3e-16,zg,100005097.88024513,100000098.02019197,1.000049998551523,2.4125722961068844e-09,3.649253289591656e-15,661113.9607623253,661080.9076745021,0.0,FINITE
holdout,HOLDOUT_SPD_D04_C09_E3eM16,binary64-operand,SPD,4,9,3e-16,z,100005100.88010412,100000101.02019797,1.000049998548553,5.400380930524401e-09,3.809105909912898e-15,1417755.5201262152,1417684.6379520118,0.0,FINITE
holdout,HOLDOUT_SPD_D04_C09_E3eM16,binary64-operand,SPD,4,9,3e-16,zg,100005097.88024513,100000098.02019197,1.000049998551523,1.4235425545191292e-09,3.0508707588000977e-15,466602.0513694281,466578.72310910124,0.0,FINITE
holdout,HOLDOUT_SPD_D04_C09_E3eM17,decimal-source,SPD,4,9,3e-17,z,100005403.8649538,100000404.05039595,1.0000499979435615,4.44550229418024e-09,1.4165040544124047e-14,313836.18566657236,313820.49528716056,0.0,FINITE
holdout,HOLDOUT_SPD_D04_C09_E3eM17,decimal-source,SPD,4,9,3e-17,zg,100005403.56496608,100000403.75039347,1.0000499979438593,8.956740575331869e-10,9.585868692908832e-15,93436.92118334187,93432.24976296358,0.0,FINITE
holdout,HOLDOUT_SPD_D04_C09_E3eM17,binary64-operand,SPD,4,9,3e-17,z,100005403.8649538,100000404.05039595,1.0000499979435615,4.343828907943133e-09,5.875687015652961e-15,739288.6817100836,739251.720644277,0.0,FINITE
holdout,HOLDOUT_SPD_D04_C09_E3eM17,binary64-operand,SPD,4,9,3e-17,zg,100005403.56496608,100000403.75039347,1.0000499979438593,3.3976371987734374e-09,6.435959138264993e-15,527914.6628779519,527888.2695498869,0.0,FINITE
holdout,HOLDOUT_SPD_D04_C09_E3eM9,decimal-source,SPD,4,9,3e-9,z,100005100.9097119,100000101.04940416,1.0000499985525542,1.1224056216568035e-09,2.2189189674765235e-15,505834.43474425963,505809.14501914004,0.0,FINITE
holdout,HOLDOUT_SPD_D04_C09_E3eM9,decimal-source,SPD,4,9,3e-9,zg,76929597.60163032,76923136.71560983,1.0000839914529795,1.782406779236721e-09,2.1733760824985052e-15,820109.6872234246,820040.8108042226,0.0,FINITE
holdout,HOLDOUT_SPD_D04_C09_E3eM9,binary64-operand,SPD,4,9,3e-9,z,100005100.9097119,100000101.04940416,1.0000499985525542,2.1904143599193417e-09,2.484909447051377e-15,881486.5920037905,881442.5211535732,0.0,FINITE
holdout,HOLDOUT_SPD_D04_C09_E3eM9,binary64-operand,SPD,4,9,3e-9,zg,76929597.60163032,76923136.71560983,1.0000839914529795,5.75116948346106e-10,1.751880150705054e-15,328285.55544433044,328257.9845792535,0.0,FINITE
holdout,HOLDOUT_SPD_D08_C01_E3eM13,decimal-source,SPD,8,1,3e-13,z,2.8331980774162067,1.0640873945425495,2.662561451199407,4.015905135926674e-16,1.3847223016301616e-16,2.9001519880187945,1.0892338228334073,0.0,FINITE
holdout,HOLDOUT_SPD_D08_C01_E3eM13,decimal-source,SPD,8,1,3e-13,zg,2.833198077415353,1.0640873945422098,2.662561451199455,3.4749239128281766e-16,1.2602262018435612e-16,2.7573811016980727,1.0356121923330268,0.0,FINITE
holdout,HOLDOUT_SPD_D08_C01_E3eM13,binary64-operand,SPD,8,1,3e-13,z,2.8331980774162067,1.0640873945425495,2.662561451199407,3.3152182384150587e-16,1.1542060683095444e-16,2.872293197410184,1.0787706687920007,0.0,FINITE
holdout,HOLDOUT_SPD_D08_C01_E3eM13,binary64-operand,SPD,8,1,3e-13,zg,2.833198077415353,1.0640873945422098,2.662561451199455,3.705740362323549e-16,1.3348945500581228e-16,2.7760547544090257,1.042625608944516,1.5997134391702643e-16,FINITE
holdout,HOLDOUT_SPD_D08_C01_E3eM15,decimal-source,SPD,8,1,3e-15,z,2.833086017785236,1.0692753960957861,2.6495382088932375,7.349839536511501e-16,2.6062175135366013e-16,2.820117468452535,1.0643807509500125,0.0,FINITE
holdout,HOLDOUT_SPD_D08_C01_E3eM15,decimal-source,SPD,8,1,3e-15,zg,2.8330860177852273,1.0692753960957824,2.6495382088932384,7.461740503528623e-16,2.6187670044268397e-16,2.849333480571231,1.0754075827279541,1.5585722516447325e-16,FINITE
holdout,HOLDOUT_SPD_D08_C01_E3eM15,binary64-operand,SPD,8,1,3e-15,z,2.833086017785236,1.0692753960957861,2.6495382088932375,5.862651067167963e-16,2.081575177968905e-16,2.8164493549007625,1.062996315904139,1.5767697334139e-16,FINITE
holdout,HOLDOUT_SPD_D08_C01_E3eM15,binary64-operand,SPD,8,1,3e-15,zg,2.8330860177852273,1.0692753960957824,2.6495382088932384,6.429052514998758e-16,2.2479682437644253e-16,2.8599392063620663,1.0794104409449963,0.0,FINITE
holdout,HOLDOUT_SPD_D08_C01_E3eM16,decimal-source,SPD,8,1,3e-16,z,2.8322528236214124,1.0585083222610616,2.67570198935374,3.5202411044778733e-16,1.26219223971514e-16,2.7889896591919667,1.0423394198191664,0.0,FINITE
holdout,HOLDOUT_SPD_D08_C01_E3eM16,decimal-source,SPD,8,1,3e-16,zg,2.832252823621412,1.0585083222610612,2.675701989353741,5.819641869299203e-16,2.0716482267387936e-16,2.8091843944280703,1.049886872904919,0.0,FINITE
holdout,HOLDOUT_SPD_D08_C01_E3eM16,binary64-operand,SPD,8,1,3e-16,z,2.8322528236214124,1.0585083222610616,2.67570198935374,1.7760405711333485e-16,6.404356072047331e-17,2.7731758683517227,1.0364292732844758,0.0,FINITE
holdout,HOLDOUT_SPD_D08_C01_E3eM16,binary64-operand,SPD,8,1,3e-16,zg,2.832252823621412,1.0585083222610612,2.675701989353741,3.019298670788484e-16,1.0975078328861409e-16,2.751049769593504,1.0281600045668622,1.6142536378601445e-16,FINITE
holdout,HOLDOUT_SPD_D08_C01_E3eM17,decimal-source,SPD,8,1,3e-17,z,2.832895115797429,1.0755241526139767,2.633966990803787,3.0197161041551814e-16,1.0587215061730687e-16,2.852228925688367,1.0828643394722175,0.0,FINITE
holdout,HOLDOUT_SPD_D08_C01_E3eM17,decimal-source,SPD,8,1,3e-17,zg,2.832895115797429,1.0755241526139767,2.633966990803787,3.743779355707692e-16,1.3016608171373866e-16,2.8761558360042017,1.091948322073128,0.0,FINITE
holdout,HOLDOUT_SPD_D08_C01_E3eM17,binary64-operand,SPD,8,1,3e-17,z,2.832895115797429,1.0755241526139767,2.633966990803787,2.880459053028065e-16,1.0125091775240493e-16,2.844872043601449,1.0800712588783437,1.561016464163606e-16,FINITE
holdout,HOLDOUT_SPD_D08_C01_E3eM17,binary64-operand,SPD,8,1,3e-17,zg,2.832895115797429,1.0755241526139767,2.633966990803787,2.880459053028065e-16,1.0125091775240493e-16,2.844872043601449,1.0800712588783437,1.561016464163606e-16,FINITE
holdout,HOLDOUT_SPD_D08_C01_E3eM9,decimal-source,SPD,8,1,3e-9,z,2.831735259421816,1.0526410070584058,2.690124401798739,6.608117292880604e-16,2.355302233644972e-16,2.805634537464071,1.0429385851405595,0.0,FINITE
holdout,HOLDOUT_SPD_D08_C01_E3eM9,decimal-source,SPD,8,1,3e-9,zg,2.83173525090184,1.0526410037342466,2.6901244022000395,3.704819396207632e-16,1.2801166569669082e-16,2.894126387657343,1.0758336622984672,0.0,FINITE
holdout,HOLDOUT_SPD_D08_C01_E3eM9,binary64-operand,SPD,8,1,3e-9,z,2.831735259421816,1.0526410070584058,2.690124401798739,3.523263384183793e-16,1.2322198106431387e-16,2.859281561416285,1.06288079447346,0.0,FINITE
holdout,HOLDOUT_SPD_D08_C01_E3eM9,binary64-operand,SPD,8,1,3e-9,zg,2.83173525090184,1.0526410037342466,2.6901244022000395,4.077827491172278e-16,1.415337778968794e-16,2.8811691115483096,1.0710170537808696,0.0,FINITE
holdout,HOLDOUT_SPD_D08_C03_E3eM13,decimal-source,SPD,8,3,3e-13,z,200.1520390649249,103.5133581806341,1.9335865687562106,1.997034143646633e-14,2.525147294689413e-16,79.08584769872854,40.90111556246531,0.0,FINITE
holdout,HOLDOUT_SPD_D08_C03_E3eM13,decimal-source,SPD,8,3,3e-13,zg,200.15203905891036,103.5133581774196,1.933586568758152,6.0401818773117e-14,4.0098107634202665e-16,150.63508563580137,77.90449523682145,0.0,FINITE
holdout,HOLDOUT_SPD_D08_C03_E3eM13,binary64-operand,SPD,8,3,3e-13,z,200.1520390649249,103.5133581806341,1.9335865687562106,1.3280435050429036e-14,1.3956120371306154e-16,95.15850176911394,49.21346853910199,0.0,FINITE
holdout,HOLDOUT_SPD_D08_C03_E3eM13,binary64-operand,SPD,8,3,3e-13,zg,200.15203905891036,103.5133581774196,1.933586568758152,4.342957310750971e-14,2.8010652324106926e-16,155.0466322775808,80.18603086240905,0.0,FINITE
holdout,HOLDOUT_SPD_D08_C03_E3eM15,decimal-source,SPD,8,3,3e-15,z,200.18963096571193,103.49670472939465,1.9342609167039015,2.2958117629810188e-14,1.7843618982877263e-16,128.6628998962643,66.51786156932423,0.0,FINITE
holdout,HOLDOUT_SPD_D08_C03_E3eM15,decimal-source,SPD,8,3,3e-15,zg,200.18963096565176,103.49670472936248,1.9342609167039215,3.857972884236817e-14,3.697295361472357e-16,104.34581246710228,53.94608946807074,0.0,FINITE
holdout,HOLDOUT_SPD_D08_C03_E3eM15,binary64-operand,SPD,8,3,3e-15,z,200.18963096571193,103.49670472939465,1.9342609167039015,1.9596946554941588e-14,1.0466115567678513e-16,187.24183225590335,96.80277910747162,0.0,FINITE
holdout,HOLDOUT_SPD_D08_C03_E3eM15,binary64-operand,SPD,8,3,3e-15,zg,200.18963096565176,103.49670472936248,1.9342609167039215,2.7015884577593076e-14,1.8540807107103173e-16,145.7104020420072,75.33130653867788,0.0,FINITE
holdout,HOLDOUT_SPD_D08_C03_E3eM16,decimal-source,SPD,8,3,3e-16,z,200.10161816264645,102.59475606011127,1.9504078555964883,1.6083414537095332e-14,1.6837365821701478e-16,95.52215416241425,48.97547653344585,0.0,FINITE
holdout,HOLDOUT_SPD_D08_C03_E3eM16,decimal-source,SPD,8,3,3e-16,zg,200.10161816264045,102.59475606010811,1.9504078555964899,1.7264494758485992e-14,1.2286846522363065e-16,140.51200791890093,72.04237181249887,0.0,FINITE
holdout,HOLDOUT_SPD_D08_C03_E3eM16,binary64-operand,SPD,8,3,3e-16,z,200.10161816264645,102.59475606011127,1.9504078555964883,2.606054877357872e-14,2.0475569101613423e-16,127.27630985126179,65.2562537040937,0.0,FINITE
holdout,HOLDOUT_SPD_D08_C03_E3eM16,binary64-operand,SPD,8,3,3e-16,zg,200.10161816264045,102.59475606010811,1.9504078555964899,1.4400544334850076e-14,1.1242701114397385e-16,128.08794068543514,65.67238760749466,0.0,FINITE
holdout,HOLDOUT_SPD_D08_C03_E3eM17,decimal-source,SPD,8,3,3e-17,z,200.14019736584484,103.23536449705786,1.9386786528132878,1.9455427616568653e-14,1.7869504323830688e-16,108.87502677185614,56.15939836850403,0.0,FINITE
holdout,HOLDOUT_SPD_D08_C03_E3eM17,decimal-source,SPD,8,3,3e-17,zg,200.14019736584422,103.23536449705753,1.9386786528132878,1.378413670954677e-14,8.31936150306489e-17,165.6874353214322,85.46410467820289,0.0,FINITE
holdout,HOLDOUT_SPD_D08_C03_E3eM17,binary64-operand,SPD,8,3,3e-17,z,200.14019736584484,103.23536449705786,1.9386786528132878,2.3653321995620794e-14,1.5594803913818687e-16,151.6743790196771,78.23595663963022,0.0,FINITE
holdout,HOLDOUT_SPD_D08_C03_E3eM17,binary64-operand,SPD,8,3,3e-17,zg,200.14019736584422,103.23536449705753,1.9386786528132878,2.4021286486983915e-14,1.4190991117830281e-16,169.27137990243932,87.31275792241453,0.0,FINITE
holdout,HOLDOUT_SPD_D08_C03_E3eM9,decimal-source,SPD,8,3,3e-9,z,200.1515792849616,103.51402988263776,1.933569580006591,1.0448328718428422e-14,1.4163504615997219e-16,73.76937418883864,38.151910824221375,0.0,FINITE
holdout,HOLDOUT_SPD_D08_C03_E3eM9,decimal-source,SPD,8,3,3e-9,zg,200.15151913991195,103.51399773718457,1.9335695994283197,2.5728693692782187e-14,2.860122872340629e-16,89.95660270961257,46.52359177358249,0.0,FINITE
holdout,HOLDOUT_SPD_D08_C03_E3eM9,binary64-operand,SPD,8,3,3e-9,z,200.1515792849616,103.51402988263776,1.933569580006591,1.6363674177637665e-14,1.1702807143475808e-16,139.82691483350848,72.31542959681433,0.0,FINITE
holdout,HOLDOUT_SPD_D08_C03_E3eM9,binary64-operand,SPD,8,3,3e-9,zg,200.15151913991195,103.51399773718457,1.9335695994283197,1.7105871649229752e-14,2.680604788976434e-16,63.81347865815567,33.00293854279815,0.0,FINITE
holdout,HOLDOUT_SPD_D08_C05_E3eM13,decimal-source,SPD,8,5,3e-13,z,14145.099615892119,10100.679558298172,1.4004106886324563,1.883436995606781e-12,2.4234925125535905e-16,7771.581656847115,5549.50181395452,0.0,FINITE
holdout,HOLDOUT_SPD_D08_C05_E3eM13,decimal-source,SPD,8,5,3e-13,zg,14145.099573454207,10100.679527691054,1.4004106886744954,1.3805100820331294e-12,2.8312719096118643e-16,4875.93606727226,3481.7900967946684,0.0,FINITE
holdout,HOLDOUT_SPD_D08_C05_E3eM13,binary64-operand,SPD,8,5,3e-13,z,14145.099615892119,10100.679558298172,1.4004106886324563,2.3556995262094664e-12,2.6367031966418393e-16,8934.261274495115,6379.74370448407,0.0,FINITE
holdout,HOLDOUT_SPD_D08_C05_E3eM13,binary64-operand,SPD,8,5,3e-13,zg,14145.099573454207,10100.679527691054,1.4004106886744954,7.719313640376044e-13,1.8261283213500417e-16,4227.147429962215,3018.5055456576515,0.0,FINITE
holdout,HOLDOUT_SPD_D08_C05_E3eM15,decimal-source,SPD,8,5,3e-15,z,14143.666163686992,10000.126733611853,1.414348691816886,2.577098898268412e-12,3.9941035183565724e-16,6452.258651845844,4561.999943279341,0.0,FINITE
holdout,HOLDOUT_SPD_D08_C05_E3eM15,decimal-source,SPD,8,5,3e-15,zg,14143.66616326276,10000.126733311843,1.4143486918168946,1.7085919229194588e-12,2.394902043153707e-16,7134.2872991561435,5044.2209480827005,0.0,FINITE
holdout,HOLDOUT_SPD_D08_C05_E3eM15,binary64-operand,SPD,8,5,3e-15,z,14143.666163686992,10000.126733611853,1.414348691816886,2.349880063468398e-12,3.6403734582935617e-16,6455.052181843763,4563.975078558273,0.0,FINITE
holdout,HOLDOUT_SPD_D08_C05_E3eM15,binary64-operand,SPD,8,5,3e-15,zg,14143.66616326276,10000.126733311843,1.4143486918168946,5.032493155763502e-13,2.3498048735599027e-16,2141.664277059476,1514.2406462074498,0.0,FINITE
holdout,HOLDOUT_SPD_D08_C05_E3eM16,decimal-source,SPD,8,5,3e-16,z,14145.12638618812,10100.714481458477,1.4004084970576909,2.2381207818317062e-13,1.763516848288246e-16,1269.1235606873468,906.2523994633148,0.0,FINITE
holdout,HOLDOUT_SPD_D08_C05_E3eM16,decimal-source,SPD,8,5,3e-16,zg,14145.126386145683,10100.714481427865,1.4004084970577337,6.210477379844352e-14,3.286358259535801e-16,188.9774908692269,134.94454744188548,0.0,FINITE
holdout,HOLDOUT_SPD_D08_C05_E3eM16,binary64-operand,SPD,8,5,3e-16,z,14145.12638618812,10100.714481458477,1.4004084970576909,3.0080881096485106e-13,9.429717924078672e-17,3190.0085812401594,2277.9129003733433,0.0,FINITE
holdout,HOLDOUT_SPD_D08_C05_E3eM16,binary64-operand,SPD,8,5,3e-16,zg,14145.126386145683,10100.714481427865,1.4004084970577337,3.383321253497174e-13,2.3051847301837463e-16,1467.7007049354736,1048.0518420297515,0.0,FINITE
holdout,HOLDOUT_SPD_D08_C05_E3eM17,decimal-source,SPD,8,5,3e-17,z,14143.665894638683,10000.116423734897,1.4143501230714903,4.559386595755406e-13,2.3065534631513095e-16,1976.7096963476329,1397.609873328174,0.0,FINITE
holdout,HOLDOUT_SPD_D08_C05_E3eM17,decimal-source,SPD,8,5,3e-17,zg,14143.66589463444,10000.116423731892,1.414350123071491,8.060575479130144e-13,1.2189284511037387e-16,6612.837260325903,4675.530586418767,0.0,FINITE
holdout,HOLDOUT_SPD_D08_C05_E3eM17,binary64-operand,SPD,8,5,3e-17,z,14143.665894638683,10000.116423734897,1.4143501230714903,4.820163579225308e-13,1.7453091177922137e-16,2761.7821565744944,1952.6863338314258,0.0,FINITE
holdout,HOLDOUT_SPD_D08_C05_E3eM17,binary64-operand,SPD,8,5,3e-17,zg,14143.66589463444,10000.116423731892,1.414350123071491,1.5413903242084226e-13,1.1683483486273212e-16,1319.2900268309395,932.7888514379218,0.0,FINITE
holdout,HOLDOUT_SPD_D08_C05_E3eM9,decimal-source,SPD,8,5,3e-9,z,14149.319558084775,10202.08109618026,1.3869052230316412,4.3728255837941573e-13,1.8916600742922826e-16,2311.633915216052,1666.7569469260798,0.0,FINITE
holdout,HOLDOUT_SPD_D08_C05_E3eM9,decimal-source,SPD,8,5,3e-9,zg,14148.894747746035,10201.768858360607,1.3869060301391418,3.218417273787191e-13,3.5704909140383884e-16,901.393492175846,649.9311940300767,0.0,FINITE
holdout,HOLDOUT_SPD_D08_C05_E3eM9,binary64-operand,SPD,8,5,3e-9,z,14149.319558084775,10202.08109618026,1.3869052230316412,5.080734660050096e-13,2.3163539881391094e-16,2193.4189187257207,1581.5204112730344,0.0,FINITE
holdout,HOLDOUT_SPD_D08_C05_E3eM9,binary64-operand,SPD,8,5,3e-9,zg,14148.894747746035,10201.768858360607,1.3869060301391418,2.149883166377871e-13,2.5203495960573897e-16,853.0099037613498,615.0452050999961,0.0,FINITE
holdout,HOLDOUT_SPD_D08_C07_E3eM13,decimal-source,SPD,8,7,3e-13,z,1414430.8145386851,1010056.7517276062,1.4003478637407607,3.354718800631038e-11,1.3909531636732163e-15,24118.129123571118,17222.955629856257,0.0,FINITE
holdout,HOLDOUT_SPD_D08_C07_E3eM13,decimal-source,SPD,8,7,3e-13,zg,1414430.3901439433,1010056.4456633065,1.4003478679006731,5.238620173449994e-11,2.0175220801799152e-15,25965.61507263818,18542.26058241117,1.401075536595053e-16,FINITE
holdout,HOLDOUT_SPD_D08_C07_E3eM13,binary64-operand,SPD,8,7,3e-13,z,1414430.8145386851,1010056.7517276062,1.4003478637407607,1.0684582404514844e-10,3.4917059021257465e-16,305998.9215589458,218516.36259973887,0.0,FINITE
holdout,HOLDOUT_SPD_D08_C07_E3eM13,binary64-operand,SPD,8,7,3e-13,zg,1414430.3901439433,1010056.4456633065,1.4003478679006731,1.411861006303004e-10,1.3750665146986184e-15,102675.83358412667,73321.66237954346,1.4172677951958238e-16,FINITE
holdout,HOLDOUT_SPD_D08_C07_E3eM15,decimal-source,SPD,8,7,3e-15,z,1414289.292460427,1000006.8739590812,1.414279570760528,7.038501969300767e-11,2.547739605809011e-15,27626.457402681684,19533.943623201438,0.0,FINITE
holdout,HOLDOUT_SPD_D08_C07_E3eM15,decimal-source,SPD,8,7,3e-15,zg,1414289.2882179643,1000006.8709590402,1.4142795707609621,1.5735692560268926e-10,1.6339122379413094e-15,96306.84069112258,68096.04174604888,0.0,FINITE
holdout,HOLDOUT_SPD_D08_C07_E3eM15,binary64-operand,SPD,8,7,3e-15,z,1414289.292460427,1000006.8739590812,1.414279570760528,5.413564661213947e-11,1.0876524849080354e-15,49772.925969747426,35193.130834084004,0.0,FINITE
holdout,HOLDOUT_SPD_D08_C07_E3eM15,binary64-operand,SPD,8,7,3e-15,zg,1414289.2882179643,1000006.8709590402,1.4142795707609621,7.063158000900274e-11,1.2214899767736096e-15,57824.11755482916,40885.91728983013,0.0,FINITE
holdout,HOLDOUT_SPD_D08_C07_E3eM16,decimal-source,SPD,8,7,3e-16,z,1414434.258864669,1010052.1761934293,1.4003576173611438,4.8302342250563016e-11,1.893491796779505e-16,255096.65440704187,182165.3635074661,0.0,FINITE
holdout,HOLDOUT_SPD_D08_C07_E3eM16,decimal-source,SPD,8,7,3e-16,zg,1414434.2584402722,1010052.1758873673,1.4003576173653016,2.931182692459629e-11,2.8126240654328862e-15,10421.523190688109,7442.044133194812,0.0,FINITE
holdout,HOLDOUT_SPD_D08_C07_E3eM16,binary64-operand,SPD,8,7,3e-16,z,1414434.258864669,1010052.1761934293,1.4003576173611438,5.95957532065953e-11,8.55181612124714e-16,69687.83280843537,49764.31159046089,0.0,FINITE
holdout,HOLDOUT_SPD_D08_C07_E3eM16,binary64-operand,SPD,8,7,3e-16,zg,1414434.2584402722,1010052.1758873673,1.4003576173653016,3.308919865265072e-11,1.227117601313461e-15,26964.977616842323,19255.779582629395,0.0,FINITE
holdout,HOLDOUT_SPD_D08_C07_E3eM17,decimal-source,SPD,8,7,3e-17,z,1414851.3731913727,1020202.0766473425,1.3868344375860844,3.5440750124864325e-11,2.8629603802983904e-15,12379.05713566687,8926.124705421782,0.0,FINITE
holdout,HOLDOUT_SPD_D08_C07_E3eM17,decimal-source,SPD,8,7,3e-17,zg,1414851.373148889,1020202.0766161177,1.3868344375868882,3.8885171607676526e-11,2.9156801363466373e-15,13336.569784503128,9616.555100628271,1.3639109853115993e-16,FINITE
holdout,HOLDOUT_SPD_D08_C07_E3eM17,binary64-operand,SPD,8,7,3e-17,z,1414851.3731913727,1020202.0766473425,1.3868344375860844,1.6351568458653798e-11,1.8584120069219478e-15,8798.677794670832,6344.432728383755,0.0,FINITE
holdout,HOLDOUT_SPD_D08_C07_E3eM17,binary64-operand,SPD,8,7,3e-17,zg,1414851.373148889,1020202.0766161177,1.3868344375868882,3.396392137919216e-11,1.872119630014041e-15,18141.961034262233,13081.562256147536,0.0,FINITE
holdout,HOLDOUT_SPD_D08_C07_E3eM9,decimal-source,SPD,8,7,3e-9,z,1414433.0470810377,1010055.322052634,1.4003520561691882,6.540471401498396e-11,3.523537255869147e-16,185622.31435481345,132554.0342066573,0.0,FINITE
holdout,HOLDOUT_SPD_D08_C07_E3eM9,decimal-source,SPD,8,7,3e-9,zg,1410201.785282113,1007003.9330070486,1.4003935228644655,2.7933992660449424e-11,1.2082223263801073e-15,23119.91100523777,16509.581505309052,0.0,FINITE
holdout,HOLDOUT_SPD_D08_C07_E3eM9,binary64-operand,SPD,8,7,3e-9,z,1414433.0470810377,1010055.322052634,1.4003520561691882,3.514634792858438e-11,5.400855555654921e-16,65075.51917729903,46470.827739789966,0.0,FINITE
holdout,HOLDOUT_SPD_D08_C07_E3eM9,binary64-operand,SPD,8,7,3e-9,zg,1410201.785282113,1007003.9330070486,1.4003935228644655,3.970510060684009e-11,1.3070511021004246e-15,30377.619163500334,21692.20199002618,1.197585231255667e-16,FINITE
holdout,HOLDOUT_SPD_D08_C09_E3eM13,decimal-source,SPD,8,9,3e-13,z,100010207.72303668,100000207.20261271,1.0001000049970266,1.6759769716292575e-09,1.967361327859201e-15,851890.7777113747,851805.59289559,0.0,FINITE
holdout,HOLDOUT_SPD_D08_C09_E3eM13,decimal-source,SPD,8,9,3e-13,zg,100007208.09458897,99997207.28017841,1.0001000109371307,1.5089636962760636e-09,6.234251865368958e-15,242044.0702208876,242019.86558732597,0.0,FINITE
holdout,HOLDOUT_SPD_D08_C09_E3eM13,binary64-operand,SPD,8,9,3e-13,z,100010207.72303668,100000207.20261271,1.0001000049970266,1.5692010631361979e-09,1.4138754412494449e-15,1109858.0662448534,1109747.0859908187,0.0,FINITE
holdout,HOLDOUT_SPD_D08_C09_E3eM13,binary64-operand,SPD,8,9,3e-13,zg,100007208.09458897,99997207.28017841,1.0001000109371307,1.7567010395996506e-09,3.078083435742227e-15,570712.6126605637,570655.540865143,0.0,FINITE
holdout,HOLDOUT_SPD_D08_C09_E3eM15,decimal-source,SPD,8,9,3e-15,z,100010411.51252069,100000408.9623002,1.00010002509314,1.1111803900334164e-09,2.3598899671273557e-15,470861.10179367085,470814.0085786112,0.0,FINITE
holdout,HOLDOUT_SPD_D08_C09_E3eM15,decimal-source,SPD,8,9,3e-15,zg,100010381.51522475,100000378.96206385,1.0001000251525516,8.097944302392151e-09,8.243854290378412e-15,982300.7560727323,982202.5111167213,0.0,FINITE
holdout,HOLDOUT_SPD_D08_C09_E3eM15,binary64-operand,SPD,8,9,3e-15,z,100010411.51252069,100000408.9623002,1.00010002509314,1.1565421987029943e-09,4.496611567984432e-16,2572030.4749858673,2571773.2331286888,0.0,FINITE
holdout,HOLDOUT_SPD_D08_C09_E3eM15,binary64-operand,SPD,8,9,3e-15,zg,100010381.51522475,100000378.96206385,1.0001000251525516,2.5722181878467927e-09,2.6229906632274476e-15,980643.2877964643,980545.208612389,0.0,FINITE
holdout,HOLDOUT_SPD_D08_C09_E3eM16,decimal-source,SPD,8,9,3e-16,z,100010523.8988691,100000515.45278063,1.0001000839449992,2.200557092299133e-09,8.574460574485817e-15,256640.87824336326,256615.19518228268,0.0,FINITE
holdout,HOLDOUT_SPD_D08_C09_E3eM16,decimal-source,SPD,8,9,3e-16,zg,100010520.89913248,100000512.45274985,1.0001000839509433,3.968444441348459e-09,4.4519404150251515e-15,891396.5757392193,891307.3701761072,0.0,FINITE
holdout,HOLDOUT_SPD_D08_C09_E3eM16,binary64-operand,SPD,8,9,3e-16,z,100010523.8988691,100000515.45278063,1.0001000839449992,1.3462054858006228e-09,3.02527801199962e-15,444985.71055650536,444941.17908800964,0.0,FINITE
holdout,HOLDOUT_SPD_D08_C09_E3eM16,binary64-operand,SPD,8,9,3e-16,zg,100010520.89913248,100000512.45274985,1.0001000839509433,1.1839116802861431e-08,3.682739646374117e-15,3214758.0170424934,3214436.303557178,0.0,FINITE
holdout,HOLDOUT_SPD_D08_C09_E3eM17,decimal-source,SPD,8,9,3e-17,z,100010834.86194727,100000826.45900173,1.0001000832023088,6.666566444746779e-09,5.479733041673903e-15,1216585.989508411,1216464.2418715903,0.0,FINITE
holdout,HOLDOUT_SPD_D08_C09_E3eM17,decimal-source,SPD,8,9,3e-17,zg,100010834.56197172,100000826.15899678,1.000100083202903,1.2909235870553062e-08,7.294934340291722e-15,1769616.4582664121,1769439.3671072093,0.0,FINITE
holdout,HOLDOUT_SPD_D08_C09_E3eM17,binary64-operand,SPD,8,9,3e-17,z,100010834.86194727,100000826.45900173,1.0001000832023088,1.1994420468684202e-08,1.7781180845061503e-15,6745570.259477734,6744895.208766003,0.0,FINITE
holdout,HOLDOUT_SPD_D08_C09_E3eM17,binary64-operand,SPD,8,9,3e-17,zg,100010834.56197172,100000826.15899678,1.000100083202903,5.181120148491903e-09,2.3033667568605347e-15,2249368.2923312294,2249143.190876899,0.0,FINITE
holdout,HOLDOUT_SPD_D08_C09_E3eM9,decimal-source,SPD,8,9,3e-9,z,100010506.57263787,100000498.03472272,1.000100084880694,8.87384051832456e-09,1.2173194249216266e-14,728965.6549180488,728892.7037787524,0.0,FINITE
holdout,HOLDOUT_SPD_D08_C09_E3eM9,decimal-source,SPD,8,9,3e-9,zg,76936304.50547855,76923371.61784044,1.0001681268951959,4.161590582071386e-09,1.4364289315786147e-14,289717.81969734194,289669.11852780974,0.0,FINITE
holdout,HOLDOUT_SPD_D08_C09_E3eM9,binary64-operand,SPD,8,9,3e-9,z,100010506.57263787,100000498.03472272,1.000100084880694,4.3107996326956375e-09,1.7094267989048154e-15,2521780.772044438,2521528.4051748393,0.0,FINITE
holdout,HOLDOUT_SPD_D08_C09_E3eM9,binary64-operand,SPD,8,9,3e-9,zg,76936304.50547855,76923371.61784044,1.0001681268951959,1.1634550338025884e-09,2.1744981081972727e-15,535045.3189251699,534955.378538308,0.0,FINITE
holdout,HOLDOUT_SPD_D16_C01_E3eM13,decimal-source,SPD,16,1,3e-13,z,4.009537888778077,1.1021961017887625,3.637771792397893,1.6355396986564019e-15,4.1055741222485664e-16,3.983705201650675,1.0950948627331993,0.0,FINITE
holdout,HOLDOUT_SPD_D16_C01_E3eM13,decimal-source,SPD,16,1,3e-13,zg,4.009537888776867,1.1021961017883983,3.6377717923979973,1.8049683458255924e-15,4.542621561517668e-16,3.9734068123045696,1.092263901932486,1.1176535170645956e-16,FINITE
holdout,HOLDOUT_SPD_D16_C01_E3eM13,binary64-operand,SPD,16,1,3e-13,z,4.009537888778077,1.1021961017887625,3.637771792397893,1.3508143288430619e-15,3.425556890378458e-16,3.9433422712586244,1.0839993535326498,0.0,FINITE
holdout,HOLDOUT_SPD_D16_C01_E3eM13,binary64-operand,SPD,16,1,3e-13,zg,4.009537888776867,1.1021961017883983,3.6377717923979973,1.8550627040178363e-15,4.643556583192267e-16,3.9949178410625756,1.0981771449794957,0.0,FINITE
holdout,HOLDOUT_SPD_D16_C01_E3eM15,decimal-source,SPD,16,1,3e-15,z,4.012661423128959,1.106376972722399,3.626848282331139,1.9253363356885652e-15,4.716569897884275e-16,4.082068913157036,1.1255141090526417,0.0,FINITE
holdout,HOLDOUT_SPD_D16_C01_E3eM15,decimal-source,SPD,16,1,3e-15,zg,4.012661423128946,1.106376972722395,3.6268482823311405,3.080135178300058e-15,7.76126709896452e-16,3.9685983474412296,1.094227835990545,1.1190076973558964e-16,FINITE
holdout,HOLDOUT_SPD_D16_C01_E3eM15,binary64-operand,SPD,16,1,3e-15,z,4.012661423128959,1.106376972722399,3.626848282331139,1.3799399525252208e-15,3.4105636594687663e-16,4.046075928517229,1.1155900698213475,0.0,FINITE
holdout,HOLDOUT_SPD_D16_C01_E3eM15,binary64-operand,SPD,16,1,3e-15,zg,4.012661423128946,1.106376972722395,3.6268482823311405,2.4743523917873415e-15,6.239894870503869e-16,3.9653751275260487,1.0933391250039612,1.1199172728132904e-16,FINITE
holdout,HOLDOUT_SPD_D16_C01_E3eM16,decimal-source,SPD,16,1,3e-16,z,4.013437295095952,1.1024281304300512,3.640543255668133,1.944008331252402e-15,5.046708626080424e-16,3.8520320376851935,1.0580926436426168,1.1528699800662345e-16,FINITE
holdout,HOLDOUT_SPD_D16_C01_E3eM16,decimal-source,SPD,16,1,3e-16,zg,4.013437295095951,1.1024281304300507,3.640543255668134,1.4622733116881964e-15,3.8246677643285536e-16,3.823268847888827,1.0501918475865377,0.0,FINITE
holdout,HOLDOUT_SPD_D16_C01_E3eM16,binary64-operand,SPD,16,1,3e-16,z,4.013437295095952,1.1024281304300512,3.640543255668133,1.88721107171461e-15,4.82047991846302e-16,3.9149858595746116,1.0753850688298199,0.0,FINITE
holdout,HOLDOUT_SPD_D16_C01_E3eM16,binary64-operand,SPD,16,1,3e-16,zg,4.013437295095951,1.1024281304300507,3.640543255668134,1.7390955524072893e-15,4.405439953458816e-16,3.947609253059695,1.084346202153614,0.0,FINITE
holdout,HOLDOUT_SPD_D16_C01_E3eM17,decimal-source,SPD,16,1,3e-17,z,4.013442183394383,1.09514623366942,3.664754587108298,1.98800653572312e-15,4.932065041094708e-16,4.030779235794237,1.0998769876633825,0.0,FINITE
holdout,HOLDOUT_SPD_D16_C01_E3eM17,decimal-source,SPD,16,1,3e-17,zg,4.013442183394383,1.09514623366942,3.664754587108298,1.8191435323619075e-15,4.50352314845454e-16,4.0393786650928565,1.1022235102187725,0.0,FINITE
holdout,HOLDOUT_SPD_D16_C01_E3eM17,binary64-operand,SPD,16,1,3e-17,z,4.013442183394383,1.09514623366942,3.664754587108298,1.7077293471144974e-15,4.214991625662207e-16,4.05156047456251,1.1055475553028569,0.0,FINITE
holdout,HOLDOUT_SPD_D16_C01_E3eM17,binary64-operand,SPD,16,1,3e-17,zg,4.013442183394383,1.09514623366942,3.664754587108298,1.7077293471144974e-15,4.214991625662207e-16,4.05156047456251,1.1055475553028569,0.0,FINITE
holdout,HOLDOUT_SPD_D16_C01_E3eM9,decimal-source,SPD,16,1,3e-9,z,4.012029123088199,1.0969431392161066,3.6574631625439222,8.864960052047982e-16,2.0768516325076409e-16,4.268460930617473,1.1670550709384522,0.0,FINITE
holdout,HOLDOUT_SPD_D16_C01_E3eM9,decimal-source,SPD,16,1,3e-9,zg,4.012029110961754,1.0969431356062542,3.657463163525246,1.948487879343524e-15,4.758916821071496e-16,4.0943936458734145,1.1194627157712869,0.0,FINITE
holdout,HOLDOUT_SPD_D16_C01_E3eM9,binary64-operand,SPD,16,1,3e-9,z,4.012029123088199,1.0969431392161066,3.6574631625439222,7.886404076053029e-16,1.9058071397666101e-16,4.138091369003276,1.1314102658316472,0.0,FINITE
holdout,HOLDOUT_SPD_D16_C01_E3eM9,binary64-operand,SPD,16,1,3e-9,zg,4.012029110961754,1.0969431356062542,3.657463163525246,1.5264607840032847e-15,3.715245775163514e-16,4.108640117990856,1.123357894336451,0.0,FINITE
holdout,HOLDOUT_SPD_D16_C03_E3eM13,decimal-source,SPD,16,3,3e-13,z,283.23016554535826,105.72527207665667,2.6789258611696996,1.1870094234728589e-13,4.871716318780557e-16,243.65323138724548,90.95183816727916,0.0,FINITE
holdout,HOLDOUT_SPD_D16_C03_E3eM13,decimal-source,SPD,16,3,3e-13,zg,283.2301655368343,105.72527207330332,2.678925861174045,7.167135975453714e-14,3.7876545557435904e-16,189.22359127459197,70.63412766177274,0.0,FINITE
holdout,HOLDOUT_SPD_D16_C03_E3eM13,binary64-operand,SPD,16,3,3e-13,z,283.23016554535826,105.72527207665667,2.6789258611696996,8.691415861397794e-14,3.5607458353762563e-16,244.08975712470055,91.11478621439849,0.0,FINITE
holdout,HOLDOUT_SPD_D16_C03_E3eM13,binary64-operand,SPD,16,3,3e-13,zg,283.2301655368343,105.72527207330332,2.678925861174045,5.3181259219996034e-14,3.0222722368386593e-16,175.96448980262747,65.68471802557113,1.6151957399065877e-16,FINITE
holdout,HOLDOUT_SPD_D16_C03_E3eM15,decimal-source,SPD,16,3,3e-15,z,283.32273987119896,105.95797524108427,2.6739161372851816,8.267943842001285e-14,4.539033836960999e-16,182.15206449170003,68.12183147846905,1.5603287017204834e-16,FINITE
holdout,HOLDOUT_SPD_D16_C03_E3eM15,decimal-source,SPD,16,3,3e-15,zg,283.3227398711136,105.95797524105056,2.6739161372852265,9.783540099129152e-14,4.558637998531115e-16,214.61542026986143,80.2625846327986,0.0,FINITE
holdout,HOLDOUT_SPD_D16_C03_E3eM15,binary64-operand,SPD,16,3,3e-15,z,283.32273987119896,105.95797524108427,2.6739161372851816,6.083164208488729e-14,3.554248986387047e-16,171.15188698899695,64.00794871703303,0.0,FINITE
holdout,HOLDOUT_SPD_D16_C03_E3eM15,binary64-operand,SPD,16,3,3e-15,zg,283.3227398711136,105.95797524105056,2.6739161372852265,3.7529685863712545e-14,3.540723501149385e-16,105.99439874796693,39.64013578061611,0.0,FINITE
holdout,HOLDOUT_SPD_D16_C03_E3eM16,decimal-source,SPD,16,3,3e-16,z,283.2963837017555,106.27613321241382,2.665663259835882,6.030310132559992e-14,3.417431664680978e-16,176.4573727949855,66.19642302675902,0.0,FINITE
holdout,HOLDOUT_SPD_D16_C03_E3eM16,decimal-source,SPD,16,3,3e-16,zg,283.29638370174695,106.27613321241047,2.6656632598358856,9.670381394335185e-14,5.199263359124054e-16,185.995221368521,69.77446257783213,0.0,FINITE
holdout,HOLDOUT_SPD_D16_C03_E3eM16,binary64-operand,SPD,16,3,3e-16,z,283.2963837017555,106.27613321241382,2.665663259835882,4.818135650144479e-14,3.193896541892882e-16,150.85446841959953,56.59171985169922,0.0,FINITE
holdout,HOLDOUT_SPD_D16_C03_E3eM16,binary64-operand,SPD,16,3,3e-16,zg,283.29638370174695,106.27613321241047,2.6656632598358856,8.911868808818374e-14,4.793865276441328e-16,185.90152820135154,69.73931441467846,0.0,FINITE
holdout,HOLDOUT_SPD_D16_C03_E3eM17,decimal-source,SPD,16,3,3e-17,z,283.31550398976543,106.02530517256461,2.6721498563823696,8.648104578758965e-14,3.802919028640057e-16,227.4070132345566,85.10264223819637,0.0,FINITE
holdout,HOLDOUT_SPD_D16_C03_E3eM17,decimal-source,SPD,16,3,3e-17,zg,283.3155039897646,106.02530517256427,2.67214985638237,7.726944415678311e-14,3.9459113082861995e-16,195.82154316170633,73.28239570621048,0.0,FINITE
holdout,HOLDOUT_SPD_D16_C03_E3eM17,binary64-operand,SPD,16,3,3e-17,z,283.31550398976543,106.02530517256461,2.6721498563823696,9.683029813206949e-14,4.1462431792334786e-16,233.5374312270093,87.39683168187983,0.0,FINITE
holdout,HOLDOUT_SPD_D16_C03_E3eM17,binary64-operand,SPD,16,3,3e-17,zg,283.3155039897646,106.02530517256427,2.67214985638237,9.190844137039967e-14,4.268044129598841e-16,215.34088819048426,80.58713012526127,0.0,FINITE
holdout,HOLDOUT_SPD_D16_C03_E3eM9,decimal-source,SPD,16,3,3e-9,z,283.2845796342976,107.62869561944721,2.63205437921438,1.0516786076100813e-13,5.506527130999414e-16,190.98763750560246,72.56219286875401,1.488143934424566e-16,FINITE
holdout,HOLDOUT_SPD_D16_C03_E3eM9,decimal-source,SPD,16,3,3e-9,zg,283.28449433483996,107.62866086765004,2.6320544365333345,8.113525350114205e-14,6.770048536449772e-16,119.84441923024904,45.532652200041696,0.0,FINITE
holdout,HOLDOUT_SPD_D16_C03_E3eM9,binary64-operand,SPD,16,3,3e-9,z,283.2845796342976,107.62869561944721,2.63205437921438,1.1628977196541908e-13,5.759994062956376e-16,201.89217331542207,76.70516798960787,0.0,FINITE
holdout,HOLDOUT_SPD_D16_C03_E3eM9,binary64-operand,SPD,16,3,3e-9,zg,283.28449433483996,107.62866086765004,2.6320544365333345,6.394441020786488e-14,6.054347927594751e-16,105.61733645404895,40.12733740915975,1.3455039856439416e-16,FINITE
holdout,HOLDOUT_SPD_D16_C05_E3eM13,decimal-source,SPD,16,5,3e-13,z,20012.25916737114,10227.319391954283,1.9567453015219765,2.3886746899039594e-12,7.231539322020968e-16,3303.1344829034356,1688.0758473441708,0.0,FINITE
holdout,HOLDOUT_SPD_D16_C05_E3eM13,decimal-source,SPD,16,5,3e-13,zg,20012.25910727103,10227.319360574867,1.9567453016492253,6.162560994093397e-12,7.680069102617623e-16,8024.095762358429,4100.735928991571,1.133454446094012e-16,FINITE
holdout,HOLDOUT_SPD_D16_C05_E3eM13,binary64-operand,SPD,16,5,3e-13,z,20012.25916737114,10227.319391954283,1.9567453015219765,2.0669072947070407e-12,5.256376612917076e-16,3932.1902651111427,2009.5565130794719,0.0,FINITE
holdout,HOLDOUT_SPD_D16_C05_E3eM13,binary64-operand,SPD,16,5,3e-13,zg,20012.25910727103,10227.319360574867,1.9567453016492253,2.8742739838544324e-12,6.987878314271713e-16,4113.228443008446,2102.0765653770313,0.0,FINITE
holdout,HOLDOUT_SPD_D16_C05_E3eM15,decimal-source,SPD,16,5,3e-15,z,20013.446920641993,10384.508911514296,1.927240574511056,3.658663597158422e-12,4.659879283519822e-16,7851.412825430243,4073.914242606769,0.0,FINITE
holdout,HOLDOUT_SPD_D16_C05_E3eM15,decimal-source,SPD,16,5,3e-15,zg,20013.44692004085,10384.508911190782,1.927240574513208,4.581462338083128e-12,3.8730202896874436e-16,11829.17205541636,6137.880351758488,0.0,FINITE
holdout,HOLDOUT_SPD_D16_C05_E3eM15,binary64-operand,SPD,16,5,3e-15,z,20013.446920641993,10384.508911514296,1.927240574511056,3.905539542247037e-12,3.6800115371287567e-16,10612.845918668623,5506.75720459088,0.0,FINITE
holdout,HOLDOUT_SPD_D16_C05_E3eM15,binary64-operand,SPD,16,5,3e-15,zg,20013.44692004085,10384.508911190782,1.927240574513208,4.676271601883896e-12,3.829880650063185e-16,12209.966913216334,6335.465885622706,0.0,FINITE
holdout,HOLDOUT_SPD_D16_C05_E3eM16,decimal-source,SPD,16,5,3e-16,z,20014.291422436865,10279.773001231364,1.9469584999629321,3.3232620472769813e-12,7.481041601270345e-16,4442.245110243289,2281.6331782767143,0.0,FINITE
holdout,HOLDOUT_SPD_D16_C05_E3eM16,decimal-source,SPD,16,5,3e-16,zg,20014.291422376744,10279.773001199666,1.9469584999630871,3.0119782534601293e-12,5.114060674571993e-16,5889.602109017231,3025.0270404473918,0.0,FINITE
holdout,HOLDOUT_SPD_D16_C05_E3eM16,binary64-operand,SPD,16,5,3e-16,z,20014.291422436865,10279.773001231364,1.9469584999629321,2.2654129537006916e-12,6.656849178899228e-16,3403.1309600367103,1747.9216737806698,0.0,FINITE
holdout,HOLDOUT_SPD_D16_C05_E3eM16,binary64-operand,SPD,16,5,3e-16,zg,20014.291422376744,10279.773001199666,1.9469584999630871,2.9699297842806627e-12,5.151807674611872e-16,5764.830467015467,2960.9416261953006,0.0,FINITE
holdout,HOLDOUT_SPD_D16_C05_E3eM17,decimal-source,SPD,16,5,3e-17,z,20011.25232999561,10296.50454408685,1.9434995870989842,1.5871200229535974e-12,7.750318951469328e-16,2047.8125260286308,1053.6727353183296,0.0,FINITE
holdout,HOLDOUT_SPD_D16_C05_E3eM17,decimal-source,SPD,16,5,3e-17,zg,20011.252329989595,10296.50454408367,1.9434995870990006,2.9138242153772276e-12,7.877288942657539e-16,3699.0190871355785,1903.2775266276158,0.0,FINITE
holdout,HOLDOUT_SPD_D16_C05_E3eM17,binary64-operand,SPD,16,5,3e-17,z,20011.25232999561,10296.50454408685,1.9434995870989842,1.714028270723932e-12,5.097034223016424e-16,3362.795295711337,1730.2783689966727,0.0,FINITE
holdout,HOLDOUT_SPD_D16_C05_E3eM17,binary64-operand,SPD,16,5,3e-17,zg,20011.252329989595,10296.50454408367,1.9434995870990006,2.4655088314687707e-12,4.4079246210602537e-16,5593.355248610701,2877.9811869987184,0.0,FINITE
holdout,HOLDOUT_SPD_D16_C05_E3eM9,decimal-source,SPD,16,5,3e-9,z,20015.089479397127,10293.167361429132,1.9445024817529224,3.6691354785115235e-12,4.540815563817776e-16,8080.34465823278,4155.481792416404,1.1255642429141634e-16,FINITE
holdout,HOLDOUT_SPD_D16_C05_E3eM9,decimal-source,SPD,16,5,3e-9,zg,20014.488196382736,10292.849523360821,1.9445041094749829,4.3360207760782614e-12,5.138855607666784e-16,8437.716696319014,4339.26400834257,0.0,FINITE
holdout,HOLDOUT_SPD_D16_C05_E3eM9,binary64-operand,SPD,16,5,3e-9,z,20015.089479397127,10293.167361429132,1.9445024817529224,3.288533617631506e-12,3.5840275169840985e-16,9175.525584130432,4718.700886336188,0.0,FINITE
holdout,HOLDOUT_SPD_D16_C05_E3eM9,binary64-operand,SPD,16,5,3e-9,zg,20014.488196382736,10292.849523360821,1.9445041094749829,5.3032272102757536e-12,5.776459835574503e-16,9180.756659322149,4721.3871210593425,0.0,FINITE
holdout,HOLDOUT_SPD_D16_C07_E3eM13,decimal-source,SPD,16,7,3e-13,z,1732441.2197699745,1014253.9324648376,1.7080941609561224,2.7317094343623415e-10,2.8766722685084836e-15,94960.74559020576,55594.56133088737,0.0,FINITE
holdout,HOLDOUT_SPD_D16_C07_E3eM13,decimal-source,SPD,16,7,3e-13,zg,1732440.6999458622,1014253.6238516197,1.7080941681696271,1.6489280252865905e-10,4.243553625461673e-15,38857.24491362347,22748.889164150958,0.0,FINITE
holdout,HOLDOUT_SPD_D16_C07_E3eM13,binary64-operand,SPD,16,7,3e-13,z,1732441.2197699745,1014253.9324648376,1.7080941609561224,2.2893238731281938e-10,1.0430611391519538e-15,219481.27364705547,128494.8328165929,0.0,FINITE
holdout,HOLDOUT_SPD_D16_C07_E3eM13,binary64-operand,SPD,16,7,3e-13,zg,1732440.6999458622,1014253.6238516197,1.7080941681696271,9.759381662352347e-11,2.06906560298428e-15,47168.06295690227,27614.439435412973,0.0,FINITE
holdout,HOLDOUT_SPD_D16_C07_E3eM15,decimal-source,SPD,16,7,3e-15,z,1732550.6522341873,1010071.2198632775,1.7152757331989956,1.6570492937089634e-10,2.3020217405703113e-15,71982.34771225227,41965.4673117802,0.0,FINITE
holdout,HOLDOUT_SPD_D16_C07_E3eM15,decimal-source,SPD,16,7,3e-15,zg,1732550.647034799,1010071.2168025459,1.7152757332491013,4.0037805737516355e-10,5.216650148212263e-15,76750.03038345833,44745.01031859015,0.0,FINITE
holdout,HOLDOUT_SPD_D16_C07_E3eM15,binary64-operand,SPD,16,7,3e-15,z,1732550.6522341873,1010071.2198632775,1.7152757331989956,2.2995045458903566e-10,1.4493715372003264e-15,158655.28519569157,92495.49919289004,0.0,FINITE
holdout,HOLDOUT_SPD_D16_C07_E3eM15,binary64-operand,SPD,16,7,3e-15,zg,1732550.647034799,1010071.2168025459,1.7152757332491013,2.0885158310866865e-10,2.856465957040814e-15,73115.37622000251,42626.019130758796,0.0,FINITE
holdout,HOLDOUT_SPD_D16_C07_E3eM16,decimal-source,SPD,16,7,3e-16,z,1732784.9031724853,1022616.1062838159,1.6944627534465704,2.6933245988341224e-10,2.7704263637012042e-15,97216.97115370804,57373.330252297856,0.0,FINITE
holdout,HOLDOUT_SPD_D16_C07_E3eM16,decimal-source,SPD,16,7,3e-16,zg,1732784.902652299,1022616.1059700929,1.6944627534577237,3.8014851027567883e-10,8.296184079032258e-15,45822.092018963835,27042.25390936401,0.0,FINITE
holdout,HOLDOUT_SPD_D16_C07_E3eM16,binary64-operand,SPD,16,7,3e-16,z,1732784.9031724853,1022616.1062838159,1.6944627534465704,2.4200494177689617e-10,1.9359653533531095e-15,125004.78965583832,73772.5213502487,0.0,FINITE
holdout,HOLDOUT_SPD_D16_C07_E3eM16,binary64-operand,SPD,16,7,3e-16,zg,1732784.902652299,1022616.1059700929,1.6944627534577237,3.9720628407582043e-10,3.5256491173424406e-15,112661.88745839406,66488.26433540425,0.0,FINITE
holdout,HOLDOUT_SPD_D16_C07_E3eM17,decimal-source,SPD,16,7,3e-17,z,1733135.2772457236,1028801.6337495155,1.6846155958454607,1.670704743437807e-10,1.867663588036236e-15,89454.2654330204,53100.69885001025,0.0,FINITE
holdout,HOLDOUT_SPD_D16_C07_E3eM17,decimal-source,SPD,16,7,3e-17,zg,1733135.2771936683,1028801.6337177624,1.684615595846857,2.963887688903695e-10,2.0361769094246376e-15,145561.4035885124,86406.3017980898,0.0,FINITE
holdout,HOLDOUT_SPD_D16_C07_E3eM17,binary64-operand,SPD,16,7,3e-17,z,1733135.2772457236,1028801.6337495155,1.6846155958454607,1.1714158993943732e-10,1.2817890798568374e-15,91389.1308486735,54249.2489527309,0.0,FINITE
holdout,HOLDOUT_SPD_D16_C07_E3eM17,binary64-operand,SPD,16,7,3e-17,zg,1733135.2771936683,1028801.6337177624,1.684615595846857,1.9655381042966855e-10,1.500111835494217e-15,131026.10470699555,77778.04326994176,0.0,FINITE
holdout,HOLDOUT_SPD_D16_C07_E3eM9,decimal-source,SPD,16,7,3e-9,z,1733268.1505442422,1034438.4876081921,1.675564251821169,3.5395592285407566e-10,1.61160019761794e-15,219630.10638572008,131078.29565294457,1.325129370270431e-16,FINITE
holdout,HOLDOUT_SPD_D16_C07_E3eM9,decimal-source,SPD,16,7,3e-9,zg,1728076.7916773944,1031238.2300629822,1.675729953855428,3.0964365512149993e-10,2.488141839703138e-15,124447.75059867316,74264.80043061268,0.0,FINITE
holdout,HOLDOUT_SPD_D16_C07_E3eM9,binary64-operand,SPD,16,7,3e-9,z,1733268.1505442422,1034438.4876081921,1.675564251821169,2.595642124388218e-10,1.0118498720433013e-15,256524.4307583546,153097.34048069984,0.0,FINITE
holdout,HOLDOUT_SPD_D16_C07_E3eM9,binary64-operand,SPD,16,7,3e-9,zg,1728076.7916773944,1031238.2300629822,1.675729953855428,4.3560180462219353e-10,1.4604645812920735e-15,298262.49140312354,177989.59236653702,0.0,FINITE
holdout,HOLDOUT_SPD_D16_C09_E3eM13,decimal-source,SPD,16,9,3e-13,z,141450731.93074605,101005388.11966766,1.400427586725969,5.700374248122115e-09,1.433067460812464e-14,397774.31307318504,284037.7587841821,0.0,FINITE
holdout,HOLDOUT_SPD_D16_C09_E3eM13,decimal-source,SPD,16,9,3e-13,zg,141446488.284307,101002327.58587795,1.4004280066124328,6.8507023581847485e-09,1.0735188330435511e-14,638153.9053918791,455684.9065990492,0.0,FINITE
holdout,HOLDOUT_SPD_D16_C09_E3eM13,binary64-operand,SPD,16,9,3e-13,z,141450731.93074605,101005388.11966766,1.400427586725969,5.476776681731537e-09,1.1692536381095369e-14,468399.3706093106,334468.8258422357,0.0,FINITE
holdout,HOLDOUT_SPD_D16_C09_E3eM13,binary64-operand,SPD,16,9,3e-13,zg,141446488.284307,101002327.58587795,1.4004280066124328,1.1322586030101664e-08,1.0104929745133847e-14,1120501.2123467948,800113.3989438219,0.0,FINITE
holdout,HOLDOUT_SPD_D16_C09_E3eM15,decimal-source,SPD,16,9,3e-15,z,141493396.7999906,102021636.03833564,1.3868959790727435,1.302001920676796e-08,1.7461772046906918e-14,745629.8920746852,537624.9576938001,0.0,FINITE
holdout,HOLDOUT_SPD_D16_C09_E3eM15,decimal-source,SPD,16,9,3e-15,zg,141493354.31756145,102021604.81310256,1.38689598714673,1.099297664044602e-08,6.076330421921908e-14,180914.72775716838,130445.7792320572,0.0,FINITE
holdout,HOLDOUT_SPD_D16_C09_E3eM15,binary64-operand,SPD,16,9,3e-15,z,141493396.7999906,102021636.03833564,1.3868959790727435,1.8586474868478856e-08,2.3034156778718977e-15,8069092.802932865,5818095.174180064,0.0,FINITE
holdout,HOLDOUT_SPD_D16_C09_E3eM15,binary64-operand,SPD,16,9,3e-15,zg,141493354.31756145,102021604.81310256,1.38689598714673,1.958496094598509e-08,2.3791943050292346e-14,823176.1863495398,593538.5162106247,1.4142212051005828e-16,FINITE
holdout,HOLDOUT_SPD_D16_C09_E3eM16,decimal-source,SPD,16,9,3e-16,z,141436034.99034855,100000568.003053,1.4143523163391485,3.748873255879773e-09,9.450111171264515e-15,396701.4977854634,280482.79993790324,0.0,FINITE
holdout,HOLDOUT_SPD_D16_C09_E3eM16,decimal-source,SPD,16,9,3e-16,zg,141436030.74809337,100000565.00301899,1.4143523163476472,5.104649985606155e-09,4.141442503661008e-15,1232577.77479554,871478.5987542956,0.0,FINITE
holdout,HOLDOUT_SPD_D16_C09_E3eM16,binary64-operand,SPD,16,9,3e-16,z,141436034.99034855,100000568.003053,1.4143523163391485,4.479505327884943e-09,6.3445274409018915e-15,706042.3915903451,499198.3846131325,0.0,FINITE
holdout,HOLDOUT_SPD_D16_C09_E3eM16,binary64-operand,SPD,16,9,3e-16,zg,141436030.74809337,100000565.00301899,1.4143523163476472,6.056952248328118e-09,3.9303591135565735e-15,1541068.404522251,1089593.01491571,0.0,FINITE
holdout,HOLDOUT_SPD_D16_C09_E3eM17,decimal-source,SPD,16,9,3e-17,z,141451104.08584726,101005131.89677753,1.4004348237513675,6.921803108277179e-09,4.537819359038128e-14,152535.88917088092,108920.37714563578,0.0,FINITE
holdout,HOLDOUT_SPD_D16_C09_E3eM17,decimal-source,SPD,16,9,3e-17,zg,141451103.66146773,101005131.59071645,1.4004348237933362,1.9463273173981462e-08,3.6859247868646307e-14,528043.1451922698,377056.5657328968,0.0,FINITE
holdout,HOLDOUT_SPD_D16_C09_E3eM17,binary64-operand,SPD,16,9,3e-17,z,141451104.08584726,101005131.89677753,1.4004348237513675,6.7351071938817105e-09,2.7721435547564593e-14,242956.65288781948,173486.5834291435,1.197902181759634e-16,FINITE
holdout,HOLDOUT_SPD_D16_C09_E3eM17,binary64-operand,SPD,16,9,3e-17,zg,141451103.66146773,101005131.59071645,1.4004348237933362,2.0948237360256254e-08,2.7701727446511434e-14,756206.8972306754,539980.0721766897,0.0,FINITE
holdout,HOLDOUT_SPD_D16_C09_E3eM9,decimal-source,SPD,16,9,3e-9,z,141450770.5564387,101006225.16674073,1.4004163636739446,4.576813607698209e-08,1.7641149971142978e-14,2594396.4056679206,1852589.3248359438,0.0,FINITE
holdout,HOLDOUT_SPD_D16_C09_E3eM9,decimal-source,SPD,16,9,3e-9,zg,108810079.95886946,77517097.08071908,1.4036913668937419,1.4754847318327862e-08,2.6000440489377085e-14,567484.5133626179,404280.11936727684,0.0,FINITE
holdout,HOLDOUT_SPD_D16_C09_E3eM9,binary64-operand,SPD,16,9,3e-9,z,141450770.5564387,101006225.16674073,1.4004163636739446,4.397448938179932e-08,2.01920724959268e-14,2177809.602786934,1555115.7921873496,0.0,FINITE
holdout,HOLDOUT_SPD_D16_C09_E3eM9,binary64-operand,SPD,16,9,3e-9,zg,108810079.95886946,77517097.08071908,1.4036913668937419,1.0639786969656502e-08,2.2855152460869267e-14,465531.2183050662,331647.8460184948,1.250349248873004e-16,FINITE
